t_s,maneuver,joint,model,cmd_pos,cmd_vel,cmd_tau,cmd_kp,cmd_kd,fb_pos,fb_vel,fb_tau,fb_temp
0.000001,torque-chirp,foot_right_joint,RS02,-0.199613,0.000000,0.000017,0.0000,0.0000,-0.199613,-0.056305,-0.000259,31.00
0.008037,torque-chirp,foot_right_joint,RS02,-0.199228,0.000000,0.212446,0.0000,0.0000,-0.199228,0.123142,-0.001297,31.00
0.016026,torque-chirp,foot_right_joint,RS02,-0.199228,0.000000,0.410469,0.0000,0.0000,-0.199228,0.078278,-0.033464,31.00
0.024021,torque-chirp,foot_right_joint,RS02,-0.198845,0.000000,0.582971,0.0000,0.0000,-0.198845,-0.005951,0.135149,31.00
0.032019,torque-chirp,foot_right_joint,RS02,-0.197311,0.000000,0.718866,0.0000,0.0000,-0.197311,0.276951,0.274708,31.00
0.040018,torque-chirp,foot_right_joint,RS02,-0.194243,0.000000,0.809366,0.0000,0.0000,-0.194243,0.309910,0.342672,31.00
0.048022,torque-chirp,foot_right_joint,RS02,-0.187724,0.000000,0.848590,0.0000,0.0000,-0.187724,0.616619,0.426718,31.00
0.056023,torque-chirp,foot_right_joint,RS02,-0.178137,0.000000,0.833829,0.0000,0.0000,-0.178137,0.868393,0.439169,31.00
0.064021,torque-chirp,foot_right_joint,RS02,-0.166247,0.000000,0.765920,0.0000,0.0000,-0.166247,1.081713,0.401297,31.00
0.072019,torque-chirp,foot_right_joint,RS02,-0.152442,0.000000,0.649058,0.0000,0.0000,-0.152442,1.264818,0.391439,31.00
0.080020,torque-chirp,foot_right_joint,RS02,-0.135951,0.000000,0.490492,0.0000,0.0000,-0.135951,1.438772,0.328144,31.00
0.088018,torque-chirp,foot_right_joint,RS02,-0.117543,0.000000,0.300391,0.0000,0.0000,-0.117543,1.556879,0.363424,31.00
0.096017,torque-chirp,foot_right_joint,RS02,-0.098368,0.000000,0.090805,0.0000,0.0000,-0.098368,1.752802,0.281971,31.00
0.104019,torque-chirp,foot_right_joint,RS02,-0.078043,0.000000,-0.124928,0.0000,0.0000,-0.078043,1.776609,0.176653,31.00
0.112018,torque-chirp,foot_right_joint,RS02,-0.057333,0.000000,-0.332729,0.0000,0.0000,-0.057333,1.754633,0.288197,31.00
0.120018,torque-chirp,foot_right_joint,RS02,-0.037775,0.000000,-0.519235,0.0000,0.0000,-0.037775,1.655756,0.141893,31.00
0.128020,torque-chirp,foot_right_joint,RS02,-0.019366,0.000000,-0.672359,0.0000,0.0000,-0.019366,1.494619,0.027756,31.00
0.136018,torque-chirp,foot_right_joint,RS02,-0.003260,0.000000,-0.781933,0.0000,0.0000,-0.003260,1.230944,0.023605,31.00
0.144019,torque-chirp,foot_right_joint,RS02,0.010546,0.000000,-0.840812,0.0000,0.0000,0.010546,1.024033,-0.019974,31.00
0.152018,torque-chirp,foot_right_joint,RS02,0.018600,0.000000,-0.844977,0.0000,0.0000,0.018600,0.436256,-0.197926,31.00
0.160018,torque-chirp,foot_right_joint,RS02,0.019750,0.000000,-0.794008,0.0000,0.0000,0.019750,-0.130465,-0.240986,31.00
0.168016,torque-chirp,foot_right_joint,RS02,0.016298,0.000000,-0.691092,0.0000,0.0000,0.016298,-0.364843,-0.426199,31.00
0.176019,torque-chirp,foot_right_joint,RS02,0.008245,0.000000,-0.542719,0.0000,0.0000,0.008245,-0.940720,-0.330221,31.00
0.184018,torque-chirp,foot_right_joint,RS02,-0.004026,0.000000,-0.358666,0.0000,0.0000,-0.004026,-1.035934,-0.199482,31.00
0.192018,torque-chirp,foot_right_joint,RS02,-0.018600,0.000000,-0.150814,0.0000,0.0000,-0.018600,-1.317005,-0.279896,31.00
0.200018,torque-chirp,foot_right_joint,RS02,-0.033940,0.000000,0.067185,0.0000,0.0000,-0.033940,-1.263905,-0.236835,31.00
0.208019,torque-chirp,foot_right_joint,RS02,-0.050047,0.000000,0.280958,0.0000,0.0000,-0.050047,-1.374685,-0.063036,31.00
0.216017,torque-chirp,foot_right_joint,RS02,-0.066920,0.000000,0.476305,0.0000,0.0000,-0.066920,-1.418631,-0.024643,31.00
0.224019,torque-chirp,foot_right_joint,RS02,-0.082644,0.000000,0.640332,0.0000,0.0000,-0.082644,-1.338062,-0.036577,31.00
0.232017,torque-chirp,foot_right_joint,RS02,-0.096834,0.000000,0.761922,0.0000,0.0000,-0.096834,-1.156786,0.049026,31.00
0.240018,torque-chirp,foot_right_joint,RS02,-0.107188,0.000000,0.832976,0.0000,0.0000,-0.107188,-0.801558,0.269001,31.00
0.248019,torque-chirp,foot_right_joint,RS02,-0.112557,0.000000,0.848544,0.0000,0.0000,-0.112557,-0.275120,0.287159,31.00
0.256017,torque-chirp,foot_right_joint,RS02,-0.112557,0.000000,0.807454,0.0000,0.0000,-0.112557,0.167088,0.414785,31.00
0.264018,torque-chirp,foot_right_joint,RS02,-0.108339,0.000000,0.712268,0.0000,0.0000,-0.108339,0.480202,0.534111,31.00
0.272023,torque-chirp,foot_right_joint,RS02,-0.100669,0.000000,0.569139,0.0000,0.0000,-0.100669,0.759441,0.482231,31.00
0.280017,torque-chirp,foot_right_joint,RS02,-0.090315,0.000000,0.387860,0.0000,0.0000,-0.090315,0.925156,0.346304,31.00
0.288017,torque-chirp,foot_right_joint,RS02,-0.077660,0.000000,0.180174,0.0000,0.0000,-0.077660,1.197069,0.296497,31.00
0.296020,torque-chirp,foot_right_joint,RS02,-0.063852,0.000000,-0.039944,0.0000,0.0000,-0.063852,1.219957,0.322437,31.00
0.304019,torque-chirp,foot_right_joint,RS02,-0.049664,0.000000,-0.257461,0.0000,0.0000,-0.049664,1.077135,0.295979,31.00
0.312017,torque-chirp,foot_right_joint,RS02,-0.036241,0.000000,-0.457745,0.0000,0.0000,-0.036241,1.161364,0.126329,31.00
0.320019,torque-chirp,foot_right_joint,RS02,-0.023585,0.000000,-0.627251,0.0000,0.0000,-0.023585,1.103685,0.053177,31.00
0.328017,torque-chirp,foot_right_joint,RS02,-0.013230,0.000000,-0.754199,0.0000,0.0000,-0.013230,0.668804,-0.066668,31.00
0.336017,torque-chirp,foot_right_joint,RS02,-0.007862,0.000000,-0.829954,0.0000,0.0000,-0.007862,0.289768,-0.182362,31.00
0.344018,torque-chirp,foot_right_joint,RS02,-0.008245,0.000000,-0.849160,0.0000,0.0000,-0.008245,-0.300756,-0.252918,31.00
0.352018,torque-chirp,foot_right_joint,RS02,-0.012847,0.000000,-0.810330,0.0000,0.0000,-0.012847,-0.483864,-0.415823,31.00
0.360016,torque-chirp,foot_right_joint,RS02,-0.022051,0.000000,-0.716011,0.0000,0.0000,-0.022051,-0.887619,-0.404409,31.00
0.368019,torque-chirp,foot_right_joint,RS02,-0.034324,0.000000,-0.572375,0.0000,0.0000,-0.034324,-1.189745,-0.365499,31.00
0.376017,torque-chirp,foot_right_joint,RS02,-0.048897,0.000000,-0.389358,0.0000,0.0000,-0.048897,-1.375601,-0.203632,31.00
0.384016,torque-chirp,foot_right_joint,RS02,-0.065770,0.000000,-0.179351,0.0000,0.0000,-0.065770,-1.554131,-0.085863,31.00
0.392019,torque-chirp,foot_right_joint,RS02,-0.084946,0.000000,0.043352,0.0000,0.0000,-0.084946,-1.609980,-0.302725,31.00
0.400018,torque-chirp,foot_right_joint,RS02,-0.104120,0.000000,0.263147,0.0000,0.0000,-0.104120,-1.551384,-0.110247,31.00
0.408018,torque-chirp,foot_right_joint,RS02,-0.123679,0.000000,0.464955,0.0000,0.0000,-0.123679,-1.668573,-0.014786,31.00
0.416020,torque-chirp,foot_right_joint,RS02,-0.142470,0.000000,0.634707,0.0000,0.0000,-0.142470,-1.578850,-0.125292,31.00
0.424019,torque-chirp,foot_right_joint,RS02,-0.160111,0.000000,0.760431,0.0000,0.0000,-0.160111,-1.405813,-0.004929,31.00
0.432017,torque-chirp,foot_right_joint,RS02,-0.175069,0.000000,0.833312,0.0000,0.0000,-0.175069,-1.260242,0.103502,31.00
0.440021,torque-chirp,foot_right_joint,RS02,-0.186957,0.000000,0.848112,0.0000,0.0000,-0.186957,-1.003891,0.267445,31.00
0.448021,torque-chirp,foot_right_joint,RS02,-0.193093,0.000000,0.803596,0.0000,0.0000,-0.193093,-0.439003,0.326069,31.00
0.456019,torque-chirp,foot_right_joint,RS02,-0.192709,0.000000,0.702772,0.0000,0.0000,-0.192709,0.232090,0.318806,31.00
0.464021,torque-chirp,foot_right_joint,RS02,-0.187724,0.000000,0.552471,0.0000,0.0000,-0.187724,0.569008,0.466667,31.00
0.472018,torque-chirp,foot_right_joint,RS02,-0.180054,0.000000,0.363299,0.0000,0.0000,-0.180054,0.733807,0.513878,31.00
0.480018,torque-chirp,foot_right_joint,RS02,-0.169699,0.000000,0.148266,0.0000,0.0000,-0.169699,0.932480,0.384695,31.00
0.488021,torque-chirp,foot_right_joint,RS02,-0.158194,0.000000,-0.077502,0.0000,0.0000,-0.158194,1.025864,0.270557,31.00
0.496021,torque-chirp,foot_right_joint,RS02,-0.146689,0.000000,-0.297906,0.0000,0.0000,-0.146689,0.975510,0.181322,31.00
0.504020,torque-chirp,foot_right_joint,RS02,-0.134418,0.000000,-0.497403,0.0000,0.0000,-0.134418,1.014877,0.077562,31.00
0.512032,torque-chirp,foot_right_joint,RS02,-0.124447,0.000000,-0.661989,0.0000,0.0000,-0.124447,0.760357,-0.003891,31.00
0.520021,torque-chirp,foot_right_joint,RS02,-0.119460,0.000000,-0.779271,0.0000,0.0000,-0.119460,0.219273,0.015823,31.00
0.528020,torque-chirp,foot_right_joint,RS02,-0.120227,0.000000,-0.841311,0.0000,0.0000,-0.120227,-0.177158,-0.144487,31.00
0.536141,torque-chirp,foot_right_joint,RS02,-0.124830,0.000000,-0.842937,0.0000,0.0000,-0.124830,-0.583658,-0.373800,31.00
0.544027,torque-chirp,foot_right_joint,RS02,-0.134801,0.000000,-0.785042,0.0000,0.0000,-0.134801,-0.910507,-0.375875,31.00
0.552019,torque-chirp,foot_right_joint,RS02,-0.147073,0.000000,-0.670584,0.0000,0.0000,-0.147073,-1.198900,-0.389883,31.00
0.560025,torque-chirp,foot_right_joint,RS02,-0.161646,0.000000,-0.507656,0.0000,0.0000,-0.161646,-1.435110,-0.265888,31.00
0.568020,torque-chirp,foot_right_joint,RS02,-0.178904,0.000000,-0.308294,0.0000,0.0000,-0.178904,-1.579765,-0.223347,31.00
0.576021,torque-chirp,foot_right_joint,RS02,-0.198462,0.000000,-0.086397,0.0000,0.0000,-0.198462,-1.847105,-0.212971,31.00
0.584023,torque-chirp,foot_right_joint,RS02,-0.218020,0.000000,0.141946,0.0000,0.0000,-0.218020,-1.728085,-0.176655,31.00
0.592017,torque-chirp,foot_right_joint,RS02,-0.238346,0.000000,0.360046,0.0000,0.0000,-0.238346,-1.710690,-0.071856,31.00
0.600018,torque-chirp,foot_right_joint,RS02,-0.259055,0.000000,0.552430,0.0000,0.0000,-0.259055,-1.707027,-0.163164,31.00
0.608022,torque-chirp,foot_right_joint,RS02,-0.278231,0.000000,0.704929,0.0000,0.0000,-0.278231,-1.599909,0.014267,31.00
0.616019,torque-chirp,foot_right_joint,RS02,-0.295871,0.000000,0.806196,0.0000,0.0000,-0.295871,-1.446096,0.088457,31.00
0.624020,torque-chirp,foot_right_joint,RS02,-0.310827,0.000000,0.848868,0.0000,0.0000,-0.310827,-1.140306,0.091051,31.00
0.632020,torque-chirp,foot_right_joint,RS02,-0.321182,0.000000,0.829612,0.0000,0.0000,-0.321182,-0.612955,0.197924,31.00
0.640017,torque-chirp,foot_right_joint,RS02,-0.324250,0.000000,0.749710,0.0000,0.0000,-0.324250,-0.048065,0.262257,31.00
0.648018,torque-chirp,foot_right_joint,RS02,-0.321949,0.000000,0.614794,0.0000,0.0000,-0.321949,0.328220,0.362906,31.00
0.656021,torque-chirp,foot_right_joint,RS02,-0.315430,0.000000,0.434547,0.0000,0.0000,-0.315430,0.664227,0.381063,31.00
0.664021,torque-chirp,foot_right_joint,RS02,-0.305075,0.000000,0.222252,0.0000,0.0000,-0.305075,1.005722,0.310505,31.00
0.672017,torque-chirp,foot_right_joint,RS02,-0.293186,0.000000,-0.006483,0.0000,0.0000,-0.293186,0.955368,0.325031,31.00
0.680020,torque-chirp,foot_right_joint,RS02,-0.280914,0.000000,-0.235122,0.0000,0.0000,-0.280914,0.959030,0.275227,31.00
0.688018,torque-chirp,foot_right_joint,RS02,-0.269026,0.000000,-0.446479,0.0000,0.0000,-0.269026,0.986496,0.148119,31.00
0.696017,torque-chirp,foot_right_joint,RS02,-0.257521,0.000000,-0.624972,0.0000,0.0000,-0.257521,0.935226,-0.041765,31.00
0.704020,torque-chirp,foot_right_joint,RS02,-0.249084,0.000000,-0.757332,0.0000,0.0000,-0.249084,0.621197,-0.120104,31.00
0.712017,torque-chirp,foot_right_joint,RS02,-0.244865,0.000000,-0.833421,0.0000,0.0000,-0.244865,0.068207,-0.118547,31.00
0.720016,torque-chirp,foot_right_joint,RS02,-0.246016,0.000000,-0.847550,0.0000,0.0000,-0.246016,-0.176243,-0.327108,31.00
0.728018,torque-chirp,foot_right_joint,RS02,-0.251768,0.000000,-0.798440,0.0000,0.0000,-0.251768,-0.547037,-0.471855,31.00
0.736016,torque-chirp,foot_right_joint,RS02,-0.260972,0.000000,-0.689647,0.0000,0.0000,-0.260972,-0.861982,-0.461998,31.00
0.744017,torque-chirp,foot_right_joint,RS02,-0.272861,0.000000,-0.529064,0.0000,0.0000,-0.272861,-1.056992,-0.368093,31.00
0.752020,torque-chirp,foot_right_joint,RS02,-0.287435,0.000000,-0.328590,0.0000,0.0000,-0.287435,-1.335316,-0.205189,31.00
0.760018,torque-chirp,foot_right_joint,RS02,-0.304308,0.000000,-0.103363,0.0000,0.0000,-0.304308,-1.511101,-0.211933,31.00
0.768016,torque-chirp,foot_right_joint,RS02,-0.321949,0.000000,0.129839,0.0000,0.0000,-0.321949,-1.423208,-0.290791,31.00
0.776019,torque-chirp,foot_right_joint,RS02,-0.339973,0.000000,0.353591,0.0000,0.0000,-0.339973,-1.541313,-0.103502,31.00
0.784017,torque-chirp,foot_right_joint,RS02,-0.357998,0.000000,0.550707,0.0000,0.0000,-0.357998,-1.598078,-0.037615,31.00
0.792016,torque-chirp,foot_right_joint,RS02,-0.375256,0.000000,0.706324,0.0000,0.0000,-0.375256,-1.437857,-0.127886,31.00
0.800018,torque-chirp,foot_right_joint,RS02,-0.389829,0.000000,0.808565,0.0000,0.0000,-0.389829,-1.195238,0.019455,31.00
0.808017,torque-chirp,foot_right_joint,RS02,-0.400950,0.000000,0.849418,0.0000,0.0000,-0.400950,-0.677959,0.283527,31.00
0.816017,torque-chirp,foot_right_joint,RS02,-0.407086,0.000000,0.825665,0.0000,0.0000,-0.407086,-0.361181,0.336447,31.00
0.824018,torque-chirp,foot_right_joint,RS02,-0.407470,0.000000,0.738919,0.0000,0.0000,-0.407470,0.199131,0.355124,31.00
0.832016,torque-chirp,foot_right_joint,RS02,-0.404018,0.000000,0.595694,0.0000,0.0000,-0.404018,0.452736,0.430349,31.00
0.840016,torque-chirp,foot_right_joint,RS02,-0.397116,0.000000,0.406740,0.0000,0.0000,-0.397116,0.720074,0.537743,31.00
0.848019,torque-chirp,foot_right_joint,RS02,-0.387144,0.000000,0.186333,0.0000,0.0000,-0.387144,0.926987,0.321918,31.00
0.856018,torque-chirp,foot_right_joint,RS02,-0.375640,0.000000,-0.048457,0.0000,0.0000,-0.375640,1.161364,0.193254,31.00
0.864018,torque-chirp,foot_right_joint,RS02,-0.362600,0.000000,-0.279773,0.0000,0.0000,-0.362600,1.131151,0.156420,31.00
0.872027,torque-chirp,foot_right_joint,RS02,-0.349945,0.000000,-0.489937,0.0000,0.0000,-0.349945,0.974594,0.168871,31.00
0.880060,torque-chirp,foot_right_joint,RS02,-0.339207,0.000000,-0.662807,0.0000,0.0000,-0.339207,0.753948,0.056808,31.00
0.888036,torque-chirp,foot_right_joint,RS02,-0.332304,0.000000,-0.783487,0.0000,0.0000,-0.332304,0.427101,-0.092089,31.00
0.896033,torque-chirp,foot_right_joint,RS02,-0.330386,0.000000,-0.843989,0.0000,0.0000,-0.330386,0.010529,-0.214008,31.00
0.904019,torque-chirp,foot_right_joint,RS02,-0.333838,0.000000,-0.839126,0.0000,0.0000,-0.333838,-0.425270,-0.308950,31.00
0.912020,torque-chirp,foot_right_joint,RS02,-0.341125,0.000000,-0.769034,0.0000,0.0000,-0.341125,-0.662395,-0.428793,31.00
0.920019,torque-chirp,foot_right_joint,RS02,-0.352629,0.000000,-0.638982,0.0000,0.0000,-0.352629,-1.107346,-0.301687,31.00
0.928023,torque-chirp,foot_right_joint,RS02,-0.366818,0.000000,-0.458847,0.0000,0.0000,-0.366818,-1.338062,-0.347342,31.00
0.936019,torque-chirp,foot_right_joint,RS02,-0.382926,0.000000,-0.242862,0.0000,0.0000,-0.382926,-1.442434,-0.341116,31.00
0.944021,torque-chirp,foot_right_joint,RS02,-0.400567,0.000000,-0.007497,0.0000,0.0000,-0.400567,-1.512016,-0.192219,31.00
0.952017,torque-chirp,foot_right_joint,RS02,-0.419359,0.000000,0.228498,0.0000,0.0000,-0.419359,-1.578850,-0.154345,31.00
0.960017,torque-chirp,foot_right_joint,RS02,-0.438150,0.000000,0.446839,0.0000,0.0000,-0.438150,-1.635614,-0.156939,31.00
0.968023,torque-chirp,foot_right_joint,RS02,-0.455791,0.000000,0.630294,0.0000,0.0000,-0.455791,-1.424124,-0.070818,31.00
0.976020,torque-chirp,foot_right_joint,RS02,-0.473049,0.000000,0.764012,0.0000,0.0000,-0.473049,-1.459829,-0.002335,31.00
0.984017,torque-chirp,foot_right_joint,RS02,-0.487621,0.000000,0.837503,0.0000,0.0000,-0.487621,-1.094528,0.089495,31.00
0.992019,torque-chirp,foot_right_joint,RS02,-0.497593,0.000000,0.844791,0.0000,0.0000,-0.497593,-0.636759,0.159014,31.00
1.000018,torque-chirp,foot_right_joint,RS02,-0.501428,0.000000,0.785084,0.0000,0.0000,-0.501428,-0.113070,0.267445,31.00
1.008018,torque-chirp,foot_right_joint,RS02,-0.499510,0.000000,0.662968,0.0000,0.0000,-0.499510,0.391396,0.386770,31.00
1.016020,torque-chirp,foot_right_joint,RS02,-0.493374,0.000000,0.487906,0.0000,0.0000,-0.493374,0.613873,0.445395,31.00
1.024023,torque-chirp,foot_right_joint,RS02,-0.483403,0.000000,0.273751,0.0000,0.0000,-0.483403,0.883957,0.276783,31.00
1.032017,torque-chirp,foot_right_joint,RS02,-0.470748,0.000000,0.037822,0.0000,0.0000,-0.470748,1.111010,0.303242,31.00
1.040021,torque-chirp,foot_right_joint,RS02,-0.457708,0.000000,-0.201626,0.0000,0.0000,-0.457708,1.042343,0.293903,31.00
1.048018,torque-chirp,foot_right_joint,RS02,-0.445053,0.000000,-0.424945,0.0000,0.0000,-0.445053,1.030441,0.125292,31.00
1.056017,torque-chirp,foot_right_joint,RS02,-0.432398,0.000000,-0.614395,0.0000,0.0000,-0.432398,1.092699,0.020493,31.00
1.064020,torque-chirp,foot_right_joint,RS02,-0.422043,0.000000,-0.754648,0.0000,0.0000,-0.422043,0.806133,-0.089495,31.00
1.072019,torque-chirp,foot_right_joint,RS02,-0.416290,0.000000,-0.834160,0.0000,0.0000,-0.416290,0.245823,-0.106615,31.00
1.080108,torque-chirp,foot_right_joint,RS02,-0.415139,0.000000,-0.846170,0.0000,0.0000,-0.415139,-0.123140,-0.245655,31.00
1.088024,torque-chirp,foot_right_joint,RS02,-0.419359,0.000000,-0.790203,0.0000,0.0000,-0.419359,-0.478371,-0.415304,31.00
1.096018,torque-chirp,foot_right_joint,RS02,-0.427795,0.000000,-0.670050,0.0000,0.0000,-0.427795,-0.825361,-0.422049,31.00
1.104018,torque-chirp,foot_right_joint,RS02,-0.438917,0.000000,-0.495361,0.0000,0.0000,-0.438917,-1.154039,-0.333334,31.00
1.112019,torque-chirp,foot_right_joint,RS02,-0.452339,0.000000,-0.280243,0.0000,0.0000,-0.452339,-1.248341,-0.307913,31.00
1.120018,torque-chirp,foot_right_joint,RS02,-0.467680,0.000000,-0.042161,0.0000,0.0000,-0.467680,-1.493706,-0.148119,31.00
1.128036,torque-chirp,foot_right_joint,RS02,-0.484937,0.000000,0.200127,0.0000,0.0000,-0.484937,-1.478142,-0.255512,31.00
1.136021,torque-chirp,foot_right_joint,RS02,-0.501428,0.000000,0.425319,0.0000,0.0000,-0.501428,-1.358206,-0.213490,31.00
1.144017,torque-chirp,foot_right_joint,RS02,-0.517535,0.000000,0.616248,0.0000,0.0000,-0.517535,-1.322498,-0.043840,31.00
1.152017,torque-chirp,foot_right_joint,RS02,-0.532492,0.000000,0.756905,0.0000,0.0000,-0.532492,-1.209887,0.038132,31.00
1.160019,torque-chirp,foot_right_joint,RS02,-0.545147,0.000000,0.835546,0.0000,0.0000,-0.545147,-0.856489,0.059402,31.00
1.168019,torque-chirp,foot_right_joint,RS02,-0.552050,0.000000,0.845474,0.0000,0.0000,-0.552050,-0.326391,0.048508,31.00
1.176018,torque-chirp,foot_right_joint,RS02,-0.551666,0.000000,0.785743,0.0000,0.0000,-0.551666,0.246738,0.222828,31.00
1.184022,torque-chirp,foot_right_joint,RS02,-0.545914,0.000000,0.660997,0.0000,0.0000,-0.545914,0.655987,0.319843,31.00
1.192018,torque-chirp,foot_right_joint,RS02,-0.535176,0.000000,0.481637,0.0000,0.0000,-0.535176,0.970932,0.334372,31.00
1.200021,torque-chirp,foot_right_joint,RS02,-0.522904,0.000000,0.262040,0.0000,0.0000,-0.522904,1.117418,0.360312,31.00
1.208019,torque-chirp,foot_right_joint,RS02,-0.509480,0.000000,0.020658,0.0000,0.0000,-0.509480,1.194323,0.284565,31.00
1.216016,torque-chirp,foot_right_joint,RS02,-0.494908,0.000000,-0.222611,0.0000,0.0000,-0.494908,1.306021,0.169909,31.00
1.224016,torque-chirp,foot_right_joint,RS02,-0.479568,0.000000,-0.447641,0.0000,0.0000,-0.479568,1.254747,0.069780,31.00
1.232019,torque-chirp,foot_right_joint,RS02,-0.464994,0.000000,-0.635577,0.0000,0.0000,-0.464994,1.143053,0.159533,31.00
1.240017,torque-chirp,foot_right_joint,RS02,-0.453106,0.000000,-0.770457,0.0000,0.0000,-0.453106,0.814373,-0.008041,31.00
1.248018,torque-chirp,foot_right_joint,RS02,-0.445436,0.000000,-0.841006,0.0000,0.0000,-0.445436,0.502174,-0.212971,31.00
1.256020,torque-chirp,foot_right_joint,RS02,-0.442369,0.000000,-0.841068,0.0000,0.0000,-0.442369,0.075531,-0.244617,31.00
1.264018,torque-chirp,foot_right_joint,RS02,-0.445053,0.000000,-0.770503,0.0000,0.0000,-0.445053,-0.363928,-0.440727,31.00
1.272016,torque-chirp,foot_right_joint,RS02,-0.450806,0.000000,-0.635070,0.0000,0.0000,-0.450806,-0.634928,-0.463554,31.00
1.280018,torque-chirp,foot_right_joint,RS02,-0.461160,0.000000,-0.445911,0.0000,0.0000,-0.461160,-0.974594,-0.297535,31.00
1.288018,torque-chirp,foot_right_joint,RS02,-0.474583,0.000000,-0.219007,0.0000,0.0000,-0.474583,-1.138475,-0.229053,31.00
1.296019,torque-chirp,foot_right_joint,RS02,-0.489156,0.000000,0.026664,0.0000,0.0000,-0.489156,-1.272144,-0.318808,31.00
1.304020,torque-chirp,foot_right_joint,RS02,-0.504496,0.000000,0.270266,0.0000,0.0000,-0.504496,-1.270313,-0.226978,31.00
1.312018,torque-chirp,foot_right_joint,RS02,-0.519836,0.000000,0.491035,0.0000,0.0000,-0.519836,-1.295033,-0.087420,31.00
1.320017,torque-chirp,foot_right_joint,RS02,-0.534792,0.000000,0.670315,0.0000,0.0000,-0.534792,-1.243763,-0.041246,31.00
1.328020,torque-chirp,foot_right_joint,RS02,-0.547832,0.000000,0.792719,0.0000,0.0000,-0.547832,-0.988327,-0.000259,31.00
1.336018,torque-chirp,foot_right_joint,RS02,-0.556268,0.000000,0.847538,0.0000,0.0000,-0.556268,-0.500343,0.140856,31.00
1.344017,torque-chirp,foot_right_joint,RS02,-0.558569,0.000000,0.830016,0.0000,0.0000,-0.558569,0.064545,0.253956,31.00
1.352019,torque-chirp,foot_right_joint,RS02,-0.555884,0.000000,0.741408,0.0000,0.0000,-0.555884,0.254063,0.396627,31.00
1.360018,torque-chirp,foot_right_joint,RS02,-0.548598,0.000000,0.589187,0.0000,0.0000,-0.548598,0.774090,0.350973,31.00
1.368016,torque-chirp,foot_right_joint,RS02,-0.537093,0.000000,0.386301,0.0000,0.0000,-0.537093,1.113756,0.273151,31.00
1.376020,torque-chirp,foot_right_joint,RS02,-0.523671,0.000000,0.149846,0.0000,0.0000,-0.523671,1.205309,0.340597,31.00
1.384017,torque-chirp,foot_right_joint,RS02,-0.509865,0.000000,-0.099536,0.0000,0.0000,-0.509865,1.307852,0.273151,31.00
1.392019,torque-chirp,foot_right_joint,RS02,-0.494908,0.000000,-0.340667,0.0000,0.0000,-0.494908,1.159533,0.134111,31.00
1.400020,torque-chirp,foot_right_joint,RS02,-0.479952,0.000000,-0.552512,0.0000,0.0000,-0.479952,1.139391,0.075487,31.00
1.408017,torque-chirp,foot_right_joint,RS02,-0.466146,0.000000,-0.716589,0.0000,0.0000,-0.466146,1.063402,0.135668,31.00
1.416018,torque-chirp,foot_right_joint,RS02,-0.455791,0.000000,-0.818720,0.0000,0.0000,-0.455791,0.713665,-0.033983,31.00
1.424020,torque-chirp,foot_right_joint,RS02,-0.451189,0.000000,-0.849758,0.0000,0.0000,-0.451189,0.287022,-0.253437,31.00
1.432017,torque-chirp,foot_right_joint,RS02,-0.451956,0.000000,-0.806866,0.0000,0.0000,-0.451956,-0.267796,-0.322958,31.00
1.440020,torque-chirp,foot_right_joint,RS02,-0.457325,0.000000,-0.693528,0.0000,0.0000,-0.457325,-0.664227,-0.401297,31.00
1.448022,torque-chirp,foot_right_joint,RS02,-0.467297,0.000000,-0.519500,0.0000,0.0000,-0.467297,-1.046005,-0.270039,31.00
1.456018,torque-chirp,foot_right_joint,RS02,-0.480719,0.000000,-0.300024,0.0000,0.0000,-0.480719,-1.165026,-0.320364,31.00
1.464017,torque-chirp,foot_right_joint,RS02,-0.494908,0.000000,-0.054005,0.0000,0.0000,-0.494908,-1.288624,-0.348898,31.00
1.472019,torque-chirp,foot_right_joint,RS02,-0.510632,0.000000,0.197054,0.0000,0.0000,-0.510632,-1.273975,-0.175098,31.00
1.480021,torque-chirp,foot_right_joint,RS02,-0.526739,0.000000,0.430959,0.0000,0.0000,-0.526739,-1.574272,-0.050585,31.00
1.488017,torque-chirp,foot_right_joint,RS02,-0.542846,0.000000,0.626959,0.0000,0.0000,-0.542846,-1.372854,-0.180805,31.00
1.496020,torque-chirp,foot_right_joint,RS02,-0.556651,0.000000,0.767953,0.0000,0.0000,-0.556651,-1.105515,-0.054735,31.00
1.504017,torque-chirp,foot_right_joint,RS02,-0.567007,0.000000,0.841126,0.0000,0.0000,-0.567007,-0.766768,0.234760,31.00
1.512019,torque-chirp,foot_right_joint,RS02,-0.572759,0.000000,0.839923,0.0000,0.0000,-0.572759,-0.287937,0.304279,31.00
1.520021,torque-chirp,foot_right_joint,RS02,-0.571992,0.000000,0.764207,0.0000,0.0000,-0.571992,0.136875,0.397146,31.00
1.528020,torque-chirp,foot_right_joint,RS02,-0.567007,0.000000,0.620580,0.0000,0.0000,-0.567007,0.639507,0.440725,31.00
1.536021,torque-chirp,foot_right_joint,RS02,-0.558569,0.000000,0.421584,0.0000,0.0000,-0.558569,0.780499,0.383139,31.00
1.544019,torque-chirp,foot_right_joint,RS02,-0.547447,0.000000,0.184943,0.0000,0.0000,-0.547447,1.067064,0.225941,31.00
1.552017,torque-chirp,foot_right_joint,RS02,-0.534025,0.000000,-0.068416,0.0000,0.0000,-0.534025,1.172350,0.271076,31.00
1.560018,torque-chirp,foot_right_joint,RS02,-0.519836,0.000000,-0.315933,0.0000,0.0000,-0.519836,1.244677,0.256550,31.00
1.568019,torque-chirp,foot_right_joint,RS02,-0.506029,0.000000,-0.535343,0.0000,0.0000,-0.506029,1.138475,0.122698,31.00
1.576017,torque-chirp,foot_right_joint,RS02,-0.493374,0.000000,-0.706844,0.0000,0.0000,-0.493374,1.000229,-0.003372,31.00
1.584018,torque-chirp,foot_right_joint,RS02,-0.483403,0.000000,-0.815032,0.0000,0.0000,-0.483403,0.771343,-0.185993,31.00
1.592019,torque-chirp,foot_right_joint,RS02,-0.478034,0.000000,-0.849924,0.0000,0.0000,-0.478034,0.298923,-0.250324,31.00
1.600018,torque-chirp,foot_right_joint,RS02,-0.478417,0.000000,-0.808223,0.0000,0.0000,-0.478417,-0.222935,-0.288197,31.00
1.608018,torque-chirp,foot_right_joint,RS02,-0.483020,0.000000,-0.693495,0.0000,0.0000,-0.483020,-0.533304,-0.508690,31.00
1.616078,torque-chirp,foot_right_joint,RS02,-0.491073,0.000000,-0.514420,0.0000,0.0000,-0.491073,-0.754864,-0.526848,31.00
1.624023,torque-chirp,foot_right_joint,RS02,-0.502194,0.000000,-0.291343,0.0000,0.0000,-0.502194,-1.035934,-0.359793,31.00
1.632019,torque-chirp,foot_right_joint,RS02,-0.514466,0.000000,-0.040399,0.0000,0.0000,-0.514466,-1.081711,-0.215565,31.00
1.640020,torque-chirp,foot_right_joint,RS02,-0.529040,0.000000,0.214614,0.0000,0.0000,-0.529040,-1.279469,-0.096239,31.00
1.648019,torque-chirp,foot_right_joint,RS02,-0.543612,0.000000,0.450179,0.0000,0.0000,-0.543612,-1.260242,-0.229572,31.00
1.656019,torque-chirp,foot_right_joint,RS02,-0.557035,0.000000,0.644944,0.0000,0.0000,-0.557035,-1.069809,-0.197926,31.00
1.664021,torque-chirp,foot_right_joint,RS02,-0.568541,0.000000,0.780946,0.0000,0.0000,-0.568541,-0.885788,0.157457,31.00
1.672018,torque-chirp,foot_right_joint,RS02,-0.576594,0.000000,0.845562,0.0000,0.0000,-0.576594,-0.530558,0.273670,31.00
1.680019,torque-chirp,foot_right_joint,RS02,-0.579279,0.000000,0.832756,0.0000,0.0000,-0.579279,0.078278,0.308949,31.00
1.688021,torque-chirp,foot_right_joint,RS02,-0.576978,0.000000,0.743455,0.0000,0.0000,-0.576978,0.320896,0.391439,31.00
1.696018,torque-chirp,foot_right_joint,RS02,-0.571225,0.000000,0.585776,0.0000,0.0000,-0.571225,0.696270,0.526329,31.00
1.704018,torque-chirp,foot_right_joint,RS02,-0.562020,0.000000,0.373998,0.0000,0.0000,-0.562020,0.898605,0.333334,31.00
1.712019,torque-chirp,foot_right_joint,RS02,-0.550515,0.000000,0.127494,0.0000,0.0000,-0.550515,1.045090,0.232166,31.00
1.720018,torque-chirp,foot_right_joint,RS02,-0.536326,0.000000,-0.130922,0.0000,0.0000,-0.536326,1.259325,0.205189,31.00
1.728019,torque-chirp,foot_right_joint,RS02,-0.522137,0.000000,-0.377472,0.0000,0.0000,-0.522137,1.136644,0.290272,31.00
1.736021,torque-chirp,foot_right_joint,RS02,-0.508714,0.000000,-0.589253,0.0000,0.0000,-0.508714,1.120165,0.133593,31.00
1.744017,torque-chirp,foot_right_joint,RS02,-0.496442,0.000000,-0.746364,0.0000,0.0000,-0.496442,0.931564,-0.105577,31.00
1.752018,torque-chirp,foot_right_joint,RS02,-0.488005,0.000000,-0.834268,0.0000,0.0000,-0.488005,0.614788,-0.208302,31.00
1.760019,torque-chirp,foot_right_joint,RS02,-0.483787,0.000000,-0.844499,0.0000,0.0000,-0.483787,0.179905,-0.343191,31.00
1.768018,torque-chirp,foot_right_joint,RS02,-0.484553,0.000000,-0.775943,0.0000,0.0000,-0.484553,-0.178074,-0.423086,31.00
1.776019,torque-chirp,foot_right_joint,RS02,-0.489156,0.000000,-0.634766,0.0000,0.0000,-0.489156,-0.532389,-0.473412,31.00
1.784020,torque-chirp,foot_right_joint,RS02,-0.496442,0.000000,-0.434060,0.0000,0.0000,-0.496442,-0.829023,-0.485344,31.00
1.792017,torque-chirp,foot_right_joint,RS02,-0.507180,0.000000,-0.192591,0.0000,0.0000,-0.507180,-0.999313,-0.325552,31.00
1.800018,torque-chirp,foot_right_joint,RS02,-0.519452,0.000000,0.067275,0.0000,0.0000,-0.519452,-1.124743,-0.166279,31.00
1.808021,torque-chirp,foot_right_joint,RS02,-0.533642,0.000000,0.321088,0.0000,0.0000,-0.533642,-1.150377,-0.138781,31.00
1.816019,torque-chirp,foot_right_joint,RS02,-0.547447,0.000000,0.544673,0.0000,0.0000,-0.547447,-1.204393,-0.264332,31.00
1.824018,torque-chirp,foot_right_joint,RS02,-0.559719,0.000000,0.717080,0.0000,0.0000,-0.559719,-0.933395,-0.034502,31.00
1.832019,torque-chirp,foot_right_joint,RS02,-0.567774,0.000000,0.821866,0.0000,0.0000,-0.567774,-0.634012,0.231647,31.00
1.840017,torque-chirp,foot_right_joint,RS02,-0.571609,0.000000,0.848898,0.0000,0.0000,-0.571609,-0.095675,0.251362,31.00
1.848018,torque-chirp,foot_right_joint,RS02,-0.569691,0.000000,0.795446,0.0000,0.0000,-0.569691,0.387733,0.378988,31.00
1.856020,torque-chirp,foot_right_joint,RS02,-0.563555,0.000000,0.666350,0.0000,0.0000,-0.563555,0.651409,0.441763,31.00
1.864020,torque-chirp,foot_right_joint,RS02,-0.554734,0.000000,0.473763,0.0000,0.0000,-0.554734,0.839096,0.344748,31.00
1.872020,torque-chirp,foot_right_joint,RS02,-0.542462,0.000000,0.235889,0.0000,0.0000,-0.542462,1.094530,0.247211,31.00
1.880088,torque-chirp,foot_right_joint,RS02,-0.527506,0.000000,-0.026938,0.0000,0.0000,-0.527506,1.312429,0.338003,31.00
1.888039,torque-chirp,foot_right_joint,RS02,-0.512548,0.000000,-0.283721,0.0000,0.0000,-0.512548,1.337149,0.265369,31.00
1.896036,torque-chirp,foot_right_joint,RS02,-0.497976,0.000000,-0.515052,0.0000,0.0000,-0.497976,1.176012,0.054733,31.00
1.904024,torque-chirp,foot_right_joint,RS02,-0.483787,0.000000,-0.697046,0.0000,0.0000,-0.483787,1.143053,0.008560,31.00
1.912017,torque-chirp,foot_right_joint,RS02,-0.471131,0.000000,-0.812465,0.0000,0.0000,-0.471131,0.958115,-0.063036,31.00
1.920089,torque-chirp,foot_right_joint,RS02,-0.464611,0.000000,-0.849891,0.0000,0.0000,-0.464611,0.322727,-0.069262,31.00
1.928033,torque-chirp,foot_right_joint,RS02,-0.463844,0.000000,-0.805332,0.0000,0.0000,-0.463844,-0.158846,-0.216602,31.00
1.940025,torque-chirp,foot_right_joint,RS02,-0.473816,0.000000,-0.596196,0.0000,0.0000,-0.473816,-0.753948,-0.377951,31.00
1.952021,torque-chirp,foot_right_joint,RS02,-0.491457,0.000000,-0.258342,0.0000,0.0000,-0.491457,-1.095444,-0.424124,31.00
1.964022,torque-chirp,foot_right_joint,RS02,-0.512933,0.000000,0.135818,0.0000,0.0000,-0.512933,-1.288624,-0.280415,31.00
1.972026,torque-chirp,foot_right_joint,RS02,-0.529807,0.000000,0.387823,0.0000,0.0000,-0.529807,-1.399405,-0.090532,31.00
1.980024,torque-chirp,foot_right_joint,RS02,-0.546680,0.000000,0.602081,0.0000,0.0000,-0.546680,-1.498283,-0.134111,31.00
1.988023,torque-chirp,foot_right_joint,RS02,-0.561637,0.000000,0.757819,0.0000,0.0000,-0.561637,-1.227282,-0.104021,31.00
1.996022,torque-chirp,foot_right_joint,RS02,-0.574293,0.000000,0.839652,0.0000,0.0000,-0.574293,-0.974594,0.200001,31.00
2.004020,torque-chirp,foot_right_joint,RS02,-0.583114,0.000000,0.839428,0.0000,0.0000,-0.583114,-0.590982,0.266407,31.00
2.012019,torque-chirp,foot_right_joint,RS02,-0.586565,0.000000,0.756952,0.0000,0.0000,-0.586565,-0.119478,0.351492,31.00
2.020020,torque-chirp,foot_right_joint,RS02,-0.585415,0.000000,0.600097,0.0000,0.0000,-0.585415,0.220188,0.451620,31.00
2.028020,torque-chirp,foot_right_joint,RS02,-0.580429,0.000000,0.384134,0.0000,0.0000,-0.580429,0.469215,0.471336,31.00
2.036020,torque-chirp,foot_right_joint,RS02,-0.573143,0.000000,0.130185,0.0000,0.0000,-0.573143,0.633099,0.398184,31.00
2.044064,torque-chirp,foot_right_joint,RS02,-0.563555,0.000000,-0.138290,0.0000,0.0000,-0.563555,0.769512,0.247211,31.00
2.052030,torque-chirp,foot_right_joint,RS02,-0.553200,0.000000,-0.390810,0.0000,0.0000,-0.553200,0.965439,0.161089,31.00
2.060028,torque-chirp,foot_right_joint,RS02,-0.542846,0.000000,-0.605942,0.0000,0.0000,-0.542846,0.856491,-0.010117,31.00
2.068023,torque-chirp,foot_right_joint,RS02,-0.534409,0.000000,-0.761179,0.0000,0.0000,-0.534409,0.589153,-0.025681,31.00
2.076021,torque-chirp,foot_right_joint,RS02,-0.531341,0.000000,-0.841092,0.0000,0.0000,-0.531341,0.168003,-0.132555,31.00
2.084018,torque-chirp,foot_right_joint,RS02,-0.532492,0.000000,-0.837509,0.0000,0.0000,-0.532492,-0.276035,-0.258106,31.00
2.092020,torque-chirp,foot_right_joint,RS02,-0.539011,0.000000,-0.750525,0.0000,0.0000,-0.539011,-0.694439,-0.447990,31.00
2.100018,torque-chirp,foot_right_joint,RS02,-0.548982,0.000000,-0.588679,0.0000,0.0000,-0.548982,-0.820784,-0.501945,31.00
2.108019,torque-chirp,foot_right_joint,RS02,-0.560870,0.000000,-0.367860,0.0000,0.0000,-0.560870,-1.120165,-0.370169,31.00
2.116057,torque-chirp,foot_right_joint,RS02,-0.575060,0.000000,-0.108823,0.0000,0.0000,-0.575060,-1.302357,-0.228016,31.00
2.124042,torque-chirp,foot_right_joint,RS02,-0.590783,0.000000,0.159660,0.0000,0.0000,-0.590783,-1.377432,-0.151232,31.00
2.132025,torque-chirp,foot_right_joint,RS02,-0.607274,0.000000,0.412318,0.0000,0.0000,-0.607274,-1.387503,-0.265369,31.00
2.140024,torque-chirp,foot_right_joint,RS02,-0.622614,0.000000,0.624272,0.0000,0.0000,-0.622614,-1.262989,-0.146563,31.00
2.148023,torque-chirp,foot_right_joint,RS02,-0.636804,0.000000,0.773574,0.0000,0.0000,-0.636804,-1.119249,0.023087,31.00
2.156022,torque-chirp,foot_right_joint,RS02,-0.649076,0.000000,0.845009,0.0000,0.0000,-0.649076,-0.874800,0.162645,31.00
2.164129,torque-chirp,foot_right_joint,RS02,-0.656362,0.000000,0.830420,0.0000,0.0000,-0.656362,-0.544291,0.223866,31.00
2.172028,torque-chirp,foot_right_joint,RS02,-0.656362,0.000000,0.733188,0.0000,0.0000,-0.656362,0.197300,0.284565,31.00
2.180022,torque-chirp,foot_right_joint,RS02,-0.651760,0.000000,0.561042,0.0000,0.0000,-0.651760,0.558022,0.433462,31.00
2.188022,torque-chirp,foot_right_joint,RS02,-0.643323,0.000000,0.331764,0.0000,0.0000,-0.643323,0.957199,0.486900,31.00
2.196020,torque-chirp,foot_right_joint,RS02,-0.632586,0.000000,0.068639,0.0000,0.0000,-0.632586,1.142138,0.360830,31.00
2.204021,torque-chirp,foot_right_joint,RS02,-0.620697,0.000000,-0.201738,0.0000,0.0000,-0.620697,0.977341,0.206745,31.00
2.212021,torque-chirp,foot_right_joint,RS02,-0.608424,0.000000,-0.451738,0.0000,0.0000,-0.608424,1.071642,0.072893,31.00
2.220020,torque-chirp,foot_right_joint,RS02,-0.595769,0.000000,-0.655788,0.0000,0.0000,-0.595769,1.039597,0.007523,31.00
2.228020,torque-chirp,foot_right_joint,RS02,-0.586182,0.000000,-0.792982,0.0000,0.0000,-0.586182,0.667889,-0.029831,31.00
2.236021,torque-chirp,foot_right_joint,RS02,-0.581579,0.000000,-0.849066,0.0000,0.0000,-0.581579,0.158848,-0.172504,31.00
2.244019,torque-chirp,foot_right_joint,RS02,-0.583114,0.000000,-0.818118,0.0000,0.0000,-0.583114,-0.201878,-0.237873,31.00
2.252020,torque-chirp,foot_right_joint,RS02,-0.589250,0.000000,-0.703097,0.0000,0.0000,-0.589250,-0.702679,-0.391439,31.00
2.260020,torque-chirp,foot_right_joint,RS02,-0.599220,0.000000,-0.515682,0.0000,0.0000,-0.599220,-0.960861,-0.400778,31.00
2.268020,torque-chirp,foot_right_joint,RS02,-0.611876,0.000000,-0.274951,0.0000,0.0000,-0.611876,-1.092697,-0.414267,31.00
2.276020,torque-chirp,foot_right_joint,RS02,-0.625682,0.000000,-0.005691,0.0000,0.0000,-0.625682,-1.184252,-0.250843,31.00
2.284020,torque-chirp,foot_right_joint,RS02,-0.640638,0.000000,0.264359,0.0000,0.0000,-0.640638,-1.240101,-0.132036,31.00
2.292070,torque-chirp,foot_right_joint,RS02,-0.656362,0.000000,0.508637,0.0000,0.0000,-0.656362,-1.326160,-0.189106,31.00
2.300046,torque-chirp,foot_right_joint,RS02,-0.670936,0.000000,0.698242,0.0000,0.0000,-0.670936,-1.160448,-0.061998,31.00
2.308032,torque-chirp,foot_right_joint,RS02,-0.682824,0.000000,0.816032,0.0000,0.0000,-0.682824,-0.900436,0.086901,31.00
2.316027,torque-chirp,foot_right_joint,RS02,-0.690494,0.000000,0.849317,0.0000,0.0000,-0.690494,-0.454567,0.308949,31.00
2.324024,torque-chirp,foot_right_joint,RS02,-0.693178,0.000000,0.794256,0.0000,0.0000,-0.693178,0.004120,0.279377,31.00
2.332024,torque-chirp,foot_right_joint,RS02,-0.690494,0.000000,0.656305,0.0000,0.0000,-0.690494,0.308079,0.468224,31.00
2.340020,torque-chirp,foot_right_joint,RS02,-0.684741,0.000000,0.449772,0.0000,0.0000,-0.684741,0.649578,0.454733,31.00
2.348021,torque-chirp,foot_right_joint,RS02,-0.675154,0.000000,0.195933,0.0000,0.0000,-0.675154,0.896774,0.283009,31.00
2.356020,torque-chirp,foot_right_joint,RS02,-0.663649,0.000000,-0.078599,0.0000,0.0000,-0.663649,1.027695,0.178209,31.00
2.364020,torque-chirp,foot_right_joint,RS02,-0.650609,0.000000,-0.345076,0.0000,0.0000,-0.650609,1.147631,0.179766,31.00
2.372021,torque-chirp,foot_right_joint,RS02,-0.637570,0.000000,-0.575536,0.0000,0.0000,-0.637570,0.968185,0.208820,31.00
2.380020,torque-chirp,foot_right_joint,RS02,-0.627216,0.000000,-0.745510,0.0000,0.0000,-0.627216,0.798809,-0.002335,31.00
2.388021,torque-chirp,foot_right_joint,RS02,-0.620314,0.000000,-0.837047,0.0000,0.0000,-0.620314,0.341953,-0.192738,31.00
2.396021,torque-chirp,foot_right_joint,RS02,-0.618779,0.000000,-0.840241,0.0000,0.0000,-0.618779,-0.079195,-0.287678,31.00
2.404021,torque-chirp,foot_right_joint,RS02,-0.621080,0.000000,-0.754572,0.0000,0.0000,-0.621080,-0.335546,-0.433464,31.00
2.412018,torque-chirp,foot_right_joint,RS02,-0.627983,0.000000,-0.588990,0.0000,0.0000,-0.627983,-0.768599,-0.408560,31.00
2.420020,torque-chirp,foot_right_joint,RS02,-0.638721,0.000000,-0.360673,0.0000,0.0000,-0.638721,-1.067062,-0.262257,31.00
2.428020,torque-chirp,foot_right_joint,RS02,-0.652143,0.000000,-0.093920,0.0000,0.0000,-0.652143,-1.192492,-0.274708,31.00
2.436020,torque-chirp,foot_right_joint,RS02,-0.666333,0.000000,0.182994,0.0000,0.0000,-0.666333,-1.224535,-0.336447,31.00
2.444023,torque-chirp,foot_right_joint,RS02,-0.681290,0.000000,0.440724,0.0000,0.0000,-0.681290,-1.282215,-0.165758,31.00
2.452024,torque-chirp,foot_right_joint,RS02,-0.695479,0.000000,0.651512,0.0000,0.0000,-0.695479,-1.272144,-0.011154,31.00
2.460020,torque-chirp,foot_right_joint,RS02,-0.705833,0.000000,0.792759,0.0000,0.0000,-0.705833,-0.398718,-0.387289,31.00
2.468019,torque-chirp,foot_right_joint,RS02,-0.703532,0.000000,0.849306,0.0000,0.0000,-0.703532,0.378578,-0.142412,31.00
2.476018,torque-chirp,foot_right_joint,RS02,-0.697780,0.000000,0.814856,0.0000,0.0000,-0.697780,0.562599,0.358236,31.00
2.484018,torque-chirp,foot_right_joint,RS02,-0.689727,0.000000,0.692885,0.0000,0.0000,-0.689727,0.785992,0.453176,31.00
2.492019,torque-chirp,foot_right_joint,RS02,-0.679372,0.000000,0.496297,0.0000,0.0000,-0.679372,0.867477,0.371206,31.00
2.500016,torque-chirp,foot_right_joint,RS02,-0.666717,0.000000,0.246191,0.0000,0.0000,-0.666717,1.198900,0.224384,31.00
2.508017,torque-chirp,foot_right_joint,RS02,-0.650992,0.000000,-0.030725,0.0000,0.0000,-0.650992,1.446096,0.238392,31.00
2.516019,torque-chirp,foot_right_joint,RS02,-0.635269,0.000000,-0.304585,0.0000,0.0000,-0.635269,1.313345,0.331257,31.00
2.524019,torque-chirp,foot_right_joint,RS02,-0.619929,0.000000,-0.545636,0.0000,0.0000,-0.619929,1.358206,0.122179,31.00
2.532026,torque-chirp,foot_right_joint,RS02,-0.604589,0.000000,-0.727834,0.0000,0.0000,-0.604589,1.281298,0.027756,31.00
2.540026,torque-chirp,foot_right_joint,RS02,-0.590783,0.000000,-0.831014,0.0000,0.0000,-0.590783,1.025864,-0.034502,31.00
2.548019,torque-chirp,foot_right_joint,RS02,-0.581963,0.000000,-0.843968,0.0000,0.0000,-0.581963,0.462807,-0.137743,31.00
2.556022,torque-chirp,foot_right_joint,RS02,-0.579662,0.000000,-0.765078,0.0000,0.0000,-0.579662,0.001373,-0.232166,31.00
2.564022,torque-chirp,foot_right_joint,RS02,-0.582730,0.000000,-0.602732,0.0000,0.0000,-0.582730,-0.466469,-0.326071,31.00
2.572021,torque-chirp,foot_right_joint,RS02,-0.590400,0.000000,-0.374488,0.0000,0.0000,-0.590400,-0.791487,-0.377951,31.00
2.580022,torque-chirp,foot_right_joint,RS02,-0.601521,0.000000,-0.105111,0.0000,0.0000,-0.601521,-1.014877,-0.377432,31.00
2.588021,torque-chirp,foot_right_joint,RS02,-0.613793,0.000000,0.175934,0.0000,0.0000,-0.613793,-0.982834,-0.294422,31.00
2.596020,torque-chirp,foot_right_joint,RS02,-0.626450,0.000000,0.437917,0.0000,0.0000,-0.626450,-1.177843,-0.152269,31.00
2.604019,torque-chirp,foot_right_joint,RS02,-0.638721,0.000000,0.651971,0.0000,0.0000,-0.638721,-1.089951,0.005966,31.00
2.612020,torque-chirp,foot_right_joint,RS02,-0.649076,0.000000,0.794513,0.0000,0.0000,-0.649076,-0.849165,0.094683,31.00
2.620019,torque-chirp,foot_right_joint,RS02,-0.654828,0.000000,0.849622,0.0000,0.0000,-0.654828,-0.384069,0.157976,31.00
2.628019,torque-chirp,foot_right_joint,RS02,-0.655595,0.000000,0.811041,0.0000,0.0000,-0.655595,0.211033,0.218678,31.00
2.636020,torque-chirp,foot_right_joint,RS02,-0.651377,0.000000,0.682804,0.0000,0.0000,-0.651377,0.510414,0.427755,31.00
2.644020,torque-chirp,foot_right_joint,RS02,-0.643323,0.000000,0.478921,0.0000,0.0000,-0.643323,0.767681,0.496239,31.00
2.652020,torque-chirp,foot_right_joint,RS02,-0.632586,0.000000,0.221839,0.0000,0.0000,-0.632586,1.045090,0.384695,31.00
2.660021,torque-chirp,foot_right_joint,RS02,-0.619929,0.000000,-0.060106,0.0000,0.0000,-0.619929,1.112841,0.237873,31.00
2.668019,torque-chirp,foot_right_joint,RS02,-0.606506,0.000000,-0.335464,0.0000,0.0000,-0.606506,1.127489,0.150713,31.00
2.676019,torque-chirp,foot_right_joint,RS02,-0.591934,0.000000,-0.573757,0.0000,0.0000,-0.591934,1.128405,0.141375,31.00
2.684018,torque-chirp,foot_right_joint,RS02,-0.579279,0.000000,-0.748246,0.0000,0.0000,-0.579279,1.005722,0.086901,31.00
2.692018,torque-chirp,foot_right_joint,RS02,-0.570458,0.000000,-0.839339,0.0000,0.0000,-0.570458,0.489357,-0.076525,31.00
2.700016,torque-chirp,foot_right_joint,RS02,-0.566239,0.000000,-0.836659,0.0000,0.0000,-0.566239,0.084686,-0.242023,31.00
2.708313,torque-chirp,foot_right_joint,RS02,-0.568541,0.000000,-0.735037,0.0000,0.0000,-0.568541,-0.349279,-0.344229,31.00
2.716038,torque-chirp,foot_right_joint,RS02,-0.575060,0.000000,-0.560271,0.0000,0.0000,-0.575060,-0.645000,-0.431908,31.00
2.724026,torque-chirp,foot_right_joint,RS02,-0.585415,0.000000,-0.317950,0.0000,0.0000,-0.585415,-1.061569,-0.217640,31.00
2.732023,torque-chirp,foot_right_joint,RS02,-0.598454,0.000000,-0.039529,0.0000,0.0000,-0.598454,-1.174181,-0.342672,31.00
2.740021,torque-chirp,foot_right_joint,RS02,-0.612642,0.000000,0.243640,0.0000,0.0000,-0.612642,-1.115587,-0.281452,31.00
2.748019,torque-chirp,foot_right_joint,RS02,-0.626450,0.000000,0.499488,0.0000,0.0000,-0.626450,-1.256580,-0.137743,31.00
2.756052,torque-chirp,foot_right_joint,RS02,-0.640638,0.000000,0.699869,0.0000,0.0000,-0.640638,-1.196154,-0.021011,31.00
2.764041,torque-chirp,foot_right_joint,RS02,-0.652527,0.000000,0.820130,0.0000,0.0000,-0.652527,-0.903183,0.080675,31.00
2.772027,torque-chirp,foot_right_joint,RS02,-0.659813,0.000000,0.847811,0.0000,0.0000,-0.659813,-0.360266,0.141375,31.00
2.780025,torque-chirp,foot_right_joint,RS02,-0.660581,0.000000,0.779461,0.0000,0.0000,-0.660581,0.143284,0.212971,31.00
2.788029,torque-chirp,foot_right_joint,RS02,-0.656362,0.000000,0.622400,0.0000,0.0000,-0.656362,0.568092,0.361868,31.00
2.796020,torque-chirp,foot_right_joint,RS02,-0.647541,0.000000,0.394725,0.0000,0.0000,-0.647541,0.865646,0.450064,31.00
2.804021,torque-chirp,foot_right_joint,RS02,-0.636420,0.000000,0.121612,0.0000,0.0000,-0.636420,1.029526,0.418417,31.00
2.812020,torque-chirp,foot_right_joint,RS02,-0.623765,0.000000,-0.165449,0.0000,0.0000,-0.623765,1.060656,0.274189,31.00
2.820020,torque-chirp,foot_right_joint,RS02,-0.611109,0.000000,-0.433873,0.0000,0.0000,-0.611109,1.032272,0.111803,31.00
2.828019,torque-chirp,foot_right_joint,RS02,-0.597302,0.000000,-0.652801,0.0000,0.0000,-0.597302,1.165941,0.037094,31.00
2.836019,torque-chirp,foot_right_joint,RS02,-0.585798,0.000000,-0.797064,0.0000,0.0000,-0.585798,0.841843,-0.018417,31.00
2.844018,torque-chirp,foot_right_joint,RS02,-0.579662,0.000000,-0.849914,0.0000,0.0000,-0.579662,0.417030,-0.143969,31.00
2.852020,torque-chirp,foot_right_joint,RS02,-0.579279,0.000000,-0.805066,0.0000,0.0000,-0.579279,-0.218357,-0.168354,31.00
2.860019,torque-chirp,foot_right_joint,RS02,-0.583880,0.000000,-0.667495,0.0000,0.0000,-0.583880,-0.600138,-0.382101,31.00
2.868019,torque-chirp,foot_right_joint,RS02,-0.592701,0.000000,-0.452859,0.0000,0.0000,-0.592701,-0.828108,-0.332296,31.00
2.876018,torque-chirp,foot_right_joint,RS02,-0.604589,0.000000,-0.185789,0.0000,0.0000,-0.604589,-1.057907,-0.398703,31.00
2.884019,torque-chirp,foot_right_joint,RS02,-0.618012,0.000000,0.102998,0.0000,0.0000,-0.618012,-1.101852,-0.319326,31.00
2.892019,torque-chirp,foot_right_joint,RS02,-0.631818,0.000000,0.380030,0.0000,0.0000,-0.631818,-1.215380,-0.133593,31.00
2.900019,torque-chirp,foot_right_joint,RS02,-0.646008,0.000000,0.613204,0.0000,0.0000,-0.646008,-1.141222,-0.026199,31.00
2.908019,torque-chirp,foot_right_joint,RS02,-0.659430,0.000000,0.775297,0.0000,0.0000,-0.659430,-1.086288,-0.080675,31.00
2.916389,torque-chirp,foot_right_joint,RS02,-0.668634,0.000000,0.848276,0.0000,0.0000,-0.668634,-0.446327,0.041245,31.00
2.924055,torque-chirp,foot_right_joint,RS02,-0.671702,0.000000,0.820323,0.0000,0.0000,-0.671702,-0.081026,0.217121,31.00
2.932042,torque-chirp,foot_right_joint,RS02,-0.669018,0.000000,0.697771,0.0000,0.0000,-0.669018,0.395058,0.363424,31.00
2.940030,torque-chirp,foot_right_joint,RS02,-0.661731,0.000000,0.493846,0.0000,0.0000,-0.661731,0.832687,0.387808,31.00
2.948023,torque-chirp,foot_right_joint,RS02,-0.649842,0.000000,0.231990,0.0000,0.0000,-0.649842,1.182421,0.317768,31.00
2.956023,torque-chirp,foot_right_joint,RS02,-0.637187,0.000000,-0.057419,0.0000,0.0000,-0.637187,1.099108,0.381063,31.00
2.964020,torque-chirp,foot_right_joint,RS02,-0.623382,0.000000,-0.340223,0.0000,0.0000,-0.623382,1.205309,0.215046,31.00
2.972019,torque-chirp,foot_right_joint,RS02,-0.609958,0.000000,-0.583324,0.0000,0.0000,-0.609958,1.107347,0.056808,31.00
2.980021,torque-chirp,foot_right_joint,RS02,-0.596152,0.000000,-0.758016,0.0000,0.0000,-0.596152,1.161364,-0.011673,31.00
2.988023,torque-chirp,foot_right_joint,RS02,-0.586182,0.000000,-0.843434,0.0000,0.0000,-0.586182,0.538795,-0.079119,31.00
2.996020,torque-chirp,foot_right_joint,RS02,-0.581579,0.000000,-0.829362,0.0000,0.0000,-0.581579,0.121311,-0.074450,31.00
3.004021,torque-chirp,foot_right_joint,RS02,-0.584264,0.000000,-0.717255,0.0000,0.0000,-0.584264,-0.334631,-0.299093,31.00
3.012017,torque-chirp,foot_right_joint,RS02,-0.591166,0.000000,-0.520275,0.0000,0.0000,-0.591166,-0.742962,-0.419455,31.00
3.020027,torque-chirp,foot_right_joint,RS02,-0.601521,0.000000,-0.261076,0.0000,0.0000,-0.601521,-1.057907,-0.383657,31.00
3.028043,torque-chirp,foot_right_joint,RS02,-0.614178,0.000000,0.029579,0.0000,0.0000,-0.614178,-1.111923,-0.383657,31.00
3.036025,torque-chirp,foot_right_joint,RS02,-0.627216,0.000000,0.315774,0.0000,0.0000,-0.627216,-1.220873,-0.181324,31.00
3.044019,torque-chirp,foot_right_joint,RS02,-0.640638,0.000000,0.565061,0.0000,0.0000,-0.640638,-1.080795,-0.049028,31.00
3.052021,torque-chirp,foot_right_joint,RS02,-0.654060,0.000000,0.747401,0.0000,0.0000,-0.654060,-1.139391,-0.046953,31.00
3.060017,torque-chirp,foot_right_joint,RS02,-0.664032,0.000000,0.840548,0.0000,0.0000,-0.664032,-0.604715,0.040726,31.00
3.072015,torque-chirp,foot_right_joint,RS02,-0.667484,0.000000,0.791827,0.0000,0.0000,-0.667484,0.138706,0.202076,31.00
3.080021,torque-chirp,foot_right_joint,RS02,-0.662498,0.000000,0.638852,0.0000,0.0000,-0.662498,0.666058,0.328144,31.00
3.088019,torque-chirp,foot_right_joint,RS02,-0.652910,0.000000,0.409257,0.0000,0.0000,-0.652910,0.883957,0.318806,31.00
3.096020,torque-chirp,foot_right_joint,RS02,-0.641022,0.000000,0.130228,0.0000,0.0000,-0.641022,1.104601,0.439169,31.00
3.104022,torque-chirp,foot_right_joint,RS02,-0.627983,0.000000,-0.164671,0.0000,0.0000,-0.627983,1.185167,0.301685,31.00
3.112020,torque-chirp,foot_right_joint,RS02,-0.614178,0.000000,-0.439818,0.0000,0.0000,-0.614178,1.266649,0.072893,31.00
3.120024,torque-chirp,foot_right_joint,RS02,-0.600370,0.000000,-0.662263,0.0000,0.0000,-0.600370,1.163195,0.007004,31.00
3.128028,torque-chirp,foot_right_joint,RS02,-0.587715,0.000000,-0.804713,0.0000,0.0000,-0.587715,0.981918,0.003372,31.00
3.136020,torque-chirp,foot_right_joint,RS02,-0.580429,0.000000,-0.849804,0.0000,0.0000,-0.580429,0.404213,-0.111284,31.00
3.144029,torque-chirp,foot_right_joint,RS02,-0.578895,0.000000,-0.791911,0.0000,0.0000,-0.578895,-0.157015,-0.192738,31.00
3.152021,torque-chirp,foot_right_joint,RS02,-0.582730,0.000000,-0.638059,0.0000,0.0000,-0.582730,-0.531473,-0.399221,31.00
3.160018,torque-chirp,foot_right_joint,RS02,-0.590783,0.000000,-0.406536,0.0000,0.0000,-0.590783,-0.729229,-0.424124,31.00
3.168016,torque-chirp,foot_right_joint,RS02,-0.602288,0.000000,-0.125405,0.0000,0.0000,-0.602288,-1.047836,-0.355124,31.00
3.176021,torque-chirp,foot_right_joint,RS02,-0.614944,0.000000,0.171480,0.0000,0.0000,-0.614944,-1.020370,-0.354605,31.00
3.184021,torque-chirp,foot_right_joint,RS02,-0.627983,0.000000,0.447430,0.0000,0.0000,-0.627983,-1.111008,-0.117510,31.00
3.192021,torque-chirp,foot_right_joint,RS02,-0.641405,0.000000,0.668903,0.0000,0.0000,-0.641405,-1.231861,0.005447,31.00
3.200023,torque-chirp,foot_right_joint,RS02,-0.653294,0.000000,0.808665,0.0000,0.0000,-0.653294,-0.948044,0.054733,31.00
3.208019,torque-chirp,foot_right_joint,RS02,-0.660196,0.000000,0.849365,0.0000,0.0000,-0.660196,-0.432594,0.091051,31.00
3.216025,torque-chirp,foot_right_joint,RS02,-0.660964,0.000000,0.785788,0.0000,0.0000,-0.660964,0.141453,0.270557,31.00
3.224026,torque-chirp,foot_right_joint,RS02,-0.656745,0.000000,0.625575,0.0000,0.0000,-0.656745,0.625774,0.365499,31.00
3.232026,torque-chirp,foot_right_joint,RS02,-0.647924,0.000000,0.388260,0.0000,0.0000,-0.647924,0.896774,0.447470,31.00
3.240019,torque-chirp,foot_right_joint,RS02,-0.636420,0.000000,0.103164,0.0000,0.0000,-0.636420,1.126574,0.444357,31.00
3.248124,torque-chirp,foot_right_joint,RS02,-0.623765,0.000000,-0.198917,0.0000,0.0000,-0.623765,1.148546,0.272633,31.00
3.256024,torque-chirp,foot_right_joint,RS02,-0.610725,0.000000,-0.469566,0.0000,0.0000,-0.610725,1.084459,0.124254,31.00
3.264019,torque-chirp,foot_right_joint,RS02,-0.596919,0.000000,-0.685827,0.0000,0.0000,-0.596919,1.151293,0.058884,31.00
3.272021,torque-chirp,foot_right_joint,RS02,-0.585798,0.000000,-0.817389,0.0000,0.0000,-0.585798,0.699017,-0.035021,31.00
3.280020,torque-chirp,foot_right_joint,RS02,-0.580046,0.000000,-0.847530,0.0000,0.0000,-0.580046,0.393227,-0.192738,31.00
3.288019,torque-chirp,foot_right_joint,RS02,-0.579662,0.000000,-0.772363,0.0000,0.0000,-0.579662,-0.204624,-0.223866,31.00
3.296022,torque-chirp,foot_right_joint,RS02,-0.584647,0.000000,-0.600901,0.0000,0.0000,-0.584647,-0.484779,-0.417898,31.00
3.304027,torque-chirp,foot_right_joint,RS02,-0.593851,0.000000,-0.354307,0.0000,0.0000,-0.593851,-0.948044,-0.352530,31.00
3.312025,torque-chirp,foot_right_joint,RS02,-0.605356,0.000000,-0.063521,0.0000,0.0000,-0.605356,-1.000229,-0.311026,31.00
3.320024,torque-chirp,foot_right_joint,RS02,-0.618012,0.000000,0.235454,0.0000,0.0000,-0.618012,-1.051498,-0.298573,31.00
3.328016,torque-chirp,foot_right_joint,RS02,-0.631434,0.000000,0.504937,0.0000,0.0000,-0.631434,-1.126574,-0.092607,31.00
3.336026,torque-chirp,foot_right_joint,RS02,-0.644856,0.000000,0.711785,0.0000,0.0000,-0.644856,-1.116503,0.002335,31.00
3.344022,torque-chirp,foot_right_joint,RS02,-0.655978,0.000000,0.829101,0.0000,0.0000,-0.655978,-0.808882,0.057846,31.00
3.352021,torque-chirp,foot_right_joint,RS02,-0.662114,0.000000,0.842352,0.0000,0.0000,-0.662114,-0.282444,0.220234,31.00
3.360018,torque-chirp,foot_right_joint,RS02,-0.661347,0.000000,0.749613,0.0000,0.0000,-0.661347,0.288853,0.284565,31.00
3.368021,torque-chirp,foot_right_joint,RS02,-0.655978,0.000000,0.562251,0.0000,0.0000,-0.655978,0.762188,0.345785,31.00
3.376018,torque-chirp,foot_right_joint,RS02,-0.646391,0.000000,0.303897,0.0000,0.0000,-0.646391,0.911423,0.385733,31.00
3.384022,torque-chirp,foot_right_joint,RS02,-0.634502,0.000000,0.006771,0.0000,0.0000,-0.634502,1.027695,0.394552,31.00
3.392020,torque-chirp,foot_right_joint,RS02,-0.621847,0.000000,-0.291260,0.0000,0.0000,-0.621847,1.115587,0.209858,31.00
3.400020,torque-chirp,foot_right_joint,RS02,-0.608808,0.000000,-0.552605,0.0000,0.0000,-0.608808,1.093615,0.085344,31.00
3.408020,torque-chirp,foot_right_joint,RS02,-0.595769,0.000000,-0.743992,0.0000,0.0000,-0.595769,1.091784,0.012192,31.00
3.416021,torque-chirp,foot_right_joint,RS02,-0.586182,0.000000,-0.840931,0.0000,0.0000,-0.586182,0.583656,-0.050066,31.00
3.424019,torque-chirp,foot_right_joint,RS02,-0.582347,0.000000,-0.830884,0.0000,0.0000,-0.582347,0.081024,-0.164202,31.00
3.432019,torque-chirp,foot_right_joint,RS02,-0.585031,0.000000,-0.714931,0.0000,0.0000,-0.585031,-0.410622,-0.304281,31.00
3.440064,torque-chirp,foot_right_joint,RS02,-0.592318,0.000000,-0.506257,0.0000,0.0000,-0.592318,-0.848249,-0.435539,31.00
3.448033,torque-chirp,foot_right_joint,RS02,-0.602288,0.000000,-0.234795,0.0000,0.0000,-0.602288,-1.054245,-0.386770,31.00
3.456023,torque-chirp,foot_right_joint,RS02,-0.614944,0.000000,0.067483,0.0000,0.0000,-0.614944,-1.066147,-0.388845,31.00
3.464023,torque-chirp,foot_right_joint,RS02,-0.627600,0.000000,0.361634,0.0000,0.0000,-0.627600,-1.089035,-0.137224,31.00
3.472021,torque-chirp,foot_right_joint,RS02,-0.641022,0.000000,0.609551,0.0000,0.0000,-0.641022,-1.116503,-0.053179,31.00
3.480019,torque-chirp,foot_right_joint,RS02,-0.653677,0.000000,0.779318,0.0000,0.0000,-0.653677,-0.977341,-0.004929,31.00
3.488019,torque-chirp,foot_right_joint,RS02,-0.662114,0.000000,0.848941,0.0000,0.0000,-0.662114,-0.539713,0.079119,31.00
3.496017,torque-chirp,foot_right_joint,RS02,-0.664416,0.000000,0.809211,0.0000,0.0000,-0.664416,0.012360,0.179766,31.00
3.504022,torque-chirp,foot_right_joint,RS02,-0.660581,0.000000,0.664912,0.0000,0.0000,-0.660581,0.498512,0.332296,31.00
3.512021,torque-chirp,foot_right_joint,RS02,-0.652143,0.000000,0.434638,0.0000,0.0000,-0.652143,0.689861,0.374319,31.00
3.520020,torque-chirp,foot_right_joint,RS02,-0.641022,0.000000,0.148019,0.0000,0.0000,-0.641022,1.059740,0.380026,31.00
3.528044,torque-chirp,foot_right_joint,RS02,-0.628366,0.000000,-0.158941,0.0000,0.0000,-0.628366,1.115587,0.356161,31.00
3.536021,torque-chirp,foot_right_joint,RS02,-0.614944,0.000000,-0.443812,0.0000,0.0000,-0.614944,1.117418,0.106615,31.00
3.544020,torque-chirp,foot_right_joint,RS02,-0.601138,0.000000,-0.672043,0.0000,0.0000,-0.601138,1.057909,-0.010635,31.00
3.552020,torque-chirp,foot_right_joint,RS02,-0.588866,0.000000,-0.812997,0.0000,0.0000,-0.588866,0.964523,-0.017380,31.00
3.560020,torque-chirp,foot_right_joint,RS02,-0.581963,0.000000,-0.848099,0.0000,0.0000,-0.581963,0.366676,-0.153826,31.00
3.568024,torque-chirp,foot_right_joint,RS02,-0.580812,0.000000,-0.772497,0.0000,0.0000,-0.580812,-0.153353,-0.224384,31.00
3.576026,torque-chirp,foot_right_joint,RS02,-0.584647,0.000000,-0.595841,0.0000,0.0000,-0.584647,-0.479286,-0.421530,31.00
3.584026,torque-chirp,foot_right_joint,RS02,-0.593084,0.000000,-0.341154,0.0000,0.0000,-0.593084,-0.940720,-0.371725,31.00
3.592025,torque-chirp,foot_right_joint,RS02,-0.604589,0.000000,-0.041634,0.0000,0.0000,-0.604589,-1.006638,-0.407003,31.00
3.600021,torque-chirp,foot_right_joint,RS02,-0.616861,0.000000,0.263453,0.0000,0.0000,-0.616861,-1.082626,-0.328146,31.00
3.608020,torque-chirp,foot_right_joint,RS02,-0.629518,0.000000,0.534214,0.0000,0.0000,-0.629518,-1.168688,-0.091570,31.00
3.616021,torque-chirp,foot_right_joint,RS02,-0.641789,0.000000,0.734962,0.0000,0.0000,-0.641789,-0.898605,0.099871,31.00
3.624021,torque-chirp,foot_right_joint,RS02,-0.651760,0.000000,0.838973,0.0000,0.0000,-0.651760,-0.681622,0.137743,31.00
3.632020,torque-chirp,foot_right_joint,RS02,-0.657128,0.000000,0.832378,0.0000,0.0000,-0.657128,-0.197300,0.202076,31.00
3.640030,torque-chirp,foot_right_joint,RS02,-0.655978,0.000000,0.715606,0.0000,0.0000,-0.655978,0.294346,0.317249,31.00
3.648023,torque-chirp,foot_right_joint,RS02,-0.649842,0.000000,0.504424,0.0000,0.0000,-0.649842,0.603802,0.483269,31.00
3.656019,torque-chirp,foot_right_joint,RS02,-0.640638,0.000000,0.226247,0.0000,0.0000,-0.640638,0.936142,0.420492,31.00
3.664020,torque-chirp,foot_right_joint,RS02,-0.629518,0.000000,-0.082260,0.0000,0.0000,-0.629518,1.015793,0.320362,31.00
3.672021,torque-chirp,foot_right_joint,RS02,-0.617246,0.000000,-0.380058,0.0000,0.0000,-0.617246,1.037766,0.147081,31.00
3.680021,torque-chirp,foot_right_joint,RS02,-0.604589,0.000000,-0.627429,0.0000,0.0000,-0.604589,1.178759,0.033463,31.00
3.688015,torque-chirp,foot_right_joint,RS02,-0.593468,0.000000,-0.791356,0.0000,0.0000,-0.593468,0.799725,-0.080675,31.00
3.696020,torque-chirp,foot_right_joint,RS02,-0.586565,0.000000,-0.849984,0.0000,0.0000,-0.586565,0.347446,-0.086382,31.00
3.704020,torque-chirp,foot_right_joint,RS02,-0.585798,0.000000,-0.795079,0.0000,0.0000,-0.585798,-0.145113,-0.235798,31.00
3.712061,torque-chirp,foot_right_joint,RS02,-0.590400,0.000000,-0.632729,0.0000,0.0000,-0.590400,-0.566263,-0.421530,31.00
3.720033,torque-chirp,foot_right_joint,RS02,-0.599220,0.000000,-0.387105,0.0000,0.0000,-0.599220,-0.888535,-0.466148,31.00
3.728024,torque-chirp,foot_right_joint,RS02,-0.610342,0.000000,-0.089046,0.0000,0.0000,-0.610342,-1.064316,-0.398184,31.00
3.736027,torque-chirp,foot_right_joint,RS02,-0.622614,0.000000,0.221581,0.0000,0.0000,-0.622614,-1.008469,-0.276783,31.00
3.744022,torque-chirp,foot_right_joint,RS02,-0.635653,0.000000,0.502387,0.0000,0.0000,-0.635653,-1.151293,-0.110765,31.00
3.752021,torque-chirp,foot_right_joint,RS02,-0.649076,0.000000,0.715886,0.0000,0.0000,-0.649076,-1.157701,-0.045397,31.00
3.760020,torque-chirp,foot_right_joint,RS02,-0.659430,0.000000,0.833039,0.0000,0.0000,-0.659430,-0.649578,0.036057,31.00
3.768020,torque-chirp,foot_right_joint,RS02,-0.665183,0.000000,0.837828,0.0000,0.0000,-0.665183,-0.343786,0.166796,31.00
3.776019,torque-chirp,foot_right_joint,RS02,-0.663649,0.000000,0.729388,0.0000,0.0000,-0.663649,0.264133,0.297535,31.00
3.784106,torque-chirp,foot_right_joint,RS02,-0.657128,0.000000,0.519455,0.0000,0.0000,-0.657128,0.760357,0.409079,31.00
3.792027,torque-chirp,foot_right_joint,RS02,-0.647158,0.000000,0.243707,0.0000,0.0000,-0.647158,0.949875,0.396627,31.00
3.800020,torque-chirp,foot_right_joint,RS02,-0.634886,0.000000,-0.067469,0.0000,0.0000,-0.634886,1.123827,0.428793,31.00
3.808018,torque-chirp,foot_right_joint,RS02,-0.621847,0.000000,-0.369899,0.0000,0.0000,-0.621847,1.207140,0.169909,31.00
3.816022,torque-chirp,foot_right_joint,RS02,-0.608808,0.000000,-0.622331,0.0000,0.0000,-0.608808,1.125658,0.050064,31.00
3.824021,torque-chirp,foot_right_joint,RS02,-0.596152,0.000000,-0.789991,0.0000,0.0000,-0.596152,0.999313,-0.048510,31.00
3.832019,torque-chirp,foot_right_joint,RS02,-0.587332,0.000000,-0.849982,0.0000,0.0000,-0.587332,0.569008,-0.126329,31.00
3.840022,torque-chirp,foot_right_joint,RS02,-0.584264,0.000000,-0.793875,0.0000,0.0000,-0.584264,-0.045319,-0.179249,31.00
3.848018,torque-chirp,foot_right_joint,RS02,-0.588099,0.000000,-0.629200,0.0000,0.0000,-0.588099,-0.427101,-0.378988,31.00
3.856019,torque-chirp,foot_right_joint,RS02,-0.595769,0.000000,-0.378162,0.0000,0.0000,-0.595769,-0.840925,-0.440727,31.00
3.864021,torque-chirp,foot_right_joint,RS02,-0.606506,0.000000,-0.075011,0.0000,0.0000,-0.606506,-0.996567,-0.412191,31.00
3.872019,torque-chirp,foot_right_joint,RS02,-0.618396,0.000000,0.238489,0.0000,0.0000,-0.618396,-1.104599,-0.299612,31.00
3.880018,torque-chirp,foot_right_joint,RS02,-0.630668,0.000000,0.519429,0.0000,0.0000,-0.630668,-1.056992,-0.091570,31.00
3.888019,torque-chirp,foot_right_joint,RS02,-0.643323,0.000000,0.729071,0.0000,0.0000,-0.643323,-1.047836,0.044876,31.00
3.896016,torque-chirp,foot_right_joint,RS02,-0.652910,0.000000,0.838245,0.0000,0.0000,-0.652910,-0.687115,0.107653,31.00
3.904021,torque-chirp,foot_right_joint,RS02,-0.658279,0.000000,0.831757,0.0000,0.0000,-0.658279,-0.112154,0.220753,31.00
3.912020,torque-chirp,foot_right_joint,RS02,-0.656745,0.000000,0.710222,0.0000,0.0000,-0.656745,0.308079,0.329700,31.00
3.920023,torque-chirp,foot_right_joint,RS02,-0.650609,0.000000,0.490179,0.0000,0.0000,-0.650609,0.636761,0.476006,31.00
3.928108,torque-chirp,foot_right_joint,RS02,-0.641022,0.000000,0.198792,0.0000,0.0000,-0.641022,0.822617,0.369650,31.00
3.936089,torque-chirp,foot_right_joint,RS02,-0.629518,0.000000,-0.116808,0.0000,0.0000,-0.629518,0.900436,0.335928,31.00
3.944073,torque-chirp,foot_right_joint,RS02,-0.617246,0.000000,-0.416628,0.0000,0.0000,-0.617246,1.038681,0.128923,31.00
3.952081,torque-chirp,foot_right_joint,RS02,-0.604589,0.000000,-0.659437,0.0000,0.0000,-0.604589,1.111010,0.034500,31.00
3.960047,torque-chirp,foot_right_joint,RS02,-0.593084,0.000000,-0.809800,0.0000,0.0000,-0.593084,0.853745,-0.068743,31.00
3.972027,torque-chirp,foot_right_joint,RS02,-0.585415,0.000000,-0.822696,0.0000,0.0000,-0.585415,0.226597,-0.136187,31.00
3.980027,torque-chirp,foot_right_joint,RS02,-0.587332,0.000000,-0.686638,0.0000,0.0000,-0.587332,-0.348364,-0.308950,31.00
3.988025,torque-chirp,foot_right_joint,RS02,-0.594234,0.000000,-0.454413,0.0000,0.0000,-0.594234,-0.707256,-0.446434,31.00
3.996027,torque-chirp,foot_right_joint,RS02,-0.604206,0.000000,-0.158160,0.0000,0.0000,-0.604206,-0.983749,-0.346823,31.00
4.004026,torque-chirp,foot_right_joint,RS02,-0.616478,0.000000,0.160331,0.0000,0.0000,-0.616478,-1.086288,-0.350973,31.00
4.012023,torque-chirp,foot_right_joint,RS02,-0.628366,0.000000,0.456432,0.0000,0.0000,-0.628366,-1.057907,-0.159014,31.00
4.020021,torque-chirp,foot_right_joint,RS02,-0.641022,0.000000,0.688555,0.0000,0.0000,-0.641022,-1.155870,0.017899,31.00
4.028021,torque-chirp,foot_right_joint,RS02,-0.651760,0.000000,0.823833,0.0000,0.0000,-0.651760,-0.792402,0.101427,31.00
4.036023,torque-chirp,foot_right_joint,RS02,-0.657896,0.000000,0.842905,0.0000,0.0000,-0.657896,-0.319067,0.209858,31.00
4.044023,torque-chirp,foot_right_joint,RS02,-0.657896,0.000000,0.742856,0.0000,0.0000,-0.657896,0.287937,0.261738,31.00
4.052025,torque-chirp,foot_right_joint,RS02,-0.652910,0.000000,0.537542,0.0000,0.0000,-0.652910,0.603802,0.403891,31.00
4.060074,torque-chirp,foot_right_joint,RS02,-0.644090,0.000000,0.254108,0.0000,0.0000,-0.644090,0.879379,0.457327,31.00
4.068033,torque-chirp,foot_right_joint,RS02,-0.632969,0.000000,-0.062391,0.0000,0.0000,-0.632969,1.075304,0.358755,31.00
4.076028,torque-chirp,foot_right_joint,RS02,-0.621464,0.000000,-0.371642,0.0000,0.0000,-0.621464,0.896774,0.178209,31.00
4.084024,torque-chirp,foot_right_joint,RS02,-0.608808,0.000000,-0.628281,0.0000,0.0000,-0.608808,1.001144,0.065628,31.00
4.092021,torque-chirp,foot_right_joint,RS02,-0.597302,0.000000,-0.795700,0.0000,0.0000,-0.597302,0.862900,-0.090532,31.00
4.100022,torque-chirp,foot_right_joint,RS02,-0.590400,0.000000,-0.849818,0.0000,0.0000,-0.590400,0.327305,-0.108171,31.00
4.108020,torque-chirp,foot_right_joint,RS02,-0.588483,0.000000,-0.782620,0.0000,0.0000,-0.588483,-0.091097,-0.215046,31.00
4.116021,torque-chirp,foot_right_joint,RS02,-0.592318,0.000000,-0.603446,0.0000,0.0000,-0.592318,-0.493019,-0.419455,31.00
4.124021,torque-chirp,foot_right_joint,RS02,-0.600370,0.000000,-0.337769,0.0000,0.0000,-0.600370,-0.717327,-0.526329,31.00
4.132019,torque-chirp,foot_right_joint,RS02,-0.611109,0.000000,-0.023559,0.0000,0.0000,-0.611109,-0.875715,-0.377432,31.00
4.140020,torque-chirp,foot_right_joint,RS02,-0.622614,0.000000,0.294334,0.0000,0.0000,-0.622614,-0.960861,-0.240467,31.00
4.148021,torque-chirp,foot_right_joint,RS02,-0.634886,0.000000,0.570099,0.0000,0.0000,-0.634886,-1.122911,-0.088976,31.00
4.156021,torque-chirp,foot_right_joint,RS02,-0.646774,0.000000,0.763941,0.0000,0.0000,-0.646774,-0.900436,0.065109,31.00
4.164019,torque-chirp,foot_right_joint,RS02,-0.655211,0.000000,0.847802,0.0000,0.0000,-0.655211,-0.508583,0.108171,31.00
4.172019,torque-chirp,foot_right_joint,RS02,-0.658663,0.000000,0.809395,0.0000,0.0000,-0.658663,-0.057220,0.198961,31.00
4.180019,torque-chirp,foot_right_joint,RS02,-0.655595,0.000000,0.654006,0.0000,0.0000,-0.655595,0.494850,0.349936,31.00
4.188020,torque-chirp,foot_right_joint,RS02,-0.648692,0.000000,0.403888,0.0000,0.0000,-0.648692,0.677044,0.515953,31.00
4.196019,torque-chirp,foot_right_joint,RS02,-0.638337,0.000000,0.095117,0.0000,0.0000,-0.638337,0.969101,0.387808,31.00
4.204021,torque-chirp,foot_right_joint,RS02,-0.626450,0.000000,-0.227712,0.0000,0.0000,-0.626450,1.035019,0.301685,31.00
4.212020,torque-chirp,foot_right_joint,RS02,-0.614561,0.000000,-0.517599,0.0000,0.0000,-0.614561,1.006638,0.072374,31.00
4.220018,torque-chirp,foot_right_joint,RS02,-0.601905,0.000000,-0.732343,0.0000,0.0000,-0.601905,1.037766,-0.078081,31.00
4.228020,torque-chirp,foot_right_joint,RS02,-0.592318,0.000000,-0.840672,0.0000,0.0000,-0.592318,0.578163,-0.086382,31.00
4.236020,torque-chirp,foot_right_joint,RS02,-0.587715,0.000000,-0.826443,0.0000,0.0000,-0.587715,0.145115,-0.213490,31.00
4.244020,torque-chirp,foot_right_joint,RS02,-0.589250,0.000000,-0.691556,0.0000,0.0000,-0.589250,-0.309912,-0.347860,31.00
4.252054,torque-chirp,foot_right_joint,RS02,-0.595769,0.000000,-0.454288,0.0000,0.0000,-0.595769,-0.677959,-0.442284,31.00
4.260052,torque-chirp,foot_right_joint,RS02,-0.605356,0.000000,-0.151282,0.0000,0.0000,-0.605356,-0.837263,-0.412191,31.00
4.268028,torque-chirp,foot_right_joint,RS02,-0.616861,0.000000,0.173218,0.0000,0.0000,-0.616861,-0.997482,-0.347860,31.00
4.276048,torque-chirp,foot_right_joint,RS02,-0.628750,0.000000,0.474095,0.0000,0.0000,-0.628750,-1.082626,-0.139299,31.00
4.284041,torque-chirp,foot_right_joint,RS02,-0.640638,0.000000,0.704592,0.0000,0.0000,-0.640638,-0.925156,0.039169,31.00
4.292033,torque-chirp,foot_right_joint,RS02,-0.650609,0.000000,0.831680,0.0000,0.0000,-0.650609,-0.650494,0.096239,31.00
4.300055,torque-chirp,foot_right_joint,RS02,-0.656362,0.000000,0.836361,0.0000,0.0000,-0.656362,-0.404211,0.219196,31.00
4.308046,torque-chirp,foot_right_joint,RS02,-0.655595,0.000000,0.717678,0.0000,0.0000,-0.655595,0.221104,0.308949,31.00
4.316031,torque-chirp,foot_right_joint,RS02,-0.650609,0.000000,0.493337,0.0000,0.0000,-0.650609,0.580910,0.450583,31.00
4.324023,torque-chirp,foot_right_joint,RS02,-0.642173,0.000000,0.195935,0.0000,0.0000,-0.642173,0.818035,0.460440,31.00
4.332118,torque-chirp,foot_right_joint,RS02,-0.631051,0.000000,-0.134823,0.0000,0.0000,-0.631051,0.980087,0.271076,31.00
4.340032,torque-chirp,foot_right_joint,RS02,-0.619163,0.000000,-0.438968,0.0000,0.0000,-0.619163,1.039597,0.129961,31.00
4.348025,torque-chirp,foot_right_joint,RS02,-0.607657,0.000000,-0.681452,0.0000,0.0000,-0.607657,0.859238,0.004929,31.00
4.356023,torque-chirp,foot_right_joint,RS02,-0.597302,0.000000,-0.823012,0.0000,0.0000,-0.597302,0.821701,-0.136187,31.00
4.364022,torque-chirp,foot_right_joint,RS02,-0.591550,0.000000,-0.842203,0.0000,0.0000,-0.591550,0.356606,-0.181843,31.00
4.372022,torque-chirp,foot_right_joint,RS02,-0.592318,0.000000,-0.735909,0.0000,0.0000,-0.592318,-0.301672,-0.253956,31.00
4.380021,torque-chirp,foot_right_joint,RS02,-0.597686,0.000000,-0.519760,0.0000,0.0000,-0.597686,-0.644083,-0.458366,31.00
4.388020,torque-chirp,foot_right_joint,RS02,-0.606506,0.000000,-0.225854,0.0000,0.0000,-0.606506,-0.751202,-0.483269,31.00
4.396020,torque-chirp,foot_right_joint,RS02,-0.617629,0.000000,0.102069,0.0000,0.0000,-0.617629,-1.006638,-0.335409,31.00
4.404020,torque-chirp,foot_right_joint,RS02,-0.629133,0.000000,0.414909,0.0000,0.0000,-0.629133,-0.869307,-0.149157,31.00
4.412021,torque-chirp,foot_right_joint,RS02,-0.641789,0.000000,0.665734,0.0000,0.0000,-0.641789,-1.056076,0.005447,31.00
4.420020,torque-chirp,foot_right_joint,RS02,-0.652527,0.000000,0.816660,0.0000,0.0000,-0.652527,-0.877546,0.057327,31.00
4.428019,torque-chirp,foot_right_joint,RS02,-0.659046,0.000000,0.844931,0.0000,0.0000,-0.659046,-0.547037,0.181322,31.00
4.436021,torque-chirp,foot_right_joint,RS02,-0.659430,0.000000,0.745970,0.0000,0.0000,-0.659430,0.072784,0.260181,31.00
4.448020,torque-chirp,foot_right_joint,RS02,-0.650226,0.000000,0.395942,0.0000,0.0000,-0.650226,0.666058,0.503502,31.00
4.456022,torque-chirp,foot_right_joint,RS02,-0.639872,0.000000,0.079167,0.0000,0.0000,-0.639872,0.959030,0.415823,31.00
4.464021,torque-chirp,foot_right_joint,RS02,-0.627983,0.000000,-0.249661,0.0000,0.0000,-0.627983,1.008469,0.326069,31.00
4.472020,torque-chirp,foot_right_joint,RS02,-0.615328,0.000000,-0.540891,0.0000,0.0000,-0.615328,1.005722,0.065628,31.00
4.480021,torque-chirp,foot_right_joint,RS02,-0.602288,0.000000,-0.750356,0.0000,0.0000,-0.602288,1.086290,-0.051104,31.00
4.488020,torque-chirp,foot_right_joint,RS02,-0.592318,0.000000,-0.846014,0.0000,0.0000,-0.592318,0.642254,-0.091570,31.00
4.496019,torque-chirp,foot_right_joint,RS02,-0.587332,0.000000,-0.813156,0.0000,0.0000,-0.587332,0.230259,-0.191700,31.00
4.504017,torque-chirp,foot_right_joint,RS02,-0.589250,0.000000,-0.656592,0.0000,0.0000,-0.589250,-0.318151,-0.319326,31.00
4.512019,torque-chirp,foot_right_joint,RS02,-0.595386,0.000000,-0.399763,0.0000,0.0000,-0.595386,-0.710918,-0.463036,31.00
4.520021,torque-chirp,foot_right_joint,RS02,-0.604973,0.000000,-0.081755,0.0000,0.0000,-0.604973,-0.930649,-0.374319,31.00
4.528018,torque-chirp,foot_right_joint,RS02,-0.616478,0.000000,0.248738,0.0000,0.0000,-0.616478,-0.991074,-0.348898,31.00
4.536018,torque-chirp,foot_right_joint,RS02,-0.627983,0.000000,0.541487,0.0000,0.0000,-0.627983,-0.932480,-0.105577,31.00
4.544017,torque-chirp,foot_right_joint,RS02,-0.639105,0.000000,0.751496,0.0000,0.0000,-0.639105,-0.842756,0.092607,31.00
4.552018,torque-chirp,foot_right_joint,RS02,-0.647158,0.000000,0.846407,0.0000,0.0000,-0.647158,-0.598307,0.183916,31.00
4.560019,torque-chirp,foot_right_joint,RS02,-0.651377,0.000000,0.811396,0.0000,0.0000,-0.651377,-0.013275,0.250843,31.00
4.568016,torque-chirp,foot_right_joint,RS02,-0.650226,0.000000,0.651709,0.0000,0.0000,-0.650226,0.305332,0.367575,31.00
4.576017,torque-chirp,foot_right_joint,RS02,-0.644856,0.000000,0.391503,0.0000,0.0000,-0.644856,0.548866,0.504539,31.00
4.584019,torque-chirp,foot_right_joint,RS02,-0.636420,0.000000,0.070780,0.0000,0.0000,-0.636420,0.849167,0.432425,31.00
4.592022,torque-chirp,foot_right_joint,RS02,-0.626450,0.000000,-0.261106,0.0000,0.0000,-0.626450,0.847336,0.324512,31.00
4.600029,torque-chirp,foot_right_joint,RS02,-0.615328,0.000000,-0.552955,0.0000,0.0000,-0.615328,0.935226,0.085863,31.00
4.608023,torque-chirp,foot_right_joint,RS02,-0.605356,0.000000,-0.759049,0.0000,0.0000,-0.605356,0.843674,-0.074450,31.00
4.616022,torque-chirp,foot_right_joint,RS02,-0.598070,0.000000,-0.847878,0.0000,0.0000,-0.598070,0.539711,-0.148638,31.00
4.624021,torque-chirp,foot_right_joint,RS02,-0.595002,0.000000,-0.805298,0.0000,0.0000,-0.595002,-0.012360,-0.244099,31.00
4.632020,torque-chirp,foot_right_joint,RS02,-0.597686,0.000000,-0.637675,0.0000,0.0000,-0.597686,-0.389563,-0.431908,31.00
4.640020,torque-chirp,foot_right_joint,RS02,-0.603822,0.000000,-0.370769,0.0000,0.0000,-0.603822,-0.721905,-0.485344,31.00
4.648021,torque-chirp,foot_right_joint,RS02,-0.612642,0.000000,-0.045982,0.0000,0.0000,-0.612642,-0.798811,-0.411154,31.00
4.656022,torque-chirp,foot_right_joint,RS02,-0.623382,0.000000,0.286187,0.0000,0.0000,-0.623382,-0.879379,-0.274708,31.00
4.664021,torque-chirp,foot_right_joint,RS02,-0.634886,0.000000,0.573838,0.0000,0.0000,-0.634886,-0.996567,-0.091570,31.00
4.672020,torque-chirp,foot_right_joint,RS02,-0.645241,0.000000,0.771986,0.0000,0.0000,-0.645241,-0.820784,0.065628,31.00
4.680020,torque-chirp,foot_right_joint,RS02,-0.652527,0.000000,0.849522,0.0000,0.0000,-0.652527,-0.430763,0.141893,31.00
4.688019,torque-chirp,foot_right_joint,RS02,-0.654828,0.000000,0.794048,0.0000,0.0000,-0.654828,0.073700,0.279377,31.00
4.696018,torque-chirp,foot_right_joint,RS02,-0.652143,0.000000,0.614016,0.0000,0.0000,-0.652143,0.420692,0.429831,31.00
4.704020,torque-chirp,foot_right_joint,RS02,-0.645241,0.000000,0.337374,0.0000,0.0000,-0.645241,0.760357,0.520103,31.00
4.712020,torque-chirp,foot_right_joint,RS02,-0.636037,0.000000,0.007566,0.0000,0.0000,-0.636037,0.982834,0.443319,31.00
4.720020,torque-chirp,foot_right_joint,RS02,-0.624915,0.000000,-0.323599,0.0000,0.0000,-0.624915,0.991074,0.264332,31.00
4.728020,torque-chirp,foot_right_joint,RS02,-0.613026,0.000000,-0.603984,0.0000,0.0000,-0.613026,1.023117,0.049026,31.00
4.736018,torque-chirp,foot_right_joint,RS02,-0.602288,0.000000,-0.789180,0.0000,0.0000,-0.602288,0.864731,-0.141375,31.00
4.744020,torque-chirp,foot_right_joint,RS02,-0.595386,0.000000,-0.849835,0.0000,0.0000,-0.595386,0.471046,-0.134111,31.00
4.752019,torque-chirp,foot_right_joint,RS02,-0.593468,0.000000,-0.776069,0.0000,0.0000,-0.593468,-0.107576,-0.222828,31.00
4.760055,torque-chirp,foot_right_joint,RS02,-0.596919,0.000000,-0.578194,0.0000,0.0000,-0.596919,-0.441750,-0.431908,31.00
4.768035,torque-chirp,foot_right_joint,RS02,-0.603822,0.000000,-0.289942,0.0000,0.0000,-0.603822,-0.693523,-0.460960,31.00
4.776029,torque-chirp,foot_right_joint,RS02,-0.613410,0.000000,0.044884,0.0000,0.0000,-0.613410,-0.896774,-0.415823,31.00
4.784020,torque-chirp,foot_right_joint,RS02,-0.624532,0.000000,0.372696,0.0000,0.0000,-0.624532,-0.981003,-0.242023,31.00
4.792019,torque-chirp,foot_right_joint,RS02,-0.635269,0.000000,0.641716,0.0000,0.0000,-0.635269,-0.933395,0.042801,31.00
4.800019,torque-chirp,foot_right_joint,RS02,-0.644856,0.000000,0.808651,0.0000,0.0000,-0.644856,-0.654156,0.120623,31.00
4.808018,torque-chirp,foot_right_joint,RS02,-0.650992,0.000000,0.846637,0.0000,0.0000,-0.650992,-0.360266,0.249287,31.00
4.816020,torque-chirp,foot_right_joint,RS02,-0.651760,0.000000,0.749354,0.0000,0.0000,-0.651760,0.178074,0.289753,31.00
4.824017,torque-chirp,foot_right_joint,RS02,-0.648692,0.000000,0.532229,0.0000,0.0000,-0.648692,0.414284,0.451101,31.00
4.832018,torque-chirp,foot_right_joint,RS02,-0.641405,0.000000,0.229602,0.0000,0.0000,-0.641405,0.672466,0.511803,31.00
4.840013,torque-chirp,foot_right_joint,RS02,-0.631818,0.000000,-0.109714,0.0000,0.0000,-0.631818,0.858322,0.384695,31.00
4.848018,torque-chirp,foot_right_joint,RS02,-0.621080,0.000000,-0.432059,0.0000,0.0000,-0.621080,0.917831,0.195848,31.00
4.856016,torque-chirp,foot_right_joint,RS02,-0.610342,0.000000,-0.684852,0.0000,0.0000,-0.610342,0.735638,0.007523,31.00
4.864018,torque-chirp,foot_right_joint,RS02,-0.601521,0.000000,-0.827653,0.0000,0.0000,-0.601521,0.602886,-0.151751,31.00
4.897694,torque-chirp,foot_right_joint,RS02,-0.596152,0.000000,-0.082484,0.0000,0.0000,-0.596152,0.321812,-0.271595,31.00
4.904057,torque-chirp,foot_right_joint,RS02,-0.619163,0.000000,0.189802,0.0000,0.0000,-0.619163,-0.942551,-0.460442,31.00
4.912033,torque-chirp,foot_right_joint,RS02,-0.631051,0.000000,0.500424,0.0000,0.0000,-0.631051,-0.975510,-0.153307,31.00
4.920044,torque-chirp,foot_right_joint,RS02,-0.643706,0.000000,0.731244,0.0000,0.0000,-0.643706,-1.067062,0.096758,31.00
4.928034,torque-chirp,foot_right_joint,RS02,-0.653677,0.000000,0.842885,0.0000,0.0000,-0.653677,-0.720074,0.076525,31.00
4.936030,torque-chirp,foot_right_joint,RS02,-0.658663,0.000000,0.817690,0.0000,0.0000,-0.658663,-0.252232,0.157457,31.00
4.944028,torque-chirp,foot_right_joint,RS02,-0.657896,0.000000,0.659301,0.0000,0.0000,-0.657896,0.308079,0.320362,31.00
4.952023,torque-chirp,foot_right_joint,RS02,-0.652143,0.000000,0.393464,0.0000,0.0000,-0.652143,0.573586,0.433981,31.00
4.960020,torque-chirp,foot_right_joint,RS02,-0.642940,0.000000,0.063158,0.0000,0.0000,-0.642940,0.850998,0.497276,31.00
4.972020,torque-chirp,foot_right_joint,RS02,-0.626065,0.000000,-0.434560,0.0000,0.0000,-0.626065,1.073473,0.265369,31.00
4.980023,torque-chirp,foot_right_joint,RS02,-0.614178,0.000000,-0.688644,0.0000,0.0000,-0.614178,0.965439,0.105577,31.00
4.988021,torque-chirp,foot_right_joint,RS02,-0.603055,0.000000,-0.829784,0.0000,0.0000,-0.603055,0.849167,-0.170429,31.00
4.996020,torque-chirp,foot_right_joint,RS02,-0.596152,0.000000,-0.834776,0.0000,0.0000,-0.596152,0.396889,-0.217640,31.00
5.004020,torque-chirp,foot_right_joint,RS02,-0.594618,0.000000,-0.702510,0.0000,0.0000,-0.594618,-0.053558,-0.293385,31.00
5.012020,torque-chirp,foot_right_joint,RS02,-0.598454,0.000000,-0.454508,0.0000,0.0000,-0.598454,-0.459145,-0.454216,31.00
5.020021,torque-chirp,foot_right_joint,RS02,-0.604973,0.000000,-0.131407,0.0000,0.0000,-0.604973,-0.572672,-0.478600,31.00
5.028020,torque-chirp,foot_right_joint,RS02,-0.613410,0.000000,0.213490,0.0000,0.0000,-0.613410,-0.782331,-0.345266,31.00
5.036019,torque-chirp,foot_right_joint,RS02,-0.622614,0.000000,0.523337,0.0000,0.0000,-0.622614,-0.694439,-0.176136,31.00
5.044021,torque-chirp,foot_right_joint,RS02,-0.630668,0.000000,0.746850,0.0000,0.0000,-0.630668,-0.551615,0.028275,31.00
5.052020,torque-chirp,foot_right_joint,RS02,-0.635653,0.000000,0.846715,0.0000,0.0000,-0.635653,-0.319983,0.198442,31.00
5.060019,torque-chirp,foot_right_joint,RS02,-0.637187,0.000000,0.806251,0.0000,0.0000,-0.637187,0.127720,0.324512,31.00
5.068020,torque-chirp,foot_right_joint,RS02,-0.634119,0.000000,0.631869,0.0000,0.0000,-0.634119,0.342869,0.517509,31.00
5.076020,torque-chirp,foot_right_joint,RS02,-0.628750,0.000000,0.352387,0.0000,0.0000,-0.628750,0.666058,0.521660,31.00
5.084020,torque-chirp,foot_right_joint,RS02,-0.619546,0.000000,0.014031,0.0000,0.0000,-0.619546,0.844589,0.281452,31.00
5.092021,torque-chirp,foot_right_joint,RS02,-0.608041,0.000000,-0.326828,0.0000,0.0000,-0.608041,1.014877,0.149675,31.00
5.100020,torque-chirp,foot_right_joint,RS02,-0.595386,0.000000,-0.613350,0.0000,0.0000,-0.595386,1.073473,0.123217,31.00
5.108019,torque-chirp,foot_right_joint,RS02,-0.584264,0.000000,-0.797560,0.0000,0.0000,-0.584264,0.757610,0.063034,31.00
5.116020,torque-chirp,foot_right_joint,RS02,-0.577361,0.000000,-0.848527,0.0000,0.0000,-0.577361,0.519569,-0.170948,31.00
5.124020,torque-chirp,foot_right_joint,RS02,-0.576594,0.000000,-0.757436,0.0000,0.0000,-0.576594,-0.183567,-0.182362,31.00
5.132020,torque-chirp,foot_right_joint,RS02,-0.581196,0.000000,-0.539289,0.0000,0.0000,-0.581196,-0.443581,-0.368093,31.00
5.140019,torque-chirp,foot_right_joint,RS02,-0.589633,0.000000,-0.230564,0.0000,0.0000,-0.589633,-0.870222,-0.316214,31.00
5.148019,torque-chirp,foot_right_joint,RS02,-0.601905,0.000000,0.117143,0.0000,0.0000,-0.601905,-1.045090,-0.325033,31.00
5.156020,torque-chirp,foot_right_joint,RS02,-0.614178,0.000000,0.445366,0.0000,0.0000,-0.614178,-1.046005,-0.263813,31.00
5.164020,torque-chirp,foot_right_joint,RS02,-0.626450,0.000000,0.698693,0.0000,0.0000,-0.626450,-0.996567,-0.049547,31.00
5.172020,torque-chirp,foot_right_joint,RS02,-0.637187,0.000000,0.834348,0.0000,0.0000,-0.637187,-0.717327,0.159014,31.00
5.180019,torque-chirp,foot_right_joint,RS02,-0.643323,0.000000,0.829194,0.0000,0.0000,-0.643323,-0.407873,0.310505,31.00
5.188020,torque-chirp,foot_right_joint,RS02,-0.645241,0.000000,0.683852,0.0000,0.0000,-0.645241,0.027008,0.353048,31.00
5.196019,torque-chirp,foot_right_joint,RS02,-0.643323,0.000000,0.422708,0.0000,0.0000,-0.643323,0.293430,0.497276,31.00
5.204019,torque-chirp,foot_right_joint,RS02,-0.637954,0.000000,0.089749,0.0000,0.0000,-0.637954,0.563515,0.495201,31.00
5.212019,torque-chirp,foot_right_joint,RS02,-0.630668,0.000000,-0.258610,0.0000,0.0000,-0.630668,0.655987,0.334890,31.00
5.220019,torque-chirp,foot_right_joint,RS02,-0.622614,0.000000,-0.563274,0.0000,0.0000,-0.622614,0.713665,0.148119,31.00
5.228020,torque-chirp,foot_right_joint,RS02,-0.616478,0.000000,-0.772275,0.0000,0.0000,-0.616478,0.548866,-0.063036,31.00
5.236019,torque-chirp,foot_right_joint,RS02,-0.612642,0.000000,-0.849900,0.0000,0.0000,-0.612642,0.234837,-0.304800,31.00
5.244020,torque-chirp,foot_right_joint,RS02,-0.613410,0.000000,-0.782684,0.0000,0.0000,-0.613410,-0.257725,-0.307394,31.00
5.252019,torque-chirp,foot_right_joint,RS02,-0.617246,0.000000,-0.581838,0.0000,0.0000,-0.617246,-0.557108,-0.526329,31.00
5.260020,torque-chirp,foot_right_joint,RS02,-0.624915,0.000000,-0.281432,0.0000,0.0000,-0.624915,-0.731060,-0.367575,31.00
5.268020,torque-chirp,foot_right_joint,RS02,-0.635653,0.000000,0.067294,0.0000,0.0000,-0.635653,-1.083542,-0.231647,31.00
5.276020,torque-chirp,foot_right_joint,RS02,-0.648692,0.000000,0.404662,0.0000,0.0000,-0.648692,-1.153124,-0.148119,31.00
5.284020,torque-chirp,foot_right_joint,RS02,-0.661347,0.000000,0.672842,0.0000,0.0000,-0.661347,-1.095444,-0.256031,31.00
5.292019,torque-chirp,foot_right_joint,RS02,-0.672086,0.000000,0.825643,0.0000,0.0000,-0.672086,-0.738384,-0.039690,31.00
5.300068,torque-chirp,foot_right_joint,RS02,-0.677455,0.000000,0.836221,0.0000,0.0000,-0.677455,-0.331884,0.194292,31.00
5.308046,torque-chirp,foot_right_joint,RS02,-0.677838,0.000000,0.702920,0.0000,0.0000,-0.677838,0.155186,0.356680,31.00
5.316031,torque-chirp,foot_right_joint,RS02,-0.672853,0.000000,0.448806,0.0000,0.0000,-0.672853,0.483864,0.388327,31.00
5.324028,torque-chirp,foot_right_joint,RS02,-0.664416,0.000000,0.116910,0.0000,0.0000,-0.664416,0.923325,0.300129,31.00
5.332026,torque-chirp,foot_right_joint,RS02,-0.652527,0.000000,-0.235393,0.0000,0.0000,-0.652527,1.054245,0.240986,31.00
5.340023,torque-chirp,foot_right_joint,RS02,-0.639872,0.000000,-0.547211,0.0000,0.0000,-0.639872,1.125658,0.267445,31.00
5.348022,torque-chirp,foot_right_joint,RS02,-0.628366,0.000000,-0.764571,0.0000,0.0000,-0.628366,0.850082,0.109728,31.00
5.356022,torque-chirp,foot_right_joint,RS02,-0.619929,0.000000,-0.849545,0.0000,0.0000,-0.619929,0.697186,-0.196888,31.00
5.364021,torque-chirp,foot_right_joint,RS02,-0.616478,0.000000,-0.787162,0.0000,0.0000,-0.616478,-0.016937,-0.301168,31.00
5.372021,torque-chirp,foot_right_joint,RS02,-0.618012,0.000000,-0.587972,0.0000,0.0000,-0.618012,-0.177158,-0.426718,31.00
5.380020,torque-chirp,foot_right_joint,RS02,-0.622614,0.000000,-0.286467,0.0000,0.0000,-0.622614,-0.504921,-0.420492,31.00
5.388021,torque-chirp,foot_right_joint,RS02,-0.631051,0.000000,0.065175,0.0000,0.0000,-0.631051,-0.843672,-0.366018,31.00
5.396021,torque-chirp,foot_right_joint,RS02,-0.642173,0.000000,0.405644,0.0000,0.0000,-0.642173,-1.119249,-0.021011,31.00
5.404021,torque-chirp,foot_right_joint,RS02,-0.653677,0.000000,0.675490,0.0000,0.0000,-0.653677,-1.030441,-0.114397,31.00
5.412020,torque-chirp,foot_right_joint,RS02,-0.662882,0.000000,0.827399,0.0000,0.0000,-0.662882,-0.597391,-0.020493,31.00
5.420020,torque-chirp,foot_right_joint,RS02,-0.666717,0.000000,0.834646,0.0000,0.0000,-0.666717,-0.177158,0.154863,31.00
5.428020,torque-chirp,foot_right_joint,RS02,-0.664032,0.000000,0.695694,0.0000,0.0000,-0.664032,0.363930,0.339041,31.00
5.436019,torque-chirp,foot_right_joint,RS02,-0.656362,0.000000,0.434677,0.0000,0.0000,-0.656362,0.811626,0.353048,31.00
5.444094,torque-chirp,foot_right_joint,RS02,-0.646008,0.000000,0.093845,0.0000,0.0000,-0.646008,1.050583,0.395590,31.00
5.452030,torque-chirp,foot_right_joint,RS02,-0.633352,0.000000,-0.258095,0.0000,0.0000,-0.633352,1.225451,0.328663,31.00
5.460021,torque-chirp,foot_right_joint,RS02,-0.620697,0.000000,-0.567316,0.0000,0.0000,-0.620697,1.091784,0.136705,31.00
5.468022,torque-chirp,foot_right_joint,RS02,-0.608041,0.000000,-0.777154,0.0000,0.0000,-0.608041,0.982834,-0.022049,31.00
5.476020,torque-chirp,foot_right_joint,RS02,-0.597302,0.000000,-0.849984,0.0000,0.0000,-0.597302,0.746624,-0.152788,31.00
5.484019,torque-chirp,foot_right_joint,RS02,-0.591934,0.000000,-0.772781,0.0000,0.0000,-0.591934,0.371254,-0.261738,31.00
5.492020,torque-chirp,foot_right_joint,RS02,-0.593084,0.000000,-0.558855,0.0000,0.0000,-0.593084,-0.332800,-0.282490,31.00
5.500019,torque-chirp,foot_right_joint,RS02,-0.598837,0.000000,-0.245921,0.0000,0.0000,-0.598837,-0.629435,-0.484306,31.00
5.508041,torque-chirp,foot_right_joint,RS02,-0.607274,0.000000,0.111816,0.0000,0.0000,-0.607274,-0.856489,-0.504021,31.00
5.516022,torque-chirp,foot_right_joint,RS02,-0.616095,0.000000,0.448163,0.0000,0.0000,-0.616095,-0.786909,-0.292347,31.00
5.524018,torque-chirp,foot_right_joint,RS02,-0.624532,0.000000,0.705893,0.0000,0.0000,-0.624532,-0.630350,-0.036577,31.00
5.532019,torque-chirp,foot_right_joint,RS02,-0.630284,0.000000,0.838336,0.0000,0.0000,-0.630284,-0.266880,0.170427,31.00
5.540020,torque-chirp,foot_right_joint,RS02,-0.631434,0.000000,0.821548,0.0000,0.0000,-0.631434,-0.028839,0.375875,31.00
5.548020,torque-chirp,foot_right_joint,RS02,-0.629133,0.000000,0.658270,0.0000,0.0000,-0.629133,0.342869,0.388327,31.00
5.556020,torque-chirp,foot_right_joint,RS02,-0.622997,0.000000,0.377410,0.0000,0.0000,-0.622997,0.569008,0.477043,31.00
5.564019,torque-chirp,foot_right_joint,RS02,-0.613410,0.000000,0.028998,0.0000,0.0000,-0.613410,0.934311,0.192217,31.00
5.572031,torque-chirp,foot_right_joint,RS02,-0.601521,0.000000,-0.325339,0.0000,0.0000,-0.601521,1.006638,0.156420,31.00
5.580022,torque-chirp,foot_right_joint,RS02,-0.588483,0.000000,-0.620759,0.0000,0.0000,-0.588483,1.088121,0.205189,31.00
5.588020,torque-chirp,foot_right_joint,RS02,-0.577361,0.000000,-0.805405,0.0000,0.0000,-0.577361,0.869308,0.104021,31.00
5.596019,torque-chirp,foot_right_joint,RS02,-0.569691,0.000000,-0.845616,0.0000,0.0000,-0.569691,0.510414,-0.179249,31.00
5.604021,torque-chirp,foot_right_joint,RS02,-0.568157,0.000000,-0.733838,0.0000,0.0000,-0.568157,-0.198215,-0.201557,31.00
5.612022,torque-chirp,foot_right_joint,RS02,-0.571609,0.000000,-0.489895,0.0000,0.0000,-0.571609,-0.319983,-0.397665,31.00
5.620023,torque-chirp,foot_right_joint,RS02,-0.579662,0.000000,-0.157597,0.0000,0.0000,-0.579662,-0.818037,-0.309988,31.00
5.628022,torque-chirp,foot_right_joint,RS02,-0.590400,0.000000,0.203278,0.0000,0.0000,-0.590400,-0.948959,-0.260181,31.00
5.636019,torque-chirp,foot_right_joint,RS02,-0.603055,0.000000,0.527566,0.0000,0.0000,-0.603055,-1.070724,-0.242023,31.00
5.644018,torque-chirp,foot_right_joint,RS02,-0.614178,0.000000,0.756770,0.0000,0.0000,-0.614178,-0.975510,-0.080675,31.00
5.652020,torque-chirp,foot_right_joint,RS02,-0.621464,0.000000,0.849181,0.0000,0.0000,-0.621464,-0.398718,0.102983,31.00
5.660020,torque-chirp,foot_right_joint,RS02,-0.624915,0.000000,0.787728,0.0000,0.0000,-0.624915,-0.113070,0.276264,31.00
5.668020,torque-chirp,foot_right_joint,RS02,-0.622997,0.000000,0.583358,0.0000,0.0000,-0.622997,0.439003,0.380545,31.00
5.676020,torque-chirp,foot_right_joint,RS02,-0.617246,0.000000,0.272922,0.0000,0.0000,-0.617246,0.638592,0.436575,31.00
5.684021,torque-chirp,foot_right_joint,RS02,-0.607274,0.000000,-0.087328,0.0000,0.0000,-0.607274,1.058825,0.230091,31.00
5.692020,torque-chirp,foot_right_joint,RS02,-0.595002,0.000000,-0.431849,0.0000,0.0000,-0.595002,1.165941,0.173540,31.00
5.700019,torque-chirp,foot_right_joint,RS02,-0.583114,0.000000,-0.697845,0.0000,0.0000,-0.583114,1.044174,0.169390,31.00
5.708019,torque-chirp,foot_right_joint,RS02,-0.573910,0.000000,-0.836702,0.0000,0.0000,-0.573910,0.667889,0.009598,31.00
5.716020,torque-chirp,foot_right_joint,RS02,-0.568924,0.000000,-0.822799,0.0000,0.0000,-0.568924,0.277866,-0.191181,31.00
5.724019,torque-chirp,foot_right_joint,RS02,-0.570458,0.000000,-0.658452,0.0000,0.0000,-0.570458,-0.252232,-0.342672,31.00
5.732019,torque-chirp,foot_right_joint,RS02,-0.575443,0.000000,-0.373422,0.0000,0.0000,-0.575443,-0.651409,-0.446434,31.00
5.740019,torque-chirp,foot_right_joint,RS02,-0.585031,0.000000,-0.019835,0.0000,0.0000,-0.585031,-0.940720,-0.210896,31.00
5.748019,torque-chirp,foot_right_joint,RS02,-0.596919,0.000000,0.337625,0.0000,0.0000,-0.596919,-1.077133,-0.277821,31.00
5.756019,torque-chirp,foot_right_joint,RS02,-0.609191,0.000000,0.633235,0.0000,0.0000,-0.609191,-1.016708,-0.279377,31.00
5.764020,torque-chirp,foot_right_joint,RS02,-0.619546,0.000000,0.812558,0.0000,0.0000,-0.619546,-0.736553,-0.018936,31.00
5.772020,torque-chirp,foot_right_joint,RS02,-0.625682,0.000000,0.842316,0.0000,0.0000,-0.625682,-0.503090,0.234241,31.00
5.780019,torque-chirp,foot_right_joint,RS02,-0.626833,0.000000,0.716836,0.0000,0.0000,-0.626833,0.153355,0.333853,31.00
5.788020,torque-chirp,foot_right_joint,RS02,-0.623382,0.000000,0.458964,0.0000,0.0000,-0.623382,0.441750,0.424643,31.00
5.796020,torque-chirp,foot_right_joint,RS02,-0.616861,0.000000,0.116182,0.0000,0.0000,-0.616861,0.840012,0.364981,31.00
5.804019,torque-chirp,foot_right_joint,RS02,-0.606506,0.000000,-0.248270,0.0000,0.0000,-0.606506,1.005722,0.203114,31.00
5.812020,torque-chirp,foot_right_joint,RS02,-0.594234,0.000000,-0.566983,0.0000,0.0000,-0.594234,1.111925,0.147081,31.00
5.820019,torque-chirp,foot_right_joint,RS02,-0.583114,0.000000,-0.780712,0.0000,0.0000,-0.583114,0.807964,0.086382,31.00
5.828020,torque-chirp,foot_right_joint,RS02,-0.576594,0.000000,-0.849672,0.0000,0.0000,-0.576594,0.398720,-0.105577,31.00
5.836024,torque-chirp,foot_right_joint,RS02,-0.575060,0.000000,-0.760699,0.0000,0.0000,-0.575060,-0.057220,-0.166279,31.00
5.844020,torque-chirp,foot_right_joint,RS02,-0.579662,0.000000,-0.530296,0.0000,0.0000,-0.579662,-0.518654,-0.355642,31.00
5.852021,torque-chirp,foot_right_joint,RS02,-0.587715,0.000000,-0.200871,0.0000,0.0000,-0.587715,-0.832685,-0.325552,31.00
5.860025,torque-chirp,foot_right_joint,RS02,-0.599987,0.000000,0.166332,0.0000,0.0000,-0.599987,-0.974594,-0.328665,31.00
5.868019,torque-chirp,foot_right_joint,RS02,-0.612259,0.000000,0.502250,0.0000,0.0000,-0.612259,-1.059738,-0.317251,31.00
5.876019,torque-chirp,foot_right_joint,RS02,-0.624148,0.000000,0.744779,0.0000,0.0000,-0.624148,-0.970932,-0.076006,31.00
5.884016,torque-chirp,foot_right_joint,RS02,-0.633352,0.000000,0.848096,0.0000,0.0000,-0.633352,-0.643167,0.231129,31.00
5.892018,torque-chirp,foot_right_joint,RS02,-0.638721,0.000000,0.792639,0.0000,0.0000,-0.638721,-0.343786,0.345785,31.00
5.900019,torque-chirp,foot_right_joint,RS02,-0.638721,0.000000,0.588494,0.0000,0.0000,-0.638721,0.103912,0.375875,31.00
5.908018,torque-chirp,foot_right_joint,RS02,-0.635269,0.000000,0.273790,0.0000,0.0000,-0.635269,0.341038,0.496239,31.00
5.920040,torque-chirp,foot_right_joint,RS02,-0.625299,0.000000,-0.274570,0.0000,0.0000,-0.625299,0.774090,0.375875,31.00
5.928030,torque-chirp,foot_right_joint,RS02,-0.615711,0.000000,-0.589145,0.0000,0.0000,-0.615711,0.911423,0.163164,31.00
5.936029,torque-chirp,foot_right_joint,RS02,-0.606506,0.000000,-0.793296,0.0000,0.0000,-0.606506,0.710003,-0.076525,31.00
5.944048,torque-chirp,foot_right_joint,RS02,-0.599987,0.000000,-0.847821,0.0000,0.0000,-0.599987,0.292515,-0.157457,31.00
5.952100,torque-chirp,foot_right_joint,RS02,-0.597686,0.000000,-0.740714,0.0000,0.0000,-0.597686,0.019684,-0.341116,31.00
5.960086,torque-chirp,foot_right_joint,RS02,-0.600370,0.000000,-0.494194,0.0000,0.0000,-0.600370,-0.362097,-0.486382,31.00
5.968074,torque-chirp,foot_right_joint,RS02,-0.606506,0.000000,-0.154186,0.0000,0.0000,-0.606506,-0.671551,-0.587549,31.00
5.976086,torque-chirp,foot_right_joint,RS02,-0.613793,0.000000,0.216218,0.0000,0.0000,-0.613793,-0.704510,-0.354086,31.00
5.988205,torque-chirp,foot_right_joint,RS02,-0.626833,0.000000,0.677616,0.0000,0.0000,-0.626833,-0.707256,-0.146044,31.00
6.000051,torque-chirp,foot_right_joint,RS02,-0.637954,0.000000,0.849997,0.0000,0.0000,-0.637954,-0.541544,0.086901,31.00
6.008028,torque-chirp,foot_right_joint,RS02,-0.642173,0.000000,0.768495,0.0000,0.0000,-0.642173,-0.203709,0.334890,31.00
6.016029,torque-chirp,foot_right_joint,RS02,-0.641789,0.000000,0.540433,0.0000,0.0000,-0.641789,0.124973,0.409079,31.00
6.024025,torque-chirp,foot_right_joint,RS02,-0.638337,0.000000,0.209307,0.0000,0.0000,-0.638337,0.490273,0.490532,31.00
6.032024,torque-chirp,foot_right_joint,RS02,-0.632201,0.000000,-0.162066,0.0000,0.0000,-0.632201,0.536964,0.417379,31.00
6.040021,torque-chirp,foot_right_joint,RS02,-0.624915,0.000000,-0.502561,0.0000,0.0000,-0.624915,0.610210,0.240467,31.00
6.048026,torque-chirp,foot_right_joint,RS02,-0.618779,0.000000,-0.747301,0.0000,0.0000,-0.618779,0.467384,0.025162,31.00
6.056023,torque-chirp,foot_right_joint,RS02,-0.614944,0.000000,-0.848696,0.0000,0.0000,-0.614944,0.204624,-0.217640,31.00
6.064063,torque-chirp,foot_right_joint,RS02,-0.614561,0.000000,-0.786656,0.0000,0.0000,-0.614561,-0.235752,-0.316732,31.00
6.072037,torque-chirp,foot_right_joint,RS02,-0.618396,0.000000,-0.574239,0.0000,0.0000,-0.618396,-0.354773,-0.507133,31.00
6.080027,torque-chirp,foot_right_joint,RS02,-0.624915,0.000000,-0.251293,0.0000,0.0000,-0.624915,-0.756695,-0.390921,31.00
6.088027,torque-chirp,foot_right_joint,RS02,-0.635653,0.000000,0.120564,0.0000,0.0000,-0.635653,-0.946213,-0.212971,31.00
6.096032,torque-chirp,foot_right_joint,RS02,-0.647924,0.000000,0.469634,0.0000,0.0000,-0.647924,-1.199816,-0.151751,31.00
6.104024,torque-chirp,foot_right_joint,RS02,-0.660581,0.000000,0.727774,0.0000,0.0000,-0.660581,-1.099106,-0.187031,31.00
6.112021,torque-chirp,foot_right_joint,RS02,-0.670168,0.000000,0.845768,0.0000,0.0000,-0.670168,-0.587320,-0.022049,31.00
6.120023,torque-chirp,foot_right_joint,RS02,-0.674004,0.000000,0.800293,0.0000,0.0000,-0.674004,-0.168001,0.210896,31.00
6.128024,torque-chirp,foot_right_joint,RS02,-0.672086,0.000000,0.599760,0.0000,0.0000,-0.672086,0.360268,0.330219,31.00
6.136017,torque-chirp,foot_right_joint,RS02,-0.666333,0.000000,0.283246,0.0000,0.0000,-0.666333,0.738384,0.355642,31.00
6.144021,torque-chirp,foot_right_joint,RS02,-0.655978,0.000000,-0.088833,0.0000,0.0000,-0.655978,0.946213,0.252399,31.00
6.152019,torque-chirp,foot_right_joint,RS02,-0.643706,0.000000,-0.443608,0.0000,0.0000,-0.643706,1.056993,0.294422,31.00
6.160020,torque-chirp,foot_right_joint,RS02,-0.631818,0.000000,-0.712431,0.0000,0.0000,-0.631818,0.970932,0.135149,31.00
6.168022,torque-chirp,foot_right_joint,RS02,-0.622997,0.000000,-0.842624,0.0000,0.0000,-0.622997,0.559853,-0.056810,31.00
6.176020,torque-chirp,foot_right_joint,RS02,-0.618012,0.000000,-0.808633,0.0000,0.0000,-0.618012,0.242161,-0.319845,31.00
6.184020,torque-chirp,foot_right_joint,RS02,-0.618779,0.000000,-0.616874,0.0000,0.0000,-0.618779,-0.216526,-0.396627,31.00
6.192022,torque-chirp,foot_right_joint,RS02,-0.622614,0.000000,-0.304366,0.0000,0.0000,-0.622614,-0.439003,-0.435539,31.00
6.200021,torque-chirp,foot_right_joint,RS02,-0.630284,0.000000,0.067686,0.0000,0.0000,-0.630284,-0.751202,-0.333334,31.00
6.208021,torque-chirp,foot_right_joint,RS02,-0.640638,0.000000,0.426747,0.0000,0.0000,-0.640638,-0.869307,-0.207783,31.00
6.216020,torque-chirp,foot_right_joint,RS02,-0.652143,0.000000,0.702297,0.0000,0.0000,-0.652143,-1.016708,-0.076006,31.00
6.224024,torque-chirp,foot_right_joint,RS02,-0.660964,0.000000,0.840266,0.0000,0.0000,-0.660964,-0.654156,0.011154,31.00
6.232022,torque-chirp,foot_right_joint,RS02,-0.664800,0.000000,0.813179,0.0000,0.0000,-0.664800,-0.188145,0.178728,31.00
6.240019,torque-chirp,foot_right_joint,RS02,-0.661731,0.000000,0.626281,0.0000,0.0000,-0.661731,0.413368,0.335409,31.00
6.248020,torque-chirp,foot_right_joint,RS02,-0.654445,0.000000,0.315879,0.0000,0.0000,-0.654445,0.772259,0.377432,31.00
6.256022,torque-chirp,foot_right_joint,RS02,-0.644090,0.000000,-0.056958,0.0000,0.0000,-0.644090,1.018539,0.386251,31.00
6.264020,torque-chirp,foot_right_joint,RS02,-0.632201,0.000000,-0.418607,0.0000,0.0000,-0.632201,1.079882,0.300129,31.00
6.272021,torque-chirp,foot_right_joint,RS02,-0.620697,0.000000,-0.697918,0.0000,0.0000,-0.620697,0.925156,0.079638,31.00
6.280020,torque-chirp,foot_right_joint,RS02,-0.611109,0.000000,-0.839265,0.0000,0.0000,-0.611109,0.632183,-0.184956,31.00
6.288020,torque-chirp,foot_right_joint,RS02,-0.604206,0.000000,-0.814598,0.0000,0.0000,-0.604206,0.570839,-0.387289,31.00
6.296018,torque-chirp,foot_right_joint,RS02,-0.602672,0.000000,-0.628533,0.0000,0.0000,-0.602672,-0.070040,-0.370687,31.00
6.304026,torque-chirp,foot_right_joint,RS02,-0.605356,0.000000,-0.317316,0.0000,0.0000,-0.605356,-0.309912,-0.474968,31.00
6.312025,torque-chirp,foot_right_joint,RS02,-0.610342,0.000000,0.056810,0.0000,0.0000,-0.610342,-0.525063,-0.491051,31.00
6.320026,torque-chirp,foot_right_joint,RS02,-0.616478,0.000000,0.419900,0.0000,0.0000,-0.616478,-0.638590,-0.300131,31.00
6.328028,torque-chirp,foot_right_joint,RS02,-0.621464,0.000000,0.699606,0.0000,0.0000,-0.621464,-0.384069,-0.115435,31.00
6.336024,torque-chirp,foot_right_joint,RS02,-0.624532,0.000000,0.839949,0.0000,0.0000,-0.624532,-0.147860,0.100908,31.00
6.344021,torque-chirp,foot_right_joint,RS02,-0.624148,0.000000,0.812932,0.0000,0.0000,-0.624148,0.293430,0.298054,31.00
6.352020,torque-chirp,foot_right_joint,RS02,-0.620314,0.000000,0.623616,0.0000,0.0000,-0.620314,0.482033,0.421011,31.00
6.360019,torque-chirp,foot_right_joint,RS02,-0.611876,0.000000,0.309569,0.0000,0.0000,-0.611876,0.878464,0.312580,31.00
6.368021,torque-chirp,foot_right_joint,RS02,-0.599987,0.000000,-0.066752,0.0000,0.0000,-0.599987,1.067064,0.189104,31.00
6.376020,torque-chirp,foot_right_joint,RS02,-0.586182,0.000000,-0.429747,0.0000,0.0000,-0.586182,1.241014,0.340078,31.00
6.384022,torque-chirp,foot_right_joint,RS02,-0.572759,0.000000,-0.706837,0.0000,0.0000,-0.572759,1.168688,0.191698,31.00
6.392021,torque-chirp,foot_right_joint,RS02,-0.560870,0.000000,-0.842044,0.0000,0.0000,-0.560870,0.847336,-0.067186,31.00
6.400019,torque-chirp,foot_right_joint,RS02,-0.552816,0.000000,-0.808111,0.0000,0.0000,-0.552816,0.543373,-0.320364,31.00
6.408026,torque-chirp,foot_right_joint,RS02,-0.549748,0.000000,-0.611311,0.0000,0.0000,-0.549748,0.123142,-0.446953,31.00
6.416021,torque-chirp,foot_right_joint,RS02,-0.551283,0.000000,-0.291559,0.0000,0.0000,-0.551283,-0.222935,-0.476006,31.00
6.424019,torque-chirp,foot_right_joint,RS02,-0.554734,0.000000,0.087219,0.0000,0.0000,-0.554734,-0.365759,-0.392477,31.00
6.432022,torque-chirp,foot_right_joint,RS02,-0.560103,0.000000,0.448740,0.0000,0.0000,-0.560103,-0.451820,-0.270557,31.00
6.440070,torque-chirp,foot_right_joint,RS02,-0.565089,0.000000,0.720903,0.0000,0.0000,-0.565089,-0.316320,-0.064074,31.00
6.448029,torque-chirp,foot_right_joint,RS02,-0.567774,0.000000,0.845149,0.0000,0.0000,-0.567774,-0.140535,0.138781,31.00
6.456023,torque-chirp,foot_right_joint,RS02,-0.567390,0.000000,0.799400,0.0000,0.0000,-0.567390,0.175327,0.326069,31.00
6.464017,torque-chirp,foot_right_joint,RS02,-0.562787,0.000000,0.591772,0.0000,0.0000,-0.562787,0.482033,0.434500,31.00
6.472023,torque-chirp,foot_right_joint,RS02,-0.554734,0.000000,0.263529,0.0000,0.0000,-0.554734,0.788738,0.332296,31.00
6.480025,torque-chirp,foot_right_joint,RS02,-0.542846,0.000000,-0.118305,0.0000,0.0000,-0.542846,1.157701,0.183916,31.00
6.488019,torque-chirp,foot_right_joint,RS02,-0.529807,0.000000,-0.475994,0.0000,0.0000,-0.529807,1.090868,0.291828,31.00
6.496018,torque-chirp,foot_right_joint,RS02,-0.517152,0.000000,-0.737131,0.0000,0.0000,-0.517152,0.996567,0.193773,31.00
6.504022,torque-chirp,foot_right_joint,RS02,-0.506029,0.000000,-0.848181,0.0000,0.0000,-0.506029,0.825363,-0.089495,31.00
6.512020,torque-chirp,foot_right_joint,RS02,-0.499510,0.000000,-0.786121,0.0000,0.0000,-0.499510,0.345615,-0.288197,31.00
6.520017,torque-chirp,foot_right_joint,RS02,-0.499126,0.000000,-0.563497,0.0000,0.0000,-0.499126,-0.155184,-0.366537,31.00
6.528021,torque-chirp,foot_right_joint,RS02,-0.502961,0.000000,-0.225241,0.0000,0.0000,-0.502961,-0.483864,-0.455254,31.00
6.536157,torque-chirp,foot_right_joint,RS02,-0.509480,0.000000,0.165620,0.0000,0.0000,-0.509480,-0.639505,-0.325033,31.00
6.544027,torque-chirp,foot_right_joint,RS02,-0.517919,0.000000,0.511319,0.0000,0.0000,-0.517919,-0.764936,-0.195850,31.00
6.552020,torque-chirp,foot_right_joint,RS02,-0.526356,0.000000,0.758337,0.0000,0.0000,-0.526356,-0.797895,0.084826,31.00
6.560021,torque-chirp,foot_right_joint,RS02,-0.532875,0.000000,0.849945,0.0000,0.0000,-0.532875,-0.449989,0.138262,31.00
6.568017,torque-chirp,foot_right_joint,RS02,-0.535176,0.000000,0.766870,0.0000,0.0000,-0.535176,-0.087435,0.325550,31.00
6.576019,torque-chirp,foot_right_joint,RS02,-0.533258,0.000000,0.525808,0.0000,0.0000,-0.533258,0.175327,0.502983,31.00
6.584021,torque-chirp,foot_right_joint,RS02,-0.527122,0.000000,0.176165,0.0000,0.0000,-0.527122,0.659649,0.506096,31.00
6.592021,torque-chirp,foot_right_joint,RS02,-0.519836,0.000000,-0.209870,0.0000,0.0000,-0.519836,0.718243,0.423605,31.00
6.600020,torque-chirp,foot_right_joint,RS02,-0.511015,0.000000,-0.552776,0.0000,0.0000,-0.511015,0.832687,0.215565,31.00
6.608020,torque-chirp,foot_right_joint,RS02,-0.503345,0.000000,-0.781577,0.0000,0.0000,-0.503345,0.646832,0.011154,31.00
6.616020,torque-chirp,foot_right_joint,RS02,-0.499126,0.000000,-0.848713,0.0000,0.0000,-0.499126,0.082855,-0.189625,31.00
6.624067,torque-chirp,foot_right_joint,RS02,-0.499510,0.000000,-0.738881,0.0000,0.0000,-0.499510,-0.180820,-0.360830,31.00
6.632038,torque-chirp,foot_right_joint,RS02,-0.503729,0.000000,-0.477025,0.0000,0.0000,-0.503729,-0.453651,-0.459404,31.00
6.640028,torque-chirp,foot_right_joint,RS02,-0.511782,0.000000,-0.115735,0.0000,0.0000,-0.511782,-0.764936,-0.373800,31.00
6.648025,torque-chirp,foot_right_joint,RS02,-0.522137,0.000000,0.270007,0.0000,0.0000,-0.522137,-1.016708,-0.174580,31.00
6.656025,torque-chirp,foot_right_joint,RS02,-0.534409,0.000000,0.599949,0.0000,0.0000,-0.534409,-1.216295,-0.126329,31.00
6.664020,torque-chirp,foot_right_joint,RS02,-0.546297,0.000000,0.804965,0.0000,0.0000,-0.546297,-0.900436,-0.107134,31.00
6.672023,torque-chirp,foot_right_joint,RS02,-0.553583,0.000000,0.842374,0.0000,0.0000,-0.553583,-0.423439,0.039688,31.00
6.680020,torque-chirp,foot_right_joint,RS02,-0.555118,0.000000,0.703961,0.0000,0.0000,-0.555118,0.128635,0.195330,31.00
6.688019,torque-chirp,foot_right_joint,RS02,-0.551283,0.000000,0.418355,0.0000,0.0000,-0.551283,0.470131,0.344748,31.00
6.696019,torque-chirp,foot_right_joint,RS02,-0.542462,0.000000,0.045069,0.0000,0.0000,-0.542462,0.834518,0.343191,31.00
6.704020,torque-chirp,foot_right_joint,RS02,-0.530957,0.000000,-0.337886,0.0000,0.0000,-0.530957,0.966354,0.305836,31.00
6.712019,torque-chirp,foot_right_joint,RS02,-0.519069,0.000000,-0.650141,0.0000,0.0000,-0.519069,0.891281,0.239429,31.00
6.720019,torque-chirp,foot_right_joint,RS02,-0.509480,0.000000,-0.826117,0.0000,0.0000,-0.509480,0.744793,-0.013748,31.00
6.728022,torque-chirp,foot_right_joint,RS02,-0.504112,0.000000,-0.828569,0.0000,0.0000,-0.504112,0.269627,-0.261738,31.00
6.736022,torque-chirp,foot_right_joint,RS02,-0.503729,0.000000,-0.656681,0.0000,0.0000,-0.503729,-0.221104,-0.324514,31.00
6.744016,torque-chirp,foot_right_joint,RS02,-0.507564,0.000000,-0.346725,0.0000,0.0000,-0.507564,-0.472878,-0.435020,31.00
6.752018,torque-chirp,foot_right_joint,RS02,-0.514850,0.000000,0.036798,0.0000,0.0000,-0.514850,-0.667889,-0.365499,31.00
6.760038,torque-chirp,foot_right_joint,RS02,-0.525588,0.000000,0.413509,0.0000,0.0000,-0.525588,-0.947128,-0.021011,31.00
6.768022,torque-chirp,foot_right_joint,RS02,-0.537093,0.000000,0.701593,0.0000,0.0000,-0.537093,-0.967270,-0.100908,31.00
6.776020,torque-chirp,foot_right_joint,RS02,-0.546297,0.000000,0.842157,0.0000,0.0000,-0.546297,-0.608377,-0.004410,31.00
6.784019,torque-chirp,foot_right_joint,RS02,-0.550900,0.000000,0.804599,0.0000,0.0000,-0.550900,-0.153353,0.124773,31.00
6.792017,torque-chirp,foot_right_joint,RS02,-0.548215,0.000000,0.596581,0.0000,0.0000,-0.548215,0.446327,0.283527,31.00
6.800018,torque-chirp,foot_right_joint,RS02,-0.540928,0.000000,0.261809,0.0000,0.0000,-0.540928,0.674297,0.442282,31.00
6.808018,torque-chirp,foot_right_joint,RS02,-0.529807,0.000000,-0.128718,0.0000,0.0000,-0.529807,1.002060,0.303242,31.00
6.816019,torque-chirp,foot_right_joint,RS02,-0.518685,0.000000,-0.492045,0.0000,0.0000,-0.518685,0.954453,0.370169,31.00
6.824018,torque-chirp,foot_right_joint,RS02,-0.507564,0.000000,-0.750809,0.0000,0.0000,-0.507564,1.020370,0.070818,31.00
6.832016,torque-chirp,foot_right_joint,RS02,-0.499126,0.000000,-0.849791,0.0000,0.0000,-0.499126,0.515907,-0.156939,31.00
6.840018,torque-chirp,foot_right_joint,RS02,-0.495292,0.000000,-0.767568,0.0000,0.0000,-0.495292,0.178074,-0.346823,31.00
6.848018,torque-chirp,foot_right_joint,RS02,-0.496825,0.000000,-0.521447,0.0000,0.0000,-0.496825,-0.270542,-0.388327,31.00
6.856017,torque-chirp,foot_right_joint,RS02,-0.502194,0.000000,-0.163827,0.0000,0.0000,-0.502194,-0.582743,-0.469261,31.00
6.864018,torque-chirp,foot_right_joint,RS02,-0.509480,0.000000,0.229177,0.0000,0.0000,-0.509480,-0.755779,-0.348379,31.00
6.872017,torque-chirp,foot_right_joint,RS02,-0.518685,0.000000,0.573189,0.0000,0.0000,-0.518685,-0.770430,-0.134111,31.00
6.880017,torque-chirp,foot_right_joint,RS02,-0.527889,0.000000,0.794486,0.0000,0.0000,-0.527889,-0.826277,0.057846,31.00
6.888018,torque-chirp,foot_right_joint,RS02,-0.534025,0.000000,0.845389,0.0000,0.0000,-0.534025,-0.377661,0.177172,31.00
6.896019,torque-chirp,foot_right_joint,RS02,-0.536710,0.000000,0.714606,0.0000,0.0000,-0.536710,-0.047150,0.315693,31.00
6.904016,torque-chirp,foot_right_joint,RS02,-0.534025,0.000000,0.430242,0.0000,0.0000,-0.534025,0.379494,0.487419,31.00
6.912016,torque-chirp,foot_right_joint,RS02,-0.528273,0.000000,0.052989,0.0000,0.0000,-0.528273,0.546120,0.548637,31.00
6.920355,torque-chirp,foot_right_joint,RS02,-0.520603,0.000000,-0.351311,0.0000,0.0000,-0.520603,0.700848,0.390921,31.00
6.928038,torque-chirp,foot_right_joint,RS02,-0.512933,0.000000,-0.653141,0.0000,0.0000,-0.512933,0.595562,0.224384,31.00
6.936031,torque-chirp,foot_right_joint,RS02,-0.507180,0.000000,-0.828429,0.0000,0.0000,-0.507180,0.393227,-0.043322,31.00
6.944026,torque-chirp,foot_right_joint,RS02,-0.506413,0.000000,-0.824969,0.0000,0.0000,-0.506413,-0.154268,-0.201557,31.00
6.952022,torque-chirp,foot_right_joint,RS02,-0.508714,0.000000,-0.643138,0.0000,0.0000,-0.508714,-0.347448,-0.381063,31.00
6.960022,torque-chirp,foot_right_joint,RS02,-0.515617,0.000000,-0.321799,0.0000,0.0000,-0.515617,-0.804304,-0.404928,31.00
6.968019,torque-chirp,foot_right_joint,RS02,-0.526356,0.000000,0.069369,0.0000,0.0000,-0.526356,-0.988327,-0.153307,31.00
6.976020,torque-chirp,foot_right_joint,RS02,-0.539394,0.000000,0.445805,0.0000,0.0000,-0.539394,-1.205309,-0.220753,31.00
6.984020,torque-chirp,foot_right_joint,RS02,-0.552816,0.000000,0.725482,0.0000,0.0000,-0.552816,-1.205309,-0.304800,31.00
6.992021,torque-chirp,foot_right_joint,RS02,-0.563555,0.000000,0.847468,0.0000,0.0000,-0.563555,-0.746624,0.031387,31.00
7.000021,torque-chirp,foot_right_joint,RS02,-0.570075,0.000000,0.784906,0.0000,0.0000,-0.570075,-0.446327,0.262257,31.00
7.008018,torque-chirp,foot_right_joint,RS02,-0.570842,0.000000,0.551265,0.0000,0.0000,-0.570842,0.208286,0.345266,31.00
7.016074,torque-chirp,foot_right_joint,RS02,-0.566623,0.000000,0.194359,0.0000,0.0000,-0.566623,0.416115,0.394552,31.00
7.024042,torque-chirp,foot_right_joint,RS02,-0.560487,0.000000,-0.201396,0.0000,0.0000,-0.560487,0.627605,0.310505,31.00
7.032030,torque-chirp,foot_right_joint,RS02,-0.552433,0.000000,-0.554456,0.0000,0.0000,-0.552433,0.789654,0.170946,31.00
7.040027,torque-chirp,foot_right_joint,RS02,-0.543612,0.000000,-0.786824,0.0000,0.0000,-0.543612,0.765850,-0.042284,31.00
7.048022,torque-chirp,foot_right_joint,RS02,-0.537477,0.000000,-0.846979,0.0000,0.0000,-0.537477,0.395058,-0.143969,31.00
7.056020,torque-chirp,foot_right_joint,RS02,-0.535943,0.000000,-0.721452,0.0000,0.0000,-0.535943,-0.092012,-0.313101,31.00
7.064022,torque-chirp,foot_right_joint,RS02,-0.540161,0.000000,-0.437338,0.0000,0.0000,-0.540161,-0.451820,-0.457848,31.00
7.072115,torque-chirp,foot_right_joint,RS02,-0.547447,0.000000,-0.052268,0.0000,0.0000,-0.547447,-0.718243,-0.482231,31.00
7.080028,torque-chirp,foot_right_joint,RS02,-0.555501,0.000000,0.336411,0.0000,0.0000,-0.555501,-0.818037,-0.334372,31.00
7.088022,torque-chirp,foot_right_joint,RS02,-0.564706,0.000000,0.655375,0.0000,0.0000,-0.564706,-0.818037,-0.137743,31.00
7.096019,torque-chirp,foot_right_joint,RS02,-0.571992,0.000000,0.830180,0.0000,0.0000,-0.571992,-0.536966,0.095201,31.00
7.104019,torque-chirp,foot_right_joint,RS02,-0.575827,0.000000,0.821875,0.0000,0.0000,-0.575827,-0.186314,0.304798,31.00
7.112021,torque-chirp,foot_right_joint,RS02,-0.575060,0.000000,0.631817,0.0000,0.0000,-0.575060,0.237583,0.395071,31.00
7.120019,torque-chirp,foot_right_joint,RS02,-0.571225,0.000000,0.302016,0.0000,0.0000,-0.571225,0.504005,0.480156,31.00
7.128019,torque-chirp,foot_right_joint,RS02,-0.564322,0.000000,-0.094874,0.0000,0.0000,-0.564322,0.677044,0.333334,31.00
7.136022,torque-chirp,foot_right_joint,RS02,-0.555118,0.000000,-0.471094,0.0000,0.0000,-0.555118,0.807049,0.166277,31.00
7.144019,torque-chirp,foot_right_joint,RS02,-0.545147,0.000000,-0.742678,0.0000,0.0000,-0.545147,0.882126,-0.019974,31.00
7.152022,torque-chirp,foot_right_joint,RS02,-0.536710,0.000000,-0.849569,0.0000,0.0000,-0.536710,0.617535,-0.114916,31.00
7.160021,torque-chirp,foot_right_joint,RS02,-0.534025,0.000000,-0.767515,0.0000,0.0000,-0.534025,0.091095,-0.203632,31.00
7.168023,torque-chirp,foot_right_joint,RS02,-0.536326,0.000000,-0.514459,0.0000,0.0000,-0.536326,-0.387732,-0.342154,31.00
7.176024,torque-chirp,foot_right_joint,RS02,-0.543612,0.000000,-0.146593,0.0000,0.0000,-0.543612,-0.683453,-0.461998,31.00
7.184028,torque-chirp,foot_right_joint,RS02,-0.552050,0.000000,0.254262,0.0000,0.0000,-0.552050,-0.683453,-0.460442,31.00
7.192018,torque-chirp,foot_right_joint,RS02,-0.561637,0.000000,0.597978,0.0000,0.0000,-0.561637,-0.831770,-0.207264,31.00
7.200023,torque-chirp,foot_right_joint,RS02,-0.569691,0.000000,0.808757,0.0000,0.0000,-0.569691,-0.583658,0.061996,31.00
7.208021,torque-chirp,foot_right_joint,RS02,-0.574293,0.000000,0.838495,0.0000,0.0000,-0.574293,-0.194553,0.229053,31.00
7.216021,torque-chirp,foot_right_joint,RS02,-0.575060,0.000000,0.680431,0.0000,0.0000,-0.575060,0.189976,0.401297,31.00
7.224027,torque-chirp,foot_right_joint,RS02,-0.571609,0.000000,0.369435,0.0000,0.0000,-0.571609,0.402382,0.451101,31.00
7.232020,torque-chirp,foot_right_joint,RS02,-0.565089,0.000000,-0.024086,0.0000,0.0000,-0.565089,0.590984,0.412191,31.00
7.240021,torque-chirp,foot_right_joint,RS02,-0.556268,0.000000,-0.412752,0.0000,0.0000,-0.556268,0.816204,0.205708,31.00
7.248019,torque-chirp,foot_right_joint,RS02,-0.546297,0.000000,-0.708671,0.0000,0.0000,-0.546297,0.865646,0.009598,31.00
7.256021,torque-chirp,foot_right_joint,RS02,-0.537093,0.000000,-0.845260,0.0000,0.0000,-0.537093,0.688946,-0.114397,31.00
7.264019,torque-chirp,foot_right_joint,RS02,-0.533258,0.000000,-0.791370,0.0000,0.0000,-0.533258,-0.042572,-0.110765,31.00
7.272020,torque-chirp,foot_right_joint,RS02,-0.534792,0.000000,-0.558858,0.0000,0.0000,-0.534792,-0.324560,-0.309988,31.00
7.280020,torque-chirp,foot_right_joint,RS02,-0.541311,0.000000,-0.200024,0.0000,0.0000,-0.541311,-0.707256,-0.474968,31.00
7.288018,torque-chirp,foot_right_joint,RS02,-0.550132,0.000000,0.204078,0.0000,0.0000,-0.550132,-0.723736,-0.468742,31.00
7.296019,torque-chirp,foot_right_joint,RS02,-0.559719,0.000000,0.562366,0.0000,0.0000,-0.559719,-0.837263,-0.277821,31.00
7.304020,torque-chirp,foot_right_joint,RS02,-0.568157,0.000000,0.793378,0.0000,0.0000,-0.568157,-0.643167,-0.011673,31.00
7.312023,torque-chirp,foot_right_joint,RS02,-0.573526,0.000000,0.844481,0.0000,0.0000,-0.573526,-0.288853,0.230610,31.00
7.320023,torque-chirp,foot_right_joint,RS02,-0.574677,0.000000,0.703852,0.0000,0.0000,-0.574677,0.101166,0.358236,31.00
7.328030,torque-chirp,foot_right_joint,RS02,-0.571992,0.000000,0.402900,0.0000,0.0000,-0.571992,0.341953,0.514397,31.00
7.336021,torque-chirp,foot_right_joint,RS02,-0.565856,0.000000,0.010759,0.0000,0.0000,-0.565856,0.549782,0.405966,31.00
7.344023,torque-chirp,foot_right_joint,RS02,-0.557419,0.000000,-0.384474,0.0000,0.0000,-0.557419,0.791485,0.202076,31.00
7.352021,torque-chirp,foot_right_joint,RS02,-0.547832,0.000000,-0.692106,0.0000,0.0000,-0.547832,0.810711,0.036057,31.00
7.360020,torque-chirp,foot_right_joint,RS02,-0.539011,0.000000,-0.842031,0.0000,0.0000,-0.539011,0.665142,-0.090014,31.00
7.368019,torque-chirp,foot_right_joint,RS02,-0.534409,0.000000,-0.799735,0.0000,0.0000,-0.534409,0.081940,-0.141893,31.00
7.376021,torque-chirp,foot_right_joint,RS02,-0.536326,0.000000,-0.574468,0.0000,0.0000,-0.536326,-0.420692,-0.279377,31.00
7.384019,torque-chirp,foot_right_joint,RS02,-0.542462,0.000000,-0.217761,0.0000,0.0000,-0.542462,-0.653240,-0.450066,31.00
7.392017,torque-chirp,foot_right_joint,RS02,-0.550515,0.000000,0.188976,0.0000,0.0000,-0.550515,-0.722820,-0.471855,31.00
7.400017,torque-chirp,foot_right_joint,RS02,-0.559719,0.000000,0.552725,0.0000,0.0000,-0.559719,-0.839094,-0.267963,31.00
7.408020,torque-chirp,foot_right_joint,RS02,-0.568157,0.000000,0.789745,0.0000,0.0000,-0.568157,-0.605631,0.004929,31.00
7.416018,torque-chirp,foot_right_joint,RS02,-0.573143,0.000000,0.845297,0.0000,0.0000,-0.573143,-0.324560,0.217640,31.00
7.424018,torque-chirp,foot_right_joint,RS02,-0.574293,0.000000,0.706421,0.0000,0.0000,-0.574293,0.030670,0.376913,31.00
7.432017,torque-chirp,foot_right_joint,RS02,-0.571225,0.000000,0.404873,0.0000,0.0000,-0.571225,0.307163,0.482750,31.00
7.440264,torque-chirp,foot_right_joint,RS02,-0.564322,0.000000,-0.002901,0.0000,0.0000,-0.564322,0.579994,0.446432,31.00
7.448048,torque-chirp,foot_right_joint,RS02,-0.555884,0.000000,-0.389176,0.0000,0.0000,-0.555884,0.818951,0.188066,31.00
7.456025,torque-chirp,foot_right_joint,RS02,-0.545530,0.000000,-0.696113,0.0000,0.0000,-0.545530,0.881210,0.001297,31.00
7.464027,torque-chirp,foot_right_joint,RS02,-0.536326,0.000000,-0.843323,0.0000,0.0000,-0.536326,0.682537,-0.083269,31.00
7.472022,torque-chirp,foot_right_joint,RS02,-0.532108,0.000000,-0.795453,0.0000,0.0000,-0.532108,0.072784,-0.102465,31.00
7.480020,torque-chirp,foot_right_joint,RS02,-0.532492,0.000000,-0.563317,0.0000,0.0000,-0.532492,-0.164339,-0.342154,31.00
7.488020,torque-chirp,foot_right_joint,RS02,-0.539011,0.000000,-0.200423,0.0000,0.0000,-0.539011,-0.775007,-0.440208,31.00
7.496019,torque-chirp,foot_right_joint,RS02,-0.548215,0.000000,0.209140,0.0000,0.0000,-0.548215,-0.832685,-0.465630,31.00
7.504018,torque-chirp,foot_right_joint,RS02,-0.557419,0.000000,0.570281,0.0000,0.0000,-0.557419,-0.848249,-0.234241,31.00
7.512016,torque-chirp,foot_right_joint,RS02,-0.565856,0.000000,0.798991,0.0000,0.0000,-0.565856,-0.564432,-0.015305,31.00
7.520017,torque-chirp,foot_right_joint,RS02,-0.571225,0.000000,0.841775,0.0000,0.0000,-0.571225,-0.341955,0.252399,31.00
7.528016,torque-chirp,foot_right_joint,RS02,-0.571609,0.000000,0.688372,0.0000,0.0000,-0.571609,0.151524,0.346304,31.00
7.536019,torque-chirp,foot_right_joint,RS02,-0.567390,0.000000,0.374106,0.0000,0.0000,-0.567390,0.477455,0.468742,31.00
7.544021,torque-chirp,foot_right_joint,RS02,-0.560487,0.000000,-0.027658,0.0000,0.0000,-0.560487,0.790569,0.383657,31.00
7.552018,torque-chirp,foot_right_joint,RS02,-0.550900,0.000000,-0.422979,0.0000,0.0000,-0.550900,0.866562,0.214008,31.00
7.560018,torque-chirp,foot_right_joint,RS02,-0.539394,0.000000,-0.719610,0.0000,0.0000,-0.539394,1.026779,0.062515,31.00
7.568017,torque-chirp,foot_right_joint,RS02,-0.530190,0.000000,-0.847777,0.0000,0.0000,-0.530190,0.582741,-0.016342,31.00
7.576017,torque-chirp,foot_right_joint,RS02,-0.526739,0.000000,-0.777211,0.0000,0.0000,-0.526739,0.066376,-0.163683,31.00
7.584016,torque-chirp,foot_right_joint,RS02,-0.529040,0.000000,-0.524165,0.0000,0.0000,-0.529040,-0.405127,-0.284046,31.00
7.592018,torque-chirp,foot_right_joint,RS02,-0.535943,0.000000,-0.147708,0.0000,0.0000,-0.535943,-0.696270,-0.408560,31.00
7.600017,torque-chirp,foot_right_joint,RS02,-0.546297,0.000000,0.263511,0.0000,0.0000,-0.546297,-0.882126,-0.421011,31.00
7.608094,torque-chirp,foot_right_joint,RS02,-0.556651,0.000000,0.615727,0.0000,0.0000,-0.556651,-0.987411,-0.232166,31.00
7.616027,torque-chirp,foot_right_joint,RS02,-0.565473,0.000000,0.818224,0.0000,0.0000,-0.565473,-0.637674,0.017899,31.00
7.624019,torque-chirp,foot_right_joint,RS02,-0.571609,0.000000,0.830265,0.0000,0.0000,-0.571609,-0.373083,0.206226,31.00
7.632020,torque-chirp,foot_right_joint,RS02,-0.571992,0.000000,0.646286,0.0000,0.0000,-0.571992,0.137791,0.323994,31.00
7.640015,torque-chirp,foot_right_joint,RS02,-0.567774,0.000000,0.309666,0.0000,0.0000,-0.567774,0.409706,0.443838,31.00
7.648017,torque-chirp,foot_right_joint,RS02,-0.560870,0.000000,-0.100643,0.0000,0.0000,-0.560870,0.666973,0.380026,31.00
7.656018,torque-chirp,foot_right_joint,RS02,-0.551666,0.000000,-0.487267,0.0000,0.0000,-0.551666,0.837265,0.197405,31.00
7.664020,torque-chirp,foot_right_joint,RS02,-0.541311,0.000000,-0.758503,0.0000,0.0000,-0.541311,0.933395,0.024643,31.00
7.672022,torque-chirp,foot_right_joint,RS02,-0.533258,0.000000,-0.849753,0.0000,0.0000,-0.533258,0.514992,-0.038134,31.00
7.680023,torque-chirp,foot_right_joint,RS02,-0.530957,0.000000,-0.739063,0.0000,0.0000,-0.530957,0.024261,-0.244099,31.00
7.688021,torque-chirp,foot_right_joint,RS02,-0.533642,0.000000,-0.452599,0.0000,0.0000,-0.533642,-0.405127,-0.376913,31.00
7.696021,torque-chirp,foot_right_joint,RS02,-0.540928,0.000000,-0.058208,0.0000,0.0000,-0.540928,-0.778669,-0.486900,31.00
7.704021,torque-chirp,foot_right_joint,RS02,-0.550132,0.000000,0.350186,0.0000,0.0000,-0.550132,-0.762190,-0.385214,31.00
7.712054,torque-chirp,foot_right_joint,RS02,-0.559336,0.000000,0.676336,0.0000,0.0000,-0.559336,-0.718243,-0.196369,31.00
7.720045,torque-chirp,foot_right_joint,RS02,-0.566623,0.000000,0.839485,0.0000,0.0000,-0.566623,-0.677044,0.070818,31.00
7.728044,torque-chirp,foot_right_joint,RS02,-0.570458,0.000000,0.802337,0.0000,0.0000,-0.570458,-0.037079,0.235798,31.00
7.736032,torque-chirp,foot_right_joint,RS02,-0.568924,0.000000,0.573683,0.0000,0.0000,-0.568924,0.286106,0.398184,31.00
7.744026,torque-chirp,foot_right_joint,RS02,-0.563938,0.000000,0.207589,0.0000,0.0000,-0.563938,0.565346,0.430349,31.00
7.752023,torque-chirp,foot_right_joint,RS02,-0.555884,0.000000,-0.208548,0.0000,0.0000,-0.555884,0.769512,0.305836,31.00
7.760023,torque-chirp,foot_right_joint,RS02,-0.545147,0.000000,-0.574948,0.0000,0.0000,-0.545147,0.987411,0.132555,31.00
7.768021,torque-chirp,foot_right_joint,RS02,-0.534792,0.000000,-0.803344,0.0000,0.0000,-0.534792,0.931564,0.048508,31.00
7.776020,torque-chirp,foot_right_joint,RS02,-0.528273,0.000000,-0.838786,0.0000,0.0000,-0.528273,0.308079,-0.015823,31.00
7.784019,torque-chirp,foot_right_joint,RS02,-0.526739,0.000000,-0.672386,0.0000,0.0000,-0.526739,-0.128633,-0.225941,31.00
7.792021,torque-chirp,foot_right_joint,RS02,-0.531724,0.000000,-0.343789,0.0000,0.0000,-0.531724,-0.524147,-0.403372,31.00
7.800021,torque-chirp,foot_right_joint,RS02,-0.540928,0.000000,0.067783,0.0000,0.0000,-0.540928,-0.806135,-0.470818,31.00
7.808019,torque-chirp,foot_right_joint,RS02,-0.551283,0.000000,0.463114,0.0000,0.0000,-0.551283,-0.842756,-0.374319,31.00
7.816019,torque-chirp,foot_right_joint,RS02,-0.561254,0.000000,0.746827,0.0000,0.0000,-0.561254,-0.866560,-0.115953,31.00
7.824020,torque-chirp,foot_right_joint,RS02,-0.568541,0.000000,0.850000,0.0000,0.0000,-0.568541,-0.457314,0.198442,31.00
7.832019,torque-chirp,foot_right_joint,RS02,-0.571609,0.000000,0.747395,0.0000,0.0000,-0.571609,-0.036163,0.281452,31.00
7.840018,torque-chirp,foot_right_joint,RS02,-0.569307,0.000000,0.463614,0.0000,0.0000,-0.569307,0.366676,0.391439,31.00
7.848020,torque-chirp,foot_right_joint,RS02,-0.563555,0.000000,0.067111,0.0000,0.0000,-0.563555,0.538795,0.413229,31.00
7.856019,torque-chirp,foot_right_joint,RS02,-0.555118,0.000000,-0.345734,0.0000,0.0000,-0.555118,0.744793,0.250324,31.00
7.864020,torque-chirp,foot_right_joint,RS02,-0.544379,0.000000,-0.674838,0.0000,0.0000,-0.544379,0.918747,0.076525,31.00
7.872019,torque-chirp,foot_right_joint,RS02,-0.535176,0.000000,-0.839795,0.0000,0.0000,-0.535176,0.672466,-0.008041,31.00
7.880019,torque-chirp,foot_right_joint,RS02,-0.530574,0.000000,-0.800305,0.0000,0.0000,-0.530574,0.162510,-0.116472,31.00
7.888020,torque-chirp,foot_right_joint,RS02,-0.530957,0.000000,-0.565619,0.0000,0.0000,-0.530957,-0.230259,-0.308950,31.00
7.896019,torque-chirp,foot_right_joint,RS02,-0.537093,0.000000,-0.192819,0.0000,0.0000,-0.537093,-0.593729,-0.447472,31.00
7.904018,torque-chirp,foot_right_joint,RS02,-0.545914,0.000000,0.227174,0.0000,0.0000,-0.545914,-0.775923,-0.386770,31.00
7.916016,torque-chirp,foot_right_joint,RS02,-0.560103,0.000000,0.724361,0.0000,0.0000,-0.560103,-0.828108,-0.221790,31.00
7.924047,torque-chirp,foot_right_joint,RS02,-0.568157,0.000000,0.849000,0.0000,0.0000,-0.568157,-0.623026,0.044357,31.00
7.932037,torque-chirp,foot_right_joint,RS02,-0.573143,0.000000,0.764940,0.0000,0.0000,-0.573143,-0.168001,0.257069,31.00
7.940025,torque-chirp,foot_right_joint,RS02,-0.573143,0.000000,0.493650,0.0000,0.0000,-0.573143,0.179905,0.416342,31.00
7.948024,torque-chirp,foot_right_joint,RS02,-0.568541,0.000000,0.100779,0.0000,0.0000,-0.568541,0.594646,0.419973,31.00
7.956021,torque-chirp,foot_right_joint,RS02,-0.562404,0.000000,-0.316941,0.0000,0.0000,-0.562404,0.602886,0.325550,31.00
7.964020,torque-chirp,foot_right_joint,RS02,-0.554351,0.000000,-0.656990,0.0000,0.0000,-0.554351,0.654156,0.068743,31.00
7.972085,torque-chirp,foot_right_joint,RS02,-0.547447,0.000000,-0.836025,0.0000,0.0000,-0.547447,0.480202,-0.097277,31.00
7.980082,torque-chirp,foot_right_joint,RS02,-0.543612,0.000000,-0.806833,0.0000,0.0000,-0.543612,0.131382,-0.245136,31.00
7.988071,torque-chirp,foot_right_joint,RS02,-0.543996,0.000000,-0.578918,0.0000,0.0000,-0.543996,-0.169832,-0.478600,31.00
7.996048,torque-chirp,foot_right_joint,RS02,-0.548598,0.000000,-0.208835,0.0000,0.0000,-0.548598,-0.579996,-0.478600,31.00
