t_s,maneuver,joint,model,cmd_pos,cmd_vel,cmd_tau,cmd_kp,cmd_kd,fb_pos,fb_vel,fb_tau,fb_temp
0.000000,friction-sweep,foot_right_joint,RS02,-12.086227,0.000000,0.000000,0.0000,2.0000,-12.086227,0.002289,-0.000259,33.00
0.008030,friction-sweep,foot_right_joint,RS02,-12.085844,0.000000,0.000000,0.0000,2.0000,-12.085844,0.070038,0.014786,33.00
0.016024,friction-sweep,foot_right_joint,RS02,-12.085844,0.000000,0.000000,0.0000,2.0000,-12.085844,-0.050812,-0.012192,33.00
0.024023,friction-sweep,foot_right_joint,RS02,-12.086227,0.000000,0.000000,0.0000,2.0000,-12.086227,-0.070955,0.008560,33.00
0.032025,friction-sweep,foot_right_joint,RS02,-12.085844,0.000000,0.000000,0.0000,2.0000,-12.085844,0.007782,0.009598,33.00
0.040024,friction-sweep,foot_right_joint,RS02,-12.086227,0.000000,0.000000,0.0000,2.0000,-12.086227,-0.036163,0.000778,33.00
0.048019,friction-sweep,foot_right_joint,RS02,-12.086227,0.000000,0.000000,0.0000,2.0000,-12.086227,0.006866,0.003372,33.00
0.056024,friction-sweep,foot_right_joint,RS02,-12.085844,0.000000,0.000000,0.0000,2.0000,-12.085844,0.032501,0.016342,33.00
0.064020,friction-sweep,foot_right_joint,RS02,-12.085844,0.000000,0.000000,0.0000,2.0000,-12.085844,0.012360,-0.011673,33.00
0.072017,friction-sweep,foot_right_joint,RS02,-12.085844,0.000000,0.000000,0.0000,2.0000,-12.085844,0.026093,0.008041,33.00
0.080020,friction-sweep,foot_right_joint,RS02,-12.085844,0.000000,0.000000,0.0000,2.0000,-12.085844,-0.016937,0.003891,33.00
0.088019,friction-sweep,foot_right_joint,RS02,-12.085844,0.000000,0.000000,0.0000,2.0000,-12.085844,-0.080111,-0.009079,33.00
0.096014,friction-sweep,foot_right_joint,RS02,-12.085844,0.000000,0.000000,0.0000,2.0000,-12.085844,-0.106661,-0.016861,33.00
0.104019,friction-sweep,foot_right_joint,RS02,-12.085844,0.000000,0.000000,0.0000,2.0000,-12.085844,-0.073702,0.018417,33.00
0.112018,friction-sweep,foot_right_joint,RS02,-12.085844,0.000000,0.000000,0.0000,2.0000,-12.085844,0.040741,-0.013748,33.00
0.120014,friction-sweep,foot_right_joint,RS02,-12.085844,0.000000,0.000000,0.0000,2.0000,-12.085844,-0.026093,-0.067186,33.00
0.128020,friction-sweep,foot_right_joint,RS02,-12.085844,0.000000,0.000000,0.0000,2.0000,-12.085844,0.012360,-0.010635,33.00
0.136021,friction-sweep,foot_right_joint,RS02,-12.086227,0.000000,0.000000,0.0000,2.0000,-12.086227,-0.070955,0.007523,33.00
0.144015,friction-sweep,foot_right_joint,RS02,-12.086227,0.000000,0.000000,0.0000,2.0000,-12.086227,-0.050812,0.001297,33.00
0.152018,friction-sweep,foot_right_joint,RS02,-12.085844,0.000000,0.000000,0.0000,2.0000,-12.085844,-0.037079,0.017380,33.00
0.160019,friction-sweep,foot_right_joint,RS02,-12.086227,0.000000,0.000000,0.0000,2.0000,-12.086227,0.027924,-0.000259,33.00
0.168016,friction-sweep,foot_right_joint,RS02,-12.086227,0.000000,0.000000,0.0000,2.0000,-12.086227,-0.167086,0.012192,33.00
0.176019,friction-sweep,foot_right_joint,RS02,-12.085844,0.000000,0.000000,0.0000,2.0000,-12.085844,0.046234,-0.030350,33.00
0.184017,friction-sweep,foot_right_joint,RS02,-12.085844,0.000000,0.000000,0.0000,2.0000,-12.085844,-0.032501,0.000778,33.00
0.192015,friction-sweep,foot_right_joint,RS02,-12.085844,0.000000,0.000000,0.0000,2.0000,-12.085844,0.102997,0.003372,33.00
0.200018,friction-sweep,foot_right_joint,RS02,-12.085844,0.000000,0.000000,0.0000,2.0000,-12.085844,0.044403,-0.002853,33.00
0.208019,friction-sweep,foot_right_joint,RS02,-12.085844,0.000000,0.000000,0.0000,2.0000,-12.085844,-0.030670,-0.008041,33.00
0.216016,friction-sweep,foot_right_joint,RS02,-12.086227,0.000000,0.000000,0.0000,2.0000,-12.086227,0.054474,-0.004929,33.00
0.224019,friction-sweep,foot_right_joint,RS02,-12.086227,0.000000,0.000000,0.0000,2.0000,-12.086227,-0.032501,-0.028793,33.00
0.232019,friction-sweep,foot_right_joint,RS02,-12.085844,0.000000,0.000000,0.0000,2.0000,-12.085844,-0.076448,0.061478,33.00
0.240014,friction-sweep,foot_right_joint,RS02,-12.085844,0.000000,0.000000,0.0000,2.0000,-12.085844,0.079193,-0.059923,33.00
0.248019,friction-sweep,foot_right_joint,RS02,-12.085844,0.000000,0.000000,0.0000,2.0000,-12.085844,-0.059053,0.010117,33.00
0.256018,friction-sweep,foot_right_joint,RS02,-12.085844,0.000000,0.000000,0.0000,2.0000,-12.085844,0.000458,-0.004410,33.00
0.264016,friction-sweep,foot_right_joint,RS02,-12.086227,0.000000,0.000000,0.0000,2.0000,-12.086227,-0.062716,0.009079,33.00
0.272020,friction-sweep,foot_right_joint,RS02,-12.085844,0.000000,0.000000,0.0000,2.0000,-12.085844,0.030670,-0.022049,33.00
0.280018,friction-sweep,foot_right_joint,RS02,-12.085844,0.000000,0.000000,0.0000,2.0000,-12.085844,0.090179,-0.001816,33.00
0.288015,friction-sweep,foot_right_joint,RS02,-12.085844,0.000000,0.000000,0.0000,2.0000,-12.085844,0.059052,-0.014267,33.00
0.296019,friction-sweep,foot_right_joint,RS02,-12.086227,0.000000,0.000000,0.0000,2.0000,-12.086227,0.068207,0.011154,33.00
0.304022,friction-sweep,foot_right_joint,RS02,-12.085844,0.000000,0.000000,0.0000,2.0000,-12.085844,-0.108492,-0.025681,33.00
0.312016,friction-sweep,foot_right_joint,RS02,-12.085844,0.000000,0.000000,0.0000,2.0000,-12.085844,-0.022430,0.003372,33.00
0.320019,friction-sweep,foot_right_joint,RS02,-12.085844,0.000000,0.000000,0.0000,2.0000,-12.085844,0.068207,-0.005966,33.00
0.328020,friction-sweep,foot_right_joint,RS02,-12.085844,0.000000,0.000000,0.0000,2.0000,-12.085844,-0.037994,0.037094,33.00
0.336018,friction-sweep,foot_right_joint,RS02,-12.085844,0.000000,0.000000,0.0000,2.0000,-12.085844,0.102997,0.008560,33.00
0.344018,friction-sweep,foot_right_joint,RS02,-12.085844,0.000000,0.000000,0.0000,2.0000,-12.085844,0.081024,0.005966,33.00
0.352015,friction-sweep,foot_right_joint,RS02,-12.085844,0.000000,0.000000,0.0000,2.0000,-12.085844,0.092926,-0.007004,33.00
0.360019,friction-sweep,foot_right_joint,RS02,-12.085844,0.000000,0.000000,0.0000,2.0000,-12.085844,-0.069124,-0.022568,33.00
0.368020,friction-sweep,foot_right_joint,RS02,-12.085844,0.000000,0.000000,0.0000,2.0000,-12.085844,-0.032501,0.063553,33.00
0.376014,friction-sweep,foot_right_joint,RS02,-12.085844,0.000000,0.000000,0.0000,2.0000,-12.085844,0.076447,-0.015823,33.00
0.384019,friction-sweep,foot_right_joint,RS02,-12.085844,0.000000,0.000000,0.0000,2.0000,-12.085844,0.004120,-0.010117,33.00
0.392018,friction-sweep,foot_right_joint,RS02,-12.085844,0.000000,0.000000,0.0000,2.0000,-12.085844,-0.010529,0.004410,33.00
0.400015,friction-sweep,foot_right_joint,RS02,-12.085844,3.000000,0.000000,0.0000,2.0000,-12.085844,0.049896,0.009079,33.00
0.408019,friction-sweep,foot_right_joint,RS02,-12.085844,3.000000,0.000000,0.0000,2.0000,-12.085844,0.007782,0.010117,33.00
0.416018,friction-sweep,foot_right_joint,RS02,-12.084694,3.000000,0.000000,0.0000,2.0000,-12.084694,0.183567,0.193254,33.00
0.424075,friction-sweep,foot_right_joint,RS02,-12.081626,3.000000,0.000000,0.0000,2.0000,-12.081626,0.470131,0.174578,33.00
0.436037,friction-sweep,foot_right_joint,RS02,-12.072422,3.000000,0.000000,0.0000,2.0000,-12.072422,0.530556,0.198961,33.00
0.448060,friction-sweep,foot_right_joint,RS02,-12.058616,3.000000,0.000000,0.0000,2.0000,-12.058616,0.791485,0.279377,33.00
0.456030,friction-sweep,foot_right_joint,RS02,-12.049028,3.000000,0.000000,0.0000,2.0000,-12.049028,0.861069,0.313099,33.00
0.464020,friction-sweep,foot_right_joint,RS02,-12.038673,3.000000,0.000000,0.0000,2.0000,-12.038673,0.861069,0.249805,33.00
0.472021,friction-sweep,foot_right_joint,RS02,-12.027168,3.000000,0.000000,0.0000,2.0000,-12.027168,1.072557,0.224384,33.00
0.480017,friction-sweep,foot_right_joint,RS02,-12.014513,3.000000,0.000000,0.0000,2.0000,-12.014513,1.160448,0.159014,33.00
0.488021,friction-sweep,foot_right_joint,RS02,-12.001090,3.000000,0.000000,0.0000,2.0000,-12.001090,1.126574,0.251362,33.00
0.496020,friction-sweep,foot_right_joint,RS02,-11.987668,3.000000,0.000000,0.0000,2.0000,-11.987668,1.176928,0.228016,33.00
0.504017,friction-sweep,foot_right_joint,RS02,-11.974245,3.000000,0.000000,0.0000,2.0000,-11.974245,1.103685,0.145525,33.00
0.512022,friction-sweep,foot_right_joint,RS02,-11.960440,3.000000,0.000000,0.0000,2.0000,-11.960440,1.200731,0.178728,33.00
0.520019,friction-sweep,foot_right_joint,RS02,-11.945099,3.000000,0.000000,0.0000,2.0000,-11.945099,1.126574,0.181322,33.00
0.528149,friction-sweep,foot_right_joint,RS02,-11.930526,3.000000,0.000000,0.0000,2.0000,-11.930526,1.295950,0.246174,33.00
0.536021,friction-sweep,foot_right_joint,RS02,-11.915569,3.000000,0.000000,0.0000,2.0000,-11.915569,1.340811,0.148119,33.00
0.544022,friction-sweep,foot_right_joint,RS02,-11.900229,3.000000,0.000000,0.0000,2.0000,-11.900229,1.384756,0.175097,33.00
0.552021,friction-sweep,foot_right_joint,RS02,-11.883739,3.000000,0.000000,0.0000,2.0000,-11.883739,1.342642,0.242023,33.00
0.560025,friction-sweep,foot_right_joint,RS02,-11.868399,3.000000,0.000000,0.0000,2.0000,-11.868399,1.347219,0.197405,33.00
0.568016,friction-sweep,foot_right_joint,RS02,-11.851909,3.000000,0.000000,0.0000,2.0000,-11.851909,1.437857,0.099871,33.00
0.576021,friction-sweep,foot_right_joint,RS02,-11.835034,3.000000,0.000000,0.0000,2.0000,-11.835034,1.436026,0.175097,33.00
0.584017,friction-sweep,foot_right_joint,RS02,-11.818160,3.000000,0.000000,0.0000,2.0000,-11.818160,1.447927,0.197405,33.00
0.592012,friction-sweep,foot_right_joint,RS02,-11.800903,3.000000,0.000000,0.0000,2.0000,-11.800903,1.600824,0.157976,33.00
0.600021,friction-sweep,foot_right_joint,RS02,-11.784029,3.000000,0.000000,0.0000,2.0000,-11.784029,1.483633,0.190660,33.00
0.608019,friction-sweep,foot_right_joint,RS02,-11.765621,3.000000,0.000000,0.0000,2.0000,-11.765621,1.580683,0.232166,33.00
0.616017,friction-sweep,foot_right_joint,RS02,-11.747980,3.000000,0.000000,0.0000,2.0000,-11.747980,1.575190,0.224903,33.00
0.624020,friction-sweep,foot_right_joint,RS02,-11.729956,3.000000,0.000000,0.0000,2.0000,-11.729956,1.583429,0.164202,33.00
0.632017,friction-sweep,foot_right_joint,RS02,-11.711164,3.000000,0.000000,0.0000,2.0000,-11.711164,1.653009,0.278858,33.00
0.640012,friction-sweep,foot_right_joint,RS02,-11.693139,3.000000,0.000000,0.0000,2.0000,-11.693139,1.391165,0.177172,33.00
0.648018,friction-sweep,foot_right_joint,RS02,-11.673964,3.000000,0.000000,0.0000,2.0000,-11.673964,1.766539,0.145006,33.00
0.656018,friction-sweep,foot_right_joint,RS02,-11.655172,3.000000,0.000000,0.0000,2.0000,-11.655172,1.678644,0.205189,33.00
0.664016,friction-sweep,foot_right_joint,RS02,-11.636381,3.000000,0.000000,0.0000,2.0000,-11.636381,1.451590,0.185991,33.00
0.672022,friction-sweep,foot_right_joint,RS02,-11.617206,3.000000,0.000000,0.0000,2.0000,-11.617206,1.632868,0.127367,33.00
0.680020,friction-sweep,foot_right_joint,RS02,-11.597648,3.000000,0.000000,0.0000,2.0000,-11.597648,1.685053,0.183916,33.00
0.688015,friction-sweep,foot_right_joint,RS02,-11.578089,3.000000,0.000000,0.0000,2.0000,-11.578089,1.696955,0.168871,33.00
0.696020,friction-sweep,foot_right_joint,RS02,-11.558914,3.000000,0.000000,0.0000,2.0000,-11.558914,1.591669,0.134630,33.00
0.704019,friction-sweep,foot_right_joint,RS02,-11.538588,3.000000,0.000000,0.0000,2.0000,-11.538588,1.691462,0.214008,33.00
0.712016,friction-sweep,foot_right_joint,RS02,-11.519030,3.000000,0.000000,0.0000,2.0000,-11.519030,1.604486,0.182878,33.00
0.720021,friction-sweep,foot_right_joint,RS02,-11.499087,3.000000,0.000000,0.0000,2.0000,-11.499087,1.678644,0.150194,33.00
0.728019,friction-sweep,foot_right_joint,RS02,-11.478762,3.000000,0.000000,0.0000,2.0000,-11.478762,1.780272,0.240986,33.00
0.736012,friction-sweep,foot_right_joint,RS02,-11.458436,3.000000,0.000000,0.0000,2.0000,-11.458436,1.748224,0.174578,33.00
0.744022,friction-sweep,foot_right_joint,RS02,-11.438495,3.000000,0.000000,0.0000,2.0000,-11.438495,1.700617,0.158495,33.00
0.752021,friction-sweep,foot_right_joint,RS02,-11.417786,3.000000,0.000000,0.0000,2.0000,-11.417786,1.783934,0.221790,33.00
0.760015,friction-sweep,foot_right_joint,RS02,-11.397460,3.000000,0.000000,0.0000,2.0000,-11.397460,1.782103,0.173540,33.00
0.768020,friction-sweep,foot_right_joint,RS02,-11.377134,3.000000,0.000000,0.0000,2.0000,-11.377134,1.786680,0.153826,33.00
0.776020,friction-sweep,foot_right_joint,RS02,-11.356042,3.000000,0.000000,0.0000,2.0000,-11.356042,1.734491,0.236317,33.00
0.784014,friction-sweep,foot_right_joint,RS02,-11.336100,3.000000,0.000000,0.0000,2.0000,-11.336100,1.750971,0.122698,33.00
0.792020,friction-sweep,foot_right_joint,RS02,-11.314624,3.000000,0.000000,0.0000,2.0000,-11.314624,1.880064,0.143450,33.00
0.800020,friction-sweep,foot_right_joint,RS02,-11.293915,3.000000,0.000000,0.0000,2.0000,-11.293915,1.791258,0.245655,33.00
0.808015,friction-sweep,foot_right_joint,RS02,-11.273206,3.000000,0.000000,0.0000,2.0000,-11.273206,1.839781,0.099352,33.00
0.816021,friction-sweep,foot_right_joint,RS02,-11.252113,3.000000,0.000000,0.0000,2.0000,-11.252113,1.872740,0.157457,33.00
0.824019,friction-sweep,foot_right_joint,RS02,-11.231403,3.000000,0.000000,0.0000,2.0000,-11.231403,1.753717,0.203632,33.00
0.832016,friction-sweep,foot_right_joint,RS02,-11.210694,3.000000,0.000000,0.0000,2.0000,-11.210694,1.849852,0.126329,33.00
0.840019,friction-sweep,foot_right_joint,RS02,-11.189219,3.000000,0.000000,0.0000,2.0000,-11.189219,1.753717,0.232685,33.00
0.848018,friction-sweep,foot_right_joint,RS02,-11.168509,3.000000,0.000000,0.0000,2.0000,-11.168509,1.767454,0.181841,33.00
0.856016,friction-sweep,foot_right_joint,RS02,-11.147800,3.000000,0.000000,0.0000,2.0000,-11.147800,1.755548,0.129442,33.00
0.864027,friction-sweep,foot_right_joint,RS02,-11.125941,3.000000,0.000000,0.0000,2.0000,-11.125941,1.787596,0.241505,33.00
0.872017,friction-sweep,foot_right_joint,RS02,-11.105232,3.000000,0.000000,0.0000,2.0000,-11.105232,1.776609,0.121141,33.00
0.880014,friction-sweep,foot_right_joint,RS02,-11.083755,3.000000,0.000000,0.0000,2.0000,-11.083755,1.853514,0.142931,33.00
0.888020,friction-sweep,foot_right_joint,RS02,-11.062280,3.000000,0.000000,0.0000,2.0000,-11.062280,1.846189,0.237873,33.00
0.896018,friction-sweep,foot_right_joint,RS02,-11.041187,3.000000,0.000000,0.0000,2.0000,-11.041187,1.811399,0.109728,33.00
0.904014,friction-sweep,foot_right_joint,RS02,-11.019328,3.000000,0.000000,0.0000,2.0000,-11.019328,1.857176,0.171984,33.00
0.912021,friction-sweep,foot_right_joint,RS02,-10.997851,3.000000,0.000000,0.0000,2.0000,-10.997851,1.907530,0.179247,33.00
0.920019,friction-sweep,foot_right_joint,RS02,-10.976759,3.000000,0.000000,0.0000,2.0000,-10.976759,1.904783,0.121660,33.00
0.928015,friction-sweep,foot_right_joint,RS02,-10.954900,3.000000,0.000000,0.0000,2.0000,-10.954900,1.905699,0.257069,33.00
0.936020,friction-sweep,foot_right_joint,RS02,-10.933424,3.000000,0.000000,0.0000,2.0000,-10.933424,1.940489,0.144487,33.00
0.944019,friction-sweep,foot_right_joint,RS02,-10.911564,3.000000,0.000000,0.0000,2.0000,-10.911564,1.798582,0.124254,33.00
0.952013,friction-sweep,foot_right_joint,RS02,-10.889704,3.000000,0.000000,0.0000,2.0000,-10.889704,1.900206,0.228535,33.00
0.960026,friction-sweep,foot_right_joint,RS02,-10.868228,3.000000,0.000000,0.0000,2.0000,-10.868228,1.863585,0.142931,33.00
0.968016,friction-sweep,foot_right_joint,RS02,-10.846369,3.000000,0.000000,0.0000,2.0000,-10.846369,1.895628,0.168352,33.00
0.976015,friction-sweep,foot_right_joint,RS02,-10.824509,3.000000,0.000000,0.0000,2.0000,-10.824509,1.842527,0.188066,33.00
0.984020,friction-sweep,foot_right_joint,RS02,-10.802649,3.000000,0.000000,0.0000,2.0000,-10.802649,1.826963,0.178728,33.00
0.992041,friction-sweep,foot_right_joint,RS02,-10.780407,3.000000,0.000000,0.0000,2.0000,-10.780407,1.820555,0.249287,33.00
1.000019,friction-sweep,foot_right_joint,RS02,-10.758930,3.000000,0.000000,0.0000,2.0000,-10.758930,1.932249,0.132555,33.00
1.008021,friction-sweep,foot_right_joint,RS02,-10.736688,3.000000,0.000000,0.0000,2.0000,-10.736688,1.841612,0.120623,33.00
1.016018,friction-sweep,foot_right_joint,RS02,-10.714828,3.000000,0.000000,0.0000,2.0000,-10.714828,1.844358,0.264851,33.00
1.024013,friction-sweep,foot_right_joint,RS02,-10.692968,3.000000,0.000000,0.0000,2.0000,-10.692968,1.794004,0.094683,33.00
1.032021,friction-sweep,foot_right_joint,RS02,-10.670725,3.000000,0.000000,0.0000,2.0000,-10.670725,1.867247,0.195848,33.00
1.040019,friction-sweep,foot_right_joint,RS02,-10.648866,3.000000,0.000000,0.0000,2.0000,-10.648866,1.750055,0.190142,33.00
1.048018,friction-sweep,foot_right_joint,RS02,-10.627007,3.000000,0.000000,0.0000,2.0000,-10.627007,1.929502,0.173021,33.00
1.056079,friction-sweep,foot_right_joint,RS02,-10.604763,3.000000,0.000000,0.0000,2.0000,-10.604763,1.799498,0.202595,33.00
1.064023,friction-sweep,foot_right_joint,RS02,-10.582903,3.000000,0.000000,0.0000,2.0000,-10.582903,1.856260,0.163164,33.00
1.072021,friction-sweep,foot_right_joint,RS02,-10.560660,3.000000,0.000000,0.0000,2.0000,-10.560660,2.019226,0.126329,33.00
1.084015,friction-sweep,foot_right_joint,RS02,-10.528063,3.000000,0.000000,0.0000,2.0000,-10.528063,1.860838,0.162127,33.00
1.092015,friction-sweep,foot_right_joint,RS02,-10.506203,3.000000,0.000000,0.0000,2.0000,-10.506203,1.851683,0.122179,33.00
1.100018,friction-sweep,foot_right_joint,RS02,-10.483960,3.000000,0.000000,0.0000,2.0000,-10.483960,1.837950,0.230610,33.00
1.108016,friction-sweep,foot_right_joint,RS02,-10.462101,3.000000,0.000000,0.0000,2.0000,-10.462101,1.858091,0.115953,33.00
1.116022,friction-sweep,foot_right_joint,RS02,-10.439857,3.000000,0.000000,0.0000,2.0000,-10.439857,1.848021,0.183916,33.00
1.124019,friction-sweep,foot_right_joint,RS02,-10.417614,3.000000,0.000000,0.0000,2.0000,-10.417614,1.916685,0.191698,33.00
1.132016,friction-sweep,foot_right_joint,RS02,-10.396138,3.000000,0.000000,0.0000,2.0000,-10.396138,1.789427,0.121141,33.00
1.140020,friction-sweep,foot_right_joint,RS02,-10.373512,3.000000,0.000000,0.0000,2.0000,-10.373512,1.819639,0.224384,33.00
1.148019,friction-sweep,foot_right_joint,RS02,-10.351652,3.000000,0.000000,0.0000,2.0000,-10.351652,1.876402,0.108171,33.00
1.156014,friction-sweep,foot_right_joint,RS02,-10.329410,3.000000,0.000000,0.0000,2.0000,-10.329410,1.862669,0.127886,33.00
1.164020,friction-sweep,foot_right_joint,RS02,-10.307166,3.000000,0.000000,0.0000,2.0000,-10.307166,1.837950,0.246174,33.00
1.172017,friction-sweep,foot_right_joint,RS02,-10.285307,3.000000,0.000000,0.0000,2.0000,-10.285307,1.821470,0.115953,33.00
1.180020,friction-sweep,foot_right_joint,RS02,-10.263063,3.000000,0.000000,0.0000,2.0000,-10.263063,1.845274,0.230091,33.00
1.188012,friction-sweep,foot_right_joint,RS02,-10.240820,3.000000,0.000000,0.0000,2.0000,-10.240820,1.945982,0.189623,33.00
1.196020,friction-sweep,foot_right_joint,RS02,-10.218577,3.000000,0.000000,0.0000,2.0000,-10.218577,1.941404,0.134111,33.00
1.204014,friction-sweep,foot_right_joint,RS02,-10.196335,3.000000,0.000000,0.0000,2.0000,-10.196335,1.919432,0.246693,33.00
1.212018,friction-sweep,foot_right_joint,RS02,-10.174475,3.000000,0.000000,0.0000,2.0000,-10.174475,1.826963,0.106096,33.00
1.220016,friction-sweep,foot_right_joint,RS02,-10.152231,3.000000,0.000000,0.0000,2.0000,-10.152231,1.942320,0.174578,33.00
1.228019,friction-sweep,foot_right_joint,RS02,-10.129989,3.000000,0.000000,0.0000,2.0000,-10.129989,1.876402,0.205189,33.00
1.236012,friction-sweep,foot_right_joint,RS02,-10.107746,3.000000,0.000000,0.0000,2.0000,-10.107746,1.934996,0.159014,33.00
1.244018,friction-sweep,foot_right_joint,RS02,-10.085503,3.000000,0.000000,0.0000,2.0000,-10.085503,1.810484,0.247730,33.00
1.252017,friction-sweep,foot_right_joint,RS02,-10.063643,3.000000,0.000000,0.0000,2.0000,-10.063643,1.906614,0.129961,33.00
1.260070,friction-sweep,foot_right_joint,RS02,-10.041017,3.000000,0.000000,0.0000,2.0000,-10.041017,1.878233,0.117510,33.00
1.272034,friction-sweep,foot_right_joint,RS02,-10.008036,3.000000,0.000000,0.0000,2.0000,-10.008036,1.761961,0.169909,33.00
1.280026,friction-sweep,foot_right_joint,RS02,-9.985792,3.000000,0.000000,0.0000,2.0000,-9.985792,1.909361,0.112322,33.00
1.288026,friction-sweep,foot_right_joint,RS02,-9.963550,3.000000,0.000000,0.0000,2.0000,-9.963550,1.893797,0.231129,33.00
1.296019,friction-sweep,foot_right_joint,RS02,-9.941306,3.000000,0.000000,0.0000,2.0000,-9.941306,1.946898,0.090014,33.00
1.304025,friction-sweep,foot_right_joint,RS02,-9.919064,3.000000,0.000000,0.0000,2.0000,-9.919064,1.958799,0.157976,33.00
1.312022,friction-sweep,foot_right_joint,RS02,-9.896820,3.000000,0.000000,0.0000,2.0000,-9.896820,1.916685,0.187029,33.00
1.320018,friction-sweep,foot_right_joint,RS02,-9.874577,3.000000,0.000000,0.0000,2.0000,-9.874577,1.826963,0.153307,33.00
1.328022,friction-sweep,foot_right_joint,RS02,-9.851951,3.000000,0.000000,0.0000,2.0000,-9.851951,1.916685,0.224903,33.00
1.336020,friction-sweep,foot_right_joint,RS02,-9.830091,3.000000,0.000000,0.0000,2.0000,-9.830091,1.923094,0.125292,33.00
1.344014,friction-sweep,foot_right_joint,RS02,-9.807848,3.000000,0.000000,0.0000,2.0000,-9.807848,1.946898,0.157976,33.00
1.352021,friction-sweep,foot_right_joint,RS02,-9.785221,3.000000,0.000000,0.0000,2.0000,-9.785221,1.913023,0.243061,33.00
1.360020,friction-sweep,foot_right_joint,RS02,-9.763362,3.000000,0.000000,0.0000,2.0000,-9.763362,1.915770,0.121141,33.00
1.368016,friction-sweep,foot_right_joint,RS02,-9.741118,3.000000,0.000000,0.0000,2.0000,-9.741118,1.924925,0.240986,33.00
1.376019,friction-sweep,foot_right_joint,RS02,-9.719259,3.000000,0.000000,0.0000,2.0000,-9.719259,1.829710,0.168352,33.00
1.384017,friction-sweep,foot_right_joint,RS02,-9.697016,3.000000,0.000000,0.0000,2.0000,-9.697016,1.949644,0.138262,33.00
1.392021,friction-sweep,foot_right_joint,RS02,-9.674773,3.000000,0.000000,0.0000,2.0000,-9.674773,1.878233,0.211414,33.00
1.400020,friction-sweep,foot_right_joint,RS02,-9.652530,3.000000,0.000000,0.0000,2.0000,-9.652530,1.940489,0.095201,33.00
1.412013,friction-sweep,foot_right_joint,RS02,-9.619165,3.000000,0.000000,0.0000,2.0000,-9.619165,1.844358,0.248249,33.00
1.424014,friction-sweep,foot_right_joint,RS02,-9.586185,3.000000,0.000000,0.0000,2.0000,-9.586185,1.900206,0.165239,33.00
1.436014,friction-sweep,foot_right_joint,RS02,-9.553204,3.000000,0.000000,0.0000,2.0000,-9.553204,1.794004,0.211933,33.00
1.444057,friction-sweep,foot_right_joint,RS02,-9.530960,3.000000,0.000000,0.0000,2.0000,-9.530960,1.796751,0.141893,33.00
1.452051,friction-sweep,foot_right_joint,RS02,-9.508717,3.000000,0.000000,0.0000,2.0000,-9.508717,1.848936,0.240467,33.00
1.460034,friction-sweep,foot_right_joint,RS02,-9.486857,3.000000,0.000000,0.0000,2.0000,-9.486857,1.861753,0.159533,33.00
1.472065,friction-sweep,foot_right_joint,RS02,-9.453493,3.000000,0.000000,0.0000,2.0000,-9.453493,1.900206,0.214008,33.00
1.480032,friction-sweep,foot_right_joint,RS02,-9.431633,3.000000,0.000000,0.0000,2.0000,-9.431633,1.830626,0.201038,33.00
1.492019,friction-sweep,foot_right_joint,RS02,-9.398652,3.000000,0.000000,0.0000,2.0000,-9.398652,1.955137,0.174059,33.00
1.500015,friction-sweep,foot_right_joint,RS02,-9.376410,3.000000,0.000000,0.0000,2.0000,-9.376410,1.852598,0.177691,33.00
1.508024,friction-sweep,foot_right_joint,RS02,-9.354549,3.000000,0.000000,0.0000,2.0000,-9.354549,1.905699,0.104021,33.00
1.516022,friction-sweep,foot_right_joint,RS02,-9.332306,3.000000,0.000000,0.0000,2.0000,-9.332306,1.855345,0.249805,33.00
1.524016,friction-sweep,foot_right_joint,RS02,-9.310063,3.000000,0.000000,0.0000,2.0000,-9.310063,1.956968,0.102983,33.00
1.532021,friction-sweep,foot_right_joint,RS02,-9.287821,3.000000,0.000000,0.0000,2.0000,-9.287821,1.929502,0.142931,33.00
1.540019,friction-sweep,foot_right_joint,RS02,-9.265577,3.000000,0.000000,0.0000,2.0000,-9.265577,1.898375,0.269520,33.00
1.552016,friction-sweep,foot_right_joint,RS02,-9.232213,3.000000,0.000000,0.0000,2.0000,-9.232213,1.964293,0.125811,33.00
1.564013,friction-sweep,foot_right_joint,RS02,-9.198849,3.000000,0.000000,0.0000,2.0000,-9.198849,1.754633,0.179766,33.00
1.572012,friction-sweep,foot_right_joint,RS02,-9.176605,3.000000,0.000000,0.0000,2.0000,-9.176605,1.973448,0.149157,33.00
1.580022,friction-sweep,foot_right_joint,RS02,-9.153978,3.000000,0.000000,0.0000,2.0000,-9.153978,1.910276,0.221790,33.00
1.588019,friction-sweep,foot_right_joint,RS02,-9.132119,3.000000,0.000000,0.0000,2.0000,-9.132119,1.867247,0.098833,33.00
1.596015,friction-sweep,foot_right_joint,RS02,-9.109876,3.000000,0.000000,0.0000,2.0000,-9.109876,1.918516,0.164721,33.00
1.604022,friction-sweep,foot_right_joint,RS02,-9.087633,-3.000000,0.000000,0.0000,2.0000,-9.087633,1.888304,0.175615,33.00
1.612020,friction-sweep,foot_right_joint,RS02,-9.065006,-3.000000,0.000000,0.0000,2.0000,-9.065006,1.941404,0.124773,33.00
1.620016,friction-sweep,foot_right_joint,RS02,-9.043146,-3.000000,0.000000,0.0000,2.0000,-9.043146,1.759214,0.132036,33.00
1.628113,friction-sweep,foot_right_joint,RS02,-9.025123,-3.000000,0.000000,0.0000,2.0000,-9.025123,1.481802,-0.014786,33.00
1.636027,friction-sweep,foot_right_joint,RS02,-9.009782,-3.000000,0.000000,0.0000,2.0000,-9.009782,1.197985,-0.065630,33.00
1.644018,friction-sweep,foot_right_joint,RS02,-8.997510,-3.000000,0.000000,0.0000,2.0000,-8.997510,0.933395,-0.159533,33.00
1.652022,friction-sweep,foot_right_joint,RS02,-8.989840,-3.000000,0.000000,0.0000,2.0000,-8.989840,0.485695,-0.111284,33.00
1.660019,friction-sweep,foot_right_joint,RS02,-8.987923,-3.000000,0.000000,0.0000,2.0000,-8.987923,0.008698,-0.035540,33.00
1.668016,friction-sweep,foot_right_joint,RS02,-8.989840,-3.000000,0.000000,0.0000,2.0000,-8.989840,-0.194553,-0.127886,33.00
1.676023,friction-sweep,foot_right_joint,RS02,-8.993675,-3.000000,0.000000,0.0000,2.0000,-8.993675,-0.439919,-0.199482,33.00
1.684019,friction-sweep,foot_right_joint,RS02,-8.999428,-3.000000,0.000000,0.0000,2.0000,-8.999428,-0.541544,-0.255512,33.00
1.692016,friction-sweep,foot_right_joint,RS02,-9.005947,-3.000000,0.000000,0.0000,2.0000,-9.005947,-0.585489,-0.276783,33.00
1.700019,friction-sweep,foot_right_joint,RS02,-9.013617,-3.000000,0.000000,0.0000,2.0000,-9.013617,-0.640421,-0.283009,33.00
1.708020,friction-sweep,foot_right_joint,RS02,-9.022055,-3.000000,0.000000,0.0000,2.0000,-9.022055,-0.828108,-0.247211,33.00
1.716016,friction-sweep,foot_right_joint,RS02,-9.031642,-3.000000,0.000000,0.0000,2.0000,-9.031642,-0.813459,-0.242023,33.00
1.724020,friction-sweep,foot_right_joint,RS02,-9.042763,-3.000000,0.000000,0.0000,2.0000,-9.042763,-0.963608,-0.121141,33.00
1.732018,friction-sweep,foot_right_joint,RS02,-9.055036,-3.000000,0.000000,0.0000,2.0000,-9.055036,-0.983749,-0.165239,33.00
1.744010,friction-sweep,foot_right_joint,RS02,-9.073827,-3.000000,0.000000,0.0000,2.0000,-9.073827,-1.082626,-0.274708,33.00
1.752012,friction-sweep,foot_right_joint,RS02,-9.086865,-3.000000,0.000000,0.0000,2.0000,-9.086865,-1.157701,-0.166798,33.00
1.760046,friction-sweep,foot_right_joint,RS02,-9.100672,-3.000000,0.000000,0.0000,2.0000,-9.100672,-1.290455,-0.066149,33.00
1.768067,friction-sweep,foot_right_joint,RS02,-9.115245,-3.000000,0.000000,0.0000,2.0000,-9.115245,-1.277637,-0.206226,33.00
1.776063,friction-sweep,foot_right_joint,RS02,-9.129435,-3.000000,0.000000,0.0000,2.0000,-9.129435,-1.172350,-0.241505,33.00
1.784080,friction-sweep,foot_right_joint,RS02,-9.144008,-3.000000,0.000000,0.0000,2.0000,-9.144008,-1.226366,-0.175617,33.00
1.792040,friction-sweep,foot_right_joint,RS02,-9.159348,-3.000000,0.000000,0.0000,2.0000,-9.159348,-1.386587,-0.080675,33.00
1.800036,friction-sweep,foot_right_joint,RS02,-9.175072,-3.000000,0.000000,0.0000,2.0000,-9.175072,-1.358206,-0.206226,33.00
1.812030,friction-sweep,foot_right_joint,RS02,-9.198849,-3.000000,0.000000,0.0000,2.0000,-9.198849,-1.308765,-0.194813,33.00
1.824020,friction-sweep,foot_right_joint,RS02,-9.223776,-3.000000,0.000000,0.0000,2.0000,-9.223776,-1.502861,-0.098833,33.00
1.836020,friction-sweep,foot_right_joint,RS02,-9.248703,-3.000000,0.000000,0.0000,2.0000,-9.248703,-1.436941,-0.258106,33.00
1.844064,friction-sweep,foot_right_joint,RS02,-9.265577,-3.000000,0.000000,0.0000,2.0000,-9.265577,-1.527580,-0.144487,33.00
1.852040,friction-sweep,foot_right_joint,RS02,-9.283218,-3.000000,0.000000,0.0000,2.0000,-9.283218,-1.492790,-0.120623,33.00
1.860038,friction-sweep,foot_right_joint,RS02,-9.301243,-3.000000,0.000000,0.0000,2.0000,-9.301243,-1.470818,-0.267445,33.00
1.868027,friction-sweep,foot_right_joint,RS02,-9.318884,-3.000000,0.000000,0.0000,2.0000,-9.318884,-1.580681,-0.172504,33.00
1.876023,friction-sweep,foot_right_joint,RS02,-9.336908,-3.000000,0.000000,0.0000,2.0000,-9.336908,-1.539482,-0.097277,33.00
1.884020,friction-sweep,foot_right_joint,RS02,-9.355700,-3.000000,0.000000,0.0000,2.0000,-9.355700,-1.639277,-0.276783,33.00
1.892020,friction-sweep,foot_right_joint,RS02,-9.373725,-3.000000,0.000000,0.0000,2.0000,-9.373725,-1.554131,-0.181843,33.00
1.900018,friction-sweep,foot_right_joint,RS02,-9.392516,-3.000000,0.000000,0.0000,2.0000,-9.392516,-1.637445,-0.068743,33.00
1.908019,friction-sweep,foot_right_joint,RS02,-9.411307,-3.000000,0.000000,0.0000,2.0000,-9.411307,-1.627375,-0.239429,33.00
1.916020,friction-sweep,foot_right_joint,RS02,-9.430483,-3.000000,0.000000,0.0000,2.0000,-9.430483,-1.522087,-0.212971,33.00
1.924020,friction-sweep,foot_right_joint,RS02,-9.449274,-3.000000,0.000000,0.0000,2.0000,-9.449274,-1.609980,-0.064592,33.00
1.932020,friction-sweep,foot_right_joint,RS02,-9.469216,-3.000000,0.000000,0.0000,2.0000,-9.469216,-1.710690,-0.205189,33.00
1.940019,friction-sweep,foot_right_joint,RS02,-9.488392,-3.000000,0.000000,0.0000,2.0000,-9.488392,-1.712521,-0.187550,33.00
1.948019,friction-sweep,foot_right_joint,RS02,-9.508333,-3.000000,0.000000,0.0000,2.0000,-9.508333,-1.631037,-0.056292,33.00
1.956020,friction-sweep,foot_right_joint,RS02,-9.528275,-3.000000,0.000000,0.0000,2.0000,-9.528275,-1.739071,-0.222828,33.00
1.964019,friction-sweep,foot_right_joint,RS02,-9.547834,-3.000000,0.000000,0.0000,2.0000,-9.547834,-1.597162,-0.187031,33.00
1.972019,friction-sweep,foot_right_joint,RS02,-9.568160,-3.000000,0.000000,0.0000,2.0000,-9.568160,-1.702450,-0.089495,33.00
1.980019,friction-sweep,foot_right_joint,RS02,-9.588486,-3.000000,0.000000,0.0000,2.0000,-9.588486,-1.624628,-0.237873,33.00
1.992013,friction-sweep,foot_right_joint,RS02,-9.618782,-3.000000,0.000000,0.0000,2.0000,-9.618782,-1.789425,-0.114916,33.00
2.000019,friction-sweep,foot_right_joint,RS02,-9.639491,-3.000000,0.000000,0.0000,2.0000,-9.639491,-1.773861,-0.188587,33.00
2.008018,friction-sweep,foot_right_joint,RS02,-9.660200,-3.000000,0.000000,0.0000,2.0000,-9.660200,-1.685968,-0.197926,33.00
2.016052,friction-sweep,foot_right_joint,RS02,-9.680526,-3.000000,0.000000,0.0000,2.0000,-9.680526,-1.794003,-0.074450,33.00
2.024024,friction-sweep,foot_right_joint,RS02,-9.702002,-3.000000,0.000000,0.0000,2.0000,-9.702002,-1.676813,-0.249287,33.00
2.032020,friction-sweep,foot_right_joint,RS02,-9.722711,-3.000000,0.000000,0.0000,2.0000,-9.722711,-1.758297,-0.212971,33.00
2.040018,friction-sweep,foot_right_joint,RS02,-9.743803,-3.000000,0.000000,0.0000,2.0000,-9.743803,-1.896544,-0.093645,33.00
2.048020,friction-sweep,foot_right_joint,RS02,-9.764895,-3.000000,0.000000,0.0000,2.0000,-9.764895,-1.888304,-0.234241,33.00
2.056019,friction-sweep,foot_right_joint,RS02,-9.785604,-3.000000,0.000000,0.0000,2.0000,-9.785604,-1.760128,-0.138781,33.00
2.064021,friction-sweep,foot_right_joint,RS02,-9.807081,-3.000000,0.000000,0.0000,2.0000,-9.807081,-1.802242,-0.128405,33.00
2.072019,friction-sweep,foot_right_joint,RS02,-9.828174,-3.000000,0.000000,0.0000,2.0000,-9.828174,-1.739071,-0.270039,33.00
2.080020,friction-sweep,foot_right_joint,RS02,-9.849266,-3.000000,0.000000,0.0000,2.0000,-9.849266,-1.898375,-0.136705,33.00
2.088019,friction-sweep,foot_right_joint,RS02,-9.871125,-3.000000,0.000000,0.0000,2.0000,-9.871125,-1.864500,-0.194813,33.00
2.096021,friction-sweep,foot_right_joint,RS02,-9.892218,-3.000000,0.000000,0.0000,2.0000,-9.892218,-1.772030,-0.228016,33.00
2.104020,friction-sweep,foot_right_joint,RS02,-9.913694,-3.000000,0.000000,0.0000,2.0000,-9.913694,-1.707027,-0.065630,33.00
2.112019,friction-sweep,foot_right_joint,RS02,-9.935554,-3.000000,0.000000,0.0000,2.0000,-9.935554,-1.909361,-0.202595,33.00
2.120019,friction-sweep,foot_right_joint,RS02,-9.956646,-3.000000,0.000000,0.0000,2.0000,-9.956646,-1.797665,-0.152788,33.00
2.128019,friction-sweep,foot_right_joint,RS02,-9.978123,-3.000000,0.000000,0.0000,2.0000,-9.978123,-1.892881,-0.087938,33.00
2.136019,friction-sweep,foot_right_joint,RS02,-9.999982,-3.000000,0.000000,0.0000,2.0000,-9.999982,-1.782101,-0.268482,33.00
2.144020,friction-sweep,foot_right_joint,RS02,-10.021074,-3.000000,0.000000,0.0000,2.0000,-10.021074,-1.750057,-0.194294,33.00
2.152019,friction-sweep,foot_right_joint,RS02,-10.043318,-3.000000,0.000000,0.0000,2.0000,-10.043318,-1.811398,-0.187031,33.00
2.160020,friction-sweep,foot_right_joint,RS02,-10.064410,-3.000000,0.000000,0.0000,2.0000,-10.064410,-1.782101,-0.203114,33.00
2.168019,friction-sweep,foot_right_joint,RS02,-10.086269,-3.000000,0.000000,0.0000,2.0000,-10.086269,-1.850767,-0.104540,33.00
2.176126,friction-sweep,foot_right_joint,RS02,-10.107746,-3.000000,0.000000,0.0000,2.0000,-10.107746,-1.882811,-0.222309,33.00
2.184027,friction-sweep,foot_right_joint,RS02,-10.129222,-3.000000,0.000000,0.0000,2.0000,-10.129222,-1.850767,-0.184437,33.00
2.192021,friction-sweep,foot_right_joint,RS02,-10.151464,-3.000000,0.000000,0.0000,2.0000,-10.151464,-1.960632,-0.098833,33.00
2.200022,friction-sweep,foot_right_joint,RS02,-10.172941,-3.000000,0.000000,0.0000,2.0000,-10.172941,-1.980774,-0.246174,33.00
2.208023,friction-sweep,foot_right_joint,RS02,-10.194417,-3.000000,0.000000,0.0000,2.0000,-10.194417,-1.845274,-0.164721,33.00
2.216019,friction-sweep,foot_right_joint,RS02,-10.216660,-3.000000,0.000000,0.0000,2.0000,-10.216660,-1.919432,-0.192219,33.00
2.224020,friction-sweep,foot_right_joint,RS02,-10.238136,-3.000000,0.000000,0.0000,2.0000,-10.238136,-1.823301,-0.228016,33.00
2.232019,friction-sweep,foot_right_joint,RS02,-10.259995,-3.000000,0.000000,0.0000,2.0000,-10.259995,-1.924925,-0.179768,33.00
2.240019,friction-sweep,foot_right_joint,RS02,-10.281471,-3.000000,0.000000,0.0000,2.0000,-10.281471,-1.723507,-0.236317,33.00
2.248020,friction-sweep,foot_right_joint,RS02,-10.303715,-3.000000,0.000000,0.0000,2.0000,-10.303715,-1.796749,-0.145525,33.00
2.256019,friction-sweep,foot_right_joint,RS02,-10.325574,-3.000000,0.000000,0.0000,2.0000,-10.325574,-1.878233,-0.101427,33.00
2.264019,friction-sweep,foot_right_joint,RS02,-10.347434,-3.000000,0.000000,0.0000,2.0000,-10.347434,-1.884642,-0.239429,33.00
2.272018,friction-sweep,foot_right_joint,RS02,-10.369293,-3.000000,0.000000,0.0000,2.0000,-10.369293,-1.859922,-0.150713,33.00
2.280019,friction-sweep,foot_right_joint,RS02,-10.391537,-3.000000,0.000000,0.0000,2.0000,-10.391537,-1.877317,-0.165758,33.00
2.288019,friction-sweep,foot_right_joint,RS02,-10.413396,-3.000000,0.000000,0.0000,2.0000,-10.413396,-1.761959,-0.184956,33.00
2.296019,friction-sweep,foot_right_joint,RS02,-10.435255,-3.000000,0.000000,0.0000,2.0000,-10.435255,-1.820555,-0.101427,33.00
2.304021,friction-sweep,foot_right_joint,RS02,-10.457499,-3.000000,0.000000,0.0000,2.0000,-10.457499,-1.785763,-0.259663,33.00
2.312021,friction-sweep,foot_right_joint,RS02,-10.479359,-3.000000,0.000000,0.0000,2.0000,-10.479359,-1.854429,-0.150713,33.00
2.320019,friction-sweep,foot_right_joint,RS02,-10.501218,-3.000000,0.000000,0.0000,2.0000,-10.501218,-1.909361,-0.137743,33.00
2.328020,friction-sweep,foot_right_joint,RS02,-10.523077,-3.000000,0.000000,0.0000,2.0000,-10.523077,-1.837950,-0.260700,33.00
2.336019,friction-sweep,foot_right_joint,RS02,-10.545321,-3.000000,0.000000,0.0000,2.0000,-10.545321,-1.905699,-0.146044,33.00
2.344018,friction-sweep,foot_right_joint,RS02,-10.567563,-3.000000,0.000000,0.0000,2.0000,-10.567563,-2.003662,-0.191700,33.00
2.352020,friction-sweep,foot_right_joint,RS02,-10.589423,-3.000000,0.000000,0.0000,2.0000,-10.589423,-1.887388,-0.188587,33.00
2.360018,friction-sweep,foot_right_joint,RS02,-10.611282,-3.000000,0.000000,0.0000,2.0000,-10.611282,-1.913023,-0.097277,33.00
2.368019,friction-sweep,foot_right_joint,RS02,-10.633909,-3.000000,0.000000,0.0000,2.0000,-10.633909,-1.879148,-0.220753,33.00
2.376019,friction-sweep,foot_right_joint,RS02,-10.655768,-3.000000,0.000000,0.0000,2.0000,-10.655768,-1.875486,-0.137743,33.00
2.384020,friction-sweep,foot_right_joint,RS02,-10.678012,-3.000000,0.000000,0.0000,2.0000,-10.678012,-1.898375,-0.188068,33.00
2.392019,friction-sweep,foot_right_joint,RS02,-10.700254,-3.000000,0.000000,0.0000,2.0000,-10.700254,-1.720760,-0.212452,33.00
2.400019,friction-sweep,foot_right_joint,RS02,-10.722498,-3.000000,0.000000,0.0000,2.0000,-10.722498,-1.901121,-0.076006,33.00
2.408019,friction-sweep,foot_right_joint,RS02,-10.744741,-3.000000,0.000000,0.0000,2.0000,-10.744741,-1.861753,-0.252918,33.00
2.416018,friction-sweep,foot_right_joint,RS02,-10.766601,-3.000000,0.000000,0.0000,2.0000,-10.766601,-1.718929,-0.179249,33.00
2.424018,friction-sweep,foot_right_joint,RS02,-10.788843,-3.000000,0.000000,0.0000,2.0000,-10.788843,-1.883726,-0.101946,33.00
2.432019,friction-sweep,foot_right_joint,RS02,-10.810703,-3.000000,0.000000,0.0000,2.0000,-10.810703,-1.802242,-0.213490,33.00
2.440019,friction-sweep,foot_right_joint,RS02,-10.832946,-3.000000,0.000000,0.0000,2.0000,-10.832946,-1.921263,-0.155901,33.00
2.448020,friction-sweep,foot_right_joint,RS02,-10.855189,-3.000000,0.000000,0.0000,2.0000,-10.855189,-1.833372,-0.185474,33.00
2.456018,friction-sweep,foot_right_joint,RS02,-10.877048,-3.000000,0.000000,0.0000,2.0000,-10.877048,-1.861753,-0.181843,33.00
2.464019,friction-sweep,foot_right_joint,RS02,-10.899292,-3.000000,0.000000,0.0000,2.0000,-10.899292,-2.023804,-0.081713,33.00
2.472069,friction-sweep,foot_right_joint,RS02,-10.921535,-3.000000,0.000000,0.0000,2.0000,-10.921535,-1.798580,-0.221272,33.00
2.480045,friction-sweep,foot_right_joint,RS02,-10.943395,-3.000000,0.000000,0.0000,2.0000,-10.943395,-1.874571,-0.110247,33.00
2.492063,friction-sweep,foot_right_joint,RS02,-10.977142,-3.000000,0.000000,0.0000,2.0000,-10.977142,-1.954224,-0.265888,33.00
2.500027,friction-sweep,foot_right_joint,RS02,-10.999002,-3.000000,0.000000,0.0000,2.0000,-10.999002,-1.803158,-0.143450,33.00
2.508023,friction-sweep,foot_right_joint,RS02,-11.021245,-3.000000,0.000000,0.0000,2.0000,-11.021245,-1.893797,-0.094683,33.00
2.516022,friction-sweep,foot_right_joint,RS02,-11.043872,-3.000000,0.000000,0.0000,2.0000,-11.043872,-1.807735,-0.263813,33.00
2.524024,friction-sweep,foot_right_joint,RS02,-11.065731,-3.000000,0.000000,0.0000,2.0000,-11.065731,-1.900206,-0.112841,33.00
2.532023,friction-sweep,foot_right_joint,RS02,-11.088741,-3.000000,0.000000,0.0000,2.0000,-11.088741,-1.915770,-0.199482,33.00
2.540020,friction-sweep,foot_right_joint,RS02,-11.110601,-3.000000,0.000000,0.0000,2.0000,-11.110601,-1.966125,-0.176136,33.00
2.548021,friction-sweep,foot_right_joint,RS02,-11.133227,-3.000000,0.000000,0.0000,2.0000,-11.133227,-1.859922,-0.076525,33.00
2.556020,friction-sweep,foot_right_joint,RS02,-11.155854,-3.000000,0.000000,0.0000,2.0000,-11.155854,-1.878233,-0.301168,33.00
2.564022,friction-sweep,foot_right_joint,RS02,-11.178097,-3.000000,0.000000,0.0000,2.0000,-11.178097,-1.842527,-0.134630,33.00
2.572023,friction-sweep,foot_right_joint,RS02,-11.200724,-3.000000,0.000000,0.0000,2.0000,-11.200724,-1.967957,-0.188068,33.00
2.580020,friction-sweep,foot_right_joint,RS02,-11.222967,-3.000000,0.000000,0.0000,2.0000,-11.222967,-1.906614,-0.220753,33.00
2.588021,friction-sweep,foot_right_joint,RS02,-11.245593,-3.000000,0.000000,0.0000,2.0000,-11.245593,-1.868162,-0.049028,33.00
2.596018,friction-sweep,foot_right_joint,RS02,-11.267837,-3.000000,0.000000,0.0000,2.0000,-11.267837,-1.777523,-0.258625,33.00
2.604020,friction-sweep,foot_right_joint,RS02,-11.290462,-3.000000,0.000000,0.0000,2.0000,-11.290462,-1.915770,-0.129442,33.00
2.612020,friction-sweep,foot_right_joint,RS02,-11.312706,-3.000000,0.000000,0.0000,2.0000,-11.312706,-1.754635,-0.146563,33.00
2.620020,friction-sweep,foot_right_joint,RS02,-11.335333,-3.000000,0.000000,0.0000,2.0000,-11.335333,-1.836119,-0.232685,33.00
2.628020,friction-sweep,foot_right_joint,RS02,-11.357575,-3.000000,0.000000,0.0000,2.0000,-11.357575,-1.901121,-0.098314,33.00
2.636020,friction-sweep,foot_right_joint,RS02,-11.380202,-3.000000,0.000000,0.0000,2.0000,-11.380202,-2.009155,-0.252918,33.00
2.644020,friction-sweep,foot_right_joint,RS02,-11.402445,-3.000000,0.000000,0.0000,2.0000,-11.402445,-1.979858,-0.167316,33.00
2.652020,friction-sweep,foot_right_joint,RS02,-11.424688,-3.000000,0.000000,0.0000,2.0000,-11.424688,-1.915770,-0.088457,33.00
2.660019,friction-sweep,foot_right_joint,RS02,-11.446932,-3.000000,0.000000,0.0000,2.0000,-11.446932,-1.859922,-0.246174,33.00
2.668018,friction-sweep,foot_right_joint,RS02,-11.469558,-3.000000,0.000000,0.0000,2.0000,-11.469558,-1.849852,-0.121141,33.00
2.676018,friction-sweep,foot_right_joint,RS02,-11.491801,-3.000000,0.000000,0.0000,2.0000,-11.491801,-1.984436,-0.208820,33.00
2.684018,friction-sweep,foot_right_joint,RS02,-11.514044,-3.000000,0.000000,0.0000,2.0000,-11.514044,-1.864500,-0.196888,33.00
2.692101,friction-sweep,foot_right_joint,RS02,-11.536671,-3.000000,0.000000,0.0000,2.0000,-11.536671,-1.911192,-0.070818,33.00
2.700027,friction-sweep,foot_right_joint,RS02,-11.558914,-3.000000,0.000000,0.0000,2.0000,-11.558914,-1.864500,-0.260181,33.00
2.708023,friction-sweep,foot_right_joint,RS02,-11.581157,-3.000000,0.000000,0.0000,2.0000,-11.581157,-1.876402,-0.129961,33.00
2.716017,friction-sweep,foot_right_joint,RS02,-11.603400,-3.000000,0.000000,0.0000,2.0000,-11.603400,-1.861753,-0.162645,33.00
2.724019,friction-sweep,foot_right_joint,RS02,-11.625643,-3.000000,0.000000,0.0000,2.0000,-11.625643,-1.861753,-0.270039,33.00
2.732019,friction-sweep,foot_right_joint,RS02,-11.647503,-3.000000,0.000000,0.0000,2.0000,-11.647503,-1.841612,-0.104021,33.00
2.740020,friction-sweep,foot_right_joint,RS02,-11.670129,-3.000000,0.000000,0.0000,2.0000,-11.670129,-1.917601,-0.264851,33.00
2.748020,friction-sweep,foot_right_joint,RS02,-11.692372,-3.000000,0.000000,0.0000,2.0000,-11.692372,-1.966125,-0.166279,33.00
2.756021,friction-sweep,foot_right_joint,RS02,-11.714231,-3.000000,0.000000,0.0000,2.0000,-11.714231,-1.859007,-0.085863,33.00
2.764023,friction-sweep,foot_right_joint,RS02,-11.736858,-3.000000,0.000000,0.0000,2.0000,-11.736858,-1.932249,-0.250324,33.00
2.772016,friction-sweep,foot_right_joint,RS02,-11.758718,-3.000000,0.000000,0.0000,2.0000,-11.758718,-1.868162,-0.136705,33.00
2.780018,friction-sweep,foot_right_joint,RS02,-11.781344,-3.000000,0.000000,0.0000,2.0000,-11.781344,-1.922178,-0.167835,33.00
2.788020,friction-sweep,foot_right_joint,RS02,-11.803204,-3.000000,0.000000,0.0000,2.0000,-11.803204,-1.956970,-0.165239,33.00
2.796019,friction-sweep,foot_right_joint,RS02,-11.825830,-3.000000,0.000000,0.0000,2.0000,-11.825830,-2.016479,-0.070818,33.00
2.804018,friction-sweep,foot_right_joint,RS02,-11.848074,6.000000,0.000000,0.0000,2.0000,-11.848074,-1.904783,-0.280415,33.00
2.812019,friction-sweep,foot_right_joint,RS02,-11.870317,6.000000,0.000000,0.0000,2.0000,-11.870317,-1.912107,-0.125811,33.00
2.820019,friction-sweep,foot_right_joint,RS02,-11.891026,6.000000,0.000000,0.0000,2.0000,-11.891026,-1.675898,0.095201,33.00
2.828020,friction-sweep,foot_right_joint,RS02,-11.907900,6.000000,0.000000,0.0000,2.0000,-11.907900,-1.299610,0.120623,33.00
2.836019,friction-sweep,foot_right_joint,RS02,-11.917487,6.000000,0.000000,0.0000,2.0000,-11.917487,-0.544291,0.275745,33.00
2.844018,friction-sweep,foot_right_joint,RS02,-11.919788,6.000000,0.000000,0.0000,2.0000,-11.919788,0.092926,0.316212,33.00
2.852020,friction-sweep,foot_right_joint,RS02,-11.916337,6.000000,0.000000,0.0000,2.0000,-11.916337,0.417946,0.362387,33.00
2.860018,friction-sweep,foot_right_joint,RS02,-11.908283,6.000000,0.000000,0.0000,2.0000,-11.908283,0.806133,0.288197,33.00
2.868019,friction-sweep,foot_right_joint,RS02,-11.896011,6.000000,0.000000,0.0000,2.0000,-11.896011,1.119249,0.209858,33.00
2.876019,friction-sweep,foot_right_joint,RS02,-11.881055,6.000000,0.000000,0.0000,2.0000,-11.881055,1.391165,0.363943,33.00
2.888016,friction-sweep,foot_right_joint,RS02,-11.856127,6.000000,0.000000,0.0000,2.0000,-11.856127,1.529413,0.192217,33.00
2.896020,friction-sweep,foot_right_joint,RS02,-11.836952,6.000000,0.000000,0.0000,2.0000,-11.836952,1.774778,0.222309,33.00
2.904019,friction-sweep,foot_right_joint,RS02,-11.815860,6.000000,0.000000,0.0000,2.0000,-11.815860,1.782103,0.333334,33.00
2.912020,friction-sweep,foot_right_joint,RS02,-11.793233,6.000000,0.000000,0.0000,2.0000,-11.793233,1.967955,0.185472,33.00
2.920020,friction-sweep,foot_right_joint,RS02,-11.769456,6.000000,0.000000,0.0000,2.0000,-11.769456,2.085144,0.311543,33.00
2.928020,friction-sweep,foot_right_joint,RS02,-11.743378,6.000000,0.000000,0.0000,2.0000,-11.743378,2.257267,0.233723,33.00
2.936021,friction-sweep,foot_right_joint,RS02,-11.716149,6.000000,0.000000,0.0000,2.0000,-11.716149,2.489815,0.226460,33.00
2.944017,friction-sweep,foot_right_joint,RS02,-11.687770,6.000000,0.000000,0.0000,2.0000,-11.687770,2.510872,0.289753,33.00
2.952018,friction-sweep,foot_right_joint,RS02,-11.657857,6.000000,0.000000,0.0000,2.0000,-11.657857,2.561226,0.262257,33.00
2.960016,friction-sweep,foot_right_joint,RS02,-11.626793,6.000000,0.000000,0.0000,2.0000,-11.626793,2.607002,0.180285,33.00
2.968019,friction-sweep,foot_right_joint,RS02,-11.594196,6.000000,0.000000,0.0000,2.0000,-11.594196,2.890820,0.297535,33.00
2.976085,friction-sweep,foot_right_joint,RS02,-11.560831,6.000000,0.000000,0.0000,2.0000,-11.560831,2.943008,0.225422,33.00
2.984046,friction-sweep,foot_right_joint,RS02,-11.526316,6.000000,0.000000,0.0000,2.0000,-11.526316,2.932022,0.318287,33.00
2.992027,friction-sweep,foot_right_joint,RS02,-11.490267,6.000000,0.000000,0.0000,2.0000,-11.490267,3.170979,0.198961,33.00
3.000023,friction-sweep,foot_right_joint,RS02,-11.454218,6.000000,0.000000,0.0000,2.0000,-11.454218,3.220417,0.209858,33.00
3.008029,friction-sweep,foot_right_joint,RS02,-11.416635,6.000000,0.000000,0.0000,2.0000,-11.416635,3.184711,0.361349,33.00
3.016021,friction-sweep,foot_right_joint,RS02,-11.378284,6.000000,0.000000,0.0000,2.0000,-11.378284,3.264362,0.194292,33.00
3.024019,friction-sweep,foot_right_joint,RS02,-11.339168,6.000000,0.000000,0.0000,2.0000,-11.339168,3.298237,0.223866,33.00
3.032022,friction-sweep,foot_right_joint,RS02,-11.298900,6.000000,0.000000,0.0000,2.0000,-11.298900,3.368732,0.315174,33.00
3.040017,friction-sweep,foot_right_joint,RS02,-11.258249,6.000000,0.000000,0.0000,2.0000,-11.258249,3.557335,0.173540,33.00
3.048021,friction-sweep,foot_right_joint,RS02,-11.216831,6.000000,0.000000,0.0000,2.0000,-11.216831,3.488670,0.144487,33.00
3.056019,friction-sweep,foot_right_joint,RS02,-11.174262,6.000000,0.000000,0.0000,2.0000,-11.174262,3.696499,0.286121,33.00
3.064015,friction-sweep,foot_right_joint,RS02,-11.131694,6.000000,0.000000,0.0000,2.0000,-11.131694,3.706570,0.262775,33.00
3.072013,friction-sweep,foot_right_joint,RS02,-11.087975,6.000000,0.000000,0.0000,2.0000,-11.087975,3.688259,0.176134,33.00
3.080018,friction-sweep,foot_right_joint,RS02,-11.043872,6.000000,0.000000,0.0000,2.0000,-11.043872,3.808193,0.124254,33.00
3.088015,friction-sweep,foot_right_joint,RS02,-10.999386,6.000000,0.000000,0.0000,2.0000,-10.999386,3.853970,0.250324,33.00
3.096015,friction-sweep,foot_right_joint,RS02,-10.954132,6.000000,0.000000,0.0000,2.0000,-10.954132,3.951019,0.327106,33.00
3.104016,friction-sweep,foot_right_joint,RS02,-10.908496,6.000000,0.000000,0.0000,2.0000,-10.908496,3.999542,0.196886,33.00
3.112015,friction-sweep,foot_right_joint,RS02,-10.862475,6.000000,0.000000,0.0000,2.0000,-10.862475,3.963837,0.143450,33.00
3.120015,friction-sweep,foot_right_joint,RS02,-10.815305,6.000000,0.000000,0.0000,2.0000,-10.815305,3.974823,0.170946,33.00
3.128014,friction-sweep,foot_right_joint,RS02,-10.768134,6.000000,0.000000,0.0000,2.0000,-10.768134,4.097504,0.262775,33.00
3.136015,friction-sweep,foot_right_joint,RS02,-10.720197,6.000000,0.000000,0.0000,2.0000,-10.720197,4.059052,0.293903,33.00
3.144014,friction-sweep,foot_right_joint,RS02,-10.672259,6.000000,0.000000,0.0000,2.0000,-10.672259,4.093842,0.209858,33.00
3.152018,friction-sweep,foot_right_joint,RS02,-10.623554,6.000000,0.000000,0.0000,2.0000,-10.623554,4.129551,0.170427,33.00
3.160014,friction-sweep,foot_right_joint,RS02,-10.574467,6.000000,0.000000,0.0000,2.0000,-10.574467,4.160679,0.076006,33.00
3.168074,friction-sweep,foot_right_joint,RS02,-10.525378,6.000000,0.000000,0.0000,2.0000,-10.525378,4.234837,0.147600,33.00
3.176037,friction-sweep,foot_right_joint,RS02,-10.475906,6.000000,0.000000,0.0000,2.0000,-10.475906,4.265049,0.254993,33.00
3.184023,friction-sweep,foot_right_joint,RS02,-10.426435,6.000000,0.000000,0.0000,2.0000,-10.426435,4.090179,0.274189,33.00
3.192029,friction-sweep,foot_right_joint,RS02,-10.375813,6.000000,0.000000,0.0000,2.0000,-10.375813,4.138706,0.303242,33.00
3.200017,friction-sweep,foot_right_joint,RS02,-10.325574,6.000000,0.000000,0.0000,2.0000,-10.325574,4.417030,0.201557,33.00
3.208016,friction-sweep,foot_right_joint,RS02,-10.274952,6.000000,0.000000,0.0000,2.0000,-10.274952,4.324558,0.174059,33.00
3.216014,friction-sweep,foot_right_joint,RS02,-10.223947,6.000000,0.000000,0.0000,2.0000,-10.223947,4.366676,0.108171,33.00
3.224106,friction-sweep,foot_right_joint,RS02,-10.172558,6.000000,0.000000,0.0000,2.0000,-10.172558,4.327305,0.114397,33.00
3.232022,friction-sweep,foot_right_joint,RS02,-10.120785,6.000000,0.000000,0.0000,2.0000,-10.120785,4.330051,0.154863,33.00
3.240016,friction-sweep,foot_right_joint,RS02,-10.069395,6.000000,0.000000,0.0000,2.0000,-10.069395,4.347450,0.230610,33.00
3.248018,friction-sweep,foot_right_joint,RS02,-10.017240,6.000000,0.000000,0.0000,2.0000,-10.017240,4.484779,0.257069,33.00
3.256016,friction-sweep,foot_right_joint,RS02,-9.965083,6.000000,0.000000,0.0000,2.0000,-9.965083,4.464638,0.289234,33.00
3.264014,friction-sweep,foot_right_joint,RS02,-9.913311,6.000000,0.000000,0.0000,2.0000,-9.913311,4.368507,0.289234,33.00
3.272016,friction-sweep,foot_right_joint,RS02,-9.860004,6.000000,0.000000,0.0000,2.0000,-9.860004,4.496681,0.208820,33.00
3.280015,friction-sweep,foot_right_joint,RS02,-9.807848,6.000000,0.000000,0.0000,2.0000,-9.807848,4.522316,0.182878,33.00
3.288013,friction-sweep,foot_right_joint,RS02,-9.754925,6.000000,0.000000,0.0000,2.0000,-9.754925,4.389565,0.182878,33.00
3.296016,friction-sweep,foot_right_joint,RS02,-9.701618,6.000000,0.000000,0.0000,2.0000,-9.701618,4.572674,0.143969,33.00
3.304015,friction-sweep,foot_right_joint,RS02,-9.648695,6.000000,0.000000,0.0000,2.0000,-9.648695,4.503090,0.049026,33.00
3.312015,friction-sweep,foot_right_joint,RS02,-9.595772,6.000000,0.000000,0.0000,2.0000,-9.595772,4.545204,0.119066,33.00
3.320017,friction-sweep,foot_right_joint,RS02,-9.542465,6.000000,0.000000,0.0000,2.0000,-9.542465,4.518654,0.128923,33.00
3.328018,friction-sweep,foot_right_joint,RS02,-9.488775,6.000000,0.000000,0.0000,2.0000,-9.488775,4.565346,0.215565,33.00
3.336014,friction-sweep,foot_right_joint,RS02,-9.435085,6.000000,0.000000,0.0000,2.0000,-9.435085,4.581829,0.221790,33.00
3.344014,friction-sweep,foot_right_joint,RS02,-9.381778,6.000000,0.000000,0.0000,2.0000,-9.381778,4.547035,0.309467,33.00
3.352015,friction-sweep,foot_right_joint,RS02,-9.328088,6.000000,0.000000,0.0000,2.0000,-9.328088,4.576336,0.274189,33.00
3.360013,friction-sweep,foot_right_joint,RS02,-9.274014,6.000000,0.000000,0.0000,2.0000,-9.274014,4.529640,0.297016,33.00
3.368017,friction-sweep,foot_right_joint,RS02,-9.219941,6.000000,0.000000,0.0000,2.0000,-9.219941,4.554359,0.242542,33.00
3.376016,friction-sweep,foot_right_joint,RS02,-9.166250,6.000000,0.000000,0.0000,2.0000,-9.166250,4.514076,0.190142,33.00
3.384015,friction-sweep,foot_right_joint,RS02,-9.111794,6.000000,0.000000,0.0000,2.0000,-9.111794,4.539711,0.185991,33.00
3.392014,friction-sweep,foot_right_joint,RS02,-9.057337,6.000000,0.000000,0.0000,2.0000,-9.057337,4.596478,0.147081,33.00
3.400016,friction-sweep,foot_right_joint,RS02,-9.002879,6.000000,0.000000,0.0000,2.0000,-9.002879,4.665142,0.174578,33.00
3.408012,friction-sweep,foot_right_joint,RS02,-8.948422,6.000000,0.000000,0.0000,2.0000,-8.948422,4.679790,0.172503,33.00
3.416015,friction-sweep,foot_right_joint,RS02,-8.893965,6.000000,0.000000,0.0000,2.0000,-8.893965,4.693523,0.084307,33.00
3.424016,friction-sweep,foot_right_joint,RS02,-8.839508,6.000000,0.000000,0.0000,2.0000,-8.839508,4.725567,0.159533,33.00
3.432014,friction-sweep,foot_right_joint,RS02,-8.784667,6.000000,0.000000,0.0000,2.0000,-8.784667,4.651409,0.111284,33.00
3.440017,friction-sweep,foot_right_joint,RS02,-8.730210,6.000000,0.000000,0.0000,2.0000,-8.730210,4.683453,0.117510,33.00
3.448014,friction-sweep,foot_right_joint,RS02,-8.675369,6.000000,0.000000,0.0000,2.0000,-8.675369,4.643169,0.189623,33.00
3.456014,friction-sweep,foot_right_joint,RS02,-8.620528,6.000000,0.000000,0.0000,2.0000,-8.620528,4.667889,0.224903,33.00
3.464015,friction-sweep,foot_right_joint,RS02,-8.565304,6.000000,0.000000,0.0000,2.0000,-8.565304,4.694439,0.227497,33.00
3.472015,friction-sweep,foot_right_joint,RS02,-8.510464,6.000000,0.000000,0.0000,2.0000,-8.510464,4.731976,0.235279,33.00
3.480012,friction-sweep,foot_right_joint,RS02,-8.455624,6.000000,0.000000,0.0000,2.0000,-8.455624,4.679790,0.283009,33.00
3.488014,friction-sweep,foot_right_joint,RS02,-8.400783,6.000000,0.000000,0.0000,2.0000,-8.400783,4.677044,0.269001,33.00
3.496068,friction-sweep,foot_right_joint,RS02,-8.345175,6.000000,0.000000,0.0000,2.0000,-8.345175,4.770428,0.278339,33.00
3.504040,friction-sweep,foot_right_joint,RS02,-8.290335,6.000000,0.000000,0.0000,2.0000,-8.290335,4.677044,0.289753,33.00
3.512037,friction-sweep,foot_right_joint,RS02,-8.235110,6.000000,0.000000,0.0000,2.0000,-8.235110,4.720074,0.262775,33.00
3.520025,friction-sweep,foot_right_joint,RS02,-8.179886,6.000000,0.000000,0.0000,2.0000,-8.179886,4.716412,0.224384,33.00
3.528023,friction-sweep,foot_right_joint,RS02,-8.124278,6.000000,0.000000,0.0000,2.0000,-8.124278,4.723736,0.199482,33.00
3.536022,friction-sweep,foot_right_joint,RS02,-8.069054,6.000000,0.000000,0.0000,2.0000,-8.069054,4.790569,0.189623,33.00
3.544015,friction-sweep,foot_right_joint,RS02,-8.013830,6.000000,0.000000,0.0000,2.0000,-8.013830,4.723736,0.136187,33.00
3.552070,friction-sweep,foot_right_joint,RS02,-7.958222,6.000000,0.000000,0.0000,2.0000,-7.958222,4.722820,0.129442,33.00
3.560044,friction-sweep,foot_right_joint,RS02,-7.902998,6.000000,0.000000,0.0000,2.0000,-7.902998,4.726482,0.166277,33.00
3.568036,friction-sweep,foot_right_joint,RS02,-7.847774,6.000000,0.000000,0.0000,2.0000,-7.847774,4.751202,0.146044,33.00
3.576023,friction-sweep,foot_right_joint,RS02,-7.792166,6.000000,0.000000,0.0000,2.0000,-7.792166,4.759441,0.120104,33.00
3.584022,friction-sweep,foot_right_joint,RS02,-7.736942,6.000000,0.000000,0.0000,2.0000,-7.736942,4.693523,0.105059,33.00
3.592015,friction-sweep,foot_right_joint,RS02,-7.681334,6.000000,0.000000,0.0000,2.0000,-7.681334,4.630352,0.097795,33.00
3.600017,friction-sweep,foot_right_joint,RS02,-7.625727,6.000000,0.000000,0.0000,2.0000,-7.625727,4.720989,0.128923,33.00
3.608019,friction-sweep,foot_right_joint,RS02,-7.570502,6.000000,0.000000,0.0000,2.0000,-7.570502,4.710918,0.109209,33.00
3.616014,friction-sweep,foot_right_joint,RS02,-7.514895,6.000000,0.000000,0.0000,2.0000,-7.514895,4.827194,0.124254,33.00
3.624015,friction-sweep,foot_right_joint,RS02,-7.459287,6.000000,0.000000,0.0000,2.0000,-7.459287,4.702679,0.170427,33.00
3.632019,friction-sweep,foot_right_joint,RS02,-7.403296,6.000000,0.000000,0.0000,2.0000,-7.403296,4.829025,0.215565,33.00
3.640017,friction-sweep,foot_right_joint,RS02,-7.348072,6.000000,0.000000,0.0000,2.0000,-7.348072,4.762188,0.206226,33.00
3.648015,friction-sweep,foot_right_joint,RS02,-7.292081,6.000000,0.000000,0.0000,2.0000,-7.292081,4.828110,0.225941,33.00
3.656016,friction-sweep,foot_right_joint,RS02,-7.236473,6.000000,0.000000,0.0000,2.0000,-7.236473,4.686199,0.273670,33.00
3.664016,friction-sweep,foot_right_joint,RS02,-7.180866,6.000000,0.000000,0.0000,2.0000,-7.180866,4.741131,0.275745,33.00
3.672014,friction-sweep,foot_right_joint,RS02,-7.125258,6.000000,0.000000,0.0000,2.0000,-7.125258,4.796062,0.278339,33.00
3.680062,friction-sweep,foot_right_joint,RS02,-7.069267,6.000000,0.000000,0.0000,2.0000,-7.069267,4.730145,0.279896,33.00
3.688049,friction-sweep,foot_right_joint,RS02,-7.013276,6.000000,0.000000,0.0000,2.0000,-7.013276,4.838181,0.295979,33.00
3.696033,friction-sweep,foot_right_joint,RS02,-6.958051,6.000000,0.000000,0.0000,2.0000,-6.958051,4.716412,0.300648,33.00
3.704038,friction-sweep,foot_right_joint,RS02,-6.902060,6.000000,0.000000,0.0000,2.0000,-6.902060,4.823532,0.260181,33.00
3.712029,friction-sweep,foot_right_joint,RS02,-6.846836,6.000000,0.000000,0.0000,2.0000,-6.846836,4.621197,0.249287,33.00
3.720017,friction-sweep,foot_right_joint,RS02,-6.790845,6.000000,0.000000,0.0000,2.0000,-6.790845,4.785992,0.222309,33.00
3.728019,friction-sweep,foot_right_joint,RS02,-6.735237,6.000000,0.000000,0.0000,2.0000,-6.735237,4.745708,0.191698,33.00
3.736020,friction-sweep,foot_right_joint,RS02,-6.679246,6.000000,0.000000,0.0000,2.0000,-6.679246,4.750286,0.175097,33.00
3.744018,friction-sweep,foot_right_joint,RS02,-6.623639,6.000000,0.000000,0.0000,2.0000,-6.623639,4.774090,0.189104,33.00
3.752020,friction-sweep,foot_right_joint,RS02,-6.567647,6.000000,0.000000,0.0000,2.0000,-6.567647,4.817123,0.133593,33.00
3.760144,friction-sweep,foot_right_joint,RS02,-6.511272,6.000000,0.000000,0.0000,2.0000,-6.511272,4.690777,0.145525,33.00
3.768034,friction-sweep,foot_right_joint,RS02,-6.454898,6.000000,0.000000,0.0000,2.0000,-6.454898,4.839096,0.166277,33.00
3.776031,friction-sweep,foot_right_joint,RS02,-6.399674,6.000000,0.000000,0.0000,2.0000,-6.399674,4.803387,0.127367,33.00
3.784080,friction-sweep,foot_right_joint,RS02,-6.343683,6.000000,0.000000,0.0000,2.0000,-6.343683,4.710003,0.152788,33.00
3.792081,friction-sweep,foot_right_joint,RS02,-6.287308,6.000000,0.000000,0.0000,2.0000,-6.287308,4.702679,0.123735,33.00
3.800062,friction-sweep,foot_right_joint,RS02,-6.231700,6.000000,0.000000,0.0000,2.0000,-6.231700,4.753948,0.103502,33.00
3.808030,friction-sweep,foot_right_joint,RS02,-6.175709,6.000000,0.000000,0.0000,2.0000,-6.175709,4.869308,0.090014,33.00
3.820020,friction-sweep,foot_right_joint,RS02,-6.092106,6.000000,0.000000,0.0000,2.0000,-6.092106,4.899521,0.249805,33.00
3.832020,friction-sweep,foot_right_joint,RS02,-6.008119,6.000000,0.000000,0.0000,2.0000,-6.008119,4.922409,0.045395,33.00
3.840025,friction-sweep,foot_right_joint,RS02,-5.952511,6.000000,0.000000,0.0000,2.0000,-5.952511,4.729229,0.141375,33.00
3.848022,friction-sweep,foot_right_joint,RS02,-5.896137,6.000000,0.000000,0.0000,2.0000,-5.896137,4.799725,0.166796,33.00
3.856020,friction-sweep,foot_right_joint,RS02,-5.840529,6.000000,0.000000,0.0000,2.0000,-5.840529,4.807968,0.216602,33.00
3.864020,friction-sweep,foot_right_joint,RS02,-5.784538,6.000000,0.000000,0.0000,2.0000,-5.784538,4.746624,0.237873,33.00
3.872019,friction-sweep,foot_right_joint,RS02,-5.728547,6.000000,0.000000,0.0000,2.0000,-5.728547,4.790569,0.207783,33.00
3.880019,friction-sweep,foot_right_joint,RS02,-5.672556,6.000000,0.000000,0.0000,2.0000,-5.672556,4.807053,0.260181,33.00
3.888020,friction-sweep,foot_right_joint,RS02,-5.616181,6.000000,0.000000,0.0000,2.0000,-5.616181,4.698101,0.299610,33.00
3.896019,friction-sweep,foot_right_joint,RS02,-5.560574,6.000000,0.000000,0.0000,2.0000,-5.560574,4.702679,0.257587,33.00
3.904020,friction-sweep,foot_right_joint,RS02,-5.504582,6.000000,0.000000,0.0000,2.0000,-5.504582,4.680706,0.293903,33.00
3.912019,friction-sweep,foot_right_joint,RS02,-5.448975,6.000000,0.000000,0.0000,2.0000,-5.448975,4.710918,0.289234,33.00
3.920020,friction-sweep,foot_right_joint,RS02,-5.392984,6.000000,0.000000,0.0000,2.0000,-5.392984,4.762188,0.309986,33.00
3.928019,friction-sweep,foot_right_joint,RS02,-5.336609,6.000000,0.000000,0.0000,2.0000,-5.336609,4.856491,0.337484,33.00
3.936019,friction-sweep,foot_right_joint,RS02,-5.280618,6.000000,0.000000,0.0000,2.0000,-5.280618,4.919662,0.291309,33.00
3.944018,friction-sweep,foot_right_joint,RS02,-5.225010,6.000000,0.000000,0.0000,2.0000,-5.225010,4.743877,0.258625,33.00
3.952018,friction-sweep,foot_right_joint,RS02,-5.169019,6.000000,0.000000,0.0000,2.0000,-5.169019,4.860153,0.241505,33.00
3.960018,friction-sweep,foot_right_joint,RS02,-5.113028,6.000000,0.000000,0.0000,2.0000,-5.113028,4.804302,0.203632,33.00
3.968026,friction-sweep,foot_right_joint,RS02,-5.057420,6.000000,0.000000,0.0000,2.0000,-5.057420,4.768597,0.206745,33.00
3.976020,friction-sweep,foot_right_joint,RS02,-5.001429,6.000000,0.000000,0.0000,2.0000,-5.001429,4.879379,0.183397,33.00
3.984019,friction-sweep,foot_right_joint,RS02,-4.945438,6.000000,0.000000,0.0000,2.0000,-4.945438,4.824448,0.147600,33.00
3.992018,friction-sweep,foot_right_joint,RS02,-4.889063,6.000000,0.000000,0.0000,2.0000,-4.889063,4.840012,0.137224,33.00
4.000020,friction-sweep,foot_right_joint,RS02,-4.833455,-6.000000,0.000000,0.0000,2.0000,-4.833455,4.832687,0.156939,33.00
4.008018,friction-sweep,foot_right_joint,RS02,-4.777464,-6.000000,0.000000,0.0000,2.0000,-4.777464,4.748455,0.119066,33.00
4.016018,friction-sweep,foot_right_joint,RS02,-4.723774,-6.000000,0.000000,0.0000,2.0000,-4.723774,4.458229,-0.185474,33.00
4.024017,friction-sweep,foot_right_joint,RS02,-4.674686,-6.000000,0.000000,0.0000,2.0000,-4.674686,3.933624,-0.214008,33.00
4.032019,friction-sweep,foot_right_joint,RS02,-4.631351,-6.000000,0.000000,0.0000,2.0000,-4.631351,3.400780,-0.103502,33.00
4.040018,friction-sweep,foot_right_joint,RS02,-4.594151,-6.000000,0.000000,0.0000,2.0000,-4.594151,2.997940,-0.132036,33.00
4.048018,friction-sweep,foot_right_joint,RS02,-4.562321,-6.000000,0.000000,0.0000,2.0000,-4.562321,2.519112,-0.193775,33.00
4.056018,friction-sweep,foot_right_joint,RS02,-4.536626,-6.000000,0.000000,0.0000,2.0000,-4.536626,2.025635,-0.100389,33.00
4.064029,friction-sweep,foot_right_joint,RS02,-4.515917,-6.000000,0.000000,0.0000,2.0000,-4.515917,1.382010,-0.089495,33.00
4.072073,friction-sweep,foot_right_joint,RS02,-4.500577,-6.000000,0.000000,0.0000,2.0000,-4.500577,1.175097,-0.359793,33.00
4.080035,friction-sweep,foot_right_joint,RS02,-4.491756,-6.000000,0.000000,0.0000,2.0000,-4.491756,0.465553,-0.390921,33.00
4.088016,friction-sweep,foot_right_joint,RS02,-4.489839,-6.000000,0.000000,0.0000,2.0000,-4.489839,-0.089266,-0.357199,33.00
4.096022,friction-sweep,foot_right_joint,RS02,-4.493674,-6.000000,0.000000,0.0000,2.0000,-4.493674,-0.357519,-0.456291,33.00
4.104022,friction-sweep,foot_right_joint,RS02,-4.500194,-6.000000,0.000000,0.0000,2.0000,-4.500194,-0.715496,-0.505058,33.00
4.112023,friction-sweep,foot_right_joint,RS02,-4.510548,-6.000000,0.000000,0.0000,2.0000,-4.510548,-1.038681,-0.348379,33.00
4.120030,friction-sweep,foot_right_joint,RS02,-4.523970,-6.000000,0.000000,0.0000,2.0000,-4.523970,-1.292286,-0.185993,33.00
4.128019,friction-sweep,foot_right_joint,RS02,-4.539310,-6.000000,0.000000,0.0000,2.0000,-4.539310,-1.318836,-0.244099,33.00
4.136020,friction-sweep,foot_right_joint,RS02,-4.556952,-6.000000,0.000000,0.0000,2.0000,-4.556952,-1.517509,-0.383657,33.00
4.144015,friction-sweep,foot_right_joint,RS02,-4.575743,-6.000000,0.000000,0.0000,2.0000,-4.575743,-1.753719,-0.245655,33.00
4.152016,friction-sweep,foot_right_joint,RS02,-4.597219,-6.000000,0.000000,0.0000,2.0000,-4.597219,-1.902037,-0.228535,33.00
4.160017,friction-sweep,foot_right_joint,RS02,-4.619845,-6.000000,0.000000,0.0000,2.0000,-4.619845,-2.074160,-0.374319,33.00
4.168021,friction-sweep,foot_right_joint,RS02,-4.643623,-6.000000,0.000000,0.0000,2.0000,-4.643623,-2.200504,-0.157976,33.00
4.176056,friction-sweep,foot_right_joint,RS02,-4.669701,-6.000000,0.000000,0.0000,2.0000,-4.669701,-2.315863,-0.352011,33.00
4.184052,friction-sweep,foot_right_joint,RS02,-4.696546,-6.000000,0.000000,0.0000,2.0000,-4.696546,-2.373541,-0.208302,33.00
4.192027,friction-sweep,foot_right_joint,RS02,-4.724925,-6.000000,0.000000,0.0000,2.0000,-4.724925,-2.485237,-0.337484,33.00
4.200019,friction-sweep,foot_right_joint,RS02,-4.754838,-6.000000,0.000000,0.0000,2.0000,-4.754838,-2.583200,-0.188587,33.00
4.208026,friction-sweep,foot_right_joint,RS02,-4.785901,-6.000000,0.000000,0.0000,2.0000,-4.785901,-2.654613,-0.318808,33.00
4.216020,friction-sweep,foot_right_joint,RS02,-4.818115,-6.000000,0.000000,0.0000,2.0000,-4.818115,-2.740673,-0.138262,33.00
4.224018,friction-sweep,foot_right_joint,RS02,-4.851864,-6.000000,0.000000,0.0000,2.0000,-4.851864,-2.815746,-0.326071,33.00
4.232018,friction-sweep,foot_right_joint,RS02,-4.886379,-6.000000,0.000000,0.0000,2.0000,-4.886379,-2.993362,-0.167316,33.00
4.240018,friction-sweep,foot_right_joint,RS02,-4.922044,-6.000000,0.000000,0.0000,2.0000,-4.922044,-3.070267,-0.214527,33.00
4.248017,friction-sweep,foot_right_joint,RS02,-4.958860,-6.000000,0.000000,0.0000,2.0000,-4.958860,-3.138018,-0.325033,33.00
4.256012,friction-sweep,foot_right_joint,RS02,-4.996444,-6.000000,0.000000,0.0000,2.0000,-4.996444,-3.308308,-0.122179,33.00
4.264018,friction-sweep,foot_right_joint,RS02,-5.034794,-6.000000,0.000000,0.0000,2.0000,-5.034794,-3.298237,-0.240986,33.00
4.272015,friction-sweep,foot_right_joint,RS02,-5.073911,-6.000000,0.000000,0.0000,2.0000,-5.073911,-3.362326,-0.272633,33.00
4.280017,friction-sweep,foot_right_joint,RS02,-5.113795,-6.000000,0.000000,0.0000,2.0000,-5.113795,-3.591211,-0.138781,33.00
4.288018,friction-sweep,foot_right_joint,RS02,-5.154830,-6.000000,0.000000,0.0000,2.0000,-5.154830,-3.518883,-0.141893,33.00
4.296171,friction-sweep,foot_right_joint,RS02,-5.195864,-6.000000,0.000000,0.0000,2.0000,-5.195864,-3.527122,-0.349417,33.00
4.304062,friction-sweep,foot_right_joint,RS02,-5.238433,-6.000000,0.000000,0.0000,2.0000,-5.238433,-3.684595,-0.249805,33.00
4.312024,friction-sweep,foot_right_joint,RS02,-5.281002,-6.000000,0.000000,0.0000,2.0000,-5.281002,-3.701077,-0.122179,33.00
4.320029,friction-sweep,foot_right_joint,RS02,-5.324720,-6.000000,0.000000,0.0000,2.0000,-5.324720,-3.744106,-0.188068,33.00
4.328029,friction-sweep,foot_right_joint,RS02,-5.368823,-6.000000,0.000000,0.0000,2.0000,-5.368823,-3.741360,-0.342154,33.00
4.336024,friction-sweep,foot_right_joint,RS02,-5.413692,-6.000000,0.000000,0.0000,2.0000,-5.413692,-3.921721,-0.257069,33.00
4.344018,friction-sweep,foot_right_joint,RS02,-5.458946,-6.000000,0.000000,0.0000,2.0000,-5.458946,-3.901579,-0.114916,33.00
4.352018,friction-sweep,foot_right_joint,RS02,-5.504582,-6.000000,0.000000,0.0000,2.0000,-5.504582,-3.885099,-0.153307,33.00
4.360022,friction-sweep,foot_right_joint,RS02,-5.550986,-6.000000,0.000000,0.0000,2.0000,-5.550986,-3.906157,-0.248768,33.00
4.368015,friction-sweep,foot_right_joint,RS02,-5.597773,-6.000000,0.000000,0.0000,2.0000,-5.597773,-3.997711,-0.330221,33.00
4.376021,friction-sweep,foot_right_joint,RS02,-5.644560,-6.000000,0.000000,0.0000,2.0000,-5.644560,-3.993134,-0.233204,33.00
4.384032,friction-sweep,foot_right_joint,RS02,-5.692498,-6.000000,0.000000,0.0000,2.0000,-5.692498,-4.138704,-0.110765,33.00
4.392018,friction-sweep,foot_right_joint,RS02,-5.740436,-6.000000,0.000000,0.0000,2.0000,-5.740436,-4.113985,-0.184956,33.00
4.400017,friction-sweep,foot_right_joint,RS02,-5.789140,-6.000000,0.000000,0.0000,2.0000,-5.789140,-4.174412,-0.177692,33.00
4.408018,friction-sweep,foot_right_joint,RS02,-5.837845,-6.000000,0.000000,0.0000,2.0000,-5.837845,-4.239414,-0.272633,33.00
4.416014,friction-sweep,foot_right_joint,RS02,-5.886933,-6.000000,0.000000,0.0000,2.0000,-5.886933,-4.244907,-0.298573,33.00
4.424018,friction-sweep,foot_right_joint,RS02,-5.936788,-6.000000,0.000000,0.0000,2.0000,-5.936788,-4.222019,-0.241505,33.00
4.432019,friction-sweep,foot_right_joint,RS02,-5.986260,-6.000000,0.000000,0.0000,2.0000,-5.986260,-4.299841,-0.125292,33.00
4.440017,friction-sweep,foot_right_joint,RS02,-6.036115,-6.000000,0.000000,0.0000,2.0000,-6.036115,-4.279699,-0.120104,33.00
4.448093,friction-sweep,foot_right_joint,RS02,-6.087121,-6.000000,0.000000,0.0000,2.0000,-6.087121,-4.274204,-0.194813,33.00
4.456019,friction-sweep,foot_right_joint,RS02,-6.137359,-6.000000,0.000000,0.0000,2.0000,-6.137359,-4.353857,-0.171467,33.00
4.464016,friction-sweep,foot_right_joint,RS02,-6.188365,-6.000000,0.000000,0.0000,2.0000,-6.188365,-4.384985,-0.253956,33.00
4.472019,friction-sweep,foot_right_joint,RS02,-6.239754,-6.000000,0.000000,0.0000,2.0000,-6.239754,-4.418861,-0.298054,33.00
4.480012,friction-sweep,foot_right_joint,RS02,-6.291143,-6.000000,0.000000,0.0000,2.0000,-6.291143,-4.435341,-0.286640,33.00
4.488016,friction-sweep,foot_right_joint,RS02,-6.342916,-6.000000,0.000000,0.0000,2.0000,-6.342916,-4.480202,-0.213490,33.00
4.496019,friction-sweep,foot_right_joint,RS02,-6.394305,-6.000000,0.000000,0.0000,2.0000,-6.394305,-4.421608,-0.200001,33.00
4.504020,friction-sweep,foot_right_joint,RS02,-6.446461,-6.000000,0.000000,0.0000,2.0000,-6.446461,-4.442665,-0.099352,33.00
4.512056,friction-sweep,foot_right_joint,RS02,-6.499001,-6.000000,0.000000,0.0000,2.0000,-6.499001,-4.457314,-0.118029,33.00
4.524030,friction-sweep,foot_right_joint,RS02,-6.578002,-6.000000,0.000000,0.0000,2.0000,-6.578002,-4.529642,-0.277821,33.00
4.536099,friction-sweep,foot_right_joint,RS02,-6.657387,-6.000000,0.000000,0.0000,2.0000,-6.657387,-4.531473,-0.202595,33.00
4.544045,friction-sweep,foot_right_joint,RS02,-6.709926,-6.000000,0.000000,0.0000,2.0000,-6.709926,-4.395058,-0.198444,33.00
4.552034,friction-sweep,foot_right_joint,RS02,-6.762850,-6.000000,0.000000,0.0000,2.0000,-6.762850,-4.475624,-0.307394,33.00
4.560031,friction-sweep,foot_right_joint,RS02,-6.816156,-6.000000,0.000000,0.0000,2.0000,-6.816156,-4.553446,-0.284046,33.00
4.568027,friction-sweep,foot_right_joint,RS02,-6.869463,-6.000000,0.000000,0.0000,2.0000,-6.869463,-4.565348,-0.312063,33.00
4.576024,friction-sweep,foot_right_joint,RS02,-6.922770,-6.000000,0.000000,0.0000,2.0000,-6.922770,-4.616617,-0.229572,33.00
4.584024,friction-sweep,foot_right_joint,RS02,-6.976460,-6.000000,0.000000,0.0000,2.0000,-6.976460,-4.560770,-0.215565,33.00
4.592021,friction-sweep,foot_right_joint,RS02,-7.029766,-6.000000,0.000000,0.0000,2.0000,-7.029766,-4.597391,-0.179249,33.00
4.600020,friction-sweep,foot_right_joint,RS02,-7.084223,-6.000000,0.000000,0.0000,2.0000,-7.084223,-4.620279,-0.099871,33.00
4.608020,friction-sweep,foot_right_joint,RS02,-7.138297,-6.000000,0.000000,0.0000,2.0000,-7.138297,-4.569010,-0.101427,33.00
4.616019,friction-sweep,foot_right_joint,RS02,-7.192370,-6.000000,0.000000,0.0000,2.0000,-7.192370,-4.647747,-0.180805,33.00
4.624019,friction-sweep,foot_right_joint,RS02,-7.246444,-6.000000,0.000000,0.0000,2.0000,-7.246444,-4.621195,-0.124254,33.00
4.632019,friction-sweep,foot_right_joint,RS02,-7.301285,-6.000000,0.000000,0.0000,2.0000,-7.301285,-4.680706,-0.154345,33.00
4.640018,friction-sweep,foot_right_joint,RS02,-7.355742,-6.000000,0.000000,0.0000,2.0000,-7.355742,-4.586405,-0.148119,33.00
4.648020,friction-sweep,foot_right_joint,RS02,-7.409816,-6.000000,0.000000,0.0000,2.0000,-7.409816,-4.566263,-0.187031,33.00
4.656018,friction-sweep,foot_right_joint,RS02,-7.464656,-6.000000,0.000000,0.0000,2.0000,-7.464656,-4.677959,-0.171986,33.00
4.664019,friction-sweep,foot_right_joint,RS02,-7.519880,-6.000000,0.000000,0.0000,2.0000,-7.519880,-4.689861,-0.218678,33.00
4.672019,friction-sweep,foot_right_joint,RS02,-7.574338,-6.000000,0.000000,0.0000,2.0000,-7.574338,-4.636761,-0.287678,33.00
4.680018,friction-sweep,foot_right_joint,RS02,-7.628795,-6.000000,0.000000,0.0000,2.0000,-7.628795,-4.620279,-0.284046,33.00
4.688066,friction-sweep,foot_right_joint,RS02,-7.684402,-6.000000,0.000000,0.0000,2.0000,-7.684402,-4.697186,-0.275745,33.00
4.696039,friction-sweep,foot_right_joint,RS02,-7.739243,-6.000000,0.000000,0.0000,2.0000,-7.739243,-4.696270,-0.295460,33.00
4.704274,friction-sweep,foot_right_joint,RS02,-7.796001,-6.000000,0.000000,0.0000,2.0000,-7.796001,-4.740215,-0.270557,33.00
4.712050,friction-sweep,foot_right_joint,RS02,-7.849308,-6.000000,0.000000,0.0000,2.0000,-7.849308,-4.688030,-0.268482,33.00
4.720032,friction-sweep,foot_right_joint,RS02,-7.904532,-6.000000,0.000000,0.0000,2.0000,-7.904532,-4.766766,-0.205708,33.00
4.728023,friction-sweep,foot_right_joint,RS02,-7.959756,-6.000000,0.000000,0.0000,2.0000,-7.959756,-4.762188,-0.195332,33.00
4.736022,friction-sweep,foot_right_joint,RS02,-8.014980,-6.000000,0.000000,0.0000,2.0000,-8.014980,-4.895857,-0.199482,33.00
4.744020,friction-sweep,foot_right_joint,RS02,-8.070205,-6.000000,0.000000,0.0000,2.0000,-8.070205,-4.706341,-0.131517,33.00
4.752019,friction-sweep,foot_right_joint,RS02,-8.125429,-6.000000,0.000000,0.0000,2.0000,-8.125429,-4.713665,-0.107134,33.00
4.760006,friction-sweep,foot_right_joint,RS02,-8.180653,-6.000000,0.000000,0.0000,2.0000,-8.180653,-4.645916,-0.133074,33.00
4.768018,friction-sweep,foot_right_joint,RS02,-8.235877,-6.000000,0.000000,0.0000,2.0000,-8.235877,-4.702679,-0.115435,33.00
4.776020,friction-sweep,foot_right_joint,RS02,-8.291485,-6.000000,0.000000,0.0000,2.0000,-8.291485,-4.741131,-0.104540,33.00
4.784019,friction-sweep,foot_right_joint,RS02,-8.346708,-6.000000,0.000000,0.0000,2.0000,-8.346708,-4.718243,-0.147081,33.00
4.792018,friction-sweep,foot_right_joint,RS02,-8.402317,-6.000000,0.000000,0.0000,2.0000,-8.402317,-4.789654,-0.153307,33.00
4.800018,friction-sweep,foot_right_joint,RS02,-8.457541,-6.000000,0.000000,0.0000,2.0000,-8.457541,-4.679790,-0.150194,33.00
4.808019,friction-sweep,foot_right_joint,RS02,-8.512765,-6.000000,0.000000,0.0000,2.0000,-8.512765,-4.679790,-0.127367,33.00
4.816019,friction-sweep,foot_right_joint,RS02,-8.568756,-6.000000,0.000000,0.0000,2.0000,-8.568756,-4.780499,-0.139818,33.00
4.824018,friction-sweep,foot_right_joint,RS02,-8.624363,-6.000000,0.000000,0.0000,2.0000,-8.624363,-4.748455,-0.216084,33.00
4.832136,friction-sweep,foot_right_joint,RS02,-8.679972,-6.000000,0.000000,0.0000,2.0000,-8.679972,-4.753948,-0.207783,33.00
4.840026,friction-sweep,foot_right_joint,RS02,-8.735579,-6.000000,0.000000,0.0000,2.0000,-8.735579,-4.733807,-0.189625,33.00
4.848020,friction-sweep,foot_right_joint,RS02,-8.791186,-6.000000,0.000000,0.0000,2.0000,-8.791186,-4.696270,-0.267963,33.00
4.856019,friction-sweep,foot_right_joint,RS02,-8.847178,-6.000000,0.000000,0.0000,2.0000,-8.847178,-4.731976,-0.286640,33.00
4.864017,friction-sweep,foot_right_joint,RS02,-8.902785,-6.000000,0.000000,0.0000,2.0000,-8.902785,-4.782330,-0.287159,33.00
4.872018,friction-sweep,foot_right_joint,RS02,-8.958393,-6.000000,0.000000,0.0000,2.0000,-8.958393,-4.753948,-0.262257,33.00
4.880019,friction-sweep,foot_right_joint,RS02,-9.014001,-6.000000,0.000000,0.0000,2.0000,-9.014001,-4.701763,-0.285084,33.00
4.888017,friction-sweep,foot_right_joint,RS02,-9.069992,-6.000000,0.000000,0.0000,2.0000,-9.069992,-4.764935,-0.288715,33.00
4.896019,friction-sweep,foot_right_joint,RS02,-9.125600,-6.000000,0.000000,0.0000,2.0000,-9.125600,-4.735638,-0.274189,33.00
4.904019,friction-sweep,foot_right_joint,RS02,-9.181591,-6.000000,0.000000,0.0000,2.0000,-9.181591,-4.710918,-0.241505,33.00
4.912018,friction-sweep,foot_right_joint,RS02,-9.237581,-6.000000,0.000000,0.0000,2.0000,-9.237581,-4.804302,-0.225941,33.00
4.920019,friction-sweep,foot_right_joint,RS02,-9.293190,-6.000000,0.000000,0.0000,2.0000,-9.293190,-4.722820,-0.224903,33.00
4.928017,friction-sweep,foot_right_joint,RS02,-9.349180,-6.000000,0.000000,0.0000,2.0000,-9.349180,-4.728313,-0.216602,33.00
4.936018,friction-sweep,foot_right_joint,RS02,-9.404788,-6.000000,0.000000,0.0000,2.0000,-9.404788,-4.877546,-0.179768,33.00
4.944019,friction-sweep,foot_right_joint,RS02,-9.460779,-6.000000,0.000000,0.0000,2.0000,-9.460779,-4.770428,-0.149157,33.00
4.952018,friction-sweep,foot_right_joint,RS02,-9.516770,-6.000000,0.000000,0.0000,2.0000,-9.516770,-4.796062,-0.110765,33.00
4.960036,friction-sweep,foot_right_joint,RS02,-9.572378,-6.000000,0.000000,0.0000,2.0000,-9.572378,-4.719158,-0.107653,33.00
4.968019,friction-sweep,foot_right_joint,RS02,-9.628753,-6.000000,0.000000,0.0000,2.0000,-9.628753,-4.825359,-0.115953,33.00
4.976017,friction-sweep,foot_right_joint,RS02,-9.684744,-6.000000,0.000000,0.0000,2.0000,-9.684744,-4.789654,-0.100389,33.00
4.984019,friction-sweep,foot_right_joint,RS02,-9.740352,-6.000000,0.000000,0.0000,2.0000,-9.740352,-4.728313,-0.128923,33.00
4.992018,friction-sweep,foot_right_joint,RS02,-9.796343,-6.000000,0.000000,0.0000,2.0000,-9.796343,-4.897688,-0.094683,33.00
5.000019,friction-sweep,foot_right_joint,RS02,-9.852334,-6.000000,0.000000,0.0000,2.0000,-9.852334,-4.780499,-0.134630,33.00
5.008018,friction-sweep,foot_right_joint,RS02,-9.908709,-6.000000,0.000000,0.0000,2.0000,-9.908709,-4.791485,-0.156939,33.00
5.016016,friction-sweep,foot_right_joint,RS02,-9.964700,-6.000000,0.000000,0.0000,2.0000,-9.964700,-4.842754,-0.153826,33.00
5.024017,friction-sweep,foot_right_joint,RS02,-10.020691,-6.000000,0.000000,0.0000,2.0000,-10.020691,-4.717327,-0.115435,33.00
5.032017,friction-sweep,foot_right_joint,RS02,-10.076299,-6.000000,0.000000,0.0000,2.0000,-10.076299,-4.689861,-0.134111,33.00
5.040056,friction-sweep,foot_right_joint,RS02,-10.132673,-6.000000,0.000000,0.0000,2.0000,-10.132673,-4.809795,-0.137743,33.00
5.048053,friction-sweep,foot_right_joint,RS02,-10.189048,-6.000000,0.000000,0.0000,2.0000,-10.189048,-4.854656,-0.159533,33.00
5.056038,friction-sweep,foot_right_joint,RS02,-10.244272,-6.000000,0.000000,0.0000,2.0000,-10.244272,-4.794231,-0.180805,33.00
5.064024,friction-sweep,foot_right_joint,RS02,-10.300647,-6.000000,0.000000,0.0000,2.0000,-10.300647,-4.829021,-0.193775,33.00
5.072022,friction-sweep,foot_right_joint,RS02,-10.357021,-6.000000,0.000000,0.0000,2.0000,-10.357021,-4.733807,-0.218678,33.00
5.080020,friction-sweep,foot_right_joint,RS02,-10.412629,-6.000000,0.000000,0.0000,2.0000,-10.412629,-4.801556,-0.247730,33.00
5.088032,friction-sweep,foot_right_joint,RS02,-10.469004,-6.000000,0.000000,0.0000,2.0000,-10.469004,-4.732891,-0.304281,33.00
5.096027,friction-sweep,foot_right_joint,RS02,-10.524995,-6.000000,0.000000,0.0000,2.0000,-10.524995,-4.853741,-0.280933,33.00
5.104022,friction-sweep,foot_right_joint,RS02,-10.580986,-6.000000,0.000000,0.0000,2.0000,-10.580986,-4.721905,-0.280933,33.00
5.112020,friction-sweep,foot_right_joint,RS02,-10.637361,-6.000000,0.000000,0.0000,2.0000,-10.637361,-4.807964,-0.273670,33.00
5.120021,friction-sweep,foot_right_joint,RS02,-10.693352,-6.000000,0.000000,0.0000,2.0000,-10.693352,-4.812542,-0.259663,33.00
5.128018,friction-sweep,foot_right_joint,RS02,-10.749343,-6.000000,0.000000,0.0000,2.0000,-10.749343,-4.850994,-0.314138,33.00
5.136072,friction-sweep,foot_right_joint,RS02,-10.805717,-6.000000,0.000000,0.0000,2.0000,-10.805717,-4.763103,-0.279377,33.00
5.144052,friction-sweep,foot_right_joint,RS02,-10.861709,-6.000000,0.000000,0.0000,2.0000,-10.861709,-4.802471,-0.287678,33.00
5.152044,friction-sweep,foot_right_joint,RS02,-10.918083,-6.000000,0.000000,0.0000,2.0000,-10.918083,-4.739300,-0.270557,33.00
5.160028,friction-sweep,foot_right_joint,RS02,-10.973691,-6.000000,0.000000,0.0000,2.0000,-10.973691,-4.845501,-0.243061,33.00
5.168021,friction-sweep,foot_right_joint,RS02,-11.029299,-6.000000,0.000000,0.0000,2.0000,-11.029299,-4.783245,-0.205189,33.00
5.176020,friction-sweep,foot_right_joint,RS02,-11.085290,-6.000000,0.000000,0.0000,2.0000,-11.085290,-4.752117,-0.211414,33.00
5.184017,friction-sweep,foot_right_joint,RS02,-11.141281,-6.000000,0.000000,0.0000,2.0000,-11.141281,-4.788738,-0.168873,33.00
5.192019,friction-sweep,foot_right_joint,RS02,-11.197656,-6.000000,0.000000,0.0000,2.0000,-11.197656,-4.813457,-0.126329,33.00
5.200017,friction-sweep,foot_right_joint,RS02,-11.253647,9.000000,0.000000,0.0000,2.0000,-11.253647,-4.863813,-0.136705,33.00
5.208018,friction-sweep,foot_right_joint,RS02,-11.309638,9.000000,0.000000,0.0000,2.0000,-11.309638,-4.730145,-0.076525,33.00
5.216269,friction-sweep,foot_right_joint,RS02,-11.365246,9.000000,0.000000,0.0000,2.0000,-11.365246,-4.300756,0.258106,33.00
5.224051,friction-sweep,foot_right_joint,RS02,-11.411266,9.000000,0.000000,0.0000,2.0000,-11.411266,-3.713894,0.314655,33.00
5.232034,friction-sweep,foot_right_joint,RS02,-11.451533,9.000000,0.000000,0.0000,2.0000,-11.451533,-3.149004,0.160051,33.00
5.240027,friction-sweep,foot_right_joint,RS02,-11.483747,9.000000,0.000000,0.0000,2.0000,-11.483747,-2.545664,0.309986,33.00
5.248023,friction-sweep,foot_right_joint,RS02,-11.509442,9.000000,0.000000,0.0000,2.0000,-11.509442,-1.989014,0.161089,33.00
5.256019,friction-sweep,foot_right_joint,RS02,-11.527083,9.000000,0.000000,0.0000,2.0000,-11.527083,-1.219957,0.393515,33.00
5.264019,friction-sweep,foot_right_joint,RS02,-11.537054,9.000000,0.000000,0.0000,2.0000,-11.537054,-0.510414,0.542931,33.00
5.272018,friction-sweep,foot_right_joint,RS02,-11.536671,9.000000,0.000000,0.0000,2.0000,-11.536671,0.364845,0.566795,33.00
5.280018,friction-sweep,foot_right_joint,RS02,-11.529385,9.000000,0.000000,0.0000,2.0000,-11.529385,0.720989,0.525810,33.00
5.288018,friction-sweep,foot_right_joint,RS02,-11.517112,9.000000,0.000000,0.0000,2.0000,-11.517112,1.247423,0.426199,33.00
5.296017,friction-sweep,foot_right_joint,RS02,-11.501005,9.000000,0.000000,0.0000,2.0000,-11.501005,1.432364,0.273670,33.00
5.304017,friction-sweep,foot_right_joint,RS02,-11.481063,9.000000,0.000000,0.0000,2.0000,-11.481063,1.813231,0.412710,33.00
5.312019,friction-sweep,foot_right_joint,RS02,-11.457669,9.000000,0.000000,0.0000,2.0000,-11.457669,2.098877,0.372763,33.00
5.320024,friction-sweep,foot_right_joint,RS02,-11.431591,9.000000,0.000000,0.0000,2.0000,-11.431591,2.358891,0.303761,33.00
5.328019,friction-sweep,foot_right_joint,RS02,-11.402061,9.000000,0.000000,0.0000,2.0000,-11.402061,2.550240,0.355642,33.00
5.336019,friction-sweep,foot_right_joint,RS02,-11.370232,9.000000,0.000000,0.0000,2.0000,-11.370232,2.948502,0.343710,33.00
5.344018,friction-sweep,foot_right_joint,RS02,-11.335333,9.000000,0.000000,0.0000,2.0000,-11.335333,2.984207,0.248768,33.00
5.352112,friction-sweep,foot_right_joint,RS02,-11.298133,9.000000,0.000000,0.0000,2.0000,-11.298133,3.309223,0.410635,33.00
5.360023,friction-sweep,foot_right_joint,RS02,-11.258249,9.000000,0.000000,0.0000,2.0000,-11.258249,3.429161,0.267963,33.00
5.368018,friction-sweep,foot_right_joint,RS02,-11.216063,9.000000,0.000000,0.0000,2.0000,-11.216063,3.667202,0.234760,33.00
5.376017,friction-sweep,foot_right_joint,RS02,-11.171961,9.000000,0.000000,0.0000,2.0000,-11.171961,3.797207,0.370169,33.00
5.384018,friction-sweep,foot_right_joint,RS02,-11.124790,9.000000,0.000000,0.0000,2.0000,-11.124790,4.126804,0.425680,33.00
5.392018,friction-sweep,foot_right_joint,RS02,-11.076469,9.000000,0.000000,0.0000,2.0000,-11.076469,4.248569,0.312580,33.00
5.400020,friction-sweep,foot_right_joint,RS02,-11.025464,9.000000,0.000000,0.0000,2.0000,-11.025464,4.352028,0.245136,33.00
5.408017,friction-sweep,foot_right_joint,RS02,-10.972924,9.000000,0.000000,0.0000,2.0000,-10.972924,4.555275,0.270039,33.00
5.416018,friction-sweep,foot_right_joint,RS02,-10.918467,9.000000,0.000000,0.0000,2.0000,-10.918467,4.652325,0.189104,33.00
5.424018,friction-sweep,foot_right_joint,RS02,-10.862860,9.000000,0.000000,0.0000,2.0000,-10.862860,4.740215,0.165239,33.00
5.432018,friction-sweep,foot_right_joint,RS02,-10.804951,9.000000,0.000000,0.0000,2.0000,-10.804951,4.893112,0.219196,33.00
5.440018,friction-sweep,foot_right_joint,RS02,-10.745508,9.000000,0.000000,0.0000,2.0000,-10.745508,4.958115,0.183916,33.00
5.448018,friction-sweep,foot_right_joint,RS02,-10.684531,9.000000,0.000000,0.0000,2.0000,-10.684531,5.217213,0.238392,33.00
5.456018,friction-sweep,foot_right_joint,RS02,-10.622404,9.000000,0.000000,0.0000,2.0000,-10.622404,5.330742,0.196886,33.00
5.464019,friction-sweep,foot_right_joint,RS02,-10.558743,9.000000,0.000000,0.0000,2.0000,-10.558743,5.497368,0.284046,33.00
5.472017,friction-sweep,foot_right_joint,RS02,-10.493931,9.000000,0.000000,0.0000,2.0000,-10.493931,5.620964,0.299610,33.00
5.480017,friction-sweep,foot_right_joint,RS02,-10.427969,9.000000,0.000000,0.0000,2.0000,-10.427969,5.605400,0.371725,33.00
5.488018,friction-sweep,foot_right_joint,RS02,-10.360473,9.000000,0.000000,0.0000,2.0000,-10.360473,5.855343,0.329182,33.00
5.496018,friction-sweep,foot_right_joint,RS02,-10.292593,9.000000,0.000000,0.0000,2.0000,-10.292593,5.826962,0.182878,33.00
5.504018,friction-sweep,foot_right_joint,RS02,-10.223180,9.000000,0.000000,0.0000,2.0000,-10.223180,5.890133,0.179247,33.00
5.512018,friction-sweep,foot_right_joint,RS02,-10.152616,9.000000,0.000000,0.0000,2.0000,-10.152616,6.115356,0.237354,33.00
5.520018,friction-sweep,foot_right_joint,RS02,-10.081668,9.000000,0.000000,0.0000,2.0000,-10.081668,6.114441,0.341635,33.00
5.528018,friction-sweep,foot_right_joint,RS02,-10.009186,9.000000,0.000000,0.0000,2.0000,-10.009186,6.179443,0.270039,33.00
5.536016,friction-sweep,foot_right_joint,RS02,-9.936321,9.000000,0.000000,0.0000,2.0000,-9.936321,6.249943,0.122179,33.00
5.544020,friction-sweep,foot_right_joint,RS02,-9.862305,9.000000,0.000000,0.0000,2.0000,-9.862305,6.378117,0.259144,33.00
5.552022,friction-sweep,foot_right_joint,RS02,-9.787139,9.000000,0.000000,0.0000,2.0000,-9.787139,6.472420,0.378988,33.00
5.560021,friction-sweep,foot_right_joint,RS02,-9.711589,9.000000,0.000000,0.0000,2.0000,-9.711589,6.454109,0.161089,33.00
5.568020,friction-sweep,foot_right_joint,RS02,-9.636040,9.000000,0.000000,0.0000,2.0000,-9.636040,6.508125,0.173540,33.00
5.576018,friction-sweep,foot_right_joint,RS02,-9.558956,9.000000,0.000000,0.0000,2.0000,-9.558956,6.491646,0.360312,33.00
5.584018,friction-sweep,foot_right_joint,RS02,-9.481488,9.000000,0.000000,0.0000,2.0000,-9.481488,6.656441,0.169390,33.00
5.592020,friction-sweep,foot_right_joint,RS02,-9.403638,9.000000,0.000000,0.0000,2.0000,-9.403638,6.628975,0.176653,33.00
5.600015,friction-sweep,foot_right_joint,RS02,-9.325020,9.000000,0.000000,0.0000,2.0000,-9.325020,6.713207,0.355642,33.00
5.608018,friction-sweep,foot_right_joint,RS02,-9.246019,9.000000,0.000000,0.0000,2.0000,-9.246019,6.716869,0.139818,33.00
5.616017,friction-sweep,foot_right_joint,RS02,-9.165867,9.000000,0.000000,0.0000,2.0000,-9.165867,6.921951,0.210377,33.00
5.624019,friction-sweep,foot_right_joint,RS02,-9.086099,9.000000,0.000000,0.0000,2.0000,-9.086099,6.852367,0.294422,33.00
5.632017,friction-sweep,foot_right_joint,RS02,-9.005180,9.000000,0.000000,0.0000,2.0000,-9.005180,6.953995,0.151751,33.00
5.640018,friction-sweep,foot_right_joint,RS02,-8.924261,9.000000,0.000000,0.0000,2.0000,-8.924261,6.886242,0.310505,33.00
5.648017,friction-sweep,foot_right_joint,RS02,-8.842192,9.000000,0.000000,0.0000,2.0000,-8.842192,7.093155,0.148119,33.00
5.656018,friction-sweep,foot_right_joint,RS02,-8.760123,9.000000,0.000000,0.0000,2.0000,-8.760123,7.073013,0.210377,33.00
5.664019,friction-sweep,foot_right_joint,RS02,-8.678054,9.000000,0.000000,0.0000,2.0000,-8.678054,7.055618,0.286640,33.00
5.672018,friction-sweep,foot_right_joint,RS02,-8.595218,9.000000,0.000000,0.0000,2.0000,-8.595218,7.068436,0.152269,33.00
5.680019,friction-sweep,foot_right_joint,RS02,-8.511997,9.000000,0.000000,0.0000,2.0000,-8.511997,7.086746,0.353567,33.00
5.688018,friction-sweep,foot_right_joint,RS02,-8.428778,9.000000,0.000000,0.0000,2.0000,-8.428778,7.021744,0.123217,33.00
5.696018,friction-sweep,foot_right_joint,RS02,-8.344791,9.000000,0.000000,0.0000,2.0000,-8.344791,7.131607,0.324512,33.00
5.704017,friction-sweep,foot_right_joint,RS02,-8.260805,9.000000,0.000000,0.0000,2.0000,-8.260805,7.164570,0.119066,33.00
5.712019,friction-sweep,foot_right_joint,RS02,-8.176435,9.000000,0.000000,0.0000,2.0000,-8.176435,7.241474,0.371206,33.00
5.720017,friction-sweep,foot_right_joint,RS02,-8.091681,9.000000,0.000000,0.0000,2.0000,-8.091681,7.227741,0.146044,33.00
5.728018,friction-sweep,foot_right_joint,RS02,-8.006543,9.000000,0.000000,0.0000,2.0000,-8.006543,7.421837,0.248768,33.00
5.736015,friction-sweep,foot_right_joint,RS02,-7.921790,9.000000,0.000000,0.0000,2.0000,-7.921790,7.232319,0.197405,33.00
5.744018,friction-sweep,foot_right_joint,RS02,-7.836269,9.000000,0.000000,0.0000,2.0000,-7.836269,7.241474,0.226978,33.00
5.752018,friction-sweep,foot_right_joint,RS02,-7.750748,9.000000,0.000000,0.0000,2.0000,-7.750748,7.277180,0.240467,33.00
5.760017,friction-sweep,foot_right_joint,RS02,-7.664844,9.000000,0.000000,0.0000,2.0000,-7.664844,7.382465,0.192736,33.00
5.768015,friction-sweep,foot_right_joint,RS02,-7.578556,9.000000,0.000000,0.0000,2.0000,-7.578556,7.383385,0.264332,33.00
5.776018,friction-sweep,foot_right_joint,RS02,-7.492652,9.000000,0.000000,0.0000,2.0000,-7.492652,7.361408,0.177172,33.00
5.784018,friction-sweep,foot_right_joint,RS02,-7.406364,9.000000,0.000000,0.0000,2.0000,-7.406364,7.406273,0.259663,33.00
5.792018,friction-sweep,foot_right_joint,RS02,-7.319693,9.000000,0.000000,0.0000,2.0000,-7.319693,7.409935,0.186510,33.00
5.800008,friction-sweep,foot_right_joint,RS02,-7.233022,9.000000,0.000000,0.0000,2.0000,-7.233022,7.366901,0.257587,33.00
5.808066,friction-sweep,foot_right_joint,RS02,-7.145584,9.000000,0.000000,0.0000,2.0000,-7.145584,7.383385,0.184435,33.00
5.816078,friction-sweep,foot_right_joint,RS02,-7.058912,9.000000,0.000000,0.0000,2.0000,-7.058912,7.341267,0.273151,33.00
5.828079,friction-sweep,foot_right_joint,RS02,-6.928522,9.000000,0.000000,0.0000,2.0000,-6.928522,7.344929,0.112841,33.00
5.836031,friction-sweep,foot_right_joint,RS02,-6.841467,9.000000,0.000000,0.0000,2.0000,-6.841467,7.353168,0.292866,33.00
5.844024,friction-sweep,foot_right_joint,RS02,-6.754029,9.000000,0.000000,0.0000,2.0000,-6.754029,7.528954,0.096758,33.00
5.852020,friction-sweep,foot_right_joint,RS02,-6.666591,9.000000,0.000000,0.0000,2.0000,-6.666591,7.372395,0.284046,33.00
5.860018,friction-sweep,foot_right_joint,RS02,-6.579153,9.000000,0.000000,0.0000,2.0000,-6.579153,7.425499,0.090014,33.00
5.872020,friction-sweep,foot_right_joint,RS02,-6.446845,9.000000,0.000000,0.0000,2.0000,-6.446845,7.474937,0.207264,33.00
5.880017,friction-sweep,foot_right_joint,RS02,-6.359023,9.000000,0.000000,0.0000,2.0000,-6.359023,7.501488,0.202595,33.00
5.892120,friction-sweep,foot_right_joint,RS02,-6.227482,9.000000,0.000000,0.0000,2.0000,-6.227482,7.498741,0.117510,33.00
5.900022,friction-sweep,foot_right_joint,RS02,-6.138893,9.000000,0.000000,0.0000,2.0000,-6.138893,7.627834,0.305317,33.00
5.908024,friction-sweep,foot_right_joint,RS02,-6.050688,9.000000,0.000000,0.0000,2.0000,-6.050688,7.492332,0.177172,33.00
5.916020,friction-sweep,foot_right_joint,RS02,-5.962482,9.000000,0.000000,0.0000,2.0000,-5.962482,7.505150,0.288715,33.00
5.924015,friction-sweep,foot_right_joint,RS02,-5.874278,9.000000,0.000000,0.0000,2.0000,-5.874278,7.613182,0.182360,33.00
5.932020,friction-sweep,foot_right_joint,RS02,-5.785689,9.000000,0.000000,0.0000,2.0000,-5.785689,7.611351,0.263813,33.00
5.940020,friction-sweep,foot_right_joint,RS02,-5.697484,9.000000,0.000000,0.0000,2.0000,-5.697484,7.547264,0.184435,33.00
5.948015,friction-sweep,foot_right_joint,RS02,-5.608894,9.000000,0.000000,0.0000,2.0000,-5.608894,7.634243,0.270557,33.00
5.956018,friction-sweep,foot_right_joint,RS02,-5.520689,9.000000,0.000000,0.0000,2.0000,-5.520689,7.453880,0.176134,33.00
5.964019,friction-sweep,foot_right_joint,RS02,-5.432101,9.000000,0.000000,0.0000,2.0000,-5.432101,7.494164,0.206226,33.00
5.972017,friction-sweep,foot_right_joint,RS02,-5.343512,9.000000,0.000000,0.0000,2.0000,-5.343512,7.564659,0.236835,33.00
5.980019,friction-sweep,foot_right_joint,RS02,-5.254540,9.000000,0.000000,0.0000,2.0000,-5.254540,7.587547,0.132555,33.00
5.988019,friction-sweep,foot_right_joint,RS02,-5.165184,9.000000,0.000000,0.0000,2.0000,-5.165184,7.596703,0.267445,33.00
5.996016,friction-sweep,foot_right_joint,RS02,-5.077362,9.000000,0.000000,0.0000,2.0000,-5.077362,7.559166,0.097277,33.00
6.004019,friction-sweep,foot_right_joint,RS02,-4.988390,9.000000,0.000000,0.0000,2.0000,-4.988390,7.586632,0.290791,33.00
6.012018,friction-sweep,foot_right_joint,RS02,-4.899418,9.000000,0.000000,0.0000,2.0000,-4.899418,7.560997,0.108690,33.00
6.024014,friction-sweep,foot_right_joint,RS02,-4.765959,9.000000,0.000000,0.0000,2.0000,-4.765959,7.586632,0.210377,33.00
6.032012,friction-sweep,foot_right_joint,RS02,-4.676987,9.000000,0.000000,0.0000,2.0000,-4.676987,7.666286,0.143969,33.00
6.040020,friction-sweep,foot_right_joint,RS02,-4.588015,9.000000,0.000000,0.0000,2.0000,-4.588015,7.660793,0.276783,33.00
6.048021,friction-sweep,foot_right_joint,RS02,-4.499043,9.000000,0.000000,0.0000,2.0000,-4.499043,7.604027,0.121141,33.00
6.056018,friction-sweep,foot_right_joint,RS02,-4.409304,9.000000,0.000000,0.0000,2.0000,-4.409304,7.641567,0.292866,33.00
6.064022,friction-sweep,foot_right_joint,RS02,-4.320332,9.000000,0.000000,0.0000,2.0000,-4.320332,7.604027,0.120623,33.00
6.076063,friction-sweep,foot_right_joint,RS02,-4.186872,9.000000,0.000000,0.0000,2.0000,-4.186872,7.671780,0.228535,33.00
6.084041,friction-sweep,foot_right_joint,RS02,-4.097517,9.000000,0.000000,0.0000,2.0000,-4.097517,7.603111,0.149157,33.00
6.092039,friction-sweep,foot_right_joint,RS02,-4.008162,9.000000,0.000000,0.0000,2.0000,-4.008162,7.711147,0.280415,33.00
6.100028,friction-sweep,foot_right_joint,RS02,-3.919189,9.000000,0.000000,0.0000,2.0000,-3.919189,7.636990,0.117510,33.00
6.108017,friction-sweep,foot_right_joint,RS02,-3.830601,9.000000,0.000000,0.0000,2.0000,-3.830601,7.538109,0.232166,33.00
6.116024,friction-sweep,foot_right_joint,RS02,-3.741244,9.000000,0.000000,0.0000,2.0000,-3.741244,7.594872,0.122698,33.00
6.124021,friction-sweep,foot_right_joint,RS02,-3.651889,9.000000,0.000000,0.0000,2.0000,-3.651889,7.631496,0.305317,33.00
6.132015,friction-sweep,foot_right_joint,RS02,-3.562533,9.000000,0.000000,0.0000,2.0000,-3.562533,7.625088,0.159014,33.00
6.140023,friction-sweep,foot_right_joint,RS02,-3.473561,9.000000,0.000000,0.0000,2.0000,-3.473561,7.595787,0.279377,33.00
6.148018,friction-sweep,foot_right_joint,RS02,-3.384205,9.000000,0.000000,0.0000,2.0000,-3.384205,7.541771,0.164721,33.00
6.156013,friction-sweep,foot_right_joint,RS02,-3.295233,9.000000,0.000000,0.0000,2.0000,-3.295233,7.615929,0.230610,33.00
6.164021,friction-sweep,foot_right_joint,RS02,-3.205493,9.000000,0.000000,0.0000,2.0000,-3.205493,7.613182,0.201038,33.00
6.172016,friction-sweep,foot_right_joint,RS02,-3.116904,9.000000,0.000000,0.0000,2.0000,-3.116904,7.550926,0.202076,33.00
6.180014,friction-sweep,foot_right_joint,RS02,-3.027165,9.000000,0.000000,0.0000,2.0000,-3.027165,7.614098,0.245136,33.00
6.188020,friction-sweep,foot_right_joint,RS02,-2.938193,9.000000,0.000000,0.0000,2.0000,-2.938193,7.614098,0.153826,33.00
6.200050,friction-sweep,foot_right_joint,RS02,-2.803584,9.000000,0.000000,0.0000,2.0000,-2.803584,7.658047,0.179766,33.00
6.208049,friction-sweep,foot_right_joint,RS02,-2.714612,9.000000,0.000000,0.0000,2.0000,-2.714612,7.635159,0.222828,33.00
6.216033,friction-sweep,foot_right_joint,RS02,-2.625257,9.000000,0.000000,0.0000,2.0000,-2.625257,7.635159,0.224384,33.00
6.224030,friction-sweep,foot_right_joint,RS02,-2.535901,9.000000,0.000000,0.0000,2.0000,-2.535901,7.604027,0.187548,33.00
6.232027,friction-sweep,foot_right_joint,RS02,-2.445778,9.000000,0.000000,0.0000,2.0000,-2.445778,7.646145,0.243580,33.00
6.240024,friction-sweep,foot_right_joint,RS02,-2.356422,9.000000,0.000000,0.0000,2.0000,-2.356422,7.603111,0.090014,33.00
6.248022,friction-sweep,foot_right_joint,RS02,-2.267450,9.000000,0.000000,0.0000,2.0000,-2.267450,7.639736,0.331257,33.00
6.256057,friction-sweep,foot_right_joint,RS02,-2.178094,9.000000,0.000000,0.0000,2.0000,-2.178094,7.631496,0.115953,33.00
6.264053,friction-sweep,foot_right_joint,RS02,-2.088355,9.000000,0.000000,0.0000,2.0000,-2.088355,7.678188,0.279377,33.00
6.272033,friction-sweep,foot_right_joint,RS02,-1.999000,9.000000,0.000000,0.0000,2.0000,-1.999000,7.578392,0.193254,33.00
6.280019,friction-sweep,foot_right_joint,RS02,-1.909260,9.000000,0.000000,0.0000,2.0000,-1.909260,7.707485,0.235798,33.00
6.288023,friction-sweep,foot_right_joint,RS02,-1.819904,9.000000,0.000000,0.0000,2.0000,-1.819904,7.590294,0.173021,33.00
6.296019,friction-sweep,foot_right_joint,RS02,-1.730548,9.000000,0.000000,0.0000,2.0000,-1.730548,7.722134,0.250324,33.00
6.304018,friction-sweep,foot_right_joint,RS02,-1.640809,9.000000,0.000000,0.0000,2.0000,-1.640809,7.599449,0.200520,33.00
6.312022,friction-sweep,foot_right_joint,RS02,-1.551070,9.000000,0.000000,0.0000,2.0000,-1.551070,7.554588,0.160051,33.00
6.320022,friction-sweep,foot_right_joint,RS02,-1.461715,9.000000,0.000000,0.0000,2.0000,-1.461715,7.557335,0.248768,33.00
6.328016,friction-sweep,foot_right_joint,RS02,-1.372358,9.000000,0.000000,0.0000,2.0000,-1.372358,7.711147,0.139818,33.00
6.336021,friction-sweep,foot_right_joint,RS02,-1.282619,9.000000,0.000000,0.0000,2.0000,-1.282619,7.622341,0.316212,33.00
6.344020,friction-sweep,foot_right_joint,RS02,-1.192880,9.000000,0.000000,0.0000,2.0000,-1.192880,7.627834,0.081713,33.00
6.352015,friction-sweep,foot_right_joint,RS02,-1.103524,9.000000,0.000000,0.0000,2.0000,-1.103524,7.602196,0.288197,33.00
6.360019,friction-sweep,foot_right_joint,RS02,-1.014169,9.000000,0.000000,0.0000,2.0000,-1.014169,7.604027,0.165758,33.00
6.368021,friction-sweep,foot_right_joint,RS02,-0.924430,9.000000,0.000000,0.0000,2.0000,-0.924430,7.662624,0.277821,33.00
6.376013,friction-sweep,foot_right_joint,RS02,-0.834690,9.000000,0.000000,0.0000,2.0000,-0.834690,7.712063,0.162127,33.00
6.384022,friction-sweep,foot_right_joint,RS02,-0.744950,9.000000,0.000000,0.0000,2.0000,-0.744950,7.712978,0.245655,33.00
6.392020,friction-sweep,foot_right_joint,RS02,-0.655978,9.000000,0.000000,0.0000,2.0000,-0.655978,7.636990,0.187548,33.00
6.400016,friction-sweep,foot_right_joint,RS02,-0.566623,-9.000000,0.000000,0.0000,2.0000,-0.566623,7.619595,0.158495,33.00
6.408020,friction-sweep,foot_right_joint,RS02,-0.476884,-9.000000,0.000000,0.0000,2.0000,-0.476884,7.619595,0.293385,33.00
6.416018,friction-sweep,foot_right_joint,RS02,-0.389445,-9.000000,0.000000,0.0000,2.0000,-0.389445,7.222248,-0.316214,33.00
6.424014,friction-sweep,foot_right_joint,RS02,-0.310061,-9.000000,0.000000,0.0000,2.0000,-0.310061,6.445869,-0.291828,33.00
6.432021,friction-sweep,foot_right_joint,RS02,-0.239496,-9.000000,0.000000,0.0000,2.0000,-0.239496,5.686882,-0.215046,33.00
6.440018,friction-sweep,foot_right_joint,RS02,-0.177753,-9.000000,0.000000,0.0000,2.0000,-0.177753,4.999313,-0.196369,33.00
6.448190,friction-sweep,foot_right_joint,RS02,-0.124447,-9.000000,0.000000,0.0000,2.0000,-0.124447,4.215611,-0.198963,33.00
6.456030,friction-sweep,foot_right_joint,RS02,-0.079576,-9.000000,0.000000,0.0000,2.0000,-0.079576,3.618675,-0.260181,33.00
6.464021,friction-sweep,foot_right_joint,RS02,-0.043144,-9.000000,0.000000,0.0000,2.0000,-0.043144,2.959488,-0.345266,33.00
6.472016,friction-sweep,foot_right_joint,RS02,-0.013614,-9.000000,0.000000,0.0000,2.0000,-0.013614,2.268253,-0.132555,33.00
6.480019,friction-sweep,foot_right_joint,RS02,0.007478,-9.000000,0.000000,0.0000,2.0000,0.007478,1.532160,-0.234241,33.00
6.488018,friction-sweep,foot_right_joint,RS02,0.022051,-9.000000,0.000000,0.0000,2.0000,0.022051,0.834518,-0.510246,33.00
6.496016,friction-sweep,foot_right_joint,RS02,0.027420,-9.000000,0.000000,0.0000,2.0000,0.027420,0.038910,-0.534630,33.00
6.504021,friction-sweep,foot_right_joint,RS02,0.023201,-9.000000,0.000000,0.0000,2.0000,0.023201,-0.621195,-0.662775,33.00
6.512021,friction-sweep,foot_right_joint,RS02,0.013998,-9.000000,0.000000,0.0000,2.0000,0.013998,-1.011215,-0.512321,33.00
6.520016,friction-sweep,foot_right_joint,RS02,-0.000192,-9.000000,0.000000,0.0000,2.0000,-0.000192,-1.359121,-0.357718,33.00
6.528023,friction-sweep,foot_right_joint,RS02,-0.018216,-9.000000,0.000000,0.0000,2.0000,-0.018216,-1.693293,-0.237354,33.00
6.536016,friction-sweep,foot_right_joint,RS02,-0.040076,-9.000000,0.000000,0.0000,2.0000,-0.040076,-2.010986,-0.449547,33.00
6.544020,friction-sweep,foot_right_joint,RS02,-0.064620,-9.000000,0.000000,0.0000,2.0000,-0.064620,-2.252689,-0.284046,33.00
6.552017,friction-sweep,foot_right_joint,RS02,-0.092232,-9.000000,0.000000,0.0000,2.0000,-0.092232,-2.378119,-0.400259,33.00
6.560023,friction-sweep,foot_right_joint,RS02,-0.122912,-9.000000,0.000000,0.0000,2.0000,-0.122912,-2.732433,-0.279377,33.00
6.568066,friction-sweep,foot_right_joint,RS02,-0.156660,-9.000000,0.000000,0.0000,2.0000,-0.156660,-2.899977,-0.405966,33.00
6.576045,friction-sweep,foot_right_joint,RS02,-0.192709,-9.000000,0.000000,0.0000,2.0000,-0.192709,-3.240559,-0.239429,33.00
6.584032,friction-sweep,foot_right_joint,RS02,-0.231060,-9.000000,0.000000,0.0000,2.0000,-0.231060,-3.449301,-0.314657,33.00
6.592024,friction-sweep,foot_right_joint,RS02,-0.272095,-9.000000,0.000000,0.0000,2.0000,-0.272095,-3.537193,-0.385214,33.00
6.600021,friction-sweep,foot_right_joint,RS02,-0.315045,-9.000000,0.000000,0.0000,2.0000,-0.315045,-3.743191,-0.297535,33.00
6.608020,friction-sweep,foot_right_joint,RS02,-0.360299,-9.000000,0.000000,0.0000,2.0000,-0.360299,-3.843901,-0.187550,33.00
6.616018,friction-sweep,foot_right_joint,RS02,-0.407853,-9.000000,0.000000,0.0000,2.0000,-0.407853,-4.115816,-0.236317,33.00
6.624021,friction-sweep,foot_right_joint,RS02,-0.457325,-9.000000,0.000000,0.0000,2.0000,-0.457325,-4.391394,-0.318289,33.00
6.632018,friction-sweep,foot_right_joint,RS02,-0.509097,-9.000000,0.000000,0.0000,2.0000,-0.509097,-4.395058,-0.410635,33.00
6.640016,friction-sweep,foot_right_joint,RS02,-0.562787,-9.000000,0.000000,0.0000,2.0000,-0.562787,-4.692608,-0.353048,33.00
6.648017,friction-sweep,foot_right_joint,RS02,-0.618012,-9.000000,0.000000,0.0000,2.0000,-0.618012,-4.798809,-0.376394,33.00
6.656018,friction-sweep,foot_right_joint,RS02,-0.674770,-9.000000,0.000000,0.0000,2.0000,-0.674770,-4.911421,-0.343710,33.00
6.664019,friction-sweep,foot_right_joint,RS02,-0.733063,-9.000000,0.000000,0.0000,2.0000,-0.733063,-5.054245,-0.339041,33.00
6.672018,friction-sweep,foot_right_joint,RS02,-0.792505,-9.000000,0.000000,0.0000,2.0000,-0.792505,-5.102770,-0.350454,33.00
6.680018,friction-sweep,foot_right_joint,RS02,-0.854248,-9.000000,0.000000,0.0000,2.0000,-0.854248,-5.246510,-0.382101,33.00
6.688017,friction-sweep,foot_right_joint,RS02,-0.916759,-9.000000,0.000000,0.0000,2.0000,-0.916759,-5.405813,-0.369650,33.00
6.696059,friction-sweep,foot_right_joint,RS02,-0.981571,-9.000000,0.000000,0.0000,2.0000,-0.981571,-5.451591,-0.298573,33.00
6.704035,friction-sweep,foot_right_joint,RS02,-1.047150,-9.000000,0.000000,0.0000,2.0000,-1.047150,-5.622797,-0.191181,33.00
6.712025,friction-sweep,foot_right_joint,RS02,-1.112728,-9.000000,0.000000,0.0000,2.0000,-1.112728,-5.687801,-0.197926,33.00
6.720023,friction-sweep,foot_right_joint,RS02,-1.179841,-9.000000,0.000000,0.0000,2.0000,-1.179841,-5.693295,-0.188587,33.00
6.728020,friction-sweep,foot_right_joint,RS02,-1.248487,-9.000000,0.000000,0.0000,2.0000,-1.248487,-5.854429,-0.310507,33.00
6.736018,friction-sweep,foot_right_joint,RS02,-1.318285,-9.000000,0.000000,0.0000,2.0000,-1.318285,-5.952393,-0.384695,33.00
6.744019,friction-sweep,foot_right_joint,RS02,-1.389233,-9.000000,0.000000,0.0000,2.0000,-1.389233,-6.036623,-0.265888,33.00
6.752017,friction-sweep,foot_right_joint,RS02,-1.460947,-9.000000,0.000000,0.0000,2.0000,-1.460947,-6.198673,-0.162127,33.00
6.760018,friction-sweep,foot_right_joint,RS02,-1.533046,-9.000000,0.000000,0.0000,2.0000,-1.533046,-6.216068,-0.247730,33.00
6.768019,friction-sweep,foot_right_joint,RS02,-1.606678,-9.000000,0.000000,0.0000,2.0000,-1.606678,-6.301214,-0.315695,33.00
6.776017,friction-sweep,foot_right_joint,RS02,-1.680694,-9.000000,0.000000,0.0000,2.0000,-1.680694,-6.481575,-0.181843,33.00
6.784017,friction-sweep,foot_right_joint,RS02,-1.755093,-9.000000,0.000000,0.0000,2.0000,-1.755093,-6.422066,-0.200520,33.00
6.792019,friction-sweep,foot_right_joint,RS02,-1.831025,-9.000000,0.000000,0.0000,2.0000,-1.831025,-6.472420,-0.307913,33.00
6.800020,friction-sweep,foot_right_joint,RS02,-1.907343,-9.000000,0.000000,0.0000,2.0000,-1.907343,-6.482491,-0.251362,33.00
6.808019,friction-sweep,foot_right_joint,RS02,-1.984426,-9.000000,0.000000,0.0000,2.0000,-1.984426,-6.454109,-0.158495,33.00
6.816020,friction-sweep,foot_right_joint,RS02,-2.061127,-9.000000,0.000000,0.0000,2.0000,-2.061127,-6.597847,-0.294941,33.00
6.824018,friction-sweep,foot_right_joint,RS02,-2.140128,-9.000000,0.000000,0.0000,2.0000,-2.140128,-6.726023,-0.264851,33.00
6.832019,friction-sweep,foot_right_joint,RS02,-2.219129,-9.000000,0.000000,0.0000,2.0000,-2.219129,-6.740673,-0.148638,33.00
6.840019,friction-sweep,foot_right_joint,RS02,-2.298130,-9.000000,0.000000,0.0000,2.0000,-2.298130,-6.715952,-0.298573,33.00
6.848067,friction-sweep,foot_right_joint,RS02,-2.377898,-9.000000,0.000000,0.0000,2.0000,-2.377898,-6.845043,-0.198963,33.00
6.856042,friction-sweep,foot_right_joint,RS02,-2.458050,-9.000000,0.000000,0.0000,2.0000,-2.458050,-6.801098,-0.207783,33.00
6.864036,friction-sweep,foot_right_joint,RS02,-2.538969,-9.000000,0.000000,0.0000,2.0000,-2.538969,-6.935682,-0.318808,33.00
6.872024,friction-sweep,foot_right_joint,RS02,-2.620654,-9.000000,0.000000,0.0000,2.0000,-2.620654,-6.970472,-0.157457,33.00
6.880019,friction-sweep,foot_right_joint,RS02,-2.701573,-9.000000,0.000000,0.0000,2.0000,-2.701573,-6.945753,-0.305838,33.00
6.888022,friction-sweep,foot_right_joint,RS02,-2.783643,-9.000000,0.000000,0.0000,2.0000,-2.783643,-6.952162,-0.178211,33.00
6.896021,friction-sweep,foot_right_joint,RS02,-2.866095,-9.000000,0.000000,0.0000,2.0000,-2.866095,-7.032730,-0.222828,33.00
6.904016,friction-sweep,foot_right_joint,RS02,-2.948932,-9.000000,0.000000,0.0000,2.0000,-2.948932,-7.124285,-0.266926,33.00
6.912021,friction-sweep,foot_right_joint,RS02,-3.032151,-9.000000,0.000000,0.0000,2.0000,-3.032151,-6.952162,-0.152788,33.00
6.920021,friction-sweep,foot_right_joint,RS02,-3.115754,-9.000000,0.000000,0.0000,2.0000,-3.115754,-7.040054,-0.325033,33.00
6.928015,friction-sweep,foot_right_joint,RS02,-3.198974,-9.000000,0.000000,0.0000,2.0000,-3.198974,-7.222248,-0.125292,33.00
6.936021,friction-sweep,foot_right_joint,RS02,-3.283728,-9.000000,0.000000,0.0000,2.0000,-3.283728,-7.194780,-0.290272,33.00
6.944019,friction-sweep,foot_right_joint,RS02,-3.368098,-9.000000,0.000000,0.0000,2.0000,-3.368098,-7.134356,-0.179768,33.00
6.952017,friction-sweep,foot_right_joint,RS02,-3.452851,-9.000000,0.000000,0.0000,2.0000,-3.452851,-7.262531,-0.301168,33.00
6.960021,friction-sweep,foot_right_joint,RS02,-3.537605,-9.000000,0.000000,0.0000,2.0000,-3.537605,-7.285419,-0.149157,33.00
6.972099,friction-sweep,foot_right_joint,RS02,-3.664928,-9.000000,0.000000,0.0000,2.0000,-3.664928,-7.352255,-0.124773,33.00
6.984018,friction-sweep,foot_right_joint,RS02,-3.793401,-9.000000,0.000000,0.0000,2.0000,-3.793401,-7.233234,-0.240986,33.00
6.996016,friction-sweep,foot_right_joint,RS02,-3.922257,-9.000000,0.000000,0.0000,2.0000,-3.922257,-7.296406,-0.278339,33.00
7.008075,friction-sweep,foot_right_joint,RS02,-4.051881,-9.000000,0.000000,0.0000,2.0000,-4.051881,-7.366903,-0.220234,33.00
7.016030,friction-sweep,foot_right_joint,RS02,-4.137784,-9.000000,0.000000,0.0000,2.0000,-4.137784,-7.420919,-0.220753,33.00
7.024025,friction-sweep,foot_right_joint,RS02,-4.224456,-9.000000,0.000000,0.0000,2.0000,-4.224456,-7.259785,-0.263294,33.00
7.032021,friction-sweep,foot_right_joint,RS02,-4.310743,-9.000000,0.000000,0.0000,2.0000,-4.310743,-7.340353,-0.197926,33.00
7.040026,friction-sweep,foot_right_joint,RS02,-4.397799,-9.000000,0.000000,0.0000,2.0000,-4.397799,-7.365988,-0.234760,33.00
7.048046,friction-sweep,foot_right_joint,RS02,-4.484469,-9.000000,0.000000,0.0000,2.0000,-4.484469,-7.474022,-0.177174,33.00
7.056026,friction-sweep,foot_right_joint,RS02,-4.571524,-9.000000,0.000000,0.0000,2.0000,-4.571524,-7.444725,-0.259663,33.00
7.064020,friction-sweep,foot_right_joint,RS02,-4.658963,-9.000000,0.000000,0.0000,2.0000,-4.658963,-7.387960,-0.199482,33.00
7.072020,friction-sweep,foot_right_joint,RS02,-4.746017,-9.000000,0.000000,0.0000,2.0000,-4.746017,-7.409933,-0.240467,33.00
7.080019,friction-sweep,foot_right_joint,RS02,-4.833455,-9.000000,0.000000,0.0000,2.0000,-4.833455,-7.444725,-0.209858,33.00
7.088019,friction-sweep,foot_right_joint,RS02,-4.920894,-9.000000,0.000000,0.0000,2.0000,-4.920894,-7.454796,-0.212971,33.00
7.096020,friction-sweep,foot_right_joint,RS02,-5.008716,-9.000000,0.000000,0.0000,2.0000,-5.008716,-7.609522,-0.207783,33.00
7.104019,friction-sweep,foot_right_joint,RS02,-5.096538,-9.000000,0.000000,0.0000,2.0000,-5.096538,-7.528038,-0.143450,33.00
7.112020,friction-sweep,foot_right_joint,RS02,-5.183976,-9.000000,0.000000,0.0000,2.0000,-5.183976,-7.440145,-0.253956,33.00
7.120018,friction-sweep,foot_right_joint,RS02,-5.272181,-9.000000,0.000000,0.0000,2.0000,-5.272181,-7.562830,-0.156939,33.00
7.128019,friction-sweep,foot_right_joint,RS02,-5.360003,-9.000000,0.000000,0.0000,2.0000,-5.360003,-7.514305,-0.225422,33.00
7.136024,friction-sweep,foot_right_joint,RS02,-5.448208,-9.000000,0.000000,0.0000,2.0000,-5.448208,-7.525291,-0.182362,33.00
7.144066,friction-sweep,foot_right_joint,RS02,-5.537180,-9.000000,0.000000,0.0000,2.0000,-5.537180,-7.528954,-0.281971,33.00
7.152037,friction-sweep,foot_right_joint,RS02,-5.624619,-9.000000,0.000000,0.0000,2.0000,-5.624619,-7.489586,-0.152788,33.00
7.160024,friction-sweep,foot_right_joint,RS02,-5.713207,-9.000000,0.000000,0.0000,2.0000,-5.713207,-7.591211,-0.288715,33.00
7.168017,friction-sweep,foot_right_joint,RS02,-5.801795,-9.000000,0.000000,0.0000,2.0000,-5.801795,-7.595789,-0.137743,33.00
7.176019,friction-sweep,foot_right_joint,RS02,-5.890001,-9.000000,0.000000,0.0000,2.0000,-5.890001,-7.486839,-0.236835,33.00
7.184017,friction-sweep,foot_right_joint,RS02,-5.978590,-9.000000,0.000000,0.0000,2.0000,-5.978590,-7.494164,-0.125811,33.00
7.192014,friction-sweep,foot_right_joint,RS02,-6.066795,-9.000000,0.000000,0.0000,2.0000,-6.066795,-7.458458,-0.278858,33.00
7.200016,friction-sweep,foot_right_joint,RS02,-6.155767,-9.000000,0.000000,0.0000,2.0000,-6.155767,-7.593958,-0.160051,33.00
7.208016,friction-sweep,foot_right_joint,RS02,-6.244740,-9.000000,0.000000,0.0000,2.0000,-6.244740,-7.617762,-0.288715,33.00
7.216016,friction-sweep,foot_right_joint,RS02,-6.332945,-9.000000,0.000000,0.0000,2.0000,-6.332945,-7.464867,-0.149157,33.00
7.224016,friction-sweep,foot_right_joint,RS02,-6.421917,-9.000000,0.000000,0.0000,2.0000,-6.421917,-7.521629,-0.229572,33.00
7.232015,friction-sweep,foot_right_joint,RS02,-6.510889,-9.000000,0.000000,0.0000,2.0000,-6.510889,-7.575647,-0.207264,33.00
7.240015,friction-sweep,foot_right_joint,RS02,-6.599862,-9.000000,0.000000,0.0000,2.0000,-6.599862,-7.593958,-0.219196,33.00
7.248017,friction-sweep,foot_right_joint,RS02,-6.688834,-9.000000,0.000000,0.0000,2.0000,-6.688834,-7.542686,-0.234760,33.00
7.256014,friction-sweep,foot_right_joint,RS02,-6.777806,-9.000000,0.000000,0.0000,2.0000,-6.777806,-7.535362,-0.138781,33.00
7.264069,friction-sweep,foot_right_joint,RS02,-6.867162,-9.000000,0.000000,0.0000,2.0000,-6.867162,-7.613184,-0.282490,33.00
7.272039,friction-sweep,foot_right_joint,RS02,-6.955367,-9.000000,0.000000,0.0000,2.0000,-6.955367,-7.497826,-0.153307,33.00
7.280036,friction-sweep,foot_right_joint,RS02,-7.045106,-9.000000,0.000000,0.0000,2.0000,-7.045106,-7.615931,-0.283527,33.00
7.288023,friction-sweep,foot_right_joint,RS02,-7.133695,-9.000000,0.000000,0.0000,2.0000,-7.133695,-7.501488,-0.094683,33.00
7.296019,friction-sweep,foot_right_joint,RS02,-7.223051,-9.000000,0.000000,0.0000,2.0000,-7.223051,-7.681850,-0.293385,33.00
7.304021,friction-sweep,foot_right_joint,RS02,-7.312790,-9.000000,0.000000,0.0000,2.0000,-7.312790,-7.632410,-0.135149,33.00
7.312019,friction-sweep,foot_right_joint,RS02,-7.401379,-9.000000,0.000000,0.0000,2.0000,-7.401379,-7.704739,-0.301168,33.00
7.320017,friction-sweep,foot_right_joint,RS02,-7.490735,-9.000000,0.000000,0.0000,2.0000,-7.490735,-7.606775,-0.128405,33.00
7.328022,friction-sweep,foot_right_joint,RS02,-7.580090,-9.000000,0.000000,0.0000,2.0000,-7.580090,-7.656214,-0.280933,33.00
7.336022,friction-sweep,foot_right_joint,RS02,-7.669829,-9.000000,0.000000,0.0000,2.0000,-7.669829,-7.559168,-0.233723,33.00
7.344016,friction-sweep,foot_right_joint,RS02,-7.758418,-9.000000,0.000000,0.0000,2.0000,-7.758418,-7.565577,-0.175617,33.00
7.352021,friction-sweep,foot_right_joint,RS02,-7.848541,-9.000000,0.000000,0.0000,2.0000,-7.848541,-7.623255,-0.247730,33.00
7.360019,friction-sweep,foot_right_joint,RS02,-7.937897,-9.000000,0.000000,0.0000,2.0000,-7.937897,-7.648890,-0.165239,33.00
7.368016,friction-sweep,foot_right_joint,RS02,-8.026869,-9.000000,0.000000,0.0000,2.0000,-8.026869,-7.542686,-0.289234,33.00
7.376020,friction-sweep,foot_right_joint,RS02,-8.116608,-9.000000,0.000000,0.0000,2.0000,-8.116608,-7.642481,-0.151232,33.00
7.384017,friction-sweep,foot_right_joint,RS02,-8.205963,-9.000000,0.000000,0.0000,2.0000,-8.205963,-7.606775,-0.294422,33.00
7.392017,friction-sweep,foot_right_joint,RS02,-8.295703,-9.000000,0.000000,0.0000,2.0000,-8.295703,-7.589380,-0.126329,33.00
7.400021,friction-sweep,foot_right_joint,RS02,-8.385443,-9.000000,0.000000,0.0000,2.0000,-8.385443,-7.650721,-0.307913,33.00
7.408020,friction-sweep,foot_right_joint,RS02,-8.475182,-9.000000,0.000000,0.0000,2.0000,-8.475182,-7.725796,-0.145006,33.00
7.416017,friction-sweep,foot_right_joint,RS02,-8.564154,-9.000000,0.000000,0.0000,2.0000,-8.564154,-7.663538,-0.232685,33.00
7.424020,friction-sweep,foot_right_joint,RS02,-8.654277,-9.000000,0.000000,0.0000,2.0000,-8.654277,-7.620508,-0.237873,33.00
7.432019,friction-sweep,foot_right_joint,RS02,-8.743249,-9.000000,0.000000,0.0000,2.0000,-8.743249,-7.635157,-0.170429,33.00
7.440015,friction-sweep,foot_right_joint,RS02,-8.832604,-9.000000,0.000000,0.0000,2.0000,-8.832604,-7.593042,-0.245136,33.00
7.448018,friction-sweep,foot_right_joint,RS02,-8.923111,-9.000000,0.000000,0.0000,2.0000,-8.923111,-7.569239,-0.172504,33.00
7.456018,friction-sweep,foot_right_joint,RS02,-9.012466,-9.000000,0.000000,0.0000,2.0000,-9.012466,-7.560083,-0.317770,33.00
7.464014,friction-sweep,foot_right_joint,RS02,-9.101439,-9.000000,0.000000,0.0000,2.0000,-9.101439,-7.554588,-0.155382,33.00
7.472019,friction-sweep,foot_right_joint,RS02,-9.191562,-9.000000,0.000000,0.0000,2.0000,-9.191562,-7.678188,-0.290791,33.00
7.480019,friction-sweep,foot_right_joint,RS02,-9.281301,-9.000000,0.000000,0.0000,2.0000,-9.281301,-7.652552,-0.072893,33.00
7.488018,friction-sweep,foot_right_joint,RS02,-9.370657,-9.000000,0.000000,0.0000,2.0000,-9.370657,-7.523460,-0.282490,33.00
7.496020,friction-sweep,foot_right_joint,RS02,-9.460396,-9.000000,0.000000,0.0000,2.0000,-9.460396,-7.541771,-0.153307,33.00
7.504021,friction-sweep,foot_right_joint,RS02,-9.549751,-9.000000,0.000000,0.0000,2.0000,-9.549751,-7.559168,-0.234241,33.00
7.512094,friction-sweep,foot_right_joint,RS02,-9.639491,-9.000000,0.000000,0.0000,2.0000,-9.639491,-7.732204,-0.228535,33.00
7.520021,friction-sweep,foot_right_joint,RS02,-9.729230,-9.000000,0.000000,0.0000,2.0000,-9.729230,-7.675440,-0.152269,33.00
7.528020,friction-sweep,foot_right_joint,RS02,-9.818970,-9.000000,0.000000,0.0000,2.0000,-9.818970,-7.756008,-0.255512,33.00
7.536016,friction-sweep,foot_right_joint,RS02,-9.908709,-9.000000,0.000000,0.0000,2.0000,-9.908709,-7.644312,-0.125811,33.00
7.544020,friction-sweep,foot_right_joint,RS02,-9.998447,-9.000000,0.000000,0.0000,2.0000,-9.998447,-7.554588,-0.293385,33.00
7.552018,friction-sweep,foot_right_joint,RS02,-10.088187,-9.000000,0.000000,0.0000,2.0000,-10.088187,-7.600367,-0.090532,33.00
7.560019,friction-sweep,foot_right_joint,RS02,-10.177543,-9.000000,0.000000,0.0000,2.0000,-10.177543,-7.597620,-0.295460,33.00
7.568020,friction-sweep,foot_right_joint,RS02,-10.267282,-9.000000,0.000000,0.0000,2.0000,-10.267282,-7.631495,-0.146044,33.00
7.580014,friction-sweep,foot_right_joint,RS02,-10.401507,-9.000000,0.000000,0.0000,2.0000,-10.401507,-7.704739,-0.274189,33.00
7.588060,friction-sweep,foot_right_joint,RS02,-10.491631,-9.000000,0.000000,0.0000,2.0000,-10.491631,-7.647974,-0.110247,33.00
7.600052,friction-sweep,foot_right_joint,RS02,-10.625855,12.000000,0.000000,0.0000,2.0000,-10.625855,-7.692837,-0.206226,33.00
7.608052,friction-sweep,foot_right_joint,RS02,-10.715979,12.000000,0.000000,0.0000,2.0000,-10.715979,-7.635157,-0.178730,33.00
7.616077,friction-sweep,foot_right_joint,RS02,-10.802266,12.000000,0.000000,0.0000,2.0000,-10.802266,-7.088577,0.278339,33.00
7.624057,friction-sweep,foot_right_joint,RS02,-10.880884,12.000000,0.000000,0.0000,2.0000,-10.880884,-6.223392,0.366537,33.00
7.632036,friction-sweep,foot_right_joint,RS02,-10.947996,12.000000,0.000000,0.0000,2.0000,-10.947996,-5.292286,0.487938,33.00
7.640018,friction-sweep,foot_right_joint,RS02,-11.004755,12.000000,0.000000,0.0000,2.0000,-11.004755,-4.589151,0.478081,33.00
7.648022,friction-sweep,foot_right_joint,RS02,-11.051158,12.000000,0.000000,0.0000,2.0000,-11.051158,-3.640650,0.343191,33.00
7.660015,friction-sweep,foot_right_joint,RS02,-11.103314,12.000000,0.000000,0.0000,2.0000,-11.103314,-2.374456,0.236835,33.00
7.668014,friction-sweep,foot_right_joint,RS02,-11.126708,12.000000,0.000000,0.0000,2.0000,-11.126708,-1.750973,0.405447,33.00
7.676024,friction-sweep,foot_right_joint,RS02,-11.140514,12.000000,0.000000,0.0000,2.0000,-11.140514,-0.731976,0.620234,33.00
7.684014,friction-sweep,foot_right_joint,RS02,-11.141281,12.000000,0.000000,0.0000,2.0000,-11.141281,0.406044,0.612452,33.00
7.692021,friction-sweep,foot_right_joint,RS02,-11.131694,12.000000,0.000000,0.0000,2.0000,-11.131694,1.019455,0.607782,33.00
7.700019,friction-sweep,foot_right_joint,RS02,-11.116737,12.000000,0.000000,0.0000,2.0000,-11.116737,1.460745,0.523216,33.00
7.708014,friction-sweep,foot_right_joint,RS02,-11.096795,12.000000,0.000000,0.0000,2.0000,-11.096795,1.830626,0.390921,33.00
7.716022,friction-sweep,foot_right_joint,RS02,-11.071484,12.000000,0.000000,0.0000,2.0000,-11.071484,2.294804,0.547081,33.00
7.724020,friction-sweep,foot_right_joint,RS02,-11.041571,12.000000,0.000000,0.0000,2.0000,-11.041571,2.618904,0.331257,33.00
7.732016,friction-sweep,foot_right_joint,RS02,-11.007439,12.000000,0.000000,0.0000,2.0000,-11.007439,3.075760,0.525291,33.00
7.740021,friction-sweep,foot_right_joint,RS02,-10.969473,12.000000,0.000000,0.0000,2.0000,-10.969473,3.435570,0.380545,33.00
7.748019,friction-sweep,foot_right_joint,RS02,-10.926904,12.000000,0.000000,0.0000,2.0000,-10.926904,3.766079,0.326069,33.00
7.756015,friction-sweep,foot_right_joint,RS02,-10.880884,12.000000,0.000000,0.0000,2.0000,-10.880884,4.032501,0.441244,33.00
7.764018,friction-sweep,foot_right_joint,RS02,-10.830646,12.000000,0.000000,0.0000,2.0000,-10.830646,4.336464,0.466148,33.00
7.772018,friction-sweep,foot_right_joint,RS02,-10.777338,12.000000,0.000000,0.0000,2.0000,-10.777338,4.688946,0.494682,33.00
7.780017,friction-sweep,foot_right_joint,RS02,-10.720580,12.000000,0.000000,0.0000,2.0000,-10.720580,4.954453,0.470299,33.00
7.788022,friction-sweep,foot_right_joint,RS02,-10.659987,12.000000,0.000000,0.0000,2.0000,-10.659987,5.252918,0.455770,33.00
7.796016,friction-sweep,foot_right_joint,RS02,-10.597094,12.000000,0.000000,0.0000,2.0000,-10.597094,5.468071,0.463034,33.00
7.804017,friction-sweep,foot_right_joint,RS02,-10.531131,12.000000,0.000000,0.0000,2.0000,-10.531131,5.631035,0.405447,33.00
7.812017,friction-sweep,foot_right_joint,RS02,-10.462484,12.000000,0.000000,0.0000,2.0000,-10.462484,5.927670,0.285084,33.00
7.820020,friction-sweep,foot_right_joint,RS02,-10.391153,12.000000,0.000000,0.0000,2.0000,-10.391153,6.132751,0.333853,33.00
7.828013,friction-sweep,foot_right_joint,RS02,-10.317521,12.000000,0.000000,0.0000,2.0000,-10.317521,6.325016,0.416861,33.00
7.836089,friction-sweep,foot_right_joint,RS02,-10.240437,12.000000,0.000000,0.0000,2.0000,-10.240437,6.585030,0.357718,33.00
7.844059,friction-sweep,foot_right_joint,RS02,-10.161819,12.000000,0.000000,0.0000,2.0000,-10.161819,6.809338,0.298573,33.00
7.852082,friction-sweep,foot_right_joint,RS02,-10.080900,12.000000,0.000000,0.0000,2.0000,-10.080900,6.980545,0.407003,33.00
7.860044,friction-sweep,foot_right_joint,RS02,-9.998832,12.000000,0.000000,0.0000,2.0000,-9.998832,7.165485,0.240986,33.00
7.868050,friction-sweep,foot_right_joint,RS02,-9.913311,12.000000,0.000000,0.0000,2.0000,-9.913311,7.407188,0.346304,33.00
7.876039,friction-sweep,foot_right_joint,RS02,-9.827023,12.000000,0.000000,0.0000,2.0000,-9.827023,7.413597,0.297016,33.00
7.884026,friction-sweep,foot_right_joint,RS02,-9.738434,12.000000,0.000000,0.0000,2.0000,-9.738434,7.567406,0.383139,33.00
7.892032,friction-sweep,foot_right_joint,RS02,-9.647928,12.000000,0.000000,0.0000,2.0000,-9.647928,7.724880,0.157457,33.00
7.900025,friction-sweep,foot_right_joint,RS02,-9.556272,12.000000,0.000000,0.0000,2.0000,-9.556272,7.773403,0.424643,33.00
7.908023,friction-sweep,foot_right_joint,RS02,-9.462697,12.000000,0.000000,0.0000,2.0000,-9.462697,8.033417,0.263813,33.00
7.916023,friction-sweep,foot_right_joint,RS02,-9.367972,12.000000,0.000000,0.0000,2.0000,-9.367972,8.070038,0.252918,33.00
7.924016,friction-sweep,foot_right_joint,RS02,-9.271713,12.000000,0.000000,0.0000,2.0000,-9.271713,8.232090,0.384176,33.00
7.932021,friction-sweep,foot_right_joint,RS02,-9.174304,12.000000,0.000000,0.0000,2.0000,-9.174304,8.351112,0.249287,33.00
7.940017,friction-sweep,foot_right_joint,RS02,-9.075361,12.000000,0.000000,0.0000,2.0000,-9.075361,8.558025,0.214527,33.00
7.948016,friction-sweep,foot_right_joint,RS02,-8.974884,12.000000,0.000000,0.0000,2.0000,-8.974884,8.594646,0.400259,33.00
7.956021,friction-sweep,foot_right_joint,RS02,-8.873639,12.000000,0.000000,0.0000,2.0000,-8.873639,8.744793,0.362387,33.00
7.964018,friction-sweep,foot_right_joint,RS02,-8.771627,12.000000,0.000000,0.0000,2.0000,-8.771627,8.651409,0.198961,33.00
7.972013,friction-sweep,foot_right_joint,RS02,-8.668083,12.000000,0.000000,0.0000,2.0000,-8.668083,8.829025,0.204670,33.00
7.980018,friction-sweep,foot_right_joint,RS02,-8.563770,12.000000,0.000000,0.0000,2.0000,-8.563770,8.890366,0.323475,33.00
7.988018,friction-sweep,foot_right_joint,RS02,-8.458307,12.000000,0.000000,0.0000,2.0000,-8.458307,9.033192,0.380026,33.00
7.996015,friction-sweep,foot_right_joint,RS02,-8.352077,12.000000,0.000000,0.0000,2.0000,-8.352077,9.045094,0.287159,33.00
8.004100,friction-sweep,foot_right_joint,RS02,-8.243547,12.000000,0.000000,0.0000,2.0000,-8.243547,9.102772,0.278339,33.00
8.012053,friction-sweep,foot_right_joint,RS02,-8.136167,12.000000,0.000000,0.0000,2.0000,-8.136167,9.257496,0.222828,33.00
8.020035,friction-sweep,foot_right_joint,RS02,-8.027252,12.000000,0.000000,0.0000,2.0000,-8.027252,9.243763,0.167315,33.00
8.028027,friction-sweep,foot_right_joint,RS02,-7.918722,12.000000,0.000000,0.0000,2.0000,-7.918722,9.388420,0.188585,33.00
8.036056,friction-sweep,foot_right_joint,RS02,-7.807890,12.000000,0.000000,0.0000,2.0000,-7.807890,9.423210,0.309986,33.00
8.044182,friction-sweep,foot_right_joint,RS02,-7.697825,12.000000,0.000000,0.0000,2.0000,-7.697825,9.607231,0.320881,33.00
8.052023,friction-sweep,foot_right_joint,RS02,-7.586610,12.000000,0.000000,0.0000,2.0000,-7.586610,9.592583,0.356680,33.00
8.060020,friction-sweep,foot_right_joint,RS02,-7.474627,12.000000,0.000000,0.0000,2.0000,-7.474627,9.531242,0.316730,33.00
8.068029,friction-sweep,foot_right_joint,RS02,-7.361495,12.000000,0.000000,0.0000,2.0000,-7.361495,9.600822,0.348898,33.00
8.076019,friction-sweep,foot_right_joint,RS02,-7.248745,12.000000,0.000000,0.0000,2.0000,-7.248745,9.740902,0.342154,33.00
8.084019,friction-sweep,foot_right_joint,RS02,-7.135229,12.000000,0.000000,0.0000,2.0000,-7.135229,9.803158,0.294941,33.00
8.092017,friction-sweep,foot_right_joint,RS02,-7.021329,12.000000,0.000000,0.0000,2.0000,-7.021329,9.668571,0.299610,33.00
8.100018,friction-sweep,foot_right_joint,RS02,-6.906662,12.000000,0.000000,0.0000,2.0000,-6.906662,9.753719,0.246693,33.00
8.108025,friction-sweep,foot_right_joint,RS02,-6.790845,12.000000,0.000000,0.0000,2.0000,-6.790845,9.737240,0.276264,33.00
8.116028,friction-sweep,foot_right_joint,RS02,-6.675795,12.000000,0.000000,0.0000,2.0000,-6.675795,9.942318,0.238911,33.00
8.124028,friction-sweep,foot_right_joint,RS02,-6.559210,12.000000,0.000000,0.0000,2.0000,-6.559210,9.942318,0.251881,33.00
8.132027,friction-sweep,foot_right_joint,RS02,-6.443777,12.000000,0.000000,0.0000,2.0000,-6.443777,10.002747,0.258625,33.00
8.140020,friction-sweep,foot_right_joint,RS02,-6.327192,12.000000,0.000000,0.0000,2.0000,-6.327192,9.997253,0.273670,33.00
8.148018,friction-sweep,foot_right_joint,RS02,-6.209457,12.000000,0.000000,0.0000,2.0000,-6.209457,9.910275,0.299610,33.00
8.156017,friction-sweep,foot_right_joint,RS02,-6.092873,12.000000,0.000000,0.0000,2.0000,-6.092873,9.995422,0.283009,33.00
8.164015,friction-sweep,foot_right_joint,RS02,-5.975522,12.000000,0.000000,0.0000,2.0000,-5.975522,10.081482,0.322956,33.00
8.172024,friction-sweep,foot_right_joint,RS02,-5.857403,12.000000,0.000000,0.0000,2.0000,-5.857403,9.978027,0.321400,33.00
8.180070,friction-sweep,foot_right_joint,RS02,-5.738518,12.000000,0.000000,0.0000,2.0000,-5.738518,10.015564,0.345266,33.00
8.188034,friction-sweep,foot_right_joint,RS02,-5.620016,12.000000,0.000000,0.0000,2.0000,-5.620016,10.165710,0.337484,33.00
8.196024,friction-sweep,foot_right_joint,RS02,-5.502281,12.000000,0.000000,0.0000,2.0000,-5.502281,10.174866,0.343191,33.00
8.204018,friction-sweep,foot_right_joint,RS02,-5.382629,12.000000,0.000000,0.0000,2.0000,-5.382629,10.173035,0.308430,33.00
8.212106,friction-sweep,foot_right_joint,RS02,-5.262593,12.000000,0.000000,0.0000,2.0000,-5.262593,10.125427,0.311543,33.00
8.220031,friction-sweep,foot_right_joint,RS02,-5.144092,12.000000,0.000000,0.0000,2.0000,-5.144092,10.195927,0.243580,33.00
8.228024,friction-sweep,foot_right_joint,RS02,-5.024822,12.000000,0.000000,0.0000,2.0000,-5.024822,10.216984,0.206745,33.00
8.236031,friction-sweep,foot_right_joint,RS02,-4.905170,12.000000,0.000000,0.0000,2.0000,-4.905170,10.262760,0.161089,33.00
8.244019,friction-sweep,foot_right_joint,RS02,-4.785901,12.000000,0.000000,0.0000,2.0000,-4.785901,10.163879,0.135149,33.00
8.252018,friction-sweep,foot_right_joint,RS02,-4.666249,12.000000,0.000000,0.0000,2.0000,-4.666249,10.228886,0.121660,33.00
8.260018,friction-sweep,foot_right_joint,RS02,-4.546213,12.000000,0.000000,0.0000,2.0000,-4.546213,10.223392,0.163683,33.00
8.268021,friction-sweep,foot_right_joint,RS02,-4.425410,12.000000,0.000000,0.0000,2.0000,-4.425410,10.319523,0.239429,33.00
8.276017,friction-sweep,foot_right_joint,RS02,-4.304224,12.000000,0.000000,0.0000,2.0000,-4.304224,10.254520,0.223866,33.00
8.284018,friction-sweep,foot_right_joint,RS02,-4.183805,12.000000,0.000000,0.0000,2.0000,-4.183805,10.280155,0.278339,33.00
8.292073,friction-sweep,foot_right_joint,RS02,-4.062618,12.000000,0.000000,0.0000,2.0000,-4.062618,10.401920,0.330219,33.00
8.300036,friction-sweep,foot_right_joint,RS02,-3.941815,12.000000,0.000000,0.0000,2.0000,-3.941815,10.203251,0.348898,33.00
8.308025,friction-sweep,foot_right_joint,RS02,-3.821012,12.000000,0.000000,0.0000,2.0000,-3.821012,10.227970,0.340078,33.00
8.316064,friction-sweep,foot_right_joint,RS02,-3.699443,12.000000,0.000000,0.0000,2.0000,-3.699443,10.336002,0.283009,33.00
8.324050,friction-sweep,foot_right_joint,RS02,-3.578257,12.000000,0.000000,0.0000,2.0000,-3.578257,10.446785,0.214527,33.00
8.332031,friction-sweep,foot_right_joint,RS02,-3.457070,12.000000,0.000000,0.0000,2.0000,-3.457070,10.362553,0.106615,33.00
8.340036,friction-sweep,foot_right_joint,RS02,-3.335501,12.000000,0.000000,0.0000,2.0000,-3.335501,10.308537,0.150713,33.00
8.348027,friction-sweep,foot_right_joint,RS02,-3.213547,12.000000,0.000000,0.0000,2.0000,-3.213547,10.384525,0.209858,33.00
8.356017,friction-sweep,foot_right_joint,RS02,-3.091977,12.000000,0.000000,0.0000,2.0000,-3.091977,10.343327,0.184435,33.00
8.364023,friction-sweep,foot_right_joint,RS02,-2.970407,12.000000,0.000000,0.0000,2.0000,-2.970407,10.434883,0.259663,33.00
8.372020,friction-sweep,foot_right_joint,RS02,-2.848454,12.000000,0.000000,0.0000,2.0000,-2.848454,10.446785,0.348379,33.00
8.380014,friction-sweep,foot_right_joint,RS02,-2.726885,12.000000,0.000000,0.0000,2.0000,-2.726885,10.270084,0.257069,33.00
8.388021,friction-sweep,foot_right_joint,RS02,-2.604931,12.000000,0.000000,0.0000,2.0000,-2.604931,10.390018,0.284046,33.00
8.396019,friction-sweep,foot_right_joint,RS02,-2.482594,12.000000,0.000000,0.0000,2.0000,-2.482594,10.389103,0.279896,33.00
8.404015,friction-sweep,foot_right_joint,RS02,-2.360257,12.000000,0.000000,0.0000,2.0000,-2.360257,10.364384,0.201038,33.00
8.412020,friction-sweep,foot_right_joint,RS02,-2.238688,12.000000,0.000000,0.0000,2.0000,-2.238688,10.335087,0.131517,33.00
8.420019,friction-sweep,foot_right_joint,RS02,-2.116734,12.000000,0.000000,0.0000,2.0000,-2.116734,10.303959,0.177172,33.00
8.428015,friction-sweep,foot_right_joint,RS02,-1.994014,12.000000,0.000000,0.0000,2.0000,-1.994014,10.515450,0.201557,33.00
8.436021,friction-sweep,foot_right_joint,RS02,-1.872061,12.000000,0.000000,0.0000,2.0000,-1.872061,10.408329,0.177691,33.00
8.444018,friction-sweep,foot_right_joint,RS02,-1.749723,12.000000,0.000000,0.0000,2.0000,-1.749723,10.470589,0.291309,33.00
8.452014,friction-sweep,foot_right_joint,RS02,-1.627003,12.000000,0.000000,0.0000,2.0000,-1.627003,10.392765,0.331257,33.00
8.460019,friction-sweep,foot_right_joint,RS02,-1.504666,12.000000,0.000000,0.0000,2.0000,-1.504666,10.407413,0.276264,33.00
8.468018,friction-sweep,foot_right_joint,RS02,-1.382713,12.000000,0.000000,0.0000,2.0000,-1.382713,10.528267,0.278339,33.00
8.476015,friction-sweep,foot_right_joint,RS02,-1.259993,12.000000,0.000000,0.0000,2.0000,-1.259993,10.453194,0.198442,33.00
8.484021,friction-sweep,foot_right_joint,RS02,-1.137272,12.000000,0.000000,0.0000,2.0000,-1.137272,10.385441,0.115435,33.00
8.492018,friction-sweep,foot_right_joint,RS02,-1.015319,12.000000,0.000000,0.0000,2.0000,-1.015319,10.335087,0.170946,33.00
8.500014,friction-sweep,foot_right_joint,RS02,-0.892598,12.000000,0.000000,0.0000,2.0000,-0.892598,10.427555,0.181322,33.00
8.508018,friction-sweep,foot_right_joint,RS02,-0.769495,12.000000,0.000000,0.0000,2.0000,-0.769495,10.507210,0.256031,33.00
8.516020,friction-sweep,foot_right_joint,RS02,-0.647158,12.000000,0.000000,0.0000,2.0000,-0.647158,10.382694,0.301685,33.00
8.524019,friction-sweep,foot_right_joint,RS02,-0.524438,12.000000,0.000000,0.0000,2.0000,-0.524438,10.507210,0.308949,33.00
8.532020,friction-sweep,foot_right_joint,RS02,-0.401717,12.000000,0.000000,0.0000,2.0000,-0.401717,10.434883,0.307911,33.00
8.540016,friction-sweep,foot_right_joint,RS02,-0.278997,12.000000,0.000000,0.0000,2.0000,-0.278997,10.422977,0.214527,33.00
8.548018,friction-sweep,foot_right_joint,RS02,-0.156660,12.000000,0.000000,0.0000,2.0000,-0.156660,10.549324,0.142931,33.00
8.556016,friction-sweep,foot_right_joint,RS02,-0.033940,12.000000,0.000000,0.0000,2.0000,-0.033940,10.376286,0.097795,33.00
8.564020,friction-sweep,foot_right_joint,RS02,0.089164,12.000000,0.000000,0.0000,2.0000,0.089164,10.534676,0.172503,33.00
8.572016,friction-sweep,foot_right_joint,RS02,0.211500,12.000000,0.000000,0.0000,2.0000,0.211500,10.431221,0.225941,33.00
8.580114,friction-sweep,foot_right_joint,RS02,0.334221,12.000000,0.000000,0.0000,2.0000,0.334221,10.475166,0.305317,33.00
8.588028,friction-sweep,foot_right_joint,RS02,0.457326,12.000000,0.000000,0.0000,2.0000,0.457326,10.323185,0.290272,33.00
8.600013,friction-sweep,foot_right_joint,RS02,0.641406,12.000000,0.000000,0.0000,2.0000,0.641406,10.499886,0.270557,33.00
8.608013,friction-sweep,foot_right_joint,RS02,0.764510,12.000000,0.000000,0.0000,2.0000,0.764510,10.468758,0.264332,33.00
8.620067,friction-sweep,foot_right_joint,RS02,0.949740,12.000000,0.000000,0.0000,2.0000,0.949740,10.503548,0.145006,33.00
8.628046,friction-sweep,foot_right_joint,RS02,1.071310,12.000000,0.000000,0.0000,2.0000,1.071310,10.480659,0.140856,33.00
8.640048,friction-sweep,foot_right_joint,RS02,1.256158,12.000000,0.000000,0.0000,2.0000,1.256158,10.558479,0.254993,33.00
8.648026,friction-sweep,foot_right_joint,RS02,1.378878,12.000000,0.000000,0.0000,2.0000,1.378878,10.487068,0.289753,33.00
8.656034,friction-sweep,foot_right_joint,RS02,1.501982,12.000000,0.000000,0.0000,2.0000,1.501982,10.525520,0.391439,33.00
8.664028,friction-sweep,foot_right_joint,RS02,1.625087,12.000000,0.000000,0.0000,2.0000,1.625087,10.526436,0.292347,33.00
8.672018,friction-sweep,foot_right_joint,RS02,1.747807,12.000000,0.000000,0.0000,2.0000,1.747807,10.498970,0.187548,33.00
8.680020,friction-sweep,foot_right_joint,RS02,1.870143,12.000000,0.000000,0.0000,2.0000,1.870143,10.463264,0.121141,33.00
8.688020,friction-sweep,foot_right_joint,RS02,1.993246,12.000000,0.000000,0.0000,2.0000,1.993246,10.531929,0.192736,33.00
8.696022,friction-sweep,foot_right_joint,RS02,2.116351,12.000000,0.000000,0.0000,2.0000,2.116351,10.472420,0.159533,33.00
8.704020,friction-sweep,foot_right_joint,RS02,2.239071,12.000000,0.000000,0.0000,2.0000,2.239071,10.514534,0.224903,33.00
8.712017,friction-sweep,foot_right_joint,RS02,2.362175,12.000000,0.000000,0.0000,2.0000,2.362175,10.476082,0.325031,33.00
8.720068,friction-sweep,foot_right_joint,RS02,2.486045,12.000000,0.000000,0.0000,2.0000,2.486045,10.422062,0.312061,33.00
8.728046,friction-sweep,foot_right_joint,RS02,2.608383,12.000000,0.000000,0.0000,2.0000,2.608383,10.564888,0.274189,33.00
8.736026,friction-sweep,foot_right_joint,RS02,2.730720,12.000000,0.000000,0.0000,2.0000,2.730720,10.546577,0.253437,33.00
8.744030,friction-sweep,foot_right_joint,RS02,2.853823,12.000000,0.000000,0.0000,2.0000,2.853823,10.490730,0.146563,33.00
8.752029,friction-sweep,foot_right_joint,RS02,2.977310,12.000000,0.000000,0.0000,2.0000,2.977310,10.453194,0.117510,33.00
8.760024,friction-sweep,foot_right_joint,RS02,3.099648,12.000000,0.000000,0.0000,2.0000,3.099648,10.498055,0.216602,33.00
8.768029,friction-sweep,foot_right_joint,RS02,3.223135,12.000000,0.000000,0.0000,2.0000,3.223135,10.531013,0.219715,33.00
8.776021,friction-sweep,foot_right_joint,RS02,3.345855,12.000000,0.000000,0.0000,2.0000,3.345855,10.481575,0.311543,33.00
8.784018,friction-sweep,foot_right_joint,RS02,3.468575,12.000000,0.000000,0.0000,2.0000,3.468575,10.498970,0.311543,33.00
8.792022,friction-sweep,foot_right_joint,RS02,3.591680,12.000000,0.000000,0.0000,2.0000,3.591680,10.561226,0.321918,33.00
8.800019,friction-sweep,foot_right_joint,RS02,3.714400,-12.000000,0.000000,0.0000,2.0000,3.714400,10.329594,0.269001,33.00
8.808020,friction-sweep,foot_right_joint,RS02,3.837119,-12.000000,0.000000,0.0000,2.0000,3.837119,10.444954,0.129442,33.00
8.816025,friction-sweep,foot_right_joint,RS02,3.957154,-12.000000,0.000000,0.0000,2.0000,3.957154,9.920345,-0.383139,33.00
8.824023,friction-sweep,foot_right_joint,RS02,4.067603,-12.000000,0.000000,0.0000,2.0000,4.067603,9.022202,-0.588587,33.00
8.832019,friction-sweep,foot_right_joint,RS02,4.165780,-12.000000,0.000000,0.0000,2.0000,4.165780,7.831997,-0.427755,33.00
8.840019,friction-sweep,foot_right_joint,RS02,4.252067,-12.000000,0.000000,0.0000,2.0000,4.252067,7.003433,-0.525810,33.00
8.848021,friction-sweep,foot_right_joint,RS02,4.327233,-12.000000,0.000000,0.0000,2.0000,4.327233,5.898373,-0.423086,33.00
8.856015,friction-sweep,foot_right_joint,RS02,4.390512,-12.000000,0.000000,0.0000,2.0000,4.390512,5.003891,-0.339560,33.00
8.864019,friction-sweep,foot_right_joint,RS02,4.442668,-12.000000,0.000000,0.0000,2.0000,4.442668,4.185398,-0.365499,33.00
8.872021,friction-sweep,foot_right_joint,RS02,4.484469,-12.000000,0.000000,0.0000,2.0000,4.484469,3.131607,-0.399740,33.00
8.880016,friction-sweep,foot_right_joint,RS02,4.516685,-12.000000,0.000000,0.0000,2.0000,4.516685,2.400089,-0.368093,33.00
8.888019,friction-sweep,foot_right_joint,RS02,4.539693,-12.000000,0.000000,0.0000,2.0000,4.539693,1.739985,-0.360830,33.00
8.896018,friction-sweep,foot_right_joint,RS02,4.553884,-12.000000,0.000000,0.0000,2.0000,4.553884,0.781414,-0.579248,33.00
8.904016,friction-sweep,foot_right_joint,RS02,4.554650,-12.000000,0.000000,0.0000,2.0000,4.554650,-0.468300,-0.625940,33.00
8.912021,friction-sweep,foot_right_joint,RS02,4.545062,-12.000000,0.000000,0.0000,2.0000,4.545062,-1.022202,-0.539818,33.00
8.920019,friction-sweep,foot_right_joint,RS02,4.529723,-12.000000,0.000000,0.0000,2.0000,4.529723,-1.559624,-0.581324,33.00
8.928015,friction-sweep,foot_right_joint,RS02,4.509780,-12.000000,0.000000,0.0000,2.0000,4.509780,-2.007324,-0.446434,33.00
8.936026,friction-sweep,foot_right_joint,RS02,4.484086,-12.000000,0.000000,0.0000,2.0000,4.484086,-2.224308,-0.464073,33.00
8.944020,friction-sweep,foot_right_joint,RS02,4.454173,-12.000000,0.000000,0.0000,2.0000,4.454173,-2.608835,-0.374319,33.00
8.952015,friction-sweep,foot_right_joint,RS02,4.419658,-12.000000,0.000000,0.0000,2.0000,4.419658,-3.018997,-0.483788,33.00
8.960019,friction-sweep,foot_right_joint,RS02,4.380925,-12.000000,0.000000,0.0000,2.0000,4.380925,-3.505150,-0.353567,33.00
8.968019,friction-sweep,foot_right_joint,RS02,4.338355,-12.000000,0.000000,0.0000,2.0000,4.338355,-3.814604,-0.381063,33.00
8.976015,friction-sweep,foot_right_joint,RS02,4.291570,-12.000000,0.000000,0.0000,2.0000,4.291570,-3.992218,-0.456810,33.00
8.984020,friction-sweep,foot_right_joint,RS02,4.240947,-12.000000,0.000000,0.0000,2.0000,4.240947,-4.348364,-0.476524,33.00
8.992019,friction-sweep,foot_right_joint,RS02,4.187257,-12.000000,0.000000,0.0000,2.0000,4.187257,-4.635845,-0.456810,33.00
9.000062,friction-sweep,foot_right_joint,RS02,4.130498,-12.000000,0.000000,0.0000,2.0000,4.130498,-4.858318,-0.441246,33.00
9.008046,friction-sweep,foot_right_joint,RS02,4.070672,-12.000000,0.000000,0.0000,2.0000,4.070672,-5.286793,-0.428793,33.00
9.016031,friction-sweep,foot_right_joint,RS02,4.007777,-12.000000,0.000000,0.0000,2.0000,4.007777,-5.427786,-0.460442,33.00
9.024029,friction-sweep,foot_right_joint,RS02,3.941815,-12.000000,0.000000,0.0000,2.0000,3.941815,-5.644770,-0.431908,33.00
9.032025,friction-sweep,foot_right_joint,RS02,3.872401,-12.000000,0.000000,0.0000,2.0000,3.872401,-5.935913,-0.334890,33.00
9.040021,friction-sweep,foot_right_joint,RS02,3.801072,-12.000000,0.000000,0.0000,2.0000,3.801072,-6.163883,-0.321402,33.00
9.048019,friction-sweep,foot_right_joint,RS02,3.727056,-12.000000,0.000000,0.0000,2.0000,3.727056,-6.343328,-0.390402,33.00
9.056020,friction-sweep,foot_right_joint,RS02,3.651122,-12.000000,0.000000,0.0000,2.0000,3.651122,-6.608833,-0.356680,33.00
9.064019,friction-sweep,foot_right_joint,RS02,3.572886,-12.000000,0.000000,0.0000,2.0000,3.572886,-6.791027,-0.303762,33.00
9.072018,friction-sweep,foot_right_joint,RS02,3.491969,-12.000000,0.000000,0.0000,2.0000,3.491969,-6.947584,-0.412710,33.00
9.080019,friction-sweep,foot_right_joint,RS02,3.408750,-12.000000,0.000000,0.0000,2.0000,3.408750,-7.156328,-0.269520,33.00
9.088017,friction-sweep,foot_right_joint,RS02,3.323996,-12.000000,0.000000,0.0000,2.0000,3.323996,-7.321125,-0.352530,33.00
9.096018,friction-sweep,foot_right_joint,RS02,3.237708,-12.000000,0.000000,0.0000,2.0000,3.237708,-7.371481,-0.280933,33.00
9.104018,friction-sweep,foot_right_joint,RS02,3.149503,-12.000000,0.000000,0.0000,2.0000,3.149503,-7.641565,-0.358755,33.00
9.112018,friction-sweep,foot_right_joint,RS02,3.058996,-12.000000,0.000000,0.0000,2.0000,3.058996,-7.718472,-0.305838,33.00
9.120126,friction-sweep,foot_right_joint,RS02,2.966955,-12.000000,0.000000,0.0000,2.0000,2.966955,-7.829252,-0.360312,33.00
9.128024,friction-sweep,foot_right_joint,RS02,2.873765,-12.000000,0.000000,0.0000,2.0000,2.873765,-7.980316,-0.182880,33.00
9.136076,friction-sweep,foot_right_joint,RS02,2.778656,-12.000000,0.000000,0.0000,2.0000,2.778656,-8.073702,-0.303762,33.00
9.144053,friction-sweep,foot_right_joint,RS02,2.683165,-12.000000,0.000000,0.0000,2.0000,2.683165,-8.293432,-0.368093,33.00
9.152099,friction-sweep,foot_right_joint,RS02,2.584605,-12.000000,0.000000,0.0000,2.0000,2.584605,-8.412453,-0.242023,33.00
9.160048,friction-sweep,foot_right_joint,RS02,2.486428,-12.000000,0.000000,0.0000,2.0000,2.486428,-8.417946,-0.253956,33.00
9.168050,friction-sweep,foot_right_joint,RS02,2.386719,-12.000000,0.000000,0.0000,2.0000,2.386719,-8.579994,-0.358236,33.00
9.176030,friction-sweep,foot_right_joint,RS02,2.285090,-12.000000,0.000000,0.0000,2.0000,2.285090,-8.760357,-0.315176,33.00
9.184035,friction-sweep,foot_right_joint,RS02,2.182696,-12.000000,0.000000,0.0000,2.0000,2.182696,-8.718241,-0.227497,33.00
9.192075,friction-sweep,foot_right_joint,RS02,2.078767,-12.000000,0.000000,0.0000,2.0000,2.078767,-8.750286,-0.229053,33.00
9.200054,friction-sweep,foot_right_joint,RS02,1.974838,-12.000000,0.000000,0.0000,2.0000,1.974838,-8.874800,-0.310507,33.00
9.208035,friction-sweep,foot_right_joint,RS02,1.870143,-12.000000,0.000000,0.0000,2.0000,1.870143,-9.061569,-0.348379,33.00
9.216025,friction-sweep,foot_right_joint,RS02,1.763913,-12.000000,0.000000,0.0000,2.0000,1.763913,-9.091784,-0.262257,33.00
9.224022,friction-sweep,foot_right_joint,RS02,1.656917,-12.000000,0.000000,0.0000,2.0000,1.656917,-9.237354,-0.174061,33.00
9.232020,friction-sweep,foot_right_joint,RS02,1.549537,-12.000000,0.000000,0.0000,2.0000,1.549537,-9.304188,-0.167835,33.00
9.240019,friction-sweep,foot_right_joint,RS02,1.441006,-12.000000,0.000000,0.0000,2.0000,1.441006,-9.327993,-0.271076,33.00
9.248021,friction-sweep,foot_right_joint,RS02,1.331325,-12.000000,0.000000,0.0000,2.0000,1.331325,-9.316090,-0.247730,33.00
9.256021,friction-sweep,foot_right_joint,RS02,1.222026,-12.000000,0.000000,0.0000,2.0000,1.222026,-9.414968,-0.288715,33.00
9.264019,friction-sweep,foot_right_joint,RS02,1.111577,-12.000000,0.000000,0.0000,2.0000,1.111577,-9.447014,-0.356680,33.00
9.272018,friction-sweep,foot_right_joint,RS02,0.999979,-12.000000,0.000000,0.0000,2.0000,0.999979,-9.512932,-0.373281,33.00
9.280019,friction-sweep,foot_right_joint,RS02,0.888380,-12.000000,0.000000,0.0000,2.0000,0.888380,-9.543144,-0.349417,33.00
9.288019,friction-sweep,foot_right_joint,RS02,0.776014,-12.000000,0.000000,0.0000,2.0000,0.776014,-9.528496,-0.237873,33.00
9.296018,friction-sweep,foot_right_joint,RS02,0.662882,-12.000000,0.000000,0.0000,2.0000,0.662882,-9.743649,-0.281971,33.00
9.304019,friction-sweep,foot_right_joint,RS02,0.549366,-12.000000,0.000000,0.0000,2.0000,0.549366,-9.761959,-0.232166,33.00
9.312018,friction-sweep,foot_right_joint,RS02,0.435848,-12.000000,0.000000,0.0000,2.0000,0.435848,-9.673153,-0.230610,33.00
9.320020,friction-sweep,foot_right_joint,RS02,0.321181,-12.000000,0.000000,0.0000,2.0000,0.321181,-9.843443,-0.232685,33.00
9.328019,friction-sweep,foot_right_joint,RS02,0.206515,-12.000000,0.000000,0.0000,2.0000,0.206515,-9.822386,-0.219715,33.00
9.336018,friction-sweep,foot_right_joint,RS02,0.091465,-12.000000,0.000000,0.0000,2.0000,0.091465,-9.804991,-0.184956,33.00
9.344017,friction-sweep,foot_right_joint,RS02,-0.023969,-12.000000,0.000000,0.0000,2.0000,-0.023969,-9.890135,-0.196888,33.00
9.352017,friction-sweep,foot_right_joint,RS02,-0.140170,-12.000000,0.000000,0.0000,2.0000,-0.140170,-9.911194,-0.215046,33.00
9.360018,friction-sweep,foot_right_joint,RS02,-0.256371,-12.000000,0.000000,0.0000,2.0000,-0.256371,-9.910278,-0.193256,33.00
9.368018,friction-sweep,foot_right_joint,RS02,-0.372955,-12.000000,0.000000,0.0000,2.0000,-0.372955,-10.006409,-0.194294,33.00
9.376018,friction-sweep,foot_right_joint,RS02,-0.489539,-12.000000,0.000000,0.0000,2.0000,-0.489539,-9.946899,-0.219196,33.00
9.384017,friction-sweep,foot_right_joint,RS02,-0.607274,-12.000000,0.000000,0.0000,2.0000,-0.607274,-9.914856,-0.221790,33.00
9.392017,friction-sweep,foot_right_joint,RS02,-0.724626,-12.000000,0.000000,0.0000,2.0000,-0.724626,-10.028383,-0.234241,33.00
9.400018,friction-sweep,foot_right_joint,RS02,-0.842360,-12.000000,0.000000,0.0000,2.0000,-0.842360,-10.035707,-0.221272,33.00
9.408018,friction-sweep,foot_right_joint,RS02,-0.960862,-12.000000,0.000000,0.0000,2.0000,-0.960862,-10.113527,-0.301168,33.00
9.416018,friction-sweep,foot_right_joint,RS02,-1.078980,-12.000000,0.000000,0.0000,2.0000,-1.078980,-10.020144,-0.267445,33.00
9.424019,friction-sweep,foot_right_joint,RS02,-1.197482,-12.000000,0.000000,0.0000,2.0000,-1.197482,-10.108950,-0.338522,33.00
9.432017,friction-sweep,foot_right_joint,RS02,-1.316367,-12.000000,0.000000,0.0000,2.0000,-1.316367,-10.162052,-0.302206,33.00
9.440018,friction-sweep,foot_right_joint,RS02,-1.435636,-12.000000,0.000000,0.0000,2.0000,-1.435636,-10.131838,-0.356680,33.00
9.448018,friction-sweep,foot_right_joint,RS02,-1.554522,-12.000000,0.000000,0.0000,2.0000,-1.554522,-10.144657,-0.323996,33.00
9.456019,friction-sweep,foot_right_joint,RS02,-1.673790,-12.000000,0.000000,0.0000,2.0000,-1.673790,-10.121767,-0.293903,33.00
9.464018,friction-sweep,foot_right_joint,RS02,-1.793826,-12.000000,0.000000,0.0000,2.0000,-1.793826,-10.251774,-0.305838,33.00
9.472018,friction-sweep,foot_right_joint,RS02,-1.913479,-12.000000,0.000000,0.0000,2.0000,-1.913479,-10.184025,-0.208820,33.00
9.480019,friction-sweep,foot_right_joint,RS02,-2.033131,-12.000000,0.000000,0.0000,2.0000,-2.033131,-10.202335,-0.195332,33.00
9.488017,friction-sweep,foot_right_joint,RS02,-2.153167,-12.000000,0.000000,0.0000,2.0000,-2.153167,-10.182194,-0.167316,33.00
9.496018,friction-sweep,foot_right_joint,RS02,-2.273970,-12.000000,0.000000,0.0000,2.0000,-2.273970,-10.218815,-0.186512,33.00
9.504017,friction-sweep,foot_right_joint,RS02,-2.393622,-12.000000,0.000000,0.0000,2.0000,-2.393622,-10.271000,-0.140337,33.00
9.512016,friction-sweep,foot_right_joint,RS02,-2.514424,-12.000000,0.000000,0.0000,2.0000,-2.514424,-10.260014,-0.188068,33.00
9.520018,friction-sweep,foot_right_joint,RS02,-2.635228,-12.000000,0.000000,0.0000,2.0000,-2.635228,-10.365299,-0.275745,33.00
9.528019,friction-sweep,foot_right_joint,RS02,-2.756030,-12.000000,0.000000,0.0000,2.0000,-2.756030,-10.313114,-0.271595,33.00
9.536016,friction-sweep,foot_right_joint,RS02,-2.876834,-12.000000,0.000000,0.0000,2.0000,-2.876834,-10.430304,-0.317770,33.00
9.544018,friction-sweep,foot_right_joint,RS02,-2.998019,-12.000000,0.000000,0.0000,2.0000,-2.998019,-10.417486,-0.318289,33.00
9.552019,friction-sweep,foot_right_joint,RS02,-3.119206,-12.000000,0.000000,0.0000,2.0000,-3.119206,-10.291142,-0.289234,33.00
9.560017,friction-sweep,foot_right_joint,RS02,-3.240392,-12.000000,0.000000,0.0000,2.0000,-3.240392,-10.348820,-0.248768,33.00
9.568019,friction-sweep,foot_right_joint,RS02,-3.361961,-12.000000,0.000000,0.0000,2.0000,-3.361961,-10.401922,-0.218678,33.00
9.576021,friction-sweep,foot_right_joint,RS02,-3.483532,-12.000000,0.000000,0.0000,2.0000,-3.483532,-10.348820,-0.121660,33.00
9.584021,friction-sweep,foot_right_joint,RS02,-3.605102,-12.000000,0.000000,0.0000,2.0000,-3.605102,-10.342411,-0.115435,33.00
9.592017,friction-sweep,foot_right_joint,RS02,-3.726671,-12.000000,0.000000,0.0000,2.0000,-3.726671,-10.451361,-0.177174,33.00
9.600018,friction-sweep,foot_right_joint,RS02,-3.849392,-12.000000,0.000000,0.0000,2.0000,-3.849392,-10.401007,-0.272633,33.00
9.608019,friction-sweep,foot_right_joint,RS02,-3.970578,-12.000000,0.000000,0.0000,2.0000,-3.970578,-10.362553,-0.258106,33.00
9.616018,friction-sweep,foot_right_joint,RS02,-4.093298,-12.000000,0.000000,0.0000,2.0000,-4.093298,-10.425726,-0.321920,33.00
9.624018,friction-sweep,foot_right_joint,RS02,-4.214869,-12.000000,0.000000,0.0000,2.0000,-4.214869,-10.476080,-0.319326,33.00
9.632017,friction-sweep,foot_right_joint,RS02,-4.336822,-12.000000,0.000000,0.0000,2.0000,-4.336822,-10.351566,-0.301168,33.00
9.640124,friction-sweep,foot_right_joint,RS02,-4.458776,-12.000000,0.000000,0.0000,2.0000,-4.458776,-10.371710,-0.193775,33.00
9.648034,friction-sweep,foot_right_joint,RS02,-4.581879,-12.000000,0.000000,0.0000,2.0000,-4.581879,-10.483404,-0.142931,33.00
9.656022,friction-sweep,foot_right_joint,RS02,-4.703449,-12.000000,0.000000,0.0000,2.0000,-4.703449,-10.438543,-0.147081,33.00
9.664021,friction-sweep,foot_right_joint,RS02,-4.826552,-12.000000,0.000000,0.0000,2.0000,-4.826552,-10.443121,-0.132036,33.00
9.672022,friction-sweep,foot_right_joint,RS02,-4.948123,-12.000000,0.000000,0.0000,2.0000,-4.948123,-10.438543,-0.216084,33.00
9.680018,friction-sweep,foot_right_joint,RS02,-5.070843,-12.000000,0.000000,0.0000,2.0000,-5.070843,-10.405584,-0.277302,33.00
9.688019,friction-sweep,foot_right_joint,RS02,-5.193947,-12.000000,0.000000,0.0000,2.0000,-5.193947,-10.509041,-0.294941,33.00
9.696021,friction-sweep,foot_right_joint,RS02,-5.316283,-12.000000,0.000000,0.0000,2.0000,-5.316283,-10.487066,-0.332296,33.00
9.704021,friction-sweep,foot_right_joint,RS02,-5.439004,-12.000000,0.000000,0.0000,2.0000,-5.439004,-10.533760,-0.306356,33.00
9.712018,friction-sweep,foot_right_joint,RS02,-5.560957,-12.000000,0.000000,0.0000,2.0000,-5.560957,-10.523689,-0.184956,33.00
9.720017,friction-sweep,foot_right_joint,RS02,-5.684061,-12.000000,0.000000,0.0000,2.0000,-5.684061,-10.490730,-0.162645,33.00
9.728018,friction-sweep,foot_right_joint,RS02,-5.806781,-12.000000,0.000000,0.0000,2.0000,-5.806781,-10.462347,-0.143969,33.00
9.736020,friction-sweep,foot_right_joint,RS02,-5.929502,-12.000000,0.000000,0.0000,2.0000,-5.929502,-10.381781,-0.180286,33.00
9.744020,friction-sweep,foot_right_joint,RS02,-6.052222,-12.000000,0.000000,0.0000,2.0000,-6.052222,-10.430304,-0.231647,33.00
9.752020,friction-sweep,foot_right_joint,RS02,-6.174942,-12.000000,0.000000,0.0000,2.0000,-6.174942,-10.497139,-0.299612,33.00
9.760021,friction-sweep,foot_right_joint,RS02,-6.297663,-12.000000,0.000000,0.0000,2.0000,-6.297663,-10.460516,-0.288715,33.00
9.768019,friction-sweep,foot_right_joint,RS02,-6.420383,-12.000000,0.000000,0.0000,2.0000,-6.420383,-10.455023,-0.275745,33.00
9.776018,friction-sweep,foot_right_joint,RS02,-6.543487,-12.000000,0.000000,0.0000,2.0000,-6.543487,-10.552071,-0.192219,33.00
9.784018,friction-sweep,foot_right_joint,RS02,-6.666207,-12.000000,0.000000,0.0000,2.0000,-6.666207,-10.390936,-0.206226,33.00
9.792019,friction-sweep,foot_right_joint,RS02,-6.789311,-12.000000,0.000000,0.0000,2.0000,-6.789311,-10.529182,-0.171467,33.00
9.800017,friction-sweep,foot_right_joint,RS02,-6.912032,-12.000000,0.000000,0.0000,2.0000,-6.912032,-10.516365,-0.158495,33.00
9.808019,friction-sweep,foot_right_joint,RS02,-7.035135,-12.000000,0.000000,0.0000,2.0000,-7.035135,-10.460516,-0.236317,33.00
9.816020,friction-sweep,foot_right_joint,RS02,-7.157856,-12.000000,0.000000,0.0000,2.0000,-7.157856,-10.535591,-0.277821,33.00
9.824018,friction-sweep,foot_right_joint,RS02,-7.280960,-12.000000,0.000000,0.0000,2.0000,-7.280960,-10.483404,-0.307913,33.00
9.832018,friction-sweep,foot_right_joint,RS02,-7.404063,-12.000000,0.000000,0.0000,2.0000,-7.404063,-10.499886,-0.299093,33.00
9.840017,friction-sweep,foot_right_joint,RS02,-7.527167,-12.000000,0.000000,0.0000,2.0000,-7.527167,-10.387274,-0.236317,33.00
9.848008,friction-sweep,foot_right_joint,RS02,-7.649504,-12.000000,0.000000,0.0000,2.0000,-7.649504,-10.446783,-0.168354,33.00
9.856071,friction-sweep,foot_right_joint,RS02,-7.774525,-12.000000,0.000000,0.0000,2.0000,-7.774525,-10.498970,-0.164202,33.00
9.864110,friction-sweep,foot_right_joint,RS02,-7.897629,-12.000000,0.000000,0.0000,2.0000,-7.897629,-10.478827,-0.167835,33.00
9.872073,friction-sweep,foot_right_joint,RS02,-8.020733,-12.000000,0.000000,0.0000,2.0000,-8.020733,-10.471502,-0.242542,33.00
9.880045,friction-sweep,foot_right_joint,RS02,-8.143454,-12.000000,0.000000,0.0000,2.0000,-8.143454,-10.520943,-0.327627,33.00
9.888040,friction-sweep,foot_right_joint,RS02,-8.266558,-12.000000,0.000000,0.0000,2.0000,-8.266558,-10.581367,-0.316214,33.00
9.896021,friction-sweep,foot_right_joint,RS02,-8.389661,-12.000000,0.000000,0.0000,2.0000,-8.389661,-10.504463,-0.278339,33.00
9.904021,friction-sweep,foot_right_joint,RS02,-8.513148,-12.000000,0.000000,0.0000,2.0000,-8.513148,-10.527351,-0.183399,33.00
9.912030,friction-sweep,foot_right_joint,RS02,-8.636252,-12.000000,0.000000,0.0000,2.0000,-8.636252,-10.415655,-0.152788,33.00
9.920015,friction-sweep,foot_right_joint,RS02,-8.759356,-12.000000,0.000000,0.0000,2.0000,-8.759356,-10.631723,-0.170429,33.00
9.928018,friction-sweep,foot_right_joint,RS02,-8.882843,-12.000000,0.000000,0.0000,2.0000,-8.882843,-10.513618,-0.176655,33.00
9.936017,friction-sweep,foot_right_joint,RS02,-9.005947,-12.000000,0.000000,0.0000,2.0000,-9.005947,-10.479742,-0.227497,33.00
9.944016,friction-sweep,foot_right_joint,RS02,-9.129051,-12.000000,0.000000,0.0000,2.0000,-9.129051,-10.478827,-0.298573,33.00
9.952016,friction-sweep,foot_right_joint,RS02,-9.252155,-12.000000,0.000000,0.0000,2.0000,-9.252155,-10.357059,-0.332296,33.00
9.960016,friction-sweep,foot_right_joint,RS02,-9.375258,-12.000000,0.000000,0.0000,2.0000,-9.375258,-10.544746,-0.261738,33.00
9.968014,friction-sweep,foot_right_joint,RS02,-9.498363,-12.000000,0.000000,0.0000,2.0000,-9.498363,-10.611582,-0.202595,33.00
9.976014,friction-sweep,foot_right_joint,RS02,-9.621850,-12.000000,0.000000,0.0000,2.0000,-9.621850,-10.531929,-0.160570,33.00
9.984018,friction-sweep,foot_right_joint,RS02,-9.744953,-12.000000,0.000000,0.0000,2.0000,-9.744953,-10.520027,-0.148119,33.00
9.992015,friction-sweep,foot_right_joint,RS02,-9.868057,-12.000000,0.000000,0.0000,2.0000,-9.868057,-10.525520,-0.208302,33.00
10.000014,friction-sweep,foot_right_joint,RS02,-9.991545,15.000000,0.000000,0.0000,2.0000,-9.991545,-10.532845,-0.238392,33.00
10.008016,friction-sweep,foot_right_joint,RS02,-10.114649,15.000000,0.000000,0.0000,2.0000,-10.114649,-10.402838,-0.308432,33.00
10.016013,friction-sweep,foot_right_joint,RS02,-10.234301,15.000000,0.000000,0.0000,2.0000,-10.234301,-9.962463,0.341116,33.00
10.024020,friction-sweep,foot_right_joint,RS02,-10.342832,15.000000,0.000000,0.0000,2.0000,-10.342832,-8.777752,0.460958,33.00
10.032018,friction-sweep,foot_right_joint,RS02,-10.437941,15.000000,0.000000,0.0000,2.0000,-10.437941,-7.571070,0.579247,33.00
10.040015,friction-sweep,foot_right_joint,RS02,-10.519242,15.000000,0.000000,0.0000,2.0000,-10.519242,-6.395515,0.526329,33.00
10.048016,friction-sweep,foot_right_joint,RS02,-10.587505,15.000000,0.000000,0.0000,2.0000,-10.587505,-5.346304,0.463034,33.00
10.056019,friction-sweep,foot_right_joint,RS02,-10.642730,15.000000,0.000000,0.0000,2.0000,-10.642730,-4.250401,0.391439,33.00
10.064015,friction-sweep,foot_right_joint,RS02,-10.686066,15.000000,0.000000,0.0000,2.0000,-10.686066,-3.311970,0.461996,33.00
10.072015,friction-sweep,foot_right_joint,RS02,-10.718279,15.000000,0.000000,0.0000,2.0000,-10.718279,-2.343328,0.491570,33.00
10.080016,friction-sweep,foot_right_joint,RS02,-10.739372,15.000000,0.000000,0.0000,2.0000,-10.739372,-1.411306,0.604151,33.00
10.088017,friction-sweep,foot_right_joint,RS02,-10.746658,15.000000,0.000000,0.0000,2.0000,-10.746658,0.017853,0.713617,33.00
10.096014,friction-sweep,foot_right_joint,RS02,-10.738221,15.000000,0.000000,0.0000,2.0000,-10.738221,1.095446,0.525810,33.00
10.104016,friction-sweep,foot_right_joint,RS02,-10.722115,15.000000,0.000000,0.0000,2.0000,-10.722115,1.540400,0.674707,33.00
10.112014,friction-sweep,foot_right_joint,RS02,-10.699488,15.000000,0.000000,0.0000,2.0000,-10.699488,2.090637,0.471336,33.00
10.120019,friction-sweep,foot_right_joint,RS02,-10.670341,15.000000,0.000000,0.0000,2.0000,-10.670341,2.755322,0.561089,33.00
10.128016,friction-sweep,foot_right_joint,RS02,-10.635827,15.000000,0.000000,0.0000,2.0000,-10.635827,3.110550,0.415823,33.00
10.136015,friction-sweep,foot_right_joint,RS02,-10.594792,15.000000,0.000000,0.0000,2.0000,-10.594792,3.636074,0.525810,33.00
10.144013,friction-sweep,foot_right_joint,RS02,-10.548388,15.000000,0.000000,0.0000,2.0000,-10.548388,4.192722,0.592735,33.00
10.152017,friction-sweep,foot_right_joint,RS02,-10.497000,15.000000,0.000000,0.0000,2.0000,-10.497000,4.667889,0.507133,33.00
10.160124,friction-sweep,foot_right_joint,RS02,-10.440241,15.000000,0.000000,0.0000,2.0000,-10.440241,5.008469,0.501945,33.00
10.168022,friction-sweep,foot_right_joint,RS02,-10.378881,15.000000,0.000000,0.0000,2.0000,-10.378881,5.484550,0.522697,33.00
10.176018,friction-sweep,foot_right_joint,RS02,-10.312919,15.000000,0.000000,0.0000,2.0000,-10.312919,5.733574,0.553825,33.00
10.184014,friction-sweep,foot_right_joint,RS02,-10.242354,15.000000,0.000000,0.0000,2.0000,-10.242354,6.126343,0.464071,33.00
10.192075,friction-sweep,foot_right_joint,RS02,-10.167189,15.000000,0.000000,0.0000,2.0000,-10.167189,6.504463,0.319843,33.00
10.200054,friction-sweep,foot_right_joint,RS02,-10.088571,15.000000,0.000000,0.0000,2.0000,-10.088571,6.843212,0.476524,33.00
10.208046,friction-sweep,foot_right_joint,RS02,-10.006118,15.000000,0.000000,0.0000,2.0000,-10.006118,7.145340,0.391958,33.00
10.220023,friction-sweep,foot_right_joint,RS02,-9.876494,15.000000,0.000000,0.0000,2.0000,-9.876494,7.646145,0.301685,33.00
10.232019,friction-sweep,foot_right_joint,RS02,-9.738434,15.000000,0.000000,0.0000,2.0000,-9.738434,7.995880,0.466667,33.00
10.240025,friction-sweep,foot_right_joint,RS02,-9.642559,15.000000,0.000000,0.0000,2.0000,-9.642559,8.300755,0.304279,33.00
10.248021,friction-sweep,foot_right_joint,RS02,-9.543615,15.000000,0.000000,0.0000,2.0000,-9.543615,8.476540,0.372244,33.00
10.256017,friction-sweep,foot_right_joint,RS02,-9.441605,15.000000,0.000000,0.0000,2.0000,-9.441605,8.840012,0.466148,33.00
10.264019,friction-sweep,foot_right_joint,RS02,-9.337292,15.000000,0.000000,0.0000,2.0000,-9.337292,9.048756,0.377951,33.00
10.272020,friction-sweep,foot_right_joint,RS02,-9.230295,15.000000,0.000000,0.0000,2.0000,-9.230295,9.208057,0.330738,33.00
10.280017,friction-sweep,foot_right_joint,RS02,-9.120997,15.000000,0.000000,0.0000,2.0000,-9.120997,9.394829,0.306355,33.00
10.288019,friction-sweep,foot_right_joint,RS02,-9.009015,15.000000,0.000000,0.0000,2.0000,-9.009015,9.568779,0.234241,33.00
10.296020,friction-sweep,foot_right_joint,RS02,-8.895115,15.000000,0.000000,0.0000,2.0000,-8.895115,9.761959,0.194292,33.00
10.304019,friction-sweep,foot_right_joint,RS02,-8.778914,15.000000,0.000000,0.0000,2.0000,-8.778914,9.935909,0.262257,33.00
10.312019,friction-sweep,foot_right_joint,RS02,-8.660796,15.000000,0.000000,0.0000,2.0000,-8.660796,10.159302,0.234241,33.00
10.320021,friction-sweep,foot_right_joint,RS02,-8.539993,15.000000,0.000000,0.0000,2.0000,-8.539993,10.235294,0.278858,33.00
10.328023,friction-sweep,foot_right_joint,RS02,-8.418807,15.000000,0.000000,0.0000,2.0000,-8.418807,10.346073,0.292866,33.00
10.336020,friction-sweep,foot_right_joint,RS02,-8.294553,15.000000,0.000000,0.0000,2.0000,-8.294553,10.542000,0.382101,33.00
10.344020,friction-sweep,foot_right_joint,RS02,-8.169147,15.000000,0.000000,0.0000,2.0000,-8.169147,10.798351,0.436056,33.00
10.352017,friction-sweep,foot_right_joint,RS02,-8.042976,15.000000,0.000000,0.0000,2.0000,-8.042976,10.845043,0.364981,33.00
10.360018,friction-sweep,foot_right_joint,RS02,-7.914886,15.000000,0.000000,0.0000,2.0000,-7.914886,11.002518,0.243061,33.00
10.368018,friction-sweep,foot_right_joint,RS02,-7.785263,15.000000,0.000000,0.0000,2.0000,-7.785263,11.102310,0.287678,33.00
10.376019,friction-sweep,foot_right_joint,RS02,-7.652956,15.000000,0.000000,0.0000,2.0000,-7.652956,11.229572,0.385214,33.00
10.384019,friction-sweep,foot_right_joint,RS02,-7.520264,15.000000,0.000000,0.0000,2.0000,-7.520264,11.319294,0.336966,33.00
10.392017,friction-sweep,foot_right_joint,RS02,-7.386806,15.000000,0.000000,0.0000,2.0000,-7.386806,11.432823,0.202076,33.00
10.400018,friction-sweep,foot_right_joint,RS02,-7.251430,15.000000,0.000000,0.0000,2.0000,-7.251430,11.582054,0.355642,33.00
10.408019,friction-sweep,foot_right_joint,RS02,-7.116054,15.000000,0.000000,0.0000,2.0000,-7.116054,11.677273,0.353567,33.00
10.416018,friction-sweep,foot_right_joint,RS02,-6.978377,15.000000,0.000000,0.0000,2.0000,-6.978377,11.638821,0.229053,33.00
10.424019,friction-sweep,foot_right_joint,RS02,-6.840700,15.000000,0.000000,0.0000,2.0000,-6.840700,11.857635,0.379507,33.00
10.432019,friction-sweep,foot_right_joint,RS02,-6.700722,15.000000,0.000000,0.0000,2.0000,-6.700722,11.880524,0.216084,33.00
10.440021,friction-sweep,foot_right_joint,RS02,-6.560744,15.000000,0.000000,0.0000,2.0000,-6.560744,11.999542,0.285603,33.00
10.448019,friction-sweep,foot_right_joint,RS02,-6.419616,15.000000,0.000000,0.0000,2.0000,-6.419616,12.113987,0.334890,33.00
10.456017,friction-sweep,foot_right_joint,RS02,-6.278104,15.000000,0.000000,0.0000,2.0000,-6.278104,12.169834,0.255512,33.00
10.464018,friction-sweep,foot_right_joint,RS02,-6.135442,15.000000,0.000000,0.0000,2.0000,-6.135442,12.283360,0.368093,33.00
10.472017,friction-sweep,foot_right_joint,RS02,-5.992012,15.000000,0.000000,0.0000,2.0000,-5.992012,12.275120,0.237873,33.00
10.480018,friction-sweep,foot_right_joint,RS02,-5.848199,15.000000,0.000000,0.0000,2.0000,-5.848199,12.303501,0.358236,33.00
10.488018,friction-sweep,foot_right_joint,RS02,-5.703236,15.000000,0.000000,0.0000,2.0000,-5.703236,12.442665,0.230091,33.00
10.496017,friction-sweep,foot_right_joint,RS02,-5.558272,15.000000,0.000000,0.0000,2.0000,-5.558272,12.376747,0.379507,33.00
10.504018,friction-sweep,foot_right_joint,RS02,-5.412542,15.000000,0.000000,0.0000,2.0000,-5.412542,12.477455,0.189104,33.00
10.512018,friction-sweep,foot_right_joint,RS02,-5.265661,15.000000,0.000000,0.0000,2.0000,-5.265661,12.591900,0.356161,33.00
10.520020,friction-sweep,foot_right_joint,RS02,-5.119164,15.000000,0.000000,0.0000,2.0000,-5.119164,12.521400,0.227497,33.00
10.528019,friction-sweep,foot_right_joint,RS02,-4.971516,15.000000,0.000000,0.0000,2.0000,-4.971516,12.618450,0.312580,33.00
10.536018,friction-sweep,foot_right_joint,RS02,-4.823101,15.000000,0.000000,0.0000,2.0000,-4.823101,12.727398,0.318806,33.00
10.544019,friction-sweep,foot_right_joint,RS02,-4.674686,15.000000,0.000000,0.0000,2.0000,-4.674686,12.778671,0.196367,33.00
10.552018,friction-sweep,foot_right_joint,RS02,-4.525887,15.000000,0.000000,0.0000,2.0000,-4.525887,12.783249,0.380026,33.00
10.560018,friction-sweep,foot_right_joint,RS02,-4.376706,15.000000,0.000000,0.0000,2.0000,-4.376706,12.669720,0.122179,33.00
10.568018,friction-sweep,foot_right_joint,RS02,-4.226757,15.000000,0.000000,0.0000,2.0000,-4.226757,12.699932,0.374838,33.00
10.576020,friction-sweep,foot_right_joint,RS02,-4.076425,15.000000,0.000000,0.0000,2.0000,-4.076425,12.901352,0.277302,33.00
10.584020,friction-sweep,foot_right_joint,RS02,-3.926476,15.000000,0.000000,0.0000,2.0000,-3.926476,12.785080,0.233204,33.00
10.592019,friction-sweep,foot_right_joint,RS02,-3.775376,15.000000,0.000000,0.0000,2.0000,-3.775376,12.807053,0.342154,33.00
10.600019,friction-sweep,foot_right_joint,RS02,-3.624277,15.000000,0.000000,0.0000,2.0000,-3.624277,12.948044,0.161608,33.00
10.608019,friction-sweep,foot_right_joint,RS02,-3.473178,15.000000,0.000000,0.0000,2.0000,-3.473178,12.901352,0.317249,33.00
10.616018,friction-sweep,foot_right_joint,RS02,-3.321311,15.000000,0.000000,0.0000,2.0000,-3.321311,12.930649,0.221790,33.00
10.624019,friction-sweep,foot_right_joint,RS02,-3.169445,15.000000,0.000000,0.0000,2.0000,-3.169445,12.975510,0.218678,33.00
10.632019,friction-sweep,foot_right_joint,RS02,-3.017578,15.000000,0.000000,0.0000,2.0000,-3.017578,12.882126,0.360830,33.00
10.640018,friction-sweep,foot_right_joint,RS02,-2.864944,15.000000,0.000000,0.0000,2.0000,-2.864944,12.898605,0.239429,33.00
10.648019,friction-sweep,foot_right_joint,RS02,-2.712311,15.000000,0.000000,0.0000,2.0000,-2.712311,13.031357,0.282490,33.00
10.656019,friction-sweep,foot_right_joint,RS02,-2.559294,15.000000,0.000000,0.0000,2.0000,-2.559294,13.165024,0.320881,33.00
10.664021,friction-sweep,foot_right_joint,RS02,-2.405894,15.000000,0.000000,0.0000,2.0000,-2.405894,13.087204,0.206745,33.00
10.672019,friction-sweep,foot_right_joint,RS02,-2.252877,15.000000,0.000000,0.0000,2.0000,-2.252877,12.992905,0.304798,33.00
10.680019,friction-sweep,foot_right_joint,RS02,-2.099093,15.000000,0.000000,0.0000,2.0000,-2.099093,13.184250,0.300648,33.00
10.688134,friction-sweep,foot_right_joint,RS02,-1.945693,15.000000,0.000000,0.0000,2.0000,-1.945693,13.039597,0.130480,33.00
10.696059,friction-sweep,foot_right_joint,RS02,-1.791142,15.000000,0.000000,0.0000,2.0000,-1.791142,13.083542,0.290791,33.00
10.704046,friction-sweep,foot_right_joint,RS02,-1.636591,15.000000,0.000000,0.0000,2.0000,-1.636591,13.105515,0.298054,33.00
10.712038,friction-sweep,foot_right_joint,RS02,-1.483574,15.000000,0.000000,0.0000,2.0000,-1.483574,13.109177,0.174059,33.00
10.720029,friction-sweep,foot_right_joint,RS02,-1.329022,15.000000,0.000000,0.0000,2.0000,-1.329022,13.185165,0.327625,33.00
10.728028,friction-sweep,foot_right_joint,RS02,-1.174472,15.000000,0.000000,0.0000,2.0000,-1.174472,13.111008,0.311543,33.00
10.736025,friction-sweep,foot_right_joint,RS02,-1.019921,15.000000,0.000000,0.0000,2.0000,-1.019921,13.185165,0.146563,33.00
10.744020,friction-sweep,foot_right_joint,RS02,-0.864987,15.000000,0.000000,0.0000,2.0000,-0.864987,13.176010,0.337484,33.00
10.752020,friction-sweep,foot_right_joint,RS02,-0.710052,15.000000,0.000000,0.0000,2.0000,-0.710052,13.133896,0.287159,33.00
10.760020,friction-sweep,foot_right_joint,RS02,-0.555501,15.000000,0.000000,0.0000,2.0000,-0.555501,13.266651,0.164721,33.00
10.768020,friction-sweep,foot_right_joint,RS02,-0.400184,15.000000,0.000000,0.0000,2.0000,-0.400184,13.267567,0.359793,33.00
10.776016,friction-sweep,foot_right_joint,RS02,-0.245249,15.000000,0.000000,0.0000,2.0000,-0.245249,13.200729,0.255512,33.00
10.784018,friction-sweep,foot_right_joint,RS02,-0.090315,15.000000,0.000000,0.0000,2.0000,-0.090315,13.247425,0.215565,33.00
10.792017,friction-sweep,foot_right_joint,RS02,0.065004,15.000000,0.000000,0.0000,2.0000,0.065004,13.228195,0.304798,33.00
10.800017,friction-sweep,foot_right_joint,RS02,0.220321,15.000000,0.000000,0.0000,2.0000,0.220321,13.262989,0.312061,33.00
10.808018,friction-sweep,foot_right_joint,RS02,0.375640,15.000000,0.000000,0.0000,2.0000,0.375640,13.245594,0.271595,33.00
10.816018,friction-sweep,foot_right_joint,RS02,0.531340,15.000000,0.000000,0.0000,2.0000,0.531340,13.302357,0.221790,33.00
10.824018,friction-sweep,foot_right_joint,RS02,0.686659,15.000000,0.000000,0.0000,2.0000,0.686659,13.282215,0.320881,33.00
10.832018,friction-sweep,foot_right_joint,RS02,0.842360,15.000000,0.000000,0.0000,2.0000,0.842360,13.242847,0.259663,33.00
10.840017,friction-sweep,foot_right_joint,RS02,0.997678,15.000000,0.000000,0.0000,2.0000,0.997678,13.308765,0.173021,33.00
10.848017,friction-sweep,foot_right_joint,RS02,1.153379,15.000000,0.000000,0.0000,2.0000,1.153379,13.364613,0.354605,33.00
10.856020,friction-sweep,foot_right_joint,RS02,1.309080,15.000000,0.000000,0.0000,2.0000,1.309080,13.219040,0.232166,33.00
10.864018,friction-sweep,foot_right_joint,RS02,1.464783,15.000000,0.000000,0.0000,2.0000,1.464783,13.324329,0.141375,33.00
10.872020,friction-sweep,foot_right_joint,RS02,1.620484,15.000000,0.000000,0.0000,2.0000,1.620484,13.229111,0.389883,33.00
10.880019,friction-sweep,foot_right_joint,RS02,1.776185,15.000000,0.000000,0.0000,2.0000,1.776185,13.250172,0.216084,33.00
10.888018,friction-sweep,foot_right_joint,RS02,1.932271,15.000000,0.000000,0.0000,2.0000,1.932271,13.322498,0.232166,33.00
10.896019,friction-sweep,foot_right_joint,RS02,2.088355,15.000000,0.000000,0.0000,2.0000,2.088355,13.257496,0.311543,33.00
10.904016,friction-sweep,foot_right_joint,RS02,2.244057,15.000000,0.000000,0.0000,2.0000,2.244057,13.371937,0.287678,33.00
10.912018,friction-sweep,foot_right_joint,RS02,2.400141,15.000000,0.000000,0.0000,2.0000,2.400141,13.223618,0.191179,33.00
10.920017,friction-sweep,foot_right_joint,RS02,2.556227,15.000000,0.000000,0.0000,2.0000,2.556227,13.339893,0.231647,33.00
10.928018,friction-sweep,foot_right_joint,RS02,2.711928,15.000000,0.000000,0.0000,2.0000,2.711928,13.371021,0.324512,33.00
10.936019,friction-sweep,foot_right_joint,RS02,2.868012,15.000000,0.000000,0.0000,2.0000,2.868012,13.345387,0.258106,33.00
10.944036,friction-sweep,foot_right_joint,RS02,3.024482,15.000000,0.000000,0.0000,2.0000,3.024482,13.209885,0.166796,33.00
10.952020,friction-sweep,foot_right_joint,RS02,3.180182,15.000000,0.000000,0.0000,2.0000,3.180182,13.392994,0.378469,33.00
10.960018,friction-sweep,foot_right_joint,RS02,3.336267,15.000000,0.000000,0.0000,2.0000,3.336267,13.302357,0.221790,33.00
10.968018,friction-sweep,foot_right_joint,RS02,3.491969,15.000000,0.000000,0.0000,2.0000,3.491969,13.275806,0.133593,33.00
10.976016,friction-sweep,foot_right_joint,RS02,3.648820,15.000000,0.000000,0.0000,2.0000,3.648820,13.402149,0.360830,33.00
10.984016,friction-sweep,foot_right_joint,RS02,3.804523,15.000000,0.000000,0.0000,2.0000,3.804523,13.335316,0.235798,33.00
10.992019,friction-sweep,foot_right_joint,RS02,3.960990,15.000000,0.000000,0.0000,2.0000,3.960990,13.384754,0.234760,33.00
11.000018,friction-sweep,foot_right_joint,RS02,4.117076,15.000000,0.000000,0.0000,2.0000,4.117076,13.248341,0.260181,33.00
11.008018,friction-sweep,foot_right_joint,RS02,4.272779,15.000000,0.000000,0.0000,2.0000,4.272779,13.217209,0.289753,33.00
11.016018,friction-sweep,foot_right_joint,RS02,4.429246,15.000000,0.000000,0.0000,2.0000,4.429246,13.230942,0.269520,33.00
11.024018,friction-sweep,foot_right_joint,RS02,4.585715,15.000000,0.000000,0.0000,2.0000,4.585715,13.312428,0.188585,33.00
11.032017,friction-sweep,foot_right_joint,RS02,4.741797,15.000000,0.000000,0.0000,2.0000,4.741797,13.299610,0.331257,33.00
11.040017,friction-sweep,foot_right_joint,RS02,4.897883,15.000000,0.000000,0.0000,2.0000,4.897883,13.214462,0.248249,33.00
11.048054,friction-sweep,foot_right_joint,RS02,5.054734,15.000000,0.000000,0.0000,2.0000,5.054734,13.264820,0.163164,33.00
11.056045,friction-sweep,foot_right_joint,RS02,5.211587,15.000000,0.000000,0.0000,2.0000,5.211587,13.222702,0.447470,33.00
11.064036,friction-sweep,foot_right_joint,RS02,5.367673,15.000000,0.000000,0.0000,2.0000,5.367673,13.424122,0.241505,33.00
11.072026,friction-sweep,foot_right_joint,RS02,5.522607,15.000000,0.000000,0.0000,2.0000,5.522607,13.374683,0.120104,33.00
11.080020,friction-sweep,foot_right_joint,RS02,5.679843,15.000000,0.000000,0.0000,2.0000,5.679843,13.255665,0.306873,33.00
11.088019,friction-sweep,foot_right_joint,RS02,5.835927,15.000000,0.000000,0.0000,2.0000,5.835927,13.303272,0.293903,33.00
11.096020,friction-sweep,foot_right_joint,RS02,5.991244,15.000000,0.000000,0.0000,2.0000,5.991244,13.279469,0.242542,33.00
11.104018,friction-sweep,foot_right_joint,RS02,6.148480,15.000000,0.000000,0.0000,2.0000,6.148480,13.150375,0.215565,33.00
11.112020,friction-sweep,foot_right_joint,RS02,6.304564,15.000000,0.000000,0.0000,2.0000,6.304564,13.337147,0.300129,33.00
11.120019,friction-sweep,foot_right_joint,RS02,6.461417,15.000000,0.000000,0.0000,2.0000,6.461417,13.338062,0.250843,33.00
11.128018,friction-sweep,foot_right_joint,RS02,6.615968,15.000000,0.000000,0.0000,2.0000,6.615968,13.401234,0.167833,33.00
11.136018,friction-sweep,foot_right_joint,RS02,6.772437,15.000000,0.000000,0.0000,2.0000,6.772437,13.355457,0.356680,33.00
11.144021,friction-sweep,foot_right_joint,RS02,6.929673,15.000000,0.000000,0.0000,2.0000,6.929673,13.324329,0.245136,33.00
11.152022,friction-sweep,foot_right_joint,RS02,7.085374,15.000000,0.000000,0.0000,2.0000,7.085374,13.237350,0.122698,33.00
11.160021,friction-sweep,foot_right_joint,RS02,7.242227,15.000000,0.000000,0.0000,2.0000,7.242227,13.365528,0.312061,33.00
11.168018,friction-sweep,foot_right_joint,RS02,7.398311,15.000000,0.000000,0.0000,2.0000,7.398311,13.361866,0.262775,33.00
11.176018,friction-sweep,foot_right_joint,RS02,7.553628,15.000000,0.000000,0.0000,2.0000,7.553628,13.467152,0.183397,33.00
11.184019,friction-sweep,foot_right_joint,RS02,7.710864,15.000000,0.000000,0.0000,2.0000,7.710864,13.213547,0.259663,33.00
11.192018,friction-sweep,foot_right_joint,RS02,7.866948,15.000000,0.000000,0.0000,2.0000,7.866948,13.252003,0.315174,33.00
11.200018,friction-sweep,foot_right_joint,RS02,8.023417,-15.000000,0.000000,0.0000,2.0000,8.023417,13.378345,0.260181,33.00
11.208018,friction-sweep,foot_right_joint,RS02,8.179885,-15.000000,0.000000,0.0000,2.0000,8.179885,13.291370,0.184954,33.00
11.216019,friction-sweep,foot_right_joint,RS02,8.332135,-15.000000,0.000000,0.0000,2.0000,8.332135,12.681622,-0.366018,33.00
11.224083,friction-sweep,foot_right_joint,RS02,8.472497,-15.000000,0.000000,0.0000,2.0000,8.472497,11.365986,-0.648767,33.00
11.232026,friction-sweep,foot_right_joint,RS02,8.597903,-15.000000,0.000000,0.0000,2.0000,8.597903,10.179443,-0.728146,33.00
11.240026,friction-sweep,foot_right_joint,RS02,8.707583,-15.000000,0.000000,0.0000,2.0000,8.707583,8.778667,-0.721920,33.00
11.248019,friction-sweep,foot_right_joint,RS02,8.802691,-15.000000,0.000000,0.0000,2.0000,8.802691,7.606773,-0.621271,33.00
11.256019,friction-sweep,foot_right_joint,RS02,8.883992,-15.000000,0.000000,0.0000,2.0000,8.883992,6.513618,-0.596369,33.00
11.264020,friction-sweep,foot_right_joint,RS02,8.951106,-15.000000,0.000000,0.0000,2.0000,8.951106,5.378349,-0.526329,33.00
11.272020,friction-sweep,foot_right_joint,RS02,9.005181,-15.000000,0.000000,0.0000,2.0000,9.005181,4.210117,-0.547081,33.00
11.280020,friction-sweep,foot_right_joint,RS02,9.047748,-15.000000,0.000000,0.0000,2.0000,9.047748,3.229572,-0.566797,33.00
11.288018,friction-sweep,foot_right_joint,RS02,9.078811,-15.000000,0.000000,0.0000,2.0000,9.078811,2.304874,-0.383657,33.00
11.296018,friction-sweep,foot_right_joint,RS02,9.098754,-15.000000,0.000000,0.0000,2.0000,9.098754,1.382010,-0.730740,33.00
11.304018,friction-sweep,foot_right_joint,RS02,9.104506,-15.000000,0.000000,0.0000,2.0000,9.104506,-0.050812,-0.886381,33.00
11.312018,friction-sweep,foot_right_joint,RS02,9.097220,-15.000000,0.000000,0.0000,2.0000,9.097220,-0.926987,-0.661219,33.00
11.320017,friction-sweep,foot_right_joint,RS02,9.081882,-15.000000,0.000000,0.0000,2.0000,9.081882,-1.681391,-0.632685,33.00
11.328019,friction-sweep,foot_right_joint,RS02,9.058869,-15.000000,0.000000,0.0000,2.0000,9.058869,-2.220646,-0.557976,33.00
11.336021,friction-sweep,foot_right_joint,RS02,9.030108,-15.000000,0.000000,0.0000,2.0000,9.030108,-2.646374,-0.485344,33.00
11.344019,friction-sweep,foot_right_joint,RS02,8.995210,-15.000000,0.000000,0.0000,2.0000,8.995210,-3.194780,-0.573542,33.00
11.352017,friction-sweep,foot_right_joint,RS02,8.954558,-15.000000,0.000000,0.0000,2.0000,8.954558,-3.738613,-0.409597,33.00
11.360019,friction-sweep,foot_right_joint,RS02,8.908154,-15.000000,0.000000,0.0000,2.0000,8.908154,-4.181736,-0.498314,33.00
11.368017,friction-sweep,foot_right_joint,RS02,8.857148,-15.000000,0.000000,0.0000,2.0000,8.857148,-4.593729,-0.496239,33.00
11.376019,friction-sweep,foot_right_joint,RS02,8.800391,-15.000000,0.000000,0.0000,2.0000,8.800391,-4.981003,-0.498314,33.00
11.384019,friction-sweep,foot_right_joint,RS02,8.739030,-15.000000,0.000000,0.0000,2.0000,8.739030,-5.377432,-0.449028,33.00
11.392017,friction-sweep,foot_right_joint,RS02,8.672685,-15.000000,0.000000,0.0000,2.0000,8.672685,-5.833372,-0.417379,33.00
11.400018,friction-sweep,foot_right_joint,RS02,8.602504,-15.000000,0.000000,0.0000,2.0000,8.602504,-6.211491,-0.391958,33.00
11.408017,friction-sweep,foot_right_joint,RS02,8.528106,-15.000000,0.000000,0.0000,2.0000,8.528106,-6.529182,-0.475487,33.00
11.416017,friction-sweep,foot_right_joint,RS02,8.449870,-15.000000,0.000000,0.0000,2.0000,8.449870,-6.786449,-0.380545,33.00
11.424018,friction-sweep,foot_right_joint,RS02,8.367801,-15.000000,0.000000,0.0000,2.0000,8.367801,-7.151751,-0.428793,33.00
11.432018,friction-sweep,foot_right_joint,RS02,8.281512,-15.000000,0.000000,0.0000,2.0000,8.281512,-7.452049,-0.423605,33.00
11.440018,friction-sweep,foot_right_joint,RS02,8.192157,-15.000000,0.000000,0.0000,2.0000,8.192157,-7.718472,-0.405447,33.00
11.448018,friction-sweep,foot_right_joint,RS02,8.099734,-15.000000,0.000000,0.0000,2.0000,8.099734,-7.982147,-0.347342,33.00
11.456018,friction-sweep,foot_right_joint,RS02,8.004243,-15.000000,0.000000,0.0000,2.0000,8.004243,-8.264135,-0.436577,33.00
11.464017,friction-sweep,foot_right_joint,RS02,7.905299,-15.000000,0.000000,0.0000,2.0000,7.905299,-8.504921,-0.355642,33.00
11.472018,friction-sweep,foot_right_joint,RS02,7.803670,-15.000000,0.000000,0.0000,2.0000,7.803670,-8.702677,-0.351492,33.00
11.480018,friction-sweep,foot_right_joint,RS02,7.699742,-15.000000,0.000000,0.0000,2.0000,7.699742,-8.919661,-0.396109,33.00
11.488017,friction-sweep,foot_right_joint,RS02,7.593129,-15.000000,0.000000,0.0000,2.0000,7.593129,-9.186083,-0.445396,33.00
11.496018,friction-sweep,foot_right_joint,RS02,7.483447,-15.000000,0.000000,0.0000,2.0000,7.483447,-9.398489,-0.474449,33.00
11.504018,friction-sweep,foot_right_joint,RS02,7.371848,-15.000000,0.000000,0.0000,2.0000,7.371848,-9.667658,-0.403372,33.00
11.512018,friction-sweep,foot_right_joint,RS02,7.258332,-15.000000,0.000000,0.0000,2.0000,7.258332,-9.738155,-0.375357,33.00
11.520018,friction-sweep,foot_right_joint,RS02,7.142133,-15.000000,0.000000,0.0000,2.0000,7.142133,-9.976196,-0.398703,33.00
11.528017,friction-sweep,foot_right_joint,RS02,7.024014,-15.000000,0.000000,0.0000,2.0000,7.024014,-10.137333,-0.428793,33.00
11.536017,friction-sweep,foot_right_joint,RS02,6.904361,-15.000000,0.000000,0.0000,2.0000,6.904361,-10.189518,-0.407003,33.00
11.544016,friction-sweep,foot_right_joint,RS02,6.782792,-15.000000,0.000000,0.0000,2.0000,6.782792,-10.404669,-0.343710,33.00
11.552018,friction-sweep,foot_right_joint,RS02,6.658921,-15.000000,0.000000,0.0000,2.0000,6.658921,-10.568550,-0.391439,33.00
11.560016,friction-sweep,foot_right_joint,RS02,6.534284,-15.000000,0.000000,0.0000,2.0000,6.534284,-10.672007,-0.286121,33.00
11.568018,friction-sweep,foot_right_joint,RS02,6.407727,-15.000000,0.000000,0.0000,2.0000,6.407727,-10.856031,-0.291309,33.00
11.576018,friction-sweep,foot_right_joint,RS02,6.279254,-15.000000,0.000000,0.0000,2.0000,6.279254,-10.934767,-0.361349,33.00
11.584019,friction-sweep,foot_right_joint,RS02,6.149632,-15.000000,0.000000,0.0000,2.0000,6.149632,-11.073929,-0.377432,33.00
11.592018,friction-sweep,foot_right_joint,RS02,6.019240,-15.000000,0.000000,0.0000,2.0000,6.019240,-11.244221,-0.290791,33.00
11.600019,friction-sweep,foot_right_joint,RS02,5.886933,-15.000000,0.000000,0.0000,2.0000,5.886933,-11.344931,-0.299612,33.00
11.608023,friction-sweep,foot_right_joint,RS02,5.753860,-15.000000,0.000000,0.0000,2.0000,5.753860,-11.461205,-0.369650,33.00
11.616020,friction-sweep,foot_right_joint,RS02,5.619248,-15.000000,0.000000,0.0000,2.0000,5.619248,-11.405355,-0.313620,33.00
11.624017,friction-sweep,foot_right_joint,RS02,5.483491,-15.000000,0.000000,0.0000,2.0000,5.483491,-11.572901,-0.273151,33.00
11.632018,friction-sweep,foot_right_joint,RS02,5.346963,-15.000000,0.000000,0.0000,2.0000,5.346963,-11.668118,-0.355124,33.00
11.640018,friction-sweep,foot_right_joint,RS02,5.209670,-15.000000,0.000000,0.0000,2.0000,5.209670,-11.704739,-0.257587,33.00
11.648017,friction-sweep,foot_right_joint,RS02,5.070460,-15.000000,0.000000,0.0000,2.0000,5.070460,-11.785307,-0.276264,33.00
11.656020,friction-sweep,foot_right_joint,RS02,4.930865,-15.000000,0.000000,0.0000,2.0000,4.930865,-11.918060,-0.350454,33.00
11.664018,friction-sweep,foot_right_joint,RS02,4.789737,-15.000000,0.000000,0.0000,2.0000,4.789737,-12.010529,-0.225422,33.00
11.672018,friction-sweep,foot_right_joint,RS02,4.648992,-15.000000,0.000000,0.0000,2.0000,4.648992,-12.096590,-0.390921,33.00
11.680019,friction-sweep,foot_right_joint,RS02,4.507096,-15.000000,0.000000,0.0000,2.0000,4.507096,-12.124056,-0.209339,33.00
11.688019,friction-sweep,foot_right_joint,RS02,4.364432,-15.000000,0.000000,0.0000,2.0000,4.364432,-12.166172,-0.347342,33.00
11.696020,friction-sweep,foot_right_joint,RS02,4.220620,-15.000000,0.000000,0.0000,2.0000,4.220620,-12.283360,-0.275227,33.00
11.704021,friction-sweep,foot_right_joint,RS02,4.076041,-15.000000,0.000000,0.0000,2.0000,4.076041,-12.227512,-0.292347,33.00
11.712018,friction-sweep,foot_right_joint,RS02,3.931077,-15.000000,0.000000,0.0000,2.0000,3.931077,-12.348362,-0.237354,33.00
11.720021,friction-sweep,foot_right_joint,RS02,3.786498,-15.000000,0.000000,0.0000,2.0000,3.786498,-12.356602,-0.311026,33.00
11.728017,friction-sweep,foot_right_joint,RS02,3.640767,-15.000000,0.000000,0.0000,2.0000,3.640767,-12.379492,-0.209858,33.00
11.736017,friction-sweep,foot_right_joint,RS02,3.493888,-15.000000,0.000000,0.0000,2.0000,3.493888,-12.518654,-0.351492,33.00
11.744078,friction-sweep,foot_right_joint,RS02,3.347005,-15.000000,0.000000,0.0000,2.0000,3.347005,-12.581825,-0.211414,33.00
11.752022,friction-sweep,foot_right_joint,RS02,3.198591,-15.000000,0.000000,0.0000,2.0000,3.198591,-12.616617,-0.356680,33.00
11.760019,friction-sweep,foot_right_joint,RS02,3.050176,-15.000000,0.000000,0.0000,2.0000,3.050176,-12.642252,-0.271076,33.00
11.768021,friction-sweep,foot_right_joint,RS02,2.901761,-15.000000,0.000000,0.0000,2.0000,2.901761,-12.617533,-0.298573,33.00
11.776018,friction-sweep,foot_right_joint,RS02,2.753345,-15.000000,0.000000,0.0000,2.0000,2.753345,-12.632181,-0.226460,33.00
11.784019,friction-sweep,foot_right_joint,RS02,2.603781,-15.000000,0.000000,0.0000,2.0000,2.603781,-12.770428,-0.333334,33.00
11.792019,friction-sweep,foot_right_joint,RS02,2.455365,-15.000000,0.000000,0.0000,2.0000,2.455365,-12.662394,-0.279896,33.00
11.800018,friction-sweep,foot_right_joint,RS02,2.305033,-15.000000,0.000000,0.0000,2.0000,2.305033,-12.771343,-0.251362,33.00
11.808017,friction-sweep,foot_right_joint,RS02,2.154701,-15.000000,0.000000,0.0000,2.0000,2.154701,-12.753948,-0.373800,33.00
11.816018,friction-sweep,foot_right_joint,RS02,2.003217,-15.000000,0.000000,0.0000,2.0000,2.003217,-12.830853,-0.192738,33.00
11.824018,friction-sweep,foot_right_joint,RS02,1.851735,-15.000000,0.000000,0.0000,2.0000,1.851735,-12.948957,-0.318289,33.00
11.832018,friction-sweep,foot_right_joint,RS02,1.700635,-15.000000,0.000000,0.0000,2.0000,1.700635,-12.847334,-0.261738,33.00
11.840020,friction-sweep,foot_right_joint,RS02,1.549537,-15.000000,0.000000,0.0000,2.0000,1.549537,-12.932478,-0.200520,33.00
11.848018,friction-sweep,foot_right_joint,RS02,1.398437,-15.000000,0.000000,0.0000,2.0000,1.398437,-12.917830,-0.368093,33.00
11.856018,friction-sweep,foot_right_joint,RS02,1.246187,-15.000000,0.000000,0.0000,2.0000,1.246187,-12.888533,-0.223866,33.00
11.864017,friction-sweep,foot_right_joint,RS02,1.093937,-15.000000,0.000000,0.0000,2.0000,1.093937,-12.998398,-0.198444,33.00
11.872011,friction-sweep,foot_right_joint,RS02,0.942071,-15.000000,0.000000,0.0000,2.0000,0.942071,-13.072557,-0.329702,33.00
11.880080,friction-sweep,foot_right_joint,RS02,0.788670,-15.000000,0.000000,0.0000,2.0000,0.788670,-12.977341,-0.157457,33.00
11.892074,friction-sweep,foot_right_joint,RS02,0.559337,-15.000000,0.000000,0.0000,2.0000,0.559337,-13.002975,-0.263294,33.00
11.900032,friction-sweep,foot_right_joint,RS02,0.406320,-15.000000,0.000000,0.0000,2.0000,0.406320,-13.056076,-0.235798,33.00
11.908131,friction-sweep,foot_right_joint,RS02,0.251002,-15.000000,0.000000,0.0000,2.0000,0.251002,-13.133898,-0.341116,33.00
11.920027,friction-sweep,foot_right_joint,RS02,0.022818,-15.000000,0.000000,0.0000,2.0000,0.022818,-13.100939,-0.302725,33.00
11.928021,friction-sweep,foot_right_joint,RS02,-0.130966,-15.000000,0.000000,0.0000,2.0000,-0.130966,-13.176012,-0.221790,33.00
11.936026,friction-sweep,foot_right_joint,RS02,-0.284750,-15.000000,0.000000,0.0000,2.0000,-0.284750,-13.056992,-0.302725,33.00
11.944025,friction-sweep,foot_right_joint,RS02,-0.438534,-15.000000,0.000000,0.0000,2.0000,-0.438534,-13.133898,-0.250843,33.00
11.952022,friction-sweep,foot_right_joint,RS02,-0.592701,-15.000000,0.000000,0.0000,2.0000,-0.592701,-13.170519,-0.267963,33.00
11.960018,friction-sweep,foot_right_joint,RS02,-0.746868,-15.000000,0.000000,0.0000,2.0000,-0.746868,-13.154039,-0.263813,33.00
11.968089,friction-sweep,foot_right_joint,RS02,-0.902186,-15.000000,0.000000,0.0000,2.0000,-0.902186,-13.252918,-0.301687,33.00
11.976056,friction-sweep,foot_right_joint,RS02,-1.055970,-15.000000,0.000000,0.0000,2.0000,-1.055970,-13.057907,-0.217640,33.00
11.984032,friction-sweep,foot_right_joint,RS02,-1.210138,-15.000000,0.000000,0.0000,2.0000,-1.210138,-13.270313,-0.253437,33.00
11.992022,friction-sweep,foot_right_joint,RS02,-1.365072,-15.000000,0.000000,0.0000,2.0000,-1.365072,-13.220875,-0.236835,33.00
12.000021,friction-sweep,foot_right_joint,RS02,-1.519623,-15.000000,0.000000,0.0000,2.0000,-1.519623,-13.197071,-0.186512,33.00
12.008019,friction-sweep,foot_right_joint,RS02,-1.674558,-15.000000,0.000000,0.0000,2.0000,-1.674558,-13.247425,-0.298573,33.00
12.016018,friction-sweep,foot_right_joint,RS02,-1.829875,-15.000000,0.000000,0.0000,2.0000,-1.829875,-13.274891,-0.314657,33.00
12.024017,friction-sweep,foot_right_joint,RS02,-1.984426,-15.000000,0.000000,0.0000,2.0000,-1.984426,-13.142138,-0.224903,33.00
12.032021,friction-sweep,foot_right_joint,RS02,-2.139745,-15.000000,0.000000,0.0000,2.0000,-2.139745,-13.211720,-0.329184,33.00
12.040019,friction-sweep,foot_right_joint,RS02,-2.294679,-15.000000,0.000000,0.0000,2.0000,-2.294679,-13.213551,-0.350973,33.00
12.048018,friction-sweep,foot_right_joint,RS02,-2.449613,-15.000000,0.000000,0.0000,2.0000,-2.449613,-13.158617,-0.202076,33.00
12.056019,friction-sweep,foot_right_joint,RS02,-2.605314,-15.000000,0.000000,0.0000,2.0000,-2.605314,-13.213551,-0.352530,33.00
12.064018,friction-sweep,foot_right_joint,RS02,-2.760633,-15.000000,0.000000,0.0000,2.0000,-2.760633,-13.121080,-0.314657,33.00
12.072020,friction-sweep,foot_right_joint,RS02,-2.915950,-15.000000,0.000000,0.0000,2.0000,-2.915950,-13.227283,-0.210377,33.00
12.080019,friction-sweep,foot_right_joint,RS02,-3.071268,-15.000000,0.000000,0.0000,2.0000,-3.071268,-13.318838,-0.246174,33.00
12.088018,friction-sweep,foot_right_joint,RS02,-3.226586,-15.000000,0.000000,0.0000,2.0000,-3.226586,-13.223621,-0.283009,33.00
12.096019,friction-sweep,foot_right_joint,RS02,-3.382288,-15.000000,0.000000,0.0000,2.0000,-3.382288,-13.355459,-0.205189,33.00
12.104019,friction-sweep,foot_right_joint,RS02,-3.537989,-15.000000,0.000000,0.0000,2.0000,-3.537989,-13.228199,-0.224903,33.00
12.112018,friction-sweep,foot_right_joint,RS02,-3.693690,-15.000000,0.000000,0.0000,2.0000,-3.693690,-13.272144,-0.341116,33.00
12.120019,friction-sweep,foot_right_joint,RS02,-3.849392,-15.000000,0.000000,0.0000,2.0000,-3.849392,-13.262989,-0.276264,33.00
12.128018,friction-sweep,foot_right_joint,RS02,-4.005094,-15.000000,0.000000,0.0000,2.0000,-4.005094,-13.252003,-0.188587,33.00
12.136018,friction-sweep,foot_right_joint,RS02,-4.160795,-15.000000,0.000000,0.0000,2.0000,-4.160795,-13.304190,-0.363424,33.00
12.144017,friction-sweep,foot_right_joint,RS02,-4.316496,-15.000000,0.000000,0.0000,2.0000,-4.316496,-13.208973,-0.244617,33.00
12.152017,friction-sweep,foot_right_joint,RS02,-4.472198,-15.000000,0.000000,0.0000,2.0000,-4.472198,-13.322500,-0.204670,33.00
12.160017,friction-sweep,foot_right_joint,RS02,-4.628283,-15.000000,0.000000,0.0000,2.0000,-4.628283,-13.387503,-0.322439,33.00
12.168018,friction-sweep,foot_right_joint,RS02,-4.783984,-15.000000,0.000000,0.0000,2.0000,-4.783984,-13.354544,-0.273151,33.00
12.176017,friction-sweep,foot_right_joint,RS02,-4.939686,-15.000000,0.000000,0.0000,2.0000,-4.939686,-13.271229,-0.212452,33.00
12.184017,friction-sweep,foot_right_joint,RS02,-5.095770,-15.000000,0.000000,0.0000,2.0000,-5.095770,-13.390249,-0.266407,33.00
12.192019,friction-sweep,foot_right_joint,RS02,-5.251855,-15.000000,0.000000,0.0000,2.0000,-5.251855,-13.293201,-0.300131,33.00
12.200018,friction-sweep,foot_right_joint,RS02,-5.407940,-15.000000,0.000000,0.0000,2.0000,-5.407940,-13.283131,-0.222309,33.00
12.208018,friction-sweep,foot_right_joint,RS02,-5.564025,-15.000000,0.000000,0.0000,2.0000,-5.564025,-13.317923,-0.187031,33.00
12.216018,friction-sweep,foot_right_joint,RS02,-5.720110,-15.000000,0.000000,0.0000,2.0000,-5.720110,-13.284046,-0.338003,33.00
12.224103,friction-sweep,foot_right_joint,RS02,-5.878496,-15.000000,0.000000,0.0000,2.0000,-5.878496,-13.436943,-0.248249,33.00
12.232048,friction-sweep,foot_right_joint,RS02,-6.032663,-15.000000,0.000000,0.0000,2.0000,-6.032663,-13.211720,-0.160570,33.00
12.240042,friction-sweep,foot_right_joint,RS02,-6.188748,-15.000000,0.000000,0.0000,2.0000,-6.188748,-13.355459,-0.319845,33.00
12.248027,friction-sweep,foot_right_joint,RS02,-6.344833,-15.000000,0.000000,0.0000,2.0000,-6.344833,-13.243763,-0.274189,33.00
12.256246,friction-sweep,foot_right_joint,RS02,-6.506287,-15.000000,0.000000,0.0000,2.0000,-6.506287,-13.337149,-0.173542,33.00
12.264040,friction-sweep,foot_right_joint,RS02,-6.658921,-15.000000,0.000000,0.0000,2.0000,-6.658921,-13.357290,-0.326590,33.00
12.272159,friction-sweep,foot_right_joint,RS02,-6.813855,-15.000000,0.000000,0.0000,2.0000,-6.813855,-13.252918,-0.290272,33.00
12.280033,friction-sweep,foot_right_joint,RS02,-6.971474,-15.000000,0.000000,0.0000,2.0000,-6.971474,-13.359121,-0.232685,33.00
12.288026,friction-sweep,foot_right_joint,RS02,-7.126792,-15.000000,0.000000,0.0000,2.0000,-7.126792,-13.302359,-0.214527,33.00
12.296024,friction-sweep,foot_right_joint,RS02,-7.283260,-15.000000,0.000000,0.0000,2.0000,-7.283260,-13.346304,-0.330740,33.00
12.304024,friction-sweep,foot_right_joint,RS02,-7.439729,-15.000000,0.000000,0.0000,2.0000,-7.439729,-13.404898,-0.272633,33.00
12.312016,friction-sweep,foot_right_joint,RS02,-7.596197,-15.000000,0.000000,0.0000,2.0000,-7.596197,-13.382010,-0.159533,33.00
12.320018,friction-sweep,foot_right_joint,RS02,-7.752282,-15.000000,0.000000,0.0000,2.0000,-7.752282,-13.295033,-0.297016,33.00
12.328021,friction-sweep,foot_right_joint,RS02,-7.908751,-15.000000,0.000000,0.0000,2.0000,-7.908751,-13.372854,-0.301687,33.00
12.336022,friction-sweep,foot_right_joint,RS02,-8.065220,-15.000000,0.000000,0.0000,2.0000,-8.065220,-13.377432,-0.179768,33.00
12.344020,friction-sweep,foot_right_joint,RS02,-8.222071,-15.000000,0.000000,0.0000,2.0000,-8.222071,-13.359121,-0.304281,33.00
12.352020,friction-sweep,foot_right_joint,RS02,-8.378539,-15.000000,0.000000,0.0000,2.0000,-8.378539,-13.330740,-0.326071,33.00
12.360019,friction-sweep,foot_right_joint,RS02,-8.535391,-15.000000,0.000000,0.0000,2.0000,-8.535391,-13.390249,-0.196369,33.00
12.368018,friction-sweep,foot_right_joint,RS02,-8.691860,-15.000000,0.000000,0.0000,2.0000,-8.691860,-13.446098,-0.226460,33.00
12.376019,friction-sweep,foot_right_joint,RS02,-8.848329,-15.000000,0.000000,0.0000,2.0000,-8.848329,-13.312429,-0.331778,33.00
12.384020,friction-sweep,foot_right_joint,RS02,-9.004797,-15.000000,0.000000,0.0000,2.0000,-9.004797,-13.345388,-0.269520,33.00
12.392020,friction-sweep,foot_right_joint,RS02,-9.161649,-15.000000,0.000000,0.0000,2.0000,-9.161649,-13.320669,-0.202595,33.00
12.400020,friction-sweep,foot_right_joint,RS02,-9.318501,18.000000,0.000000,0.0000,2.0000,-9.318501,-13.310598,-0.263294,33.00
12.408021,friction-sweep,foot_right_joint,RS02,-9.474969,18.000000,0.000000,0.0000,2.0000,-9.474969,-13.347219,-0.311544,33.00
12.416018,friction-sweep,foot_right_joint,RS02,-9.627218,18.000000,0.000000,0.0000,2.0000,-9.627218,-12.631266,0.572502,33.00
12.424018,friction-sweep,foot_right_joint,RS02,-9.766047,18.000000,0.000000,0.0000,2.0000,-9.766047,-11.297321,0.663294,33.00
12.432019,friction-sweep,foot_right_joint,RS02,-9.888383,18.000000,0.000000,0.0000,2.0000,-9.888383,-9.832457,0.749416,33.00
12.440020,friction-sweep,foot_right_joint,RS02,-9.993846,18.000000,0.000000,0.0000,2.0000,-9.993846,-8.360266,0.695459,33.00
12.448019,friction-sweep,foot_right_joint,RS02,-10.082818,18.000000,0.000000,0.0000,2.0000,-10.082818,-6.980545,0.730219,33.00
12.456018,friction-sweep,foot_right_joint,RS02,-10.156067,18.000000,0.000000,0.0000,2.0000,-10.156067,-5.756466,0.730219,33.00
12.464020,friction-sweep,foot_right_joint,RS02,-10.214743,18.000000,0.000000,0.0000,2.0000,-10.214743,-4.585489,0.652399,33.00
12.472019,friction-sweep,foot_right_joint,RS02,-10.259612,18.000000,0.000000,0.0000,2.0000,-10.259612,-3.346762,0.644617,33.00
12.480018,friction-sweep,foot_right_joint,RS02,-10.291059,18.000000,0.000000,0.0000,2.0000,-10.291059,-2.182194,0.435537,33.00
12.488019,friction-sweep,foot_right_joint,RS02,-10.309467,18.000000,0.000000,0.0000,2.0000,-10.309467,-0.962692,0.938261,33.00
12.496018,friction-sweep,foot_right_joint,RS02,-10.310617,18.000000,0.000000,0.0000,2.0000,-10.310617,0.545204,0.842281,33.00
12.504018,friction-sweep,foot_right_joint,RS02,-10.298346,18.000000,0.000000,0.0000,2.0000,-10.298346,1.309683,0.656549,33.00
12.512019,friction-sweep,foot_right_joint,RS02,-10.277637,18.000000,0.000000,0.0000,2.0000,-10.277637,2.121765,0.618677,33.00
12.520022,friction-sweep,foot_right_joint,RS02,-10.248107,18.000000,0.000000,0.0000,2.0000,-10.248107,2.801098,0.665369,33.00
12.528021,friction-sweep,foot_right_joint,RS02,-10.211290,18.000000,0.000000,0.0000,2.0000,-10.211290,3.441063,0.611933,33.00
12.536017,friction-sweep,foot_right_joint,RS02,-10.167572,18.000000,0.000000,0.0000,2.0000,-10.167572,3.974823,0.509727,33.00
12.544019,friction-sweep,foot_right_joint,RS02,-10.115799,18.000000,0.000000,0.0000,2.0000,-10.115799,4.632183,0.461477,33.00
12.552018,friction-sweep,foot_right_joint,RS02,-10.058658,18.000000,0.000000,0.0000,2.0000,-10.058658,5.024033,0.469780,33.00
12.560019,friction-sweep,foot_right_joint,RS02,-9.994229,18.000000,0.000000,0.0000,2.0000,-9.994229,5.634697,0.464590,33.00
12.568020,friction-sweep,foot_right_joint,RS02,-9.923665,18.000000,0.000000,0.0000,2.0000,-9.923665,6.168457,0.549156,33.00
12.576020,friction-sweep,foot_right_joint,RS02,-9.847348,18.000000,0.000000,0.0000,2.0000,-9.847348,6.656441,0.600000,33.00
12.584021,friction-sweep,foot_right_joint,RS02,-9.765663,18.000000,0.000000,0.0000,2.0000,-9.765663,7.167316,0.440725,33.00
12.592018,friction-sweep,foot_right_joint,RS02,-9.679375,18.000000,0.000000,0.0000,2.0000,-9.679375,7.636074,0.585991,33.00
12.600019,friction-sweep,foot_right_joint,RS02,-9.587718,18.000000,0.000000,0.0000,2.0000,-9.587718,8.077362,0.430868,33.00
12.608016,friction-sweep,foot_right_joint,RS02,-9.490692,18.000000,0.000000,0.0000,2.0000,-9.490692,8.445412,0.507652,33.00
12.616018,friction-sweep,foot_right_joint,RS02,-9.389448,18.000000,0.000000,0.0000,2.0000,-9.389448,8.769512,0.575096,33.00
12.624020,friction-sweep,foot_right_joint,RS02,-9.282835,18.000000,0.000000,0.0000,2.0000,-9.282835,9.161366,0.499352,33.00
12.632019,friction-sweep,foot_right_joint,RS02,-9.173154,18.000000,0.000000,0.0000,2.0000,-9.173154,9.450676,0.423605,33.00
12.640019,friction-sweep,foot_right_joint,RS02,-9.059254,18.000000,0.000000,0.0000,2.0000,-9.059254,9.865414,0.398184,33.00
12.648020,friction-sweep,foot_right_joint,RS02,-8.942669,18.000000,0.000000,0.0000,2.0000,-8.942669,10.148315,0.440207,33.00
12.656018,friction-sweep,foot_right_joint,RS02,-8.820716,18.000000,0.000000,0.0000,2.0000,-8.820716,10.509041,0.424643,33.00
12.664018,friction-sweep,foot_right_joint,RS02,-8.696845,18.000000,0.000000,0.0000,2.0000,-8.696845,10.656441,0.482231,33.00
12.672019,friction-sweep,foot_right_joint,RS02,-8.569139,18.000000,0.000000,0.0000,2.0000,-8.569139,10.996109,0.524254,33.00
12.680017,friction-sweep,foot_right_joint,RS02,-8.438366,18.000000,0.000000,0.0000,2.0000,-8.438366,11.415428,0.374838,33.00
12.688019,friction-sweep,foot_right_joint,RS02,-8.304523,18.000000,0.000000,0.0000,2.0000,-8.304523,11.495079,0.392996,33.00
12.696083,friction-sweep,foot_right_joint,RS02,-8.167231,18.000000,0.000000,0.0000,2.0000,-8.167231,11.787136,0.501427,33.00
12.704048,friction-sweep,foot_right_joint,RS02,-8.028786,18.000000,0.000000,0.0000,2.0000,-8.028786,11.909821,0.337484,33.00
12.712082,friction-sweep,foot_right_joint,RS02,-7.886124,18.000000,0.000000,0.0000,2.0000,-7.886124,12.129551,0.449545,33.00
12.720064,friction-sweep,foot_right_joint,RS02,-7.742311,18.000000,0.000000,0.0000,2.0000,-7.742311,12.301670,0.314655,33.00
12.728038,friction-sweep,foot_right_joint,RS02,-7.596197,18.000000,0.000000,0.0000,2.0000,-7.596197,12.569012,0.451620,33.00
12.736028,friction-sweep,foot_right_joint,RS02,-7.447782,18.000000,0.000000,0.0000,2.0000,-7.447782,12.764019,0.278339,33.00
12.744022,friction-sweep,foot_right_joint,RS02,-7.296683,18.000000,0.000000,0.0000,2.0000,-7.296683,12.916000,0.468742,33.00
12.752018,friction-sweep,foot_right_joint,RS02,-7.143666,18.000000,0.000000,0.0000,2.0000,-7.143666,13.168686,0.319843,33.00
12.760015,friction-sweep,foot_right_joint,RS02,-6.988732,18.000000,0.000000,0.0000,2.0000,-6.988732,13.318836,0.308949,33.00
12.768018,friction-sweep,foot_right_joint,RS02,-6.832263,18.000000,0.000000,0.0000,2.0000,-6.832263,13.436939,0.450583,33.00
12.776014,friction-sweep,foot_right_joint,RS02,-6.673877,18.000000,0.000000,0.0000,2.0000,-6.673877,13.531242,0.361868,33.00
12.784017,friction-sweep,foot_right_joint,RS02,-6.513190,18.000000,0.000000,0.0000,2.0000,-6.513190,13.705193,0.333853,33.00
12.792113,friction-sweep,foot_right_joint,RS02,-6.351737,18.000000,0.000000,0.0000,2.0000,-6.351737,13.777523,0.298054,33.00
12.800020,friction-sweep,foot_right_joint,RS02,-6.188365,18.000000,0.000000,0.0000,2.0000,-6.188365,13.892879,0.398703,33.00
12.808017,friction-sweep,foot_right_joint,RS02,-6.023843,18.000000,0.000000,0.0000,2.0000,-6.023843,14.075073,0.460440,33.00
12.816017,friction-sweep,foot_right_joint,RS02,-5.857787,18.000000,0.000000,0.0000,2.0000,-5.857787,14.194096,0.352530,33.00
12.824021,friction-sweep,foot_right_joint,RS02,-5.690580,18.000000,0.000000,0.0000,2.0000,-5.690580,14.281986,0.340597,33.00
12.832019,friction-sweep,foot_right_joint,RS02,-5.522223,18.000000,0.000000,0.0000,2.0000,-5.522223,14.318607,0.286121,33.00
12.840016,friction-sweep,foot_right_joint,RS02,-5.352716,18.000000,0.000000,0.0000,2.0000,-5.352716,14.474251,0.285603,33.00
12.848015,friction-sweep,foot_right_joint,RS02,-5.181675,18.000000,0.000000,0.0000,2.0000,-5.181675,14.581367,0.322437,33.00
12.856015,friction-sweep,foot_right_joint,RS02,-5.009866,18.000000,0.000000,0.0000,2.0000,-5.009866,14.687572,0.237354,33.00
12.864017,friction-sweep,foot_right_joint,RS02,-4.837291,18.000000,0.000000,0.0000,2.0000,-4.837291,14.834972,0.285084,33.00
12.872015,friction-sweep,foot_right_joint,RS02,-4.663565,18.000000,0.000000,0.0000,2.0000,-4.663565,14.737011,0.232166,33.00
12.880013,friction-sweep,foot_right_joint,RS02,-4.489071,18.000000,0.000000,0.0000,2.0000,-4.489071,14.929276,0.260700,33.00
12.888018,friction-sweep,foot_right_joint,RS02,-4.313428,18.000000,0.000000,0.0000,2.0000,-4.313428,14.985123,0.274708,33.00
12.896016,friction-sweep,foot_right_joint,RS02,-4.137017,18.000000,0.000000,0.0000,2.0000,-4.137017,15.052872,0.235798,33.00
12.904015,friction-sweep,foot_right_joint,RS02,-3.960224,18.000000,0.000000,0.0000,2.0000,-3.960224,15.000687,0.298054,33.00
12.912015,friction-sweep,foot_right_joint,RS02,-3.782662,18.000000,0.000000,0.0000,2.0000,-3.782662,15.150837,0.306873,33.00
12.920015,friction-sweep,foot_right_joint,RS02,-3.603951,18.000000,0.000000,0.0000,2.0000,-3.603951,15.236897,0.359274,33.00
12.928014,friction-sweep,foot_right_joint,RS02,-3.425623,18.000000,0.000000,0.0000,2.0000,-3.425623,15.214008,0.335409,33.00
12.936016,friction-sweep,foot_right_joint,RS02,-3.245378,18.000000,0.000000,0.0000,2.0000,-3.245378,15.360497,0.424643,33.00
12.944016,friction-sweep,foot_right_joint,RS02,-3.065516,18.000000,0.000000,0.0000,2.0000,-3.065516,15.378807,0.375875,33.00
12.952016,friction-sweep,foot_right_joint,RS02,-2.884503,18.000000,0.000000,0.0000,2.0000,-2.884503,15.476768,0.312580,33.00
12.960299,friction-sweep,foot_right_joint,RS02,-2.697739,18.000000,0.000000,0.0000,2.0000,-2.697739,15.479515,0.207264,33.00
12.968087,friction-sweep,foot_right_joint,RS02,-2.520177,18.000000,0.000000,0.0000,2.0000,-2.520177,15.528038,0.261738,33.00
12.976048,friction-sweep,foot_right_joint,RS02,-2.339165,18.000000,0.000000,0.0000,2.0000,-2.339165,15.486839,0.253437,33.00
12.984028,friction-sweep,foot_right_joint,RS02,-2.156618,18.000000,0.000000,0.0000,2.0000,-2.156618,15.594875,0.249287,33.00
12.992031,friction-sweep,foot_right_joint,RS02,-1.973305,18.000000,0.000000,0.0000,2.0000,-1.973305,15.648891,0.329700,33.00
13.000029,friction-sweep,foot_right_joint,RS02,-1.789990,18.000000,0.000000,0.0000,2.0000,-1.789990,15.715725,0.319843,33.00
13.008018,friction-sweep,foot_right_joint,RS02,-1.605528,18.000000,0.000000,0.0000,2.0000,-1.605528,15.764248,0.244099,33.00
13.016024,friction-sweep,foot_right_joint,RS02,-1.421447,18.000000,0.000000,0.0000,2.0000,-1.421447,15.730373,0.199482,33.00
13.024015,friction-sweep,foot_right_joint,RS02,-1.236982,18.000000,0.000000,0.0000,2.0000,-1.236982,15.607693,0.313618,33.00
13.032016,friction-sweep,foot_right_joint,RS02,-1.051751,18.000000,0.000000,0.0000,2.0000,-1.051751,15.790798,0.311024,33.00
13.040020,friction-sweep,foot_right_joint,RS02,-0.866521,18.000000,0.000000,0.0000,2.0000,-0.866521,15.794460,0.410635,33.00
13.048018,friction-sweep,foot_right_joint,RS02,-0.681290,18.000000,0.000000,0.0000,2.0000,-0.681290,15.741360,0.232685,33.00
13.056015,friction-sweep,foot_right_joint,RS02,-0.495292,18.000000,0.000000,0.0000,2.0000,-0.495292,15.806362,0.270557,33.00
13.064021,friction-sweep,foot_right_joint,RS02,-0.308909,18.000000,0.000000,0.0000,2.0000,-0.308909,15.846649,0.288715,33.00
13.072019,friction-sweep,foot_right_joint,RS02,-0.122912,18.000000,0.000000,0.0000,2.0000,-0.122912,15.925385,0.345785,33.00
13.080015,friction-sweep,foot_right_joint,RS02,0.063853,18.000000,0.000000,0.0000,2.0000,0.063853,15.931793,0.367575,33.00
13.088020,friction-sweep,foot_right_joint,RS02,0.250236,18.000000,0.000000,0.0000,2.0000,0.250236,15.930878,0.192217,33.00
13.096020,friction-sweep,foot_right_joint,RS02,0.436998,18.000000,0.000000,0.0000,2.0000,0.436998,15.948273,0.292866,33.00
13.104015,friction-sweep,foot_right_joint,RS02,0.623764,18.000000,0.000000,0.0000,2.0000,0.623764,15.962006,0.290272,33.00
13.112020,friction-sweep,foot_right_joint,RS02,0.811680,18.000000,0.000000,0.0000,2.0000,0.811680,15.945526,0.414785,33.00
13.120019,friction-sweep,foot_right_joint,RS02,0.998445,18.000000,0.000000,0.0000,2.0000,0.998445,15.889679,0.212452,33.00
13.128013,friction-sweep,foot_right_joint,RS02,1.186360,18.000000,0.000000,0.0000,2.0000,1.186360,16.020599,0.365499,33.00
13.136020,friction-sweep,foot_right_joint,RS02,1.373893,18.000000,0.000000,0.0000,2.0000,1.373893,15.992218,0.235798,33.00
13.144019,friction-sweep,foot_right_joint,RS02,1.561809,18.000000,0.000000,0.0000,2.0000,1.561809,16.047150,0.419973,33.00
13.152017,friction-sweep,foot_right_joint,RS02,1.749723,18.000000,0.000000,0.0000,2.0000,1.749723,16.008698,0.214008,33.00
13.160019,friction-sweep,foot_right_joint,RS02,1.937639,18.000000,0.000000,0.0000,2.0000,1.937639,16.066380,0.274708,33.00
13.168015,friction-sweep,foot_right_joint,RS02,2.125938,18.000000,0.000000,0.0000,2.0000,2.125938,15.978485,0.281452,33.00
13.176018,friction-sweep,foot_right_joint,RS02,2.314238,18.000000,0.000000,0.0000,2.0000,2.314238,16.084690,0.385733,33.00
13.184016,friction-sweep,foot_right_joint,RS02,2.502151,18.000000,0.000000,0.0000,2.0000,2.502151,16.022430,0.238392,33.00
13.192018,friction-sweep,foot_right_joint,RS02,2.690451,18.000000,0.000000,0.0000,2.0000,2.690451,16.132298,0.234760,33.00
13.200016,friction-sweep,foot_right_joint,RS02,2.879134,18.000000,0.000000,0.0000,2.0000,2.879134,16.048981,0.267963,33.00
13.208016,friction-sweep,foot_right_joint,RS02,3.067817,18.000000,0.000000,0.0000,2.0000,3.067817,16.085606,0.320362,33.00
13.216014,friction-sweep,foot_right_joint,RS02,3.256499,18.000000,0.000000,0.0000,2.0000,3.256499,16.177158,0.273670,33.00
13.224015,friction-sweep,foot_right_joint,RS02,3.445182,18.000000,0.000000,0.0000,2.0000,3.445182,16.117649,0.193254,33.00
13.236012,friction-sweep,foot_right_joint,RS02,3.728206,18.000000,0.000000,0.0000,2.0000,3.728206,16.038910,0.179247,33.00
13.244013,friction-sweep,foot_right_joint,RS02,3.917272,18.000000,0.000000,0.0000,2.0000,3.917272,16.108494,0.281971,33.00
13.252017,friction-sweep,foot_right_joint,RS02,4.106338,18.000000,0.000000,0.0000,2.0000,4.106338,16.104832,0.321400,33.00
13.264012,friction-sweep,foot_right_joint,RS02,4.389745,18.000000,0.000000,0.0000,2.0000,4.389745,16.093845,0.400259,33.00
13.272010,friction-sweep,foot_right_joint,RS02,4.578427,18.000000,0.000000,0.0000,2.0000,4.578427,16.146030,0.281452,33.00
13.280024,friction-sweep,foot_right_joint,RS02,4.769029,18.000000,0.000000,0.0000,2.0000,4.769029,16.119480,0.235279,33.00
13.288023,friction-sweep,foot_right_joint,RS02,4.958095,18.000000,0.000000,0.0000,2.0000,4.958095,15.960175,0.232685,33.00
13.296016,friction-sweep,foot_right_joint,RS02,5.146008,18.000000,0.000000,0.0000,2.0000,5.146008,16.139622,0.384695,33.00
13.304020,friction-sweep,foot_right_joint,RS02,5.335074,18.000000,0.000000,0.0000,2.0000,5.335074,16.115818,0.312580,33.00
13.312018,friction-sweep,foot_right_joint,RS02,5.525674,18.000000,0.000000,0.0000,2.0000,5.525674,16.218357,0.194292,34.00
13.320014,friction-sweep,foot_right_joint,RS02,5.715125,18.000000,0.000000,0.0000,2.0000,5.715125,16.018768,0.290791,33.00
13.328108,friction-sweep,foot_right_joint,RS02,5.904191,18.000000,0.000000,0.0000,2.0000,5.904191,16.210117,0.344229,33.00
13.336029,friction-sweep,foot_right_joint,RS02,6.093640,18.000000,0.000000,0.0000,2.0000,6.093640,16.157017,0.267963,33.00
13.344017,friction-sweep,foot_right_joint,RS02,6.282706,18.000000,0.000000,0.0000,2.0000,6.282706,16.147861,0.163164,33.00
13.352021,friction-sweep,foot_right_joint,RS02,6.472156,18.000000,0.000000,0.0000,2.0000,6.472156,16.137791,0.308430,33.00
13.360020,friction-sweep,foot_right_joint,RS02,6.661222,18.000000,0.000000,0.0000,2.0000,6.661222,16.156101,0.310505,33.00
13.372011,friction-sweep,foot_right_joint,RS02,6.944245,18.000000,0.000000,0.0000,2.0000,6.944245,16.171665,0.334890,33.00
13.380012,friction-sweep,foot_right_joint,RS02,7.134463,18.000000,0.000000,0.0000,2.0000,7.134463,16.168919,0.244099,33.00
13.388020,friction-sweep,foot_right_joint,RS02,7.324296,18.000000,0.000000,0.0000,2.0000,7.324296,16.130466,0.238911,33.00
13.396017,friction-sweep,foot_right_joint,RS02,7.513362,18.000000,0.000000,0.0000,2.0000,7.513362,16.181736,0.284046,33.00
13.404015,friction-sweep,foot_right_joint,RS02,7.703193,18.000000,0.000000,0.0000,2.0000,7.703193,16.233006,0.340078,33.00
13.412020,friction-sweep,foot_right_joint,RS02,7.892642,18.000000,0.000000,0.0000,2.0000,7.892642,16.268711,0.173021,33.00
13.420018,friction-sweep,foot_right_joint,RS02,8.082477,18.000000,0.000000,0.0000,2.0000,8.082477,16.083775,0.287159,33.00
13.428015,friction-sweep,foot_right_joint,RS02,8.271543,18.000000,0.000000,0.0000,2.0000,8.271543,16.140537,0.311543,33.00
13.436019,friction-sweep,foot_right_joint,RS02,8.461375,18.000000,0.000000,0.0000,2.0000,8.461375,16.196384,0.342672,33.00
13.444018,friction-sweep,foot_right_joint,RS02,8.650825,18.000000,0.000000,0.0000,2.0000,8.650825,16.113987,0.180803,33.00
13.452016,friction-sweep,foot_right_joint,RS02,8.840657,18.000000,0.000000,0.0000,2.0000,8.840657,16.190891,0.317249,33.00
13.460020,friction-sweep,foot_right_joint,RS02,9.030108,18.000000,0.000000,0.0000,2.0000,9.030108,16.085606,0.315174,33.00
13.468017,friction-sweep,foot_right_joint,RS02,9.220325,18.000000,0.000000,0.0000,2.0000,9.220325,16.250401,0.334890,33.00
13.476015,friction-sweep,foot_right_joint,RS02,9.409774,18.000000,0.000000,0.0000,2.0000,9.409774,16.260471,0.111284,33.00
13.484019,friction-sweep,foot_right_joint,RS02,9.599223,18.000000,0.000000,0.0000,2.0000,9.599223,16.287022,0.329182,33.00
13.492019,friction-sweep,foot_right_joint,RS02,9.788672,18.000000,0.000000,0.0000,2.0000,9.788672,16.187229,0.273151,33.00
13.500014,friction-sweep,foot_right_joint,RS02,9.978124,18.000000,0.000000,0.0000,2.0000,9.978124,16.241245,0.178209,33.00
13.508022,friction-sweep,foot_right_joint,RS02,10.167956,18.000000,0.000000,0.0000,2.0000,10.167956,16.199131,0.264851,33.00
13.516019,friction-sweep,foot_right_joint,RS02,10.357020,18.000000,0.000000,0.0000,2.0000,10.357020,16.147861,0.354086,33.00
13.528012,friction-sweep,foot_right_joint,RS02,10.641578,18.000000,0.000000,0.0000,2.0000,10.641578,16.090183,0.305836,33.00
13.540014,friction-sweep,foot_right_joint,RS02,10.926137,18.000000,0.000000,0.0000,2.0000,10.926137,16.149693,0.272114,33.00
13.548015,friction-sweep,foot_right_joint,RS02,11.115586,18.000000,0.000000,0.0000,2.0000,11.115586,16.060886,0.364462,34.00
13.556019,friction-sweep,foot_right_joint,RS02,11.305419,18.000000,0.000000,0.0000,2.0000,11.305419,16.193638,0.232685,33.00
13.564018,friction-sweep,foot_right_joint,RS02,11.494485,18.000000,0.000000,0.0000,2.0000,11.494485,16.160679,0.236835,33.00
13.572020,friction-sweep,foot_right_joint,RS02,11.684318,18.000000,0.000000,0.0000,2.0000,11.684318,16.092930,0.329182,33.00
13.580020,friction-sweep,foot_right_joint,RS02,11.873385,18.000000,0.000000,0.0000,2.0000,11.873385,16.182652,0.334372,34.00
13.588017,friction-sweep,foot_right_joint,RS02,12.062835,18.000000,0.000000,0.0000,2.0000,12.062835,16.194553,0.225941,33.00
13.596015,friction-sweep,foot_right_joint,RS02,12.252284,18.000000,0.000000,0.0000,2.0000,12.252284,16.101170,0.231129,33.00
13.604020,friction-sweep,foot_right_joint,RS02,12.441733,-18.000000,0.000000,0.0000,2.0000,12.441733,16.192722,0.382101,33.00
13.612017,friction-sweep,foot_right_joint,RS02,-12.494657,-18.000000,0.000000,0.0000,2.0000,-12.494657,16.072788,0.286640,33.00
13.620018,friction-sweep,foot_right_joint,RS02,-12.309425,-18.000000,0.000000,0.0000,2.0000,-12.309425,15.424583,-0.635798,33.00
13.632014,friction-sweep,foot_right_joint,RS02,-12.059766,-18.000000,0.000000,0.0000,2.0000,-12.059766,13.135727,-0.860441,33.00
13.640012,friction-sweep,foot_right_joint,RS02,-11.917487,-18.000000,0.000000,0.0000,2.0000,-11.917487,11.437401,-0.861479,33.00
13.648017,friction-sweep,foot_right_joint,RS02,-11.793233,-18.000000,0.000000,0.0000,2.0000,-11.793233,9.898373,-0.880674,33.00
13.656015,friction-sweep,foot_right_joint,RS02,-11.687003,-18.000000,0.000000,0.0000,2.0000,-11.687003,8.378578,-0.755123,34.00
13.664018,friction-sweep,foot_right_joint,RS02,-11.597263,-18.000000,0.000000,0.0000,2.0000,-11.597263,7.112381,-0.690271,33.00
13.672015,friction-sweep,foot_right_joint,RS02,-11.523248,-18.000000,0.000000,0.0000,2.0000,-11.523248,5.834286,-0.586512,33.00
13.680019,friction-sweep,foot_right_joint,RS02,-11.464189,-18.000000,0.000000,0.0000,2.0000,-11.464189,4.538795,-0.596888,33.00
13.692014,friction-sweep,foot_right_joint,RS02,-11.401295,-18.000000,0.000000,0.0000,2.0000,-11.401295,2.801098,-0.565241,33.00
13.700011,friction-sweep,foot_right_joint,RS02,-11.375600,-18.000000,0.000000,0.0000,2.0000,-11.375600,1.855345,-0.679377,33.00
13.708020,friction-sweep,foot_right_joint,RS02,-11.364862,-18.000000,0.000000,0.0000,2.0000,-11.364862,0.298923,-0.898314,33.00
13.716019,friction-sweep,foot_right_joint,RS02,-11.371765,-18.000000,0.000000,0.0000,2.0000,-11.371765,-0.962692,-0.694422,33.00
13.724014,friction-sweep,foot_right_joint,RS02,-11.388639,-18.000000,0.000000,0.0000,2.0000,-11.388639,-1.674067,-0.736965,33.00
13.736061,friction-sweep,foot_right_joint,RS02,-11.428906,-18.000000,0.000000,0.0000,2.0000,-11.428906,-2.713207,-0.569910,33.00
13.744042,friction-sweep,foot_right_joint,RS02,-11.465340,-18.000000,0.000000,0.0000,2.0000,-11.465340,-3.347677,-0.513359,33.00
13.756033,friction-sweep,foot_right_joint,RS02,-11.533986,-18.000000,0.000000,0.0000,2.0000,-11.533986,-4.313574,-0.491051,33.00
13.764055,friction-sweep,foot_right_joint,RS02,-11.588444,-18.000000,0.000000,0.0000,2.0000,-11.588444,-4.819866,-0.563164,33.00
13.772042,friction-sweep,foot_right_joint,RS02,-11.649420,-18.000000,0.000000,0.0000,2.0000,-11.649420,-5.556877,-0.497795,33.00
13.784026,friction-sweep,foot_right_joint,RS02,-11.752198,-18.000000,0.000000,0.0000,2.0000,-11.752198,-6.241703,-0.536186,33.00
13.796021,friction-sweep,foot_right_joint,RS02,-11.867632,-18.000000,0.000000,0.0000,2.0000,-11.867632,-6.963148,-0.535149,34.00
13.808017,friction-sweep,foot_right_joint,RS02,-11.996489,-18.000000,0.000000,0.0000,2.0000,-11.996489,-7.607691,-0.444359,33.00
13.816013,friction-sweep,foot_right_joint,RS02,-12.088145,-18.000000,0.000000,0.0000,2.0000,-12.088145,-7.961090,-0.513359,33.00
13.824023,friction-sweep,foot_right_joint,RS02,-12.184788,-18.000000,0.000000,0.0000,2.0000,-12.184788,-8.407875,-0.460960,34.00
13.832020,friction-sweep,foot_right_joint,RS02,-12.286032,-18.000000,0.000000,0.0000,2.0000,-12.286032,-8.791485,-0.412710,33.00
13.840015,friction-sweep,foot_right_joint,RS02,-12.391878,-18.000000,0.000000,0.0000,2.0000,-12.391878,-9.216297,-0.436577,33.00
13.848022,friction-sweep,foot_right_joint,RS02,-12.502709,-18.000000,0.000000,0.0000,2.0000,-12.502709,-9.492790,-0.499352,34.00
13.856058,friction-sweep,foot_right_joint,RS02,12.509612,-18.000000,0.000000,0.0000,2.0000,12.509612,-9.835203,-0.491051,33.00
13.864034,friction-sweep,foot_right_joint,RS02,12.393027,-18.000000,0.000000,0.0000,2.0000,12.393027,-10.197758,-0.447990,34.00
13.872032,friction-sweep,foot_right_joint,RS02,12.271075,-18.000000,0.000000,0.0000,2.0000,12.271075,-10.452276,-0.450584,33.00
13.880028,friction-sweep,foot_right_joint,RS02,12.147971,-18.000000,0.000000,0.0000,2.0000,12.147971,-10.574959,-0.384695,34.00
13.888099,friction-sweep,foot_right_joint,RS02,12.019881,-18.000000,0.000000,0.0000,2.0000,12.019881,-10.915541,-0.396109,33.00
13.896064,friction-sweep,foot_right_joint,RS02,11.889108,-18.000000,0.000000,0.0000,2.0000,11.889108,-11.264362,-0.454216,34.00
13.904058,friction-sweep,foot_right_joint,RS02,11.755651,-18.000000,0.000000,0.0000,2.0000,11.755651,-11.447472,-0.436577,33.00
13.912065,friction-sweep,foot_right_joint,RS02,11.619506,-18.000000,0.000000,0.0000,2.0000,11.619506,-11.731289,-0.351492,34.00
13.920097,friction-sweep,foot_right_joint,RS02,11.479529,-18.000000,0.000000,0.0000,2.0000,11.479529,-11.955597,-0.462517,33.00
13.932029,friction-sweep,foot_right_joint,RS02,11.268220,-18.000000,0.000000,0.0000,2.0000,11.268220,-12.189976,-0.342672,33.00
13.944019,friction-sweep,foot_right_joint,RS02,11.049241,-18.000000,0.000000,0.0000,2.0000,11.049241,-12.631266,-0.350973,33.00
13.956022,friction-sweep,foot_right_joint,RS02,10.826043,-18.000000,0.000000,0.0000,2.0000,10.826043,-12.892195,-0.387289,34.00
13.964027,friction-sweep,foot_right_joint,RS02,10.673026,-18.000000,0.000000,0.0000,2.0000,10.673026,-12.980087,-0.439171,33.00
13.972017,friction-sweep,foot_right_joint,RS02,10.520776,-18.000000,0.000000,0.0000,2.0000,10.520776,-13.078051,-0.313620,34.00
13.980021,friction-sweep,foot_right_joint,RS02,10.365075,-18.000000,0.000000,0.0000,2.0000,10.365075,-13.357290,-0.395071,33.00
13.988019,friction-sweep,foot_right_joint,RS02,10.207456,-18.000000,0.000000,0.0000,2.0000,10.207456,-13.435112,-0.396109,33.00
13.996015,friction-sweep,foot_right_joint,RS02,10.048686,-18.000000,0.000000,0.0000,2.0000,10.048686,-13.580683,-0.300650,33.00
14.004019,friction-sweep,foot_right_joint,RS02,9.888000,-18.000000,0.000000,0.0000,2.0000,9.888000,-13.706112,-0.346304,34.00
14.012017,friction-sweep,foot_right_joint,RS02,9.726163,-18.000000,0.000000,0.0000,2.0000,9.726163,-13.870909,-0.392996,34.00
14.020017,friction-sweep,foot_right_joint,RS02,9.562407,-18.000000,0.000000,0.0000,2.0000,9.562407,-13.977112,-0.387289,33.00
14.028024,friction-sweep,foot_right_joint,RS02,9.396352,-18.000000,0.000000,0.0000,2.0000,9.396352,-14.110780,-0.332815,34.00
14.036022,friction-sweep,foot_right_joint,RS02,9.230680,-18.000000,0.000000,0.0000,2.0000,9.230680,-14.241704,-0.279377,33.00
14.044018,friction-sweep,foot_right_joint,RS02,9.063855,-18.000000,0.000000,0.0000,2.0000,9.063855,-14.318608,-0.358236,34.00
14.052023,friction-sweep,foot_right_joint,RS02,8.893966,-18.000000,0.000000,0.0000,2.0000,8.893966,-14.329595,-0.246693,33.00
14.060024,friction-sweep,foot_right_joint,RS02,8.724074,-18.000000,0.000000,0.0000,2.0000,8.724074,-14.517281,-0.292347,33.00
14.068016,friction-sweep,foot_right_joint,RS02,8.553033,-18.000000,0.000000,0.0000,2.0000,8.553033,-14.599680,-0.188587,33.00
14.076023,friction-sweep,foot_right_joint,RS02,8.382375,-18.000000,0.000000,0.0000,2.0000,8.382375,-14.737011,-0.230091,34.00
14.084020,friction-sweep,foot_right_joint,RS02,8.208266,-18.000000,0.000000,0.0000,2.0000,8.208266,-14.749828,-0.271595,34.00
14.092015,friction-sweep,foot_right_joint,RS02,8.034539,-18.000000,0.000000,0.0000,2.0000,8.034539,-14.794689,-0.235798,33.00
14.100020,friction-sweep,foot_right_joint,RS02,7.859662,-18.000000,0.000000,0.0000,2.0000,7.859662,-14.997025,-0.301687,34.00
14.108018,friction-sweep,foot_right_joint,RS02,7.684402,-18.000000,0.000000,0.0000,2.0000,7.684402,-15.051957,-0.238911,33.00
14.116014,friction-sweep,foot_right_joint,RS02,7.508758,-18.000000,0.000000,0.0000,2.0000,7.508758,-14.996109,-0.283527,34.00
14.124022,friction-sweep,foot_right_joint,RS02,7.331582,-18.000000,0.000000,0.0000,2.0000,7.331582,-15.137102,-0.246693,33.00
14.132018,friction-sweep,foot_right_joint,RS02,7.154021,-18.000000,0.000000,0.0000,2.0000,7.154021,-15.128862,-0.248249,34.00
14.140016,friction-sweep,foot_right_joint,RS02,6.975692,-18.000000,0.000000,0.0000,2.0000,6.975692,-15.190204,-0.315695,33.00
14.148023,friction-sweep,foot_right_joint,RS02,6.796981,-18.000000,0.000000,0.0000,2.0000,6.796981,-15.245136,-0.330740,34.00
14.156018,friction-sweep,foot_right_joint,RS02,6.617118,-18.000000,0.000000,0.0000,2.0000,6.617118,-15.391623,-0.447990,33.00
14.164013,friction-sweep,foot_right_joint,RS02,6.437257,-18.000000,0.000000,0.0000,2.0000,6.437257,-15.371481,-0.375357,34.00
14.172019,friction-sweep,foot_right_joint,RS02,6.256629,-18.000000,0.000000,0.0000,2.0000,6.256629,-15.422751,-0.404409,33.00
14.180018,friction-sweep,foot_right_joint,RS02,6.075616,-18.000000,0.000000,0.0000,2.0000,6.075616,-15.400779,-0.246174,34.00
14.192271,friction-sweep,foot_right_joint,RS02,5.798728,-18.000000,0.000000,0.0000,2.0000,5.798728,-15.456627,-0.438652,34.00
14.200050,friction-sweep,foot_right_joint,RS02,5.621167,-18.000000,0.000000,0.0000,2.0000,5.621167,-15.491417,-0.307913,33.00
14.208035,friction-sweep,foot_right_joint,RS02,5.438235,-18.000000,0.000000,0.0000,2.0000,5.438235,-15.603112,-0.337484,33.00
14.216030,friction-sweep,foot_right_joint,RS02,5.255691,-18.000000,0.000000,0.0000,2.0000,5.255691,-15.526207,-0.222309,33.00
14.224069,friction-sweep,foot_right_joint,RS02,5.071227,-18.000000,0.000000,0.0000,2.0000,5.071227,-15.570153,-0.325552,34.00
14.232054,friction-sweep,foot_right_joint,RS02,4.889064,-18.000000,0.000000,0.0000,2.0000,4.889064,-15.569238,-0.236317,33.00
14.240026,friction-sweep,foot_right_joint,RS02,4.704598,-18.000000,0.000000,0.0000,2.0000,4.704598,-15.786221,-0.333334,34.00
14.248026,friction-sweep,foot_right_joint,RS02,4.520135,-18.000000,0.000000,0.0000,2.0000,4.520135,-15.728541,-0.325033,34.00
14.256022,friction-sweep,foot_right_joint,RS02,4.335671,-18.000000,0.000000,0.0000,2.0000,4.335671,-15.799954,-0.203632,34.00
14.264015,friction-sweep,foot_right_joint,RS02,4.150823,-18.000000,0.000000,0.0000,2.0000,4.150823,-15.756924,-0.327627,34.00
14.272021,friction-sweep,foot_right_joint,RS02,3.965976,-18.000000,0.000000,0.0000,2.0000,3.965976,-15.776150,-0.236317,33.00
14.280018,friction-sweep,foot_right_joint,RS02,3.779979,-18.000000,0.000000,0.0000,2.0000,3.779979,-15.853971,-0.373800,33.00
14.288017,friction-sweep,foot_right_joint,RS02,3.594748,-18.000000,0.000000,0.0000,2.0000,3.594748,-15.834744,-0.280933,34.00
14.296021,friction-sweep,foot_right_joint,RS02,3.408750,-18.000000,0.000000,0.0000,2.0000,3.408750,-15.851225,-0.307913,34.00
14.304031,friction-sweep,foot_right_joint,RS02,3.223135,-18.000000,0.000000,0.0000,2.0000,3.223135,-15.869535,-0.189625,33.00
14.312022,friction-sweep,foot_right_joint,RS02,3.036369,-18.000000,0.000000,0.0000,2.0000,3.036369,-15.998627,-0.347342,34.00
14.320022,friction-sweep,foot_right_joint,RS02,2.849988,-18.000000,0.000000,0.0000,2.0000,2.849988,-15.791715,-0.288715,33.00
14.328021,friction-sweep,foot_right_joint,RS02,2.663607,-18.000000,0.000000,0.0000,2.0000,2.663607,-15.988556,-0.385733,34.00
14.340012,friction-sweep,foot_right_joint,RS02,2.383266,-18.000000,0.000000,0.0000,2.0000,2.383266,-16.017853,-0.291309,34.00
14.352015,friction-sweep,foot_right_joint,RS02,2.102544,-18.000000,0.000000,0.0000,2.0000,2.102544,-15.972992,-0.308950,34.00
14.364015,friction-sweep,foot_right_joint,RS02,1.822206,-18.000000,0.000000,0.0000,2.0000,1.822206,-15.941863,-0.380026,33.00
14.376015,friction-sweep,foot_right_joint,RS02,1.541100,-18.000000,0.000000,0.0000,2.0000,1.541100,-15.962005,-0.234241,34.00
14.388011,friction-sweep,foot_right_joint,RS02,1.259609,-18.000000,0.000000,0.0000,2.0000,1.259609,-15.843900,-0.187031,34.00
14.396012,friction-sweep,foot_right_joint,RS02,1.071693,-18.000000,0.000000,0.0000,2.0000,1.071693,-16.121309,-0.276783,34.00
14.404018,friction-sweep,foot_right_joint,RS02,0.884162,-18.000000,0.000000,0.0000,2.0000,0.884162,-15.977570,-0.275745,34.00
14.416011,friction-sweep,foot_right_joint,RS02,0.602288,-18.000000,0.000000,0.0000,2.0000,0.602288,-16.098421,-0.404928,34.00
14.424012,friction-sweep,foot_right_joint,RS02,0.414372,-18.000000,0.000000,0.0000,2.0000,0.414372,-16.031586,-0.279377,34.00
14.432020,friction-sweep,foot_right_joint,RS02,0.226073,-18.000000,0.000000,0.0000,2.0000,0.226073,-16.080109,-0.334890,34.00
14.440114,friction-sweep,foot_right_joint,RS02,0.038157,-18.000000,0.000000,0.0000,2.0000,0.038157,-16.044403,-0.187550,33.00
14.448019,friction-sweep,foot_right_joint,RS02,-0.150524,-18.000000,0.000000,0.0000,2.0000,-0.150524,-16.093843,-0.309988,34.00
14.456024,friction-sweep,foot_right_joint,RS02,-0.338440,-18.000000,0.000000,0.0000,2.0000,-0.338440,-15.962005,-0.297016,33.00
14.464023,friction-sweep,foot_right_joint,RS02,-0.527122,-18.000000,0.000000,0.0000,2.0000,-0.527122,-16.063629,-0.281452,34.00
14.472015,friction-sweep,foot_right_joint,RS02,-0.715422,-18.000000,0.000000,0.0000,2.0000,-0.715422,-16.017853,-0.285603,33.00
14.480021,friction-sweep,foot_right_joint,RS02,-0.903720,-18.000000,0.000000,0.0000,2.0000,-0.903720,-16.153355,-0.288197,34.00
14.488017,friction-sweep,foot_right_joint,RS02,-1.092786,-18.000000,0.000000,0.0000,2.0000,-1.092786,-16.044403,-0.368093,34.00
14.496019,friction-sweep,foot_right_joint,RS02,-1.281468,-18.000000,0.000000,0.0000,2.0000,-1.281468,-16.156101,-0.244617,34.00
14.504016,friction-sweep,foot_right_joint,RS02,-1.470151,-18.000000,0.000000,0.0000,2.0000,-1.470151,-16.000458,-0.314138,34.00
14.512019,friction-sweep,foot_right_joint,RS02,-1.658450,-18.000000,0.000000,0.0000,2.0000,-1.658450,-16.104830,-0.284565,34.00
14.524016,friction-sweep,foot_right_joint,RS02,-1.941858,-18.000000,0.000000,0.0000,2.0000,-1.941858,-16.038910,-0.273670,34.00
14.532013,friction-sweep,foot_right_joint,RS02,-2.130540,-18.000000,0.000000,0.0000,2.0000,-2.130540,-16.096590,-0.348898,34.00
14.540019,friction-sweep,foot_right_joint,RS02,-2.319606,-18.000000,0.000000,0.0000,2.0000,-2.319606,-16.016937,-0.281971,34.00
14.552015,friction-sweep,foot_right_joint,RS02,-2.603013,-18.000000,0.000000,0.0000,2.0000,-2.603013,-16.077362,-0.382620,34.00
14.560016,friction-sweep,foot_right_joint,RS02,-2.791696,-18.000000,0.000000,0.0000,2.0000,-2.791696,-16.102083,-0.189106,34.00
14.568018,friction-sweep,foot_right_joint,RS02,-2.981146,-18.000000,0.000000,0.0000,2.0000,-2.981146,-16.170750,-0.310507,34.00
14.576019,friction-sweep,foot_right_joint,RS02,-3.169828,-18.000000,0.000000,0.0000,2.0000,-3.169828,-16.123140,-0.291309,34.00
14.584020,friction-sweep,foot_right_joint,RS02,-3.359277,-18.000000,0.000000,0.0000,2.0000,-3.359277,-16.102083,-0.329184,34.00
14.592016,friction-sweep,foot_right_joint,RS02,-3.548344,-18.000000,0.000000,0.0000,2.0000,-3.548344,-16.227512,-0.214527,34.00
14.600019,friction-sweep,foot_right_joint,RS02,-3.737793,-18.000000,0.000000,0.0000,2.0000,-3.737793,-16.061798,-0.360312,34.00
14.608015,friction-sweep,foot_right_joint,RS02,-3.926859,-18.000000,0.000000,0.0000,2.0000,-3.926859,-16.032501,-0.321402,34.00
14.616020,friction-sweep,foot_right_joint,RS02,-4.116309,-18.000000,0.000000,0.0000,2.0000,-4.116309,-16.164341,-0.240467,34.00
14.624020,friction-sweep,foot_right_joint,RS02,-4.305758,-18.000000,0.000000,0.0000,2.0000,-4.305758,-16.094759,-0.243580,34.00
14.636012,friction-sweep,foot_right_joint,RS02,-4.589549,-18.000000,0.000000,0.0000,2.0000,-4.589549,-16.204624,-0.242542,33.00
14.648015,friction-sweep,foot_right_joint,RS02,-4.873723,-18.000000,0.000000,0.0000,2.0000,-4.873723,-16.207371,-0.234241,34.00
14.656015,friction-sweep,foot_right_joint,RS02,-5.063173,-18.000000,0.000000,0.0000,2.0000,-5.063173,-16.079193,-0.284565,34.00
14.664019,friction-sweep,foot_right_joint,RS02,-5.253389,-18.000000,0.000000,0.0000,2.0000,-5.253389,-16.163425,-0.293385,34.00
14.672017,friction-sweep,foot_right_joint,RS02,-5.441689,-18.000000,0.000000,0.0000,2.0000,-5.441689,-16.107576,-0.375357,34.00
14.680020,friction-sweep,foot_right_joint,RS02,-5.631138,-18.000000,0.000000,0.0000,2.0000,-5.631138,-16.135958,-0.174061,34.00
14.688015,friction-sweep,foot_right_joint,RS02,-5.820971,-18.000000,0.000000,0.0000,2.0000,-5.820971,-16.243076,-0.285603,34.00
14.696019,friction-sweep,foot_right_joint,RS02,-6.010804,-18.000000,0.000000,0.0000,2.0000,-6.010804,-16.276035,-0.306356,34.00
14.708014,friction-sweep,foot_right_joint,RS02,-6.294978,-18.000000,0.000000,0.0000,2.0000,-6.294978,-16.196384,-0.342154,34.00
14.716011,friction-sweep,foot_right_joint,RS02,-6.484811,-18.000000,0.000000,0.0000,2.0000,-6.484811,-16.108492,-0.293385,34.00
14.724019,friction-sweep,foot_right_joint,RS02,-6.674644,-18.000000,0.000000,0.0000,2.0000,-6.674644,-16.199131,-0.272633,34.00
14.732018,friction-sweep,foot_right_joint,RS02,-6.865628,-18.000000,0.000000,0.0000,2.0000,-6.865628,-16.192722,-0.286640,34.00
14.740014,friction-sweep,foot_right_joint,RS02,-7.053926,-18.000000,0.000000,0.0000,2.0000,-7.053926,-16.282444,-0.340597,34.00
14.748023,friction-sweep,foot_right_joint,RS02,-7.244910,-18.000000,0.000000,0.0000,2.0000,-7.244910,-16.235752,-0.241505,34.00
14.756063,friction-sweep,foot_right_joint,RS02,-7.434743,-18.000000,0.000000,0.0000,2.0000,-7.434743,-16.227512,-0.253437,34.00
14.764053,friction-sweep,foot_right_joint,RS02,-7.624193,-18.000000,0.000000,0.0000,2.0000,-7.624193,-16.250401,-0.269001,34.00
14.776045,friction-sweep,foot_right_joint,RS02,-7.909134,-18.000000,0.000000,0.0000,2.0000,-7.909134,-16.181736,-0.334372,34.00
14.784055,friction-sweep,foot_right_joint,RS02,-8.098967,-18.000000,0.000000,0.0000,2.0000,-8.098967,-16.178989,-0.322439,34.00
14.792027,friction-sweep,foot_right_joint,RS02,-8.289184,-18.000000,0.000000,0.0000,2.0000,-8.289184,-16.254978,-0.278858,34.00
