t_s,maneuver,joint,model,cmd_pos,cmd_vel,cmd_tau,cmd_kp,cmd_kd,fb_pos,fb_vel,fb_tau,fb_temp
0.000001,torque-chirp,foot_left_joint,RS02,-0.032406,0.000000,0.000017,0.0000,0.0000,-0.032406,0.005951,-0.000259,35.00
0.008066,torque-chirp,foot_left_joint,RS02,-0.031639,0.000000,0.213189,0.0000,0.0000,-0.031639,-0.088350,0.036575,35.00
0.016023,torque-chirp,foot_left_joint,RS02,-0.031639,0.000000,0.410399,0.0000,0.0000,-0.031639,0.090179,0.008560,35.00
0.024015,torque-chirp,foot_left_joint,RS02,-0.031256,0.000000,0.582851,0.0000,0.0000,-0.031256,0.163425,0.093126,35.00
0.032015,torque-chirp,foot_left_joint,RS02,-0.028955,0.000000,0.718802,0.0000,0.0000,-0.028955,0.265965,0.205708,35.00
0.040019,torque-chirp,foot_left_joint,RS02,-0.023585,0.000000,0.809376,0.0000,0.0000,-0.023585,0.645000,0.293903,35.00
0.048013,torque-chirp,foot_left_joint,RS02,-0.014381,0.000000,0.848576,0.0000,0.0000,-0.014381,0.856491,0.342154,35.00
0.056010,torque-chirp,foot_left_joint,RS02,-0.002110,0.000000,0.833898,0.0000,0.0000,-0.002110,1.286791,0.312061,35.00
0.064011,torque-chirp,foot_left_joint,RS02,0.013230,0.000000,0.766038,0.0000,0.0000,0.013230,1.417715,0.224384,35.00
0.072009,torque-chirp,foot_left_joint,RS02,0.031255,0.000000,0.649234,0.0000,0.0000,0.031255,1.522085,0.262257,35.00
0.080008,torque-chirp,foot_left_joint,RS02,0.051198,0.000000,0.490759,0.0000,0.0000,0.051198,1.811399,0.374319,35.00
0.088009,torque-chirp,foot_left_joint,RS02,0.074208,0.000000,0.300615,0.0000,0.0000,0.074208,1.997255,0.228016,35.00
0.096010,torque-chirp,foot_left_joint,RS02,0.098368,0.000000,0.090988,0.0000,0.0000,0.098368,2.151062,0.218678,35.00
0.104008,torque-chirp,foot_left_joint,RS02,0.124063,0.000000,-0.124629,0.0000,0.0000,0.124063,2.140076,0.148638,35.00
0.112009,torque-chirp,foot_left_joint,RS02,0.150142,0.000000,-0.332500,0.0000,0.0000,0.150142,2.262760,0.106615,35.00
0.120008,torque-chirp,foot_left_joint,RS02,0.175836,0.000000,-0.519035,0.0000,0.0000,0.175836,2.153809,0.105577,35.00
0.128005,torque-chirp,foot_left_joint,RS02,0.201146,0.000000,-0.672114,0.0000,0.0000,0.201146,2.044861,-0.041765,35.00
0.136009,torque-chirp,foot_left_joint,RS02,0.224156,0.000000,-0.781835,0.0000,0.0000,0.224156,1.871824,0.059921,35.00
0.144007,torque-chirp,foot_left_joint,RS02,0.245633,0.000000,-0.840764,0.0000,0.0000,0.245633,1.691462,-0.108171,35.00
0.152007,torque-chirp,foot_left_joint,RS02,0.263658,0.000000,-0.845009,0.0000,0.0000,0.263658,1.368277,-0.168873,35.00
0.160008,torque-chirp,foot_left_joint,RS02,0.278231,0.000000,-0.794102,0.0000,0.0000,0.278231,0.971848,-0.178730,35.00
0.168009,torque-chirp,foot_left_joint,RS02,0.287050,0.000000,-0.691208,0.0000,0.0000,0.287050,0.579079,-0.268482,35.00
0.176007,torque-chirp,foot_left_joint,RS02,0.289735,0.000000,-0.542973,0.0000,0.0000,0.289735,-0.036163,-0.301687,35.00
0.184009,torque-chirp,foot_left_joint,RS02,0.286667,0.000000,-0.358876,0.0000,0.0000,0.286667,-0.356604,-0.347342,35.00
0.192009,torque-chirp,foot_left_joint,RS02,0.281299,0.000000,-0.151057,0.0000,0.0000,0.281299,-0.585489,-0.291309,35.00
0.200009,torque-chirp,foot_left_joint,RS02,0.272861,0.000000,0.066926,0.0000,0.0000,0.272861,-0.898605,-0.256550,35.00
0.208008,torque-chirp,foot_left_joint,RS02,0.263274,0.000000,0.280693,0.0000,0.0000,0.263274,-0.775923,-0.215565,35.00
0.216008,torque-chirp,foot_left_joint,RS02,0.254454,0.000000,0.476099,0.0000,0.0000,0.254454,-0.710918,-0.147081,35.00
0.224009,torque-chirp,foot_left_joint,RS02,0.248318,0.000000,0.640144,0.0000,0.0000,0.248318,-0.446327,0.022049,35.00
0.232010,torque-chirp,foot_left_joint,RS02,0.245248,0.000000,0.761837,0.0000,0.0000,0.245248,-0.092928,0.094683,35.00
0.240008,torque-chirp,foot_left_joint,RS02,0.247551,0.000000,0.832918,0.0000,0.0000,0.247551,0.352943,0.225941,35.00
0.248006,torque-chirp,foot_left_joint,RS02,0.252536,0.000000,0.848564,0.0000,0.0000,0.252536,0.467384,0.395071,35.00
0.256007,torque-chirp,foot_left_joint,RS02,0.261356,0.000000,0.807540,0.0000,0.0000,0.261356,0.965439,0.307911,35.00
0.264008,torque-chirp,foot_left_joint,RS02,0.274012,0.000000,0.712415,0.0000,0.0000,0.274012,1.144884,0.343191,35.00
0.272008,torque-chirp,foot_left_joint,RS02,0.289735,0.000000,0.569437,0.0000,0.0000,0.289735,1.479055,0.331257,35.00
0.280007,torque-chirp,foot_left_joint,RS02,0.307759,0.000000,0.388088,0.0000,0.0000,0.307759,1.713434,0.229053,35.00
0.288008,torque-chirp,foot_left_joint,RS02,0.327702,0.000000,0.180415,0.0000,0.0000,0.327702,1.793089,0.251881,35.00
0.296008,torque-chirp,foot_left_joint,RS02,0.349178,0.000000,-0.039620,0.0000,0.0000,0.349178,1.935911,0.217121,35.00
0.304048,torque-chirp,foot_left_joint,RS02,0.371421,0.000000,-0.258243,0.0000,0.0000,0.371421,1.928587,0.095720,35.00
0.312023,torque-chirp,foot_left_joint,RS02,0.394048,0.000000,-0.457892,0.0000,0.0000,0.394048,1.870909,0.156420,35.00
0.320013,torque-chirp,foot_left_joint,RS02,0.415139,0.000000,-0.627138,0.0000,0.0000,0.415139,1.726252,0.040207,35.00
0.328011,torque-chirp,foot_left_joint,RS02,0.435081,0.000000,-0.754117,0.0000,0.0000,0.435081,1.590754,-0.078081,35.00
0.336012,torque-chirp,foot_left_joint,RS02,0.453490,0.000000,-0.829925,0.0000,0.0000,0.453490,1.462576,0.015305,35.00
0.344008,torque-chirp,foot_left_joint,RS02,0.468063,0.000000,-0.849173,0.0000,0.0000,0.468063,1.135729,-0.197926,35.00
0.352009,torque-chirp,foot_left_joint,RS02,0.477651,0.000000,-0.810407,0.0000,0.0000,0.477651,0.490273,-0.280415,35.00
0.360012,torque-chirp,foot_left_joint,RS02,0.481102,0.000000,-0.716071,0.0000,0.0000,0.481102,0.032501,-0.354605,35.00
0.368005,torque-chirp,foot_left_joint,RS02,0.479185,0.000000,-0.572659,0.0000,0.0000,0.479185,-0.304419,-0.403891,35.00
0.376009,torque-chirp,foot_left_joint,RS02,0.472666,0.000000,-0.389574,0.0000,0.0000,0.472666,-0.690777,-0.373800,35.00
0.384010,torque-chirp,foot_left_joint,RS02,0.463462,0.000000,-0.179506,0.0000,0.0000,0.463462,-0.829023,-0.310507,35.00
0.392010,torque-chirp,foot_left_joint,RS02,0.452340,0.000000,0.043081,0.0000,0.0000,0.452340,-1.090866,-0.188587,35.00
0.400010,torque-chirp,foot_left_joint,RS02,0.439683,0.000000,0.262932,0.0000,0.0000,0.439683,-1.143969,-0.175617,35.00
0.408010,torque-chirp,foot_left_joint,RS02,0.427794,0.000000,0.464750,0.0000,0.0000,0.427794,-0.972763,-0.187031,35.00
0.416011,torque-chirp,foot_left_joint,RS02,0.417057,0.000000,0.634531,0.0000,0.0000,0.417057,-0.846418,0.015823,35.00
0.424010,torque-chirp,foot_left_joint,RS02,0.409771,0.000000,0.760322,0.0000,0.0000,0.409771,-0.488441,0.119585,35.00
0.432030,torque-chirp,foot_left_joint,RS02,0.407853,0.000000,0.833385,0.0000,0.0000,0.407853,0.009613,0.236317,35.00
0.440010,torque-chirp,foot_left_joint,RS02,0.409771,0.000000,0.848132,0.0000,0.0000,0.409771,0.309910,0.342154,35.00
0.448009,torque-chirp,foot_left_joint,RS02,0.415907,0.000000,0.803713,0.0000,0.0000,0.415907,0.730145,0.414785,35.00
0.456010,torque-chirp,foot_left_joint,RS02,0.425494,0.000000,0.702920,0.0000,0.0000,0.425494,0.960861,0.266926,35.00
0.464010,torque-chirp,foot_left_joint,RS02,0.438916,0.000000,0.552715,0.0000,0.0000,0.438916,1.307852,0.301167,35.00
0.472009,torque-chirp,foot_left_joint,RS02,0.455025,0.000000,0.363508,0.0000,0.0000,0.455025,1.380178,0.366018,35.00
0.480009,torque-chirp,foot_left_joint,RS02,0.472666,0.000000,0.148515,0.0000,0.0000,0.472666,1.603571,0.201038,35.00
0.488009,torque-chirp,foot_left_joint,RS02,0.491840,0.000000,-0.077151,0.0000,0.0000,0.491840,1.563288,0.137224,35.00
0.496008,torque-chirp,foot_left_joint,RS02,0.511782,0.000000,-0.297565,0.0000,0.0000,0.511782,1.719843,0.200001,35.00
0.504010,torque-chirp,foot_left_joint,RS02,0.531340,0.000000,-0.497160,0.0000,0.0000,0.531340,1.675898,0.047470,35.00
0.512009,torque-chirp,foot_left_joint,RS02,0.550133,0.000000,-0.661587,0.0000,0.0000,0.550133,1.455252,-0.017899,35.00
0.520008,torque-chirp,foot_left_joint,RS02,0.566623,0.000000,-0.779123,0.0000,0.0000,0.566623,1.342642,0.082232,35.00
0.528009,torque-chirp,foot_left_joint,RS02,0.580812,0.000000,-0.841269,0.0000,0.0000,0.580812,1.127489,-0.102983,35.00
0.536009,torque-chirp,foot_left_joint,RS02,0.590400,0.000000,-0.843413,0.0000,0.0000,0.590400,0.559853,-0.262257,35.00
0.544010,torque-chirp,foot_left_joint,RS02,0.593468,0.000000,-0.785230,0.0000,0.0000,0.593468,0.113068,-0.327108,35.00
0.552137,torque-chirp,foot_left_joint,RS02,0.591166,0.000000,-0.668499,0.0000,0.0000,0.591166,-0.377661,-0.412191,35.00
0.560058,torque-chirp,foot_left_joint,RS02,0.583880,0.000000,-0.506900,0.0000,0.0000,0.583880,-0.850080,-0.399221,35.00
0.568051,torque-chirp,foot_left_joint,RS02,0.573910,0.000000,-0.307471,0.0000,0.0000,0.573910,-0.927902,-0.272633,35.00
0.576037,torque-chirp,foot_left_joint,RS02,0.561638,0.000000,-0.085954,0.0000,0.0000,0.561638,-1.128405,-0.246174,35.00
0.584027,torque-chirp,foot_left_joint,RS02,0.547448,0.000000,0.142052,0.0000,0.0000,0.547448,-1.180590,-0.284046,35.00
0.592021,torque-chirp,foot_left_joint,RS02,0.532874,0.000000,0.360142,0.0000,0.0000,0.532874,-1.284962,-0.160570,35.00
0.600017,torque-chirp,foot_left_joint,RS02,0.519069,0.000000,0.552400,0.0000,0.0000,0.519069,-1.173265,-0.034502,35.00
0.608014,torque-chirp,foot_left_joint,RS02,0.506413,0.000000,0.704803,0.0000,0.0000,0.506413,-0.905930,0.084826,35.00
0.616012,torque-chirp,foot_left_joint,RS02,0.496825,0.000000,0.806134,0.0000,0.0000,0.496825,-0.625772,0.134111,35.00
0.624011,torque-chirp,foot_left_joint,RS02,0.492607,0.000000,0.848856,0.0000,0.0000,0.492607,-0.239414,0.208820,35.00
0.632015,torque-chirp,foot_left_joint,RS02,0.494141,0.000000,0.829641,0.0000,0.0000,0.494141,0.270542,0.338522,35.00
0.640010,torque-chirp,foot_left_joint,RS02,0.500661,0.000000,0.749807,0.0000,0.0000,0.500661,0.715496,0.449026,35.00
0.648011,torque-chirp,foot_left_joint,RS02,0.510632,0.000000,0.614935,0.0000,0.0000,0.510632,0.894028,0.408560,35.00
0.656011,torque-chirp,foot_left_joint,RS02,0.523670,0.000000,0.434811,0.0000,0.0000,0.523670,1.220873,0.307911,35.00
0.664011,torque-chirp,foot_left_joint,RS02,0.538627,0.000000,0.222543,0.0000,0.0000,0.538627,1.267565,0.226460,35.00
0.672009,torque-chirp,foot_left_joint,RS02,0.555119,0.000000,-0.006232,0.0000,0.0000,0.555119,1.426870,0.242023,35.00
0.680010,torque-chirp,foot_left_joint,RS02,0.572759,0.000000,-0.234865,0.0000,0.0000,0.572759,1.514761,0.313618,35.00
0.688011,torque-chirp,foot_left_joint,RS02,0.590016,0.000000,-0.446306,0.0000,0.0000,0.590016,1.457998,0.091051,35.00
0.696014,torque-chirp,foot_left_joint,RS02,0.606890,0.000000,-0.624911,0.0000,0.0000,0.606890,1.350882,0.005447,35.00
0.704010,torque-chirp,foot_left_joint,RS02,0.622230,0.000000,-0.757198,0.0000,0.0000,0.622230,1.255663,0.104021,35.00
0.712011,torque-chirp,foot_left_joint,RS02,0.634501,0.000000,-0.833388,0.0000,0.0000,0.634501,0.896774,-0.090014,35.00
0.720011,torque-chirp,foot_left_joint,RS02,0.641789,0.000000,-0.847561,0.0000,0.0000,0.641789,0.476540,-0.297535,35.00
0.728010,torque-chirp,foot_left_joint,RS02,0.642941,0.000000,-0.798520,0.0000,0.0000,0.642941,-0.148775,-0.329702,35.00
0.736011,torque-chirp,foot_left_joint,RS02,0.639105,0.000000,-0.689729,0.0000,0.0000,0.639105,-0.482033,-0.398703,35.00
0.744012,torque-chirp,foot_left_joint,RS02,0.631050,0.000000,-0.529181,0.0000,0.0000,0.631050,-0.870222,-0.353567,35.00
0.752009,torque-chirp,foot_left_joint,RS02,0.619162,0.000000,-0.328877,0.0000,0.0000,0.619162,-1.132982,-0.261738,35.00
0.760009,torque-chirp,foot_left_joint,RS02,0.605356,0.000000,-0.103614,0.0000,0.0000,0.605356,-1.197069,-0.289753,35.00
0.768010,torque-chirp,foot_left_joint,RS02,0.590016,0.000000,0.129686,0.0000,0.0000,0.590016,-1.378347,-0.208820,35.00
0.776012,torque-chirp,foot_left_joint,RS02,0.574293,0.000000,0.353400,0.0000,0.0000,0.574293,-1.349966,-0.124773,35.00
0.784009,torque-chirp,foot_left_joint,RS02,0.559337,0.000000,0.550525,0.0000,0.0000,0.559337,-1.327076,-0.066668,35.00
0.792011,torque-chirp,foot_left_joint,RS02,0.545148,0.000000,0.706242,0.0000,0.0000,0.545148,-1.109177,-0.180286,35.00
0.800010,torque-chirp,foot_left_joint,RS02,0.533257,0.000000,0.808490,0.0000,0.0000,0.533257,-0.932480,0.114397,35.00
0.808009,torque-chirp,foot_left_joint,RS02,0.525971,0.000000,0.849410,0.0000,0.0000,0.525971,-0.525063,0.263294,35.00
0.816009,torque-chirp,foot_left_joint,RS02,0.525204,0.000000,0.825721,0.0000,0.0000,0.525204,0.072784,0.294422,35.00
0.824008,torque-chirp,foot_left_joint,RS02,0.529039,0.000000,0.739066,0.0000,0.0000,0.529039,0.444496,0.430349,35.00
0.832008,torque-chirp,foot_left_joint,RS02,0.537476,0.000000,0.595862,0.0000,0.0000,0.537476,0.891281,0.374838,35.00
0.840009,torque-chirp,foot_left_joint,RS02,0.548599,0.000000,0.406918,0.0000,0.0000,0.548599,0.985580,0.279896,35.00
0.848009,torque-chirp,foot_left_joint,RS02,0.562788,0.000000,0.186605,0.0000,0.0000,0.562788,1.254747,0.310505,35.00
0.856014,torque-chirp,foot_left_joint,RS02,0.578128,0.000000,-0.048344,0.0000,0.0000,0.578128,1.417715,0.263294,35.00
0.864010,torque-chirp,foot_left_joint,RS02,0.595002,0.000000,-0.279559,0.0000,0.0000,0.595002,1.431448,0.152788,35.00
0.872010,torque-chirp,foot_left_joint,RS02,0.611109,0.000000,-0.489527,0.0000,0.0000,0.611109,1.464407,0.063034,35.00
0.880010,torque-chirp,foot_left_joint,RS02,0.626449,0.000000,-0.661878,0.0000,0.0000,0.626449,1.251085,0.136705,35.00
0.888011,torque-chirp,foot_left_joint,RS02,0.639873,0.000000,-0.783197,0.0000,0.0000,0.639873,1.130236,-0.049028,35.00
0.896010,torque-chirp,foot_left_joint,RS02,0.649076,0.000000,-0.843910,0.0000,0.0000,0.649076,0.509499,-0.259663,35.00
0.904010,torque-chirp,foot_left_joint,RS02,0.652911,0.000000,-0.839166,0.0000,0.0000,0.652911,0.146030,-0.329702,35.00
0.912010,torque-chirp,foot_left_joint,RS02,0.650993,0.000000,-0.769157,0.0000,0.0000,0.650993,-0.255894,-0.414267,35.00
0.920009,torque-chirp,foot_left_joint,RS02,0.644857,0.000000,-0.639186,0.0000,0.0000,0.644857,-0.742962,-0.435539,35.00
0.928009,torque-chirp,foot_left_joint,RS02,0.634501,0.000000,-0.459196,0.0000,0.0000,0.634501,-0.956284,-0.282490,35.00
0.936011,torque-chirp,foot_left_joint,RS02,0.621846,0.000000,-0.243089,0.0000,0.0000,0.621846,-1.133898,-0.299612,35.00
0.944083,torque-chirp,foot_left_joint,RS02,0.607274,0.000000,-0.005629,0.0000,0.0000,0.607274,-1.338062,-0.289753,35.00
0.952037,torque-chirp,foot_left_joint,RS02,0.591550,0.000000,0.229055,0.0000,0.0000,0.591550,-1.327076,-0.195850,35.00
0.960035,torque-chirp,foot_left_joint,RS02,0.575443,0.000000,0.447295,0.0000,0.0000,0.575443,-1.307850,-0.096758,35.00
0.968028,torque-chirp,foot_left_joint,RS02,0.560487,0.000000,0.630394,0.0000,0.0000,0.560487,-1.274891,-0.077562,35.00
0.976038,torque-chirp,foot_left_joint,RS02,0.546681,0.000000,0.764246,0.0000,0.0000,0.546681,-1.036850,-0.056810,35.00
0.984011,torque-chirp,foot_left_joint,RS02,0.537092,0.000000,0.837472,0.0000,0.0000,0.537092,-0.677959,0.157457,35.00
0.992011,torque-chirp,foot_left_joint,RS02,0.532491,0.000000,0.844819,0.0000,0.0000,0.532491,-0.088350,0.266926,35.00
1.000010,torque-chirp,foot_left_joint,RS02,0.533641,0.000000,0.785176,0.0000,0.0000,0.533641,0.259556,0.373800,35.00
1.008009,torque-chirp,foot_left_joint,RS02,0.539777,0.000000,0.663122,0.0000,0.0000,0.539777,0.666058,0.415304,35.00
1.016012,torque-chirp,foot_left_joint,RS02,0.549749,0.000000,0.488110,0.0000,0.0000,0.549749,1.066149,0.249805,35.00
1.024008,torque-chirp,foot_left_joint,RS02,0.563171,0.000000,0.274190,0.0000,0.0000,0.563171,1.314260,0.325031,35.00
1.032012,torque-chirp,foot_left_joint,RS02,0.577744,0.000000,0.037961,0.0000,0.0000,0.577744,1.395742,0.331257,35.00
1.040008,torque-chirp,foot_left_joint,RS02,0.593468,0.000000,-0.201260,0.0000,0.0000,0.593468,1.385672,0.176653,35.00
1.048016,torque-chirp,foot_left_joint,RS02,0.609191,0.000000,-0.424886,0.0000,0.0000,0.609191,1.288622,0.060440,35.00
1.056011,torque-chirp,foot_left_joint,RS02,0.625298,0.000000,-0.614277,0.0000,0.0000,0.625298,1.306936,0.134111,35.00
1.064011,torque-chirp,foot_left_joint,RS02,0.639105,0.000000,-0.754527,0.0000,0.0000,0.639105,1.164110,0.011673,35.00
1.072009,torque-chirp,foot_left_joint,RS02,0.650227,0.000000,-0.834103,0.0000,0.0000,0.650227,0.706341,-0.174061,35.00
1.080056,torque-chirp,foot_left_joint,RS02,0.655212,0.000000,-0.846318,0.0000,0.0000,0.655212,0.285191,-0.270039,35.00
1.088029,torque-chirp,foot_left_joint,RS02,0.654445,0.000000,-0.790149,0.0000,0.0000,0.654445,-0.250401,-0.352011,35.00
1.096025,torque-chirp,foot_left_joint,RS02,0.649076,0.000000,-0.669920,0.0000,0.0000,0.649076,-0.538797,-0.433464,35.00
1.104139,torque-chirp,foot_left_joint,RS02,0.639105,0.000000,-0.492371,0.0000,0.0000,0.639105,-1.006638,-0.337484,35.00
1.112020,torque-chirp,foot_left_joint,RS02,0.627215,0.000000,-0.280203,0.0000,0.0000,0.627215,-1.077133,-0.237873,35.00
1.120013,torque-chirp,foot_left_joint,RS02,0.613026,0.000000,-0.042307,0.0000,0.0000,0.613026,-1.348135,-0.234241,35.00
1.128010,torque-chirp,foot_left_joint,RS02,0.597302,0.000000,0.199345,0.0000,0.0000,0.597302,-1.394827,-0.198444,35.00
1.136009,torque-chirp,foot_left_joint,RS02,0.581196,0.000000,0.424985,0.0000,0.0000,0.581196,-1.240101,-0.070299,35.00
1.144007,torque-chirp,foot_left_joint,RS02,0.565856,0.000000,0.616036,0.0000,0.0000,0.565856,-1.273975,-0.026718,35.00
1.152008,torque-chirp,foot_left_joint,RS02,0.552051,0.000000,0.756782,0.0000,0.0000,0.552051,-1.150377,-0.041246,35.00
1.160093,torque-chirp,foot_left_joint,RS02,0.541312,0.000000,0.835959,0.0000,0.0000,0.541312,-0.705425,0.108171,35.00
1.168056,torque-chirp,foot_left_joint,RS02,0.535559,0.000000,0.845359,0.0000,0.0000,0.535559,-0.307165,0.257069,35.00
1.176053,torque-chirp,foot_left_joint,RS02,0.536325,0.000000,0.785324,0.0000,0.0000,0.536325,0.252232,0.268482,35.00
1.184034,torque-chirp,foot_left_joint,RS02,0.541696,0.000000,0.660773,0.0000,0.0000,0.541696,0.627605,0.425161,35.00
1.192036,torque-chirp,foot_left_joint,RS02,0.551283,0.000000,0.481190,0.0000,0.0000,0.551283,0.973679,0.295460,35.00
1.200023,torque-chirp,foot_left_joint,RS02,0.563939,0.000000,0.262003,0.0000,0.0000,0.563939,1.144884,0.361868,35.00
1.208015,torque-chirp,foot_left_joint,RS02,0.578128,0.000000,0.020778,0.0000,0.0000,0.578128,1.299612,0.333334,35.00
1.216014,torque-chirp,foot_left_joint,RS02,0.593851,0.000000,-0.222542,0.0000,0.0000,0.593851,1.331656,0.147600,35.00
1.224012,torque-chirp,foot_left_joint,RS02,0.609191,0.000000,-0.447536,0.0000,0.0000,0.609191,1.387503,0.073412,35.00
1.232010,torque-chirp,foot_left_joint,RS02,0.624147,0.000000,-0.635394,0.0000,0.0000,0.624147,1.222704,0.151232,35.00
1.240009,torque-chirp,foot_left_joint,RS02,0.637569,0.000000,-0.770353,0.0000,0.0000,0.637569,1.063402,-0.013748,35.00
1.248008,torque-chirp,foot_left_joint,RS02,0.647159,0.000000,-0.840958,0.0000,0.0000,0.647159,0.591900,-0.191700,35.00
1.256008,torque-chirp,foot_left_joint,RS02,0.650993,0.000000,-0.841118,0.0000,0.0000,0.650993,0.100250,-0.310507,35.00
1.264007,torque-chirp,foot_left_joint,RS02,0.649843,0.000000,-0.770635,0.0000,0.0000,0.649843,-0.228428,-0.402334,35.00
1.272008,torque-chirp,foot_left_joint,RS02,0.643707,0.000000,-0.635241,0.0000,0.0000,0.643707,-0.752117,-0.394033,35.00
1.280006,torque-chirp,foot_left_joint,RS02,0.634118,0.000000,-0.446237,0.0000,0.0000,0.634118,-0.860151,-0.263813,35.00
1.288009,torque-chirp,foot_left_joint,RS02,0.621463,0.000000,-0.219273,0.0000,0.0000,0.621463,-1.233692,-0.247730,35.00
1.296007,torque-chirp,foot_left_joint,RS02,0.606890,0.000000,0.026288,0.0000,0.0000,0.606890,-1.306019,-0.261738,35.00
1.304008,torque-chirp,foot_left_joint,RS02,0.591166,0.000000,0.269897,0.0000,0.0000,0.591166,-1.358206,-0.189625,35.00
1.312008,torque-chirp,foot_left_joint,RS02,0.575443,0.000000,0.490786,0.0000,0.0000,0.575443,-1.181505,-0.067705,35.00
1.320010,torque-chirp,foot_left_joint,RS02,0.560871,0.000000,0.670177,0.0000,0.0000,0.560871,-1.182421,-0.058886,35.00
1.328009,torque-chirp,foot_left_joint,RS02,0.547832,0.000000,0.792592,0.0000,0.0000,0.547832,-1.002975,0.031387,35.00
1.336009,torque-chirp,foot_left_joint,RS02,0.538627,0.000000,0.847516,0.0000,0.0000,0.538627,-0.614786,0.173540,35.00
1.344007,torque-chirp,foot_left_joint,RS02,0.535559,0.000000,0.830081,0.0000,0.0000,0.535559,-0.095675,0.245136,35.00
1.352008,torque-chirp,foot_left_joint,RS02,0.538627,0.000000,0.741580,0.0000,0.0000,0.538627,0.390480,0.368612,35.00
1.360007,torque-chirp,foot_left_joint,RS02,0.545531,0.000000,0.589451,0.0000,0.0000,0.545531,0.792400,0.402334,35.00
1.368008,torque-chirp,foot_left_joint,RS02,0.556652,0.000000,0.386538,0.0000,0.0000,0.556652,1.129320,0.331257,35.00
1.376006,torque-chirp,foot_left_joint,RS02,0.570075,0.000000,0.150261,0.0000,0.0000,0.570075,1.216295,0.318287,35.00
1.384009,torque-chirp,foot_left_joint,RS02,0.585031,0.000000,-0.099279,0.0000,0.0000,0.585031,1.289541,0.201038,35.00
1.392008,torque-chirp,foot_left_joint,RS02,0.600370,0.000000,-0.340367,0.0000,0.0000,0.600370,1.356375,0.106096,35.00
1.400007,torque-chirp,foot_left_joint,RS02,0.615327,0.000000,-0.552199,0.0000,0.0000,0.615327,1.213549,0.112841,35.00
1.408006,torque-chirp,foot_left_joint,RS02,0.629900,0.000000,-0.716401,0.0000,0.0000,0.629900,1.151293,0.157457,35.00
1.416008,torque-chirp,foot_left_joint,RS02,0.641789,0.000000,-0.818630,0.0000,0.0000,0.641789,0.969101,-0.167316,35.00
1.424008,torque-chirp,foot_left_joint,RS02,0.648309,0.000000,-0.849767,0.0000,0.0000,0.648309,0.407875,-0.259144,35.00
1.432005,torque-chirp,foot_left_joint,RS02,0.649843,0.000000,-0.806981,0.0000,0.0000,0.649843,-0.097506,-0.351492,35.00
1.440008,torque-chirp,foot_left_joint,RS02,0.646392,0.000000,-0.693747,0.0000,0.0000,0.646392,-0.465553,-0.411154,35.00
1.448009,torque-chirp,foot_left_joint,RS02,0.637953,0.000000,-0.519815,0.0000,0.0000,0.637953,-0.731060,-0.340597,35.00
1.456008,torque-chirp,foot_left_joint,RS02,0.626832,0.000000,-0.300324,0.0000,0.0000,0.626832,-0.926071,-0.228535,35.00
1.464008,torque-chirp,foot_left_joint,RS02,0.613026,0.000000,-0.054296,0.0000,0.0000,0.613026,-1.242847,-0.216602,35.00
1.472007,torque-chirp,foot_left_joint,RS02,0.598070,0.000000,0.196672,0.0000,0.0000,0.598070,-1.286793,-0.258106,35.00
1.480045,torque-chirp,foot_left_joint,RS02,0.582347,0.000000,0.431624,0.0000,0.0000,0.582347,-1.337147,-0.114916,35.00
1.488040,torque-chirp,foot_left_joint,RS02,0.567390,0.000000,0.627458,0.0000,0.0000,0.567390,-1.104599,-0.007004,35.00
1.496023,torque-chirp,foot_left_joint,RS02,0.553967,0.000000,0.767997,0.0000,0.0000,0.553967,-1.190660,0.003372,35.00
1.504012,torque-chirp,foot_left_joint,RS02,0.543997,0.000000,0.841100,0.0000,0.0000,0.543997,-0.594645,0.123735,35.00
1.512012,torque-chirp,foot_left_joint,RS02,0.539010,0.000000,0.839954,0.0000,0.0000,0.539010,-0.224766,0.269520,35.00
1.520010,torque-chirp,foot_left_joint,RS02,0.540162,0.000000,0.764352,0.0000,0.0000,0.540162,0.403297,0.354086,35.00
1.528005,torque-chirp,foot_left_joint,RS02,0.545915,0.000000,0.620903,0.0000,0.0000,0.545915,0.654156,0.333853,35.00
1.536009,torque-chirp,foot_left_joint,RS02,0.556269,0.000000,0.421910,0.0000,0.0000,0.556269,1.036850,0.372244,35.00
1.544009,torque-chirp,foot_left_joint,RS02,0.568541,0.000000,0.185231,0.0000,0.0000,0.568541,1.091784,0.341635,35.00
1.552024,torque-chirp,foot_left_joint,RS02,0.583114,0.000000,-0.068613,0.0000,0.0000,0.583114,1.251085,0.229572,35.00
1.560012,torque-chirp,foot_left_joint,RS02,0.598070,0.000000,-0.315740,0.0000,0.0000,0.598070,1.247423,0.121141,35.00
1.568008,torque-chirp,foot_left_joint,RS02,0.613026,0.000000,-0.535076,0.0000,0.0000,0.613026,1.330740,0.117510,35.00
1.576008,torque-chirp,foot_left_joint,RS02,0.627215,0.000000,-0.706681,0.0000,0.0000,0.627215,1.104601,0.142412,35.00
1.584007,torque-chirp,foot_left_joint,RS02,0.638721,0.000000,-0.814931,0.0000,0.0000,0.638721,0.766766,-0.095720,35.00
1.592008,torque-chirp,foot_left_joint,RS02,0.645241,0.000000,-0.849928,0.0000,0.0000,0.645241,0.244907,-0.264851,35.00
1.600011,torque-chirp,foot_left_joint,RS02,0.646008,0.000000,-0.808290,0.0000,0.0000,0.646008,-0.243992,-0.331778,35.00
1.608010,torque-chirp,foot_left_joint,RS02,0.641023,0.000000,-0.693645,0.0000,0.0000,0.641023,-0.603800,-0.405966,35.00
1.616011,torque-chirp,foot_left_joint,RS02,0.632201,0.000000,-0.516109,0.0000,0.0000,0.632201,-0.959030,-0.306875,35.00
1.624010,torque-chirp,foot_left_joint,RS02,0.620696,0.000000,-0.291745,0.0000,0.0000,0.620696,-1.090866,-0.318808,35.00
1.632009,torque-chirp,foot_left_joint,RS02,0.606506,0.000000,-0.040723,0.0000,0.0000,0.606506,-1.168688,-0.310507,35.00
1.640007,torque-chirp,foot_left_joint,RS02,0.590783,0.000000,0.214199,0.0000,0.0000,0.590783,-1.401236,-0.212452,35.00
1.648008,torque-chirp,foot_left_joint,RS02,0.574677,0.000000,0.449885,0.0000,0.0000,0.574677,-1.365530,-0.086901,35.00
1.656114,torque-chirp,foot_left_joint,RS02,0.560103,0.000000,0.646922,0.0000,0.0000,0.560103,-1.311512,-0.036577,35.00
1.664017,torque-chirp,foot_left_joint,RS02,0.545915,0.000000,0.780896,0.0000,0.0000,0.545915,-1.104599,-0.089495,35.00
1.672007,torque-chirp,foot_left_joint,RS02,0.536325,0.000000,0.845526,0.0000,0.0000,0.536325,-0.636759,0.139818,35.00
1.680059,torque-chirp,foot_left_joint,RS02,0.531724,0.000000,0.832493,0.0000,0.0000,0.531724,-0.219273,0.294422,35.00
1.688037,torque-chirp,foot_left_joint,RS02,0.532874,0.000000,0.743200,0.0000,0.0000,0.532874,0.222019,0.389364,35.00
1.696022,torque-chirp,foot_left_joint,RS02,0.538627,0.000000,0.585685,0.0000,0.0000,0.538627,0.632183,0.408560,35.00
1.704028,torque-chirp,foot_left_joint,RS02,0.548215,0.000000,0.373709,0.0000,0.0000,0.548215,0.894943,0.310505,35.00
1.712007,torque-chirp,foot_left_joint,RS02,0.560871,0.000000,0.127878,0.0000,0.0000,0.560871,1.214464,0.293903,35.00
1.720009,torque-chirp,foot_left_joint,RS02,0.575060,0.000000,-0.130627,0.0000,0.0000,0.575060,1.260241,0.299091,35.00
1.728010,torque-chirp,foot_left_joint,RS02,0.589633,0.000000,-0.377217,0.0000,0.0000,0.589633,1.128405,0.111284,35.00
1.736011,torque-chirp,foot_left_joint,RS02,0.604206,0.000000,-0.589008,0.0000,0.0000,0.604206,1.181505,0.060959,35.00
1.744012,torque-chirp,foot_left_joint,RS02,0.617245,0.000000,-0.746288,0.0000,0.0000,0.617245,1.096361,0.017899,35.00
1.752015,torque-chirp,foot_left_joint,RS02,0.627599,0.000000,-0.834245,0.0000,0.0000,0.627599,0.731976,-0.056810,35.00
1.760008,torque-chirp,foot_left_joint,RS02,0.632201,0.000000,-0.844539,0.0000,0.0000,0.632201,0.274204,-0.207264,35.00
1.768016,torque-chirp,foot_left_joint,RS02,0.631050,0.000000,-0.775973,0.0000,0.0000,0.631050,-0.279697,-0.313620,35.00
1.776016,torque-chirp,foot_left_joint,RS02,0.625298,0.000000,-0.634844,0.0000,0.0000,0.625298,-0.691692,-0.394552,35.00
1.784009,torque-chirp,foot_left_joint,RS02,0.614177,0.000000,-0.434350,0.0000,0.0000,0.614177,-1.037766,-0.300131,35.00
1.792007,torque-chirp,foot_left_joint,RS02,0.600754,0.000000,-0.192904,0.0000,0.0000,0.600754,-1.228197,-0.385214,35.00
1.800010,torque-chirp,foot_left_joint,RS02,0.585415,0.000000,0.067010,0.0000,0.0000,0.585415,-1.367361,-0.202595,35.00
1.808008,torque-chirp,foot_left_joint,RS02,0.569691,0.000000,0.320683,0.0000,0.0000,0.569691,-1.403982,-0.085344,35.00
1.816007,torque-chirp,foot_left_joint,RS02,0.553584,0.000000,0.544372,0.0000,0.0000,0.553584,-1.342640,-0.127367,35.00
1.824008,torque-chirp,foot_left_joint,RS02,0.538627,0.000000,0.716915,0.0000,0.0000,0.538627,-1.289539,-0.123217,35.00
1.832008,torque-chirp,foot_left_joint,RS02,0.525588,0.000000,0.821777,0.0000,0.0000,0.525588,-0.976425,0.092089,35.00
1.840015,torque-chirp,foot_left_joint,RS02,0.517918,0.000000,0.848901,0.0000,0.0000,0.517918,-0.524147,0.316730,35.00
1.848048,torque-chirp,foot_left_joint,RS02,0.515233,0.000000,0.795093,0.0000,0.0000,0.515233,0.002289,0.326069,35.00
1.856031,torque-chirp,foot_left_joint,RS02,0.517918,0.000000,0.666117,0.0000,0.0000,0.517918,0.369423,0.470299,35.00
1.864016,torque-chirp,foot_left_joint,RS02,0.524437,0.000000,0.473871,0.0000,0.0000,0.524437,0.818035,0.441244,35.00
1.872015,torque-chirp,foot_left_joint,RS02,0.534408,0.000000,0.236057,0.0000,0.0000,0.534408,0.928818,0.301685,35.00
1.880012,torque-chirp,foot_left_joint,RS02,0.546298,0.000000,-0.024422,0.0000,0.0000,0.546298,1.226366,0.240986,35.00
1.888013,torque-chirp,foot_left_joint,RS02,0.559337,0.000000,-0.282896,0.0000,0.0000,0.559337,1.096361,0.207264,35.00
1.896008,torque-chirp,foot_left_joint,RS02,0.573143,0.000000,-0.514335,0.0000,0.0000,0.573143,1.140306,0.198961,35.00
1.904010,torque-chirp,foot_left_joint,RS02,0.586182,0.000000,-0.696790,0.0000,0.0000,0.586182,1.191576,-0.016861,35.00
1.912011,torque-chirp,foot_left_joint,RS02,0.595002,0.000000,-0.812408,0.0000,0.0000,0.595002,0.712749,-0.216602,35.00
1.920005,torque-chirp,foot_left_joint,RS02,0.599604,0.000000,-0.849931,0.0000,0.0000,0.599604,0.294346,-0.278339,35.00
1.928007,torque-chirp,foot_left_joint,RS02,0.598454,0.000000,-0.805611,0.0000,0.0000,0.598454,-0.208286,-0.346823,35.00
1.936017,torque-chirp,foot_left_joint,RS02,0.592701,0.000000,-0.683285,0.0000,0.0000,0.592701,-0.646832,-0.435020,35.00
1.944010,torque-chirp,foot_left_joint,RS02,0.583114,0.000000,-0.495118,0.0000,0.0000,0.583114,-0.988327,-0.331259,35.00
1.952009,torque-chirp,foot_left_joint,RS02,0.571225,0.000000,-0.258701,0.0000,0.0000,0.571225,-1.116503,-0.242023,35.00
1.960011,torque-chirp,foot_left_joint,RS02,0.557035,0.000000,0.003039,0.0000,0.0000,0.557035,-1.184252,-0.227497,35.00
1.968018,torque-chirp,foot_left_joint,RS02,0.541312,0.000000,0.264873,0.0000,0.0000,0.541312,-1.346302,-0.295979,35.00
1.976014,torque-chirp,foot_left_joint,RS02,0.525588,0.000000,0.500780,0.0000,0.0000,0.525588,-1.398489,-0.101946,35.00
1.984010,torque-chirp,foot_left_joint,RS02,0.511015,0.000000,0.688123,0.0000,0.0000,0.511015,-1.181505,0.017380,35.00
1.992012,torque-chirp,foot_left_joint,RS02,0.497976,0.000000,0.808558,0.0000,0.0000,0.497976,-1.042343,0.056808,35.00
2.000008,torque-chirp,foot_left_joint,RS02,0.488772,0.000000,0.850000,0.0000,0.0000,0.488772,-0.558023,0.127367,35.00
2.008007,torque-chirp,foot_left_joint,RS02,0.486088,0.000000,0.808292,0.0000,0.0000,0.486088,-0.034332,0.224903,35.00
2.016009,torque-chirp,foot_left_joint,RS02,0.488772,0.000000,0.687229,0.0000,0.0000,0.488772,0.420692,0.384176,35.00
2.024010,torque-chirp,foot_left_joint,RS02,0.496058,0.000000,0.498563,0.0000,0.0000,0.496058,0.716412,0.398184,35.00
2.032013,torque-chirp,foot_left_joint,RS02,0.507180,0.000000,0.260626,0.0000,0.0000,0.507180,1.088121,0.347860,35.00
2.040015,torque-chirp,foot_left_joint,RS02,0.520219,0.000000,-0.003177,0.0000,0.0000,0.520219,1.102770,0.316730,35.00
2.048010,torque-chirp,foot_left_joint,RS02,0.534408,0.000000,-0.266642,0.0000,0.0000,0.534408,1.160448,0.165758,35.00
2.056014,torque-chirp,foot_left_joint,RS02,0.548599,0.000000,-0.504223,0.0000,0.0000,0.548599,1.215380,0.068224,35.00
2.064007,torque-chirp,foot_left_joint,RS02,0.562405,0.000000,-0.691797,0.0000,0.0000,0.562405,1.121080,0.127886,35.00
2.072016,torque-chirp,foot_left_joint,RS02,0.573526,0.000000,-0.811190,0.0000,0.0000,0.573526,0.795147,-0.054735,35.00
2.080011,torque-chirp,foot_left_joint,RS02,0.580046,0.000000,-0.849928,0.0000,0.0000,0.580046,0.400551,-0.252918,35.00
2.088013,torque-chirp,foot_left_joint,RS02,0.581196,0.000000,-0.804164,0.0000,0.0000,0.581196,-0.113070,-0.338003,35.00
2.096011,torque-chirp,foot_left_joint,RS02,0.576978,0.000000,-0.678294,0.0000,0.0000,0.576978,-0.554361,-0.410635,35.00
2.104010,torque-chirp,foot_left_joint,RS02,0.568541,0.000000,-0.484612,0.0000,0.0000,0.568541,-0.857405,-0.325552,35.00
2.112009,torque-chirp,foot_left_joint,RS02,0.556652,0.000000,-0.242376,0.0000,0.0000,0.556652,-1.199816,-0.284565,35.00
2.120069,torque-chirp,foot_left_joint,RS02,0.542463,0.000000,0.026370,0.0000,0.0000,0.542463,-1.233692,-0.339560,35.00
2.128036,torque-chirp,foot_left_joint,RS02,0.527122,0.000000,0.289683,0.0000,0.0000,0.527122,-1.284962,-0.183918,35.00
2.136026,torque-chirp,foot_left_joint,RS02,0.511782,0.000000,0.524940,0.0000,0.0000,0.511782,-1.252003,-0.028275,35.00
2.144019,torque-chirp,foot_left_joint,RS02,0.496825,0.000000,0.707787,0.0000,0.0000,0.496825,-1.335316,-0.085863,35.00
2.152018,torque-chirp,foot_left_joint,RS02,0.484937,0.000000,0.819638,0.0000,0.0000,0.484937,-0.883957,0.054214,35.00
2.160011,torque-chirp,foot_left_joint,RS02,0.476884,0.000000,0.848908,0.0000,0.0000,0.476884,-0.433510,0.207783,35.00
2.168025,torque-chirp,foot_left_joint,RS02,0.474966,0.000000,0.792298,0.0000,0.0000,0.474966,0.001373,0.316212,35.00
2.176018,torque-chirp,foot_left_joint,RS02,0.477651,0.000000,0.655642,0.0000,0.0000,0.477651,0.521400,0.427755,35.00
2.184015,torque-chirp,foot_left_joint,RS02,0.485321,0.000000,0.452395,0.0000,0.0000,0.485321,0.820786,0.345785,35.00
2.192013,torque-chirp,foot_left_joint,RS02,0.496058,0.000000,0.203077,0.0000,0.0000,0.496058,1.049667,0.277302,35.00
2.200010,torque-chirp,foot_left_joint,RS02,0.509480,0.000000,-0.067045,0.0000,0.0000,0.509480,1.176012,0.294422,35.00
2.208128,torque-chirp,foot_left_joint,RS02,0.523670,0.000000,-0.334314,0.0000,0.0000,0.523670,1.296865,0.208820,35.00
2.216022,torque-chirp,foot_left_joint,RS02,0.537860,0.000000,-0.560986,0.0000,0.0000,0.537860,1.093615,0.033981,35.00
2.224019,torque-chirp,foot_left_joint,RS02,0.550900,0.000000,-0.733792,0.0000,0.0000,0.550900,1.118334,-0.078600,35.00
2.232013,torque-chirp,foot_left_joint,RS02,0.561255,0.000000,-0.831685,0.0000,0.0000,0.561255,0.709087,-0.109209,35.00
2.240010,torque-chirp,foot_left_joint,RS02,0.567007,0.000000,-0.844530,0.0000,0.0000,0.567007,0.243076,-0.220753,35.00
2.248011,torque-chirp,foot_left_joint,RS02,0.565856,0.000000,-0.770702,0.0000,0.0000,0.565856,-0.252232,-0.267963,35.00
2.256010,torque-chirp,foot_left_joint,RS02,0.559720,0.000000,-0.617641,0.0000,0.0000,0.559720,-0.754864,-0.389883,35.00
2.264009,torque-chirp,foot_left_joint,RS02,0.548983,0.000000,-0.400858,0.0000,0.0000,0.548983,-1.037766,-0.387289,35.00
2.272009,torque-chirp,foot_left_joint,RS02,0.536325,0.000000,-0.142580,0.0000,0.0000,0.536325,-1.151293,-0.289753,35.00
2.280018,torque-chirp,foot_left_joint,RS02,0.522137,0.000000,0.130936,0.0000,0.0000,0.522137,-1.307850,-0.148119,35.00
2.288013,torque-chirp,foot_left_joint,RS02,0.507180,0.000000,0.390675,0.0000,0.0000,0.507180,-1.248341,-0.098314,35.00
2.296013,torque-chirp,foot_left_joint,RS02,0.492224,0.000000,0.610266,0.0000,0.0000,0.492224,-1.213549,-0.140856,35.00
2.304010,torque-chirp,foot_left_joint,RS02,0.478417,0.000000,0.766688,0.0000,0.0000,0.478417,-1.089951,-0.055773,35.00
2.312011,torque-chirp,foot_left_joint,RS02,0.468063,0.000000,0.843622,0.0000,0.0000,0.468063,-0.691692,0.127886,35.00
2.320010,torque-chirp,foot_left_joint,RS02,0.463845,0.000000,0.832806,0.0000,0.0000,0.463845,-0.178074,0.297016,35.00
2.328010,torque-chirp,foot_left_joint,RS02,0.464995,0.000000,0.735177,0.0000,0.0000,0.464995,0.286106,0.379507,35.00
2.336044,torque-chirp,foot_left_joint,RS02,0.470365,0.000000,0.559851,0.0000,0.0000,0.470365,0.672466,0.416342,35.00
2.344022,torque-chirp,foot_left_joint,RS02,0.479952,0.000000,0.327135,0.0000,0.0000,0.479952,0.888535,0.312580,35.00
2.352016,torque-chirp,foot_left_joint,RS02,0.492224,0.000000,0.059622,0.0000,0.0000,0.492224,1.095446,0.239429,35.00
2.360012,torque-chirp,foot_left_joint,RS02,0.506029,0.000000,-0.214372,0.0000,0.0000,0.506029,1.242846,0.253437,35.00
2.368011,torque-chirp,foot_left_joint,RS02,0.519835,0.000000,-0.466188,0.0000,0.0000,0.519835,1.235521,0.217121,35.00
2.376015,torque-chirp,foot_left_joint,RS02,0.533641,0.000000,-0.669271,0.0000,0.0000,0.533641,1.111925,0.058884,35.00
2.384018,torque-chirp,foot_left_joint,RS02,0.545148,0.000000,-0.801897,0.0000,0.0000,0.545148,0.850082,-0.130480,35.00
2.392012,torque-chirp,foot_left_joint,RS02,0.553201,0.000000,-0.849939,0.0000,0.0000,0.553201,0.461891,-0.244617,35.00
2.400012,torque-chirp,foot_left_joint,RS02,0.556269,0.000000,-0.808268,0.0000,0.0000,0.556269,0.006866,-0.285603,35.00
2.408012,torque-chirp,foot_left_joint,RS02,0.553584,0.000000,-0.681010,0.0000,0.0000,0.553584,-0.324560,-0.409079,35.00
2.416011,torque-chirp,foot_left_joint,RS02,0.546681,0.000000,-0.481519,0.0000,0.0000,0.546681,-0.745708,-0.495201,35.00
2.424009,torque-chirp,foot_left_joint,RS02,0.535942,0.000000,-0.230768,0.0000,0.0000,0.535942,-0.937973,-0.353567,35.00
2.432008,torque-chirp,foot_left_joint,RS02,0.522903,0.000000,0.044698,0.0000,0.0000,0.522903,-1.225451,-0.216084,35.00
2.440009,torque-chirp,foot_left_joint,RS02,0.509480,0.000000,0.315694,0.0000,0.0000,0.509480,-1.137560,-0.115435,35.00
2.448014,torque-chirp,foot_left_joint,RS02,0.495675,0.000000,0.553299,0.0000,0.0000,0.495675,-1.127489,-0.138781,35.00
2.456008,torque-chirp,foot_left_joint,RS02,0.483020,0.000000,0.731723,0.0000,0.0000,0.483020,-0.995651,-0.040728,35.00
2.464008,torque-chirp,foot_left_joint,RS02,0.473049,0.000000,0.832157,0.0000,0.0000,0.473049,-0.679790,0.149157,35.00
2.472015,torque-chirp,foot_left_joint,RS02,0.468830,0.000000,0.843485,0.0000,0.0000,0.468830,-0.225681,0.243061,35.00
2.480029,torque-chirp,foot_left_joint,RS02,0.470365,0.000000,0.764050,0.0000,0.0000,0.470365,0.231174,0.370687,35.00
2.488007,torque-chirp,foot_left_joint,RS02,0.476501,0.000000,0.603062,0.0000,0.0000,0.476501,0.702679,0.443838,35.00
2.500005,torque-chirp,foot_left_joint,RS02,0.492224,0.000000,0.246582,0.0000,0.0000,0.492224,1.076220,0.278339,35.00
2.508013,torque-chirp,foot_left_joint,RS02,0.506029,0.000000,-0.030595,0.0000,0.0000,0.506029,1.241930,0.307911,35.00
2.516010,torque-chirp,foot_left_joint,RS02,0.521369,0.000000,-0.304313,0.0000,0.0000,0.521369,1.357290,0.234241,35.00
2.524009,torque-chirp,foot_left_joint,RS02,0.536709,0.000000,-0.545347,0.0000,0.0000,0.536709,1.234606,0.061996,35.00
2.532008,torque-chirp,foot_left_joint,RS02,0.551283,0.000000,-0.727522,0.0000,0.0000,0.551283,1.202562,-0.024124,35.00
2.540023,torque-chirp,foot_left_joint,RS02,0.563939,0.000000,-0.830989,0.0000,0.0000,0.563939,0.831772,-0.040209,35.00
2.548008,torque-chirp,foot_left_joint,RS02,0.571992,0.000000,-0.844015,0.0000,0.0000,0.571992,0.498512,-0.214527,35.00
2.556009,torque-chirp,foot_left_joint,RS02,0.574293,0.000000,-0.765270,0.0000,0.0000,0.574293,-0.101168,-0.277302,35.00
2.564007,torque-chirp,foot_left_joint,RS02,0.571225,0.000000,-0.603102,0.0000,0.0000,0.571225,-0.406042,-0.403372,35.00
2.572010,torque-chirp,foot_left_joint,RS02,0.563171,0.000000,-0.374854,0.0000,0.0000,0.563171,-0.935226,-0.322439,35.00
2.580009,torque-chirp,foot_left_joint,RS02,0.551667,0.000000,-0.105574,0.0000,0.0000,0.551667,-1.031357,-0.311026,35.00
2.588009,torque-chirp,foot_left_joint,RS02,0.538627,0.000000,0.175541,0.0000,0.0000,0.538627,-1.178759,-0.256031,35.00
2.596007,torque-chirp,foot_left_joint,RS02,0.524437,0.000000,0.437511,0.0000,0.0000,0.524437,-1.213549,-0.146044,35.00
2.604015,torque-chirp,foot_left_joint,RS02,0.511398,0.000000,0.651888,0.0000,0.0000,0.511398,-1.055161,0.049545,35.00
2.612011,torque-chirp,foot_left_joint,RS02,0.499510,0.000000,0.794409,0.0000,0.0000,0.499510,-1.024033,0.079119,35.00
2.620010,torque-chirp,foot_left_joint,RS02,0.491840,0.000000,0.849612,0.0000,0.0000,0.491840,-0.527811,0.122179,35.00
2.628009,torque-chirp,foot_left_joint,RS02,0.490306,0.000000,0.811146,0.0000,0.0000,0.490306,0.134129,0.262257,35.00
2.636009,torque-chirp,foot_left_joint,RS02,0.493757,0.000000,0.683032,0.0000,0.0000,0.493757,0.455482,0.415823,35.00
2.644009,torque-chirp,foot_left_joint,RS02,0.501428,0.000000,0.479248,0.0000,0.0000,0.501428,0.822617,0.428274,35.00
2.652007,torque-chirp,foot_left_joint,RS02,0.512548,0.000000,0.222271,0.0000,0.0000,0.512548,1.006638,0.409597,35.00
2.660008,torque-chirp,foot_left_joint,RS02,0.525971,0.000000,-0.059647,0.0000,0.0000,0.525971,1.241930,0.216602,35.00
2.668010,torque-chirp,foot_left_joint,RS02,0.539777,0.000000,-0.335166,0.0000,0.0000,0.539777,1.148546,0.140337,35.00
2.676008,torque-chirp,foot_left_joint,RS02,0.553967,0.000000,-0.573484,0.0000,0.0000,0.553967,1.242846,0.106096,35.00
2.684011,torque-chirp,foot_left_joint,RS02,0.567390,0.000000,-0.748132,0.0000,0.0000,0.567390,0.939804,0.104021,35.00
2.692012,torque-chirp,foot_left_joint,RS02,0.576978,0.000000,-0.839303,0.0000,0.0000,0.576978,0.652325,-0.095201,35.00
2.700014,torque-chirp,foot_left_joint,RS02,0.581963,0.000000,-0.836675,0.0000,0.0000,0.581963,0.233006,-0.307394,35.00
2.708010,torque-chirp,foot_left_joint,RS02,0.581579,0.000000,-0.740416,0.0000,0.0000,0.581579,-0.200047,-0.398184,35.00
2.716012,torque-chirp,foot_left_joint,RS02,0.576978,0.000000,-0.560983,0.0000,0.0000,0.576978,-0.602884,-0.417379,35.00
2.724010,torque-chirp,foot_left_joint,RS02,0.567774,0.000000,-0.318479,0.0000,0.0000,0.567774,-0.855574,-0.276783,35.00
2.732056,torque-chirp,foot_left_joint,RS02,0.555502,0.000000,-0.038337,0.0000,0.0000,0.555502,-1.175097,-0.247730,35.00
2.740036,torque-chirp,foot_left_joint,RS02,0.541696,0.000000,0.244137,0.0000,0.0000,0.541696,-1.231861,-0.280415,35.00
2.748024,torque-chirp,foot_left_joint,RS02,0.527122,0.000000,0.499635,0.0000,0.0000,0.527122,-1.295033,-0.128405,35.00
2.756019,torque-chirp,foot_left_joint,RS02,0.513700,0.000000,0.699188,0.0000,0.0000,0.513700,-1.121080,-0.027237,35.00
2.764103,torque-chirp,foot_left_joint,RS02,0.502194,0.000000,0.820711,0.0000,0.0000,0.502194,-0.875715,0.129442,35.00
2.772017,torque-chirp,foot_left_joint,RS02,0.495292,0.000000,0.847836,0.0000,0.0000,0.495292,-0.467384,0.154345,35.00
2.780011,torque-chirp,foot_left_joint,RS02,0.494141,0.000000,0.779663,0.0000,0.0000,0.494141,0.119480,0.293903,35.00
2.788019,torque-chirp,foot_left_joint,RS02,0.498743,0.000000,0.622638,0.0000,0.0000,0.498743,0.566261,0.419973,35.00
2.796077,torque-chirp,foot_left_joint,RS02,0.506797,0.000000,0.392891,0.0000,0.0000,0.506797,0.769512,0.410635,35.00
2.804029,torque-chirp,foot_left_joint,RS02,0.517918,0.000000,0.121362,0.0000,0.0000,0.517918,1.089037,0.363943,35.00
2.812019,torque-chirp,foot_left_joint,RS02,0.531340,0.000000,-0.165411,0.0000,0.0000,0.531340,1.086290,0.172503,35.00
2.820011,torque-chirp,foot_left_joint,RS02,0.544380,0.000000,-0.433610,0.0000,0.0000,0.544380,1.067980,0.105059,35.00
2.828056,torque-chirp,foot_left_joint,RS02,0.557803,0.000000,-0.653655,0.0000,0.0000,0.557803,1.178759,0.114916,35.00
2.836032,torque-chirp,foot_left_joint,RS02,0.569307,0.000000,-0.797229,0.0000,0.0000,0.569307,0.840012,-0.030350,35.00
2.844020,torque-chirp,foot_left_joint,RS02,0.576594,0.000000,-0.849914,0.0000,0.0000,0.576594,0.417030,-0.179249,35.00
2.852020,torque-chirp,foot_left_joint,RS02,0.578511,0.000000,-0.805068,0.0000,0.0000,0.578511,-0.092012,-0.293385,35.00
2.860023,torque-chirp,foot_left_joint,RS02,0.574677,0.000000,-0.667407,0.0000,0.0000,0.574677,-0.422523,-0.367575,35.00
2.868015,torque-chirp,foot_left_joint,RS02,0.566239,0.000000,-0.452991,0.0000,0.0000,0.566239,-0.921494,-0.328665,35.00
2.876009,torque-chirp,foot_left_joint,RS02,0.554351,0.000000,-0.186112,0.0000,0.0000,0.554351,-1.120165,-0.303762,35.00
2.884009,torque-chirp,foot_left_joint,RS02,0.540545,0.000000,0.102657,0.0000,0.0000,0.540545,-1.249256,-0.310507,35.00
2.892008,torque-chirp,foot_left_joint,RS02,0.525971,0.000000,0.379688,0.0000,0.0000,0.525971,-1.302357,-0.163683,35.00
2.900008,torque-chirp,foot_left_joint,RS02,0.511015,0.000000,0.612930,0.0000,0.0000,0.511015,-1.200731,-0.028275,35.00
2.908007,torque-chirp,foot_left_joint,RS02,0.497593,0.000000,0.775119,0.0000,0.0000,0.497593,-1.137560,-0.029831,35.00
2.916007,torque-chirp,foot_left_joint,RS02,0.487238,0.000000,0.847276,0.0000,0.0000,0.487238,-0.681622,0.085863,35.00
2.924008,torque-chirp,foot_left_joint,RS02,0.482636,0.000000,0.820773,0.0000,0.0000,0.482636,-0.276951,0.252399,35.00
2.932007,torque-chirp,foot_left_joint,RS02,0.483403,0.000000,0.698504,0.0000,0.0000,0.483403,0.304417,0.361868,35.00
2.940008,torque-chirp,foot_left_joint,RS02,0.488389,0.000000,0.494500,0.0000,0.0000,0.488389,0.591900,0.421530,35.00
2.948008,torque-chirp,foot_left_joint,RS02,0.497976,0.000000,0.232539,0.0000,0.0000,0.497976,0.930649,0.357718,35.00
2.956027,torque-chirp,foot_left_joint,RS02,0.510248,0.000000,-0.057561,0.0000,0.0000,0.510248,1.096361,0.302204,35.00
2.964010,torque-chirp,foot_left_joint,RS02,0.523670,0.000000,-0.339890,0.0000,0.0000,0.523670,1.098192,0.208820,35.00
2.972008,torque-chirp,foot_left_joint,RS02,0.536709,0.000000,-0.583036,0.0000,0.0000,0.536709,1.212633,0.052139,35.00
2.980006,torque-chirp,foot_left_joint,RS02,0.548983,0.000000,-0.757760,0.0000,0.0000,0.548983,0.987411,-0.081194,35.00
2.988014,torque-chirp,foot_left_joint,RS02,0.557803,0.000000,-0.843392,0.0000,0.0000,0.557803,0.497597,-0.149675,35.00
2.996012,torque-chirp,foot_left_joint,RS02,0.562021,0.000000,-0.829427,0.0000,0.0000,0.562021,0.222019,-0.247730,35.00
3.004007,torque-chirp,foot_left_joint,RS02,0.559720,0.000000,-0.717536,0.0000,0.0000,0.559720,-0.361181,-0.367056,35.00
3.012008,torque-chirp,foot_left_joint,RS02,0.552817,0.000000,-0.520557,0.0000,0.0000,0.552817,-0.719158,-0.441765,35.00
3.020010,torque-chirp,foot_left_joint,RS02,0.542080,0.000000,-0.261662,0.0000,0.0000,0.542080,-1.080795,-0.437096,35.00
3.028008,torque-chirp,foot_left_joint,RS02,0.529423,0.000000,0.028315,0.0000,0.0000,0.529423,-1.126574,-0.236317,35.00
3.036006,torque-chirp,foot_left_joint,RS02,0.515233,0.000000,0.315118,0.0000,0.0000,0.515233,-1.116503,-0.144487,35.00
3.044004,torque-chirp,foot_left_joint,RS02,0.501044,0.000000,0.564639,0.0000,0.0000,0.501044,-1.234608,-0.091570,35.00
3.052008,torque-chirp,foot_left_joint,RS02,0.488005,0.000000,0.747163,0.0000,0.0000,0.488005,-1.114672,-0.098833,35.00
3.060008,torque-chirp,foot_left_joint,RS02,0.477651,0.000000,0.840497,0.0000,0.0000,0.477651,-0.751202,0.102983,35.00
3.068006,torque-chirp,foot_left_joint,RS02,0.472666,0.000000,0.833419,0.0000,0.0000,0.472666,-0.150606,0.230610,35.00
3.076007,torque-chirp,foot_left_joint,RS02,0.473049,0.000000,0.726541,0.0000,0.0000,0.473049,0.319981,0.354086,35.00
3.084009,torque-chirp,foot_left_joint,RS02,0.478034,0.000000,0.532434,0.0000,0.0000,0.478034,0.551613,0.435019,35.00
3.092007,torque-chirp,foot_left_joint,RS02,0.487238,0.000000,0.274363,0.0000,0.0000,0.487238,0.894028,0.296497,35.00
3.100043,torque-chirp,foot_left_joint,RS02,0.499126,0.000000,-0.018294,0.0000,0.0000,0.499126,1.109179,0.298054,35.00
3.108024,torque-chirp,foot_left_joint,RS02,0.512933,0.000000,-0.306990,0.0000,0.0000,0.512933,1.102770,0.270557,35.00
3.116013,torque-chirp,foot_left_joint,RS02,0.526355,0.000000,-0.559274,0.0000,0.0000,0.526355,1.197985,0.113878,35.00
3.124011,torque-chirp,foot_left_joint,RS02,0.539393,0.000000,-0.744547,0.0000,0.0000,0.539393,1.000229,-0.113359,35.00
3.132042,torque-chirp,foot_left_joint,RS02,0.548983,0.000000,-0.840140,0.0000,0.0000,0.548983,0.704510,-0.196888,35.00
3.140059,torque-chirp,foot_left_joint,RS02,0.553967,0.000000,-0.833372,0.0000,0.0000,0.553967,0.340122,-0.278339,35.00
3.148047,torque-chirp,foot_left_joint,RS02,0.553967,0.000000,-0.725653,0.0000,0.0000,0.553967,-0.072786,-0.338522,35.00
3.156033,torque-chirp,foot_left_joint,RS02,0.548983,0.000000,-0.530048,0.0000,0.0000,0.548983,-0.606546,-0.508171,35.00
3.164022,torque-chirp,foot_left_joint,RS02,0.540162,0.000000,-0.269963,0.0000,0.0000,0.540162,-0.911423,-0.408560,35.00
3.172014,torque-chirp,foot_left_joint,RS02,0.528656,0.000000,0.023177,0.0000,0.0000,0.528656,-1.144884,-0.269520,35.00
3.180094,torque-chirp,foot_left_joint,RS02,0.516001,0.000000,0.316794,0.0000,0.0000,0.516001,-1.088120,-0.150713,35.00
3.188061,torque-chirp,foot_left_joint,RS02,0.502961,0.000000,0.567983,0.0000,0.0000,0.502961,-1.156786,-0.083788,35.00
3.196056,torque-chirp,foot_left_joint,RS02,0.490689,0.000000,0.750952,0.0000,0.0000,0.490689,-0.838179,-0.028275,35.00
3.204036,torque-chirp,foot_left_joint,RS02,0.482253,0.000000,0.842080,0.0000,0.0000,0.482253,-0.597391,0.139818,35.00
3.212032,torque-chirp,foot_left_joint,RS02,0.479568,0.000000,0.830371,0.0000,0.0000,0.479568,-0.014191,0.255512,35.00
3.220021,torque-chirp,foot_left_joint,RS02,0.481485,0.000000,0.716891,0.0000,0.0000,0.481485,0.363014,0.378988,35.00
3.228018,torque-chirp,foot_left_joint,RS02,0.488005,0.000000,0.515170,0.0000,0.0000,0.488005,0.772259,0.392996,35.00
3.236016,torque-chirp,foot_left_joint,RS02,0.498360,0.000000,0.249859,0.0000,0.0000,0.498360,1.010300,0.342154,35.00
3.244012,torque-chirp,foot_left_joint,RS02,0.511398,0.000000,-0.046381,0.0000,0.0000,0.511398,1.135729,0.296497,35.00
3.252010,torque-chirp,foot_left_joint,RS02,0.525588,0.000000,-0.337182,0.0000,0.0000,0.525588,1.280382,0.180285,35.00
3.260009,torque-chirp,foot_left_joint,RS02,0.540162,0.000000,-0.586489,0.0000,0.0000,0.540162,1.327993,0.031906,35.00
3.268007,torque-chirp,foot_left_joint,RS02,0.553201,0.000000,-0.763311,0.0000,0.0000,0.553201,1.082628,0.026718,35.00
3.276006,torque-chirp,foot_left_joint,RS02,0.563939,0.000000,-0.845627,0.0000,0.0000,0.563939,0.819866,-0.100389,35.00
3.284008,torque-chirp,foot_left_joint,RS02,0.568924,0.000000,-0.822943,0.0000,0.0000,0.568924,0.212864,-0.219196,35.00
3.292040,torque-chirp,foot_left_joint,RS02,0.568157,0.000000,-0.697172,0.0000,0.0000,0.568157,-0.312658,-0.314138,35.00
3.300020,torque-chirp,foot_left_joint,RS02,0.561638,0.000000,-0.485381,0.0000,0.0000,0.561638,-0.717327,-0.378988,35.00
3.308014,torque-chirp,foot_left_joint,RS02,0.550900,0.000000,-0.212701,0.0000,0.0000,0.550900,-0.999313,-0.330740,35.00
3.316013,torque-chirp,foot_left_joint,RS02,0.538243,0.000000,0.086875,0.0000,0.0000,0.538243,-1.150377,-0.280933,35.00
3.324110,torque-chirp,foot_left_joint,RS02,0.524437,0.000000,0.379148,0.0000,0.0000,0.524437,-1.127489,-0.164202,35.00
3.332020,torque-chirp,foot_left_joint,RS02,0.510632,0.000000,0.618100,0.0000,0.0000,0.510632,-1.176928,-0.051104,35.00
3.340011,torque-chirp,foot_left_joint,RS02,0.497976,0.000000,0.782619,0.0000,0.0000,0.497976,-0.972763,0.029312,35.00
3.348009,torque-chirp,foot_left_joint,RS02,0.489539,0.000000,0.849157,0.0000,0.0000,0.489539,-0.547037,0.093126,35.00
3.356009,torque-chirp,foot_left_joint,RS02,0.486471,0.000000,0.808944,0.0000,0.0000,0.486471,0.013275,0.220753,35.00
3.364007,torque-chirp,foot_left_joint,RS02,0.488772,0.000000,0.666832,0.0000,0.0000,0.488772,0.372169,0.405447,35.00
3.372008,torque-chirp,foot_left_joint,RS02,0.496058,0.000000,0.440477,0.0000,0.0000,0.496058,0.697186,0.418417,35.00
3.380008,torque-chirp,foot_left_joint,RS02,0.506797,0.000000,0.158329,0.0000,0.0000,0.506797,1.083544,0.357199,35.00
3.388006,torque-chirp,foot_left_joint,RS02,0.519452,0.000000,-0.143969,0.0000,0.0000,0.519452,1.125658,0.312061,35.00
3.396008,torque-chirp,foot_left_joint,RS02,0.532874,0.000000,-0.428358,0.0000,0.0000,0.532874,1.141222,0.138781,35.00
3.404042,torque-chirp,foot_left_joint,RS02,0.545915,0.000000,-0.659358,0.0000,0.0000,0.545915,1.175097,0.066668,35.00
3.412026,torque-chirp,foot_left_joint,RS02,0.557803,0.000000,-0.805426,0.0000,0.0000,0.557803,0.892197,-0.041246,35.00
3.420023,torque-chirp,foot_left_joint,RS02,0.565473,0.000000,-0.849530,0.0000,0.0000,0.565473,0.442665,-0.164202,35.00
3.428019,torque-chirp,foot_left_joint,RS02,0.567390,0.000000,-0.785544,0.0000,0.0000,0.567390,-0.067293,-0.220753,35.00
3.436012,torque-chirp,foot_left_joint,RS02,0.563555,0.000000,-0.621482,0.0000,0.0000,0.563555,-0.520485,-0.399740,35.00
3.444011,torque-chirp,foot_left_joint,RS02,0.554735,0.000000,-0.377843,0.0000,0.0000,0.554735,-0.903183,-0.307394,35.00
3.452008,torque-chirp,foot_left_joint,RS02,0.543230,0.000000,-0.085825,0.0000,0.0000,0.543230,-1.005722,-0.382101,35.00
3.460008,torque-chirp,foot_left_joint,RS02,0.529806,0.000000,0.217505,0.0000,0.0000,0.529806,-1.193407,-0.202076,35.00
3.468008,torque-chirp,foot_left_joint,RS02,0.516001,0.000000,0.493132,0.0000,0.0000,0.516001,-1.183336,-0.088457,35.00
3.476056,torque-chirp,foot_left_joint,RS02,0.502194,0.000000,0.706617,0.0000,0.0000,0.502194,-1.126574,-0.022568,35.00
3.484020,torque-chirp,foot_left_joint,RS02,0.490689,0.000000,0.827558,0.0000,0.0000,0.490689,-0.842756,0.036057,35.00
3.492015,torque-chirp,foot_left_joint,RS02,0.484170,0.000000,0.842784,0.0000,0.0000,0.484170,-0.356604,0.171465,35.00
3.500011,torque-chirp,foot_left_joint,RS02,0.483020,0.000000,0.749432,0.0000,0.0000,0.483020,0.141453,0.306355,35.00
3.508011,torque-chirp,foot_left_joint,RS02,0.486855,0.000000,0.559208,0.0000,0.0000,0.486855,0.539711,0.411154,35.00
3.516007,torque-chirp,foot_left_joint,RS02,0.494908,0.000000,0.296675,0.0000,0.0000,0.494908,0.825363,0.374319,35.00
3.524009,torque-chirp,foot_left_joint,RS02,0.506413,0.000000,-0.004645,0.0000,0.0000,0.506413,1.057909,0.321918,35.00
3.532007,torque-chirp,foot_left_joint,RS02,0.519452,0.000000,-0.305435,0.0000,0.0000,0.519452,1.157701,0.309467,35.00
3.540009,torque-chirp,foot_left_joint,RS02,0.532874,0.000000,-0.566867,0.0000,0.0000,0.532874,1.089037,0.077562,35.00
3.548007,torque-chirp,foot_left_joint,RS02,0.545148,0.000000,-0.754661,0.0000,0.0000,0.545148,0.968185,-0.060442,35.00
3.556008,torque-chirp,foot_left_joint,RS02,0.554351,0.000000,-0.844363,0.0000,0.0000,0.554351,0.612041,-0.127886,35.00
3.564007,torque-chirp,foot_left_joint,RS02,0.559337,0.000000,-0.824012,0.0000,0.0000,0.559337,0.170750,-0.253437,35.00
3.572008,torque-chirp,foot_left_joint,RS02,0.558187,0.000000,-0.696036,0.0000,0.0000,0.558187,-0.315405,-0.348898,35.00
3.580007,torque-chirp,foot_left_joint,RS02,0.552051,0.000000,-0.476984,0.0000,0.0000,0.552051,-0.665142,-0.427237,35.00
3.588007,torque-chirp,foot_left_joint,RS02,0.542080,0.000000,-0.195322,0.0000,0.0000,0.542080,-0.881210,-0.403372,35.00
3.596038,torque-chirp,foot_left_joint,RS02,0.529806,0.000000,0.113301,0.0000,0.0000,0.529806,-1.117418,-0.249287,35.00
3.604018,torque-chirp,foot_left_joint,RS02,0.516768,0.000000,0.405458,0.0000,0.0000,0.516768,-1.098190,-0.120104,35.00
3.612010,torque-chirp,foot_left_joint,RS02,0.503729,0.000000,0.645026,0.0000,0.0000,0.503729,-1.038681,-0.065630,35.00
3.620010,torque-chirp,foot_left_joint,RS02,0.491840,0.000000,0.800111,0.0000,0.0000,0.491840,-0.899521,-0.008041,35.00
3.628013,torque-chirp,foot_left_joint,RS02,0.484937,0.000000,0.849813,0.0000,0.0000,0.484937,-0.445412,0.137224,35.00
3.636010,torque-chirp,foot_left_joint,RS02,0.483020,0.000000,0.787371,0.0000,0.0000,0.483020,0.101166,0.287678,35.00
3.644011,torque-chirp,foot_left_joint,RS02,0.486088,0.000000,0.620776,0.0000,0.0000,0.486088,0.324558,0.405966,35.00
3.652009,torque-chirp,foot_left_joint,RS02,0.493757,0.000000,0.371979,0.0000,0.0000,0.493757,0.830856,0.347860,35.00
3.660011,torque-chirp,foot_left_joint,RS02,0.504879,0.000000,0.073587,0.0000,0.0000,0.504879,1.039597,0.333853,35.00
3.668009,torque-chirp,foot_left_joint,RS02,0.517534,0.000000,-0.234643,0.0000,0.0000,0.517534,1.128405,0.302204,35.00
3.676008,torque-chirp,foot_left_joint,RS02,0.530956,0.000000,-0.511915,0.0000,0.0000,0.530956,1.059740,0.103502,35.00
3.684064,torque-chirp,foot_left_joint,RS02,0.543997,0.000000,-0.722436,0.0000,0.0000,0.543997,1.067064,0.013229,35.00
3.692052,torque-chirp,foot_left_joint,RS02,0.554735,0.000000,-0.834968,0.0000,0.0000,0.554735,0.772259,-0.113359,35.00
3.700024,torque-chirp,foot_left_joint,RS02,0.560487,0.000000,-0.836597,0.0000,0.0000,0.560487,0.211033,-0.221790,35.00
3.708088,torque-chirp,foot_left_joint,RS02,0.560487,0.000000,-0.725325,0.0000,0.0000,0.560487,-0.230259,-0.294941,35.00
3.716045,torque-chirp,foot_left_joint,RS02,0.555119,0.000000,-0.518711,0.0000,0.0000,0.555119,-0.703594,-0.420492,35.00
3.724035,torque-chirp,foot_left_joint,RS02,0.545915,0.000000,-0.241962,0.0000,0.0000,0.545915,-0.887619,-0.433983,35.00
3.732017,torque-chirp,foot_left_joint,RS02,0.534024,0.000000,0.067048,0.0000,0.0000,0.534024,-1.100021,-0.313620,35.00
3.740015,torque-chirp,foot_left_joint,RS02,0.520986,0.000000,0.367859,0.0000,0.0000,0.520986,-1.191576,-0.108171,35.00
3.748010,torque-chirp,foot_left_joint,RS02,0.507947,0.000000,0.619340,0.0000,0.0000,0.507947,-1.182421,-0.050066,35.00
3.756008,torque-chirp,foot_left_joint,RS02,0.496058,0.000000,0.787664,0.0000,0.0000,0.496058,-1.008469,0.017380,35.00
3.764009,torque-chirp,foot_left_joint,RS02,0.488005,0.000000,0.849893,0.0000,0.0000,0.488005,-0.482948,0.060959,35.00
3.772008,torque-chirp,foot_left_joint,RS02,0.486088,0.000000,0.797356,0.0000,0.0000,0.486088,0.031586,0.163683,35.00
3.780009,torque-chirp,foot_left_joint,RS02,0.489156,0.000000,0.636925,0.0000,0.0000,0.489156,0.485695,0.451101,35.00
3.788008,torque-chirp,foot_left_joint,RS02,0.496825,0.000000,0.390155,0.0000,0.0000,0.496825,0.883957,0.409597,35.00
3.796007,torque-chirp,foot_left_joint,RS02,0.507947,0.000000,0.090302,0.0000,0.0000,0.507947,0.979172,0.327625,35.00
3.804008,torque-chirp,foot_left_joint,RS02,0.520602,0.000000,-0.222077,0.0000,0.0000,0.520602,1.187914,0.248768,35.00
3.812008,torque-chirp,foot_left_joint,RS02,0.534408,0.000000,-0.504369,0.0000,0.0000,0.534408,1.178759,0.102983,35.00
3.820009,torque-chirp,foot_left_joint,RS02,0.547448,0.000000,-0.718224,0.0000,0.0000,0.547448,0.990158,0.006485,35.00
3.828005,torque-chirp,foot_left_joint,RS02,0.558570,0.000000,-0.834219,0.0000,0.0000,0.558570,0.858322,-0.083269,35.00
3.836009,torque-chirp,foot_left_joint,RS02,0.564706,0.000000,-0.836438,0.0000,0.0000,0.564706,0.402382,-0.217640,35.00
3.844007,torque-chirp,foot_left_joint,RS02,0.565089,0.000000,-0.724300,0.0000,0.0000,0.565089,-0.125887,-0.254993,35.00
3.852010,torque-chirp,foot_left_joint,RS02,0.560103,0.000000,-0.512823,0.0000,0.0000,0.560103,-0.641336,-0.394552,35.00
3.860010,torque-chirp,foot_left_joint,RS02,0.550900,0.000000,-0.230984,0.0000,0.0000,0.550900,-0.856489,-0.372244,35.00
3.868008,torque-chirp,foot_left_joint,RS02,0.539010,0.000000,0.082683,0.0000,0.0000,0.539010,-1.106430,-0.292347,35.00
3.876095,torque-chirp,foot_left_joint,RS02,0.525588,0.000000,0.388327,0.0000,0.0000,0.525588,-1.134813,-0.177692,35.00
3.884020,torque-chirp,foot_left_joint,RS02,0.512548,0.000000,0.635311,0.0000,0.0000,0.512548,-1.119249,-0.037615,35.00
3.892010,torque-chirp,foot_left_joint,RS02,0.500661,0.000000,0.797403,0.0000,0.0000,0.500661,-0.926987,0.073931,35.00
3.900008,torque-chirp,foot_left_joint,RS02,0.492990,0.000000,0.849830,0.0000,0.0000,0.492990,-0.405127,0.108171,35.00
3.908010,torque-chirp,foot_left_joint,RS02,0.491457,0.000000,0.784858,0.0000,0.0000,0.491457,0.106659,0.245655,35.00
3.916007,torque-chirp,foot_left_joint,RS02,0.494141,0.000000,0.611319,0.0000,0.0000,0.494141,0.413368,0.424643,35.00
3.924008,torque-chirp,foot_left_joint,RS02,0.501811,0.000000,0.352865,0.0000,0.0000,0.501811,0.743877,0.425161,35.00
3.932008,torque-chirp,foot_left_joint,RS02,0.512548,0.000000,0.045340,0.0000,0.0000,0.512548,0.945297,0.378469,35.00
3.940006,torque-chirp,foot_left_joint,RS02,0.524820,0.000000,-0.268614,0.0000,0.0000,0.524820,1.067980,0.213490,35.00
3.948014,torque-chirp,foot_left_joint,RS02,0.537860,0.000000,-0.545702,0.0000,0.0000,0.537860,1.086290,0.096239,35.00
3.956009,torque-chirp,foot_left_joint,RS02,0.550133,0.000000,-0.746590,0.0000,0.0000,0.550133,1.030441,-0.067186,35.00
3.964009,torque-chirp,foot_left_joint,RS02,0.559337,0.000000,-0.843610,0.0000,0.0000,0.559337,0.666058,-0.106096,35.00
3.972008,torque-chirp,foot_left_joint,RS02,0.563939,0.000000,-0.822888,0.0000,0.0000,0.563939,0.180820,-0.261738,35.00
3.980030,torque-chirp,foot_left_joint,RS02,0.562405,0.000000,-0.686569,0.0000,0.0000,0.562405,-0.181736,-0.361868,35.00
3.988008,torque-chirp,foot_left_joint,RS02,0.556652,0.000000,-0.454983,0.0000,0.0000,0.556652,-0.667889,-0.416861,35.00
3.996008,torque-chirp,foot_left_joint,RS02,0.546298,0.000000,-0.158925,0.0000,0.0000,0.546298,-1.047836,-0.415304,35.00
4.004007,torque-chirp,foot_left_joint,RS02,0.534024,0.000000,0.159566,0.0000,0.0000,0.534024,-1.056076,-0.283527,35.00
4.012016,torque-chirp,foot_left_joint,RS02,0.520602,0.000000,0.456213,0.0000,0.0000,0.520602,-1.094528,-0.108171,35.00
4.020013,torque-chirp,foot_left_joint,RS02,0.507947,0.000000,0.688357,0.0000,0.0000,0.507947,-1.054245,-0.056292,35.00
4.028008,torque-chirp,foot_left_joint,RS02,0.496442,0.000000,0.823696,0.0000,0.0000,0.496442,-0.854658,0.079638,35.00
4.036008,torque-chirp,foot_left_joint,RS02,0.490306,0.000000,0.842983,0.0000,0.0000,0.490306,-0.347448,0.136187,35.00
4.044008,torque-chirp,foot_left_joint,RS02,0.489923,0.000000,0.743133,0.0000,0.0000,0.489923,0.160679,0.280933,35.00
4.052006,torque-chirp,foot_left_joint,RS02,0.493757,0.000000,0.538144,0.0000,0.0000,0.493757,0.493935,0.417898,35.00
4.060007,torque-chirp,foot_left_joint,RS02,0.502194,0.000000,0.256681,0.0000,0.0000,0.502194,0.946213,0.387808,35.00
4.068007,torque-chirp,foot_left_joint,RS02,0.513700,0.000000,-0.061357,0.0000,0.0000,0.513700,1.013962,0.370687,35.00
4.076006,torque-chirp,foot_left_joint,RS02,0.526355,0.000000,-0.370848,0.0000,0.0000,0.526355,1.220873,0.175615,35.00
4.084006,torque-chirp,foot_left_joint,RS02,0.539010,0.000000,-0.627801,0.0000,0.0000,0.539010,1.108263,0.058884,35.00
4.092008,torque-chirp,foot_left_joint,RS02,0.550133,0.000000,-0.795517,0.0000,0.0000,0.550133,0.850082,-0.134111,35.00
4.100009,torque-chirp,foot_left_joint,RS02,0.558187,0.000000,-0.849829,0.0000,0.0000,0.558187,0.543373,-0.164721,35.00
4.108008,torque-chirp,foot_left_joint,RS02,0.560487,0.000000,-0.782803,0.0000,0.0000,0.560487,0.037994,-0.257069,35.00
4.116006,torque-chirp,foot_left_joint,RS02,0.557035,0.000000,-0.603848,0.0000,0.0000,0.557035,-0.427101,-0.398703,35.00
4.124005,torque-chirp,foot_left_joint,RS02,0.549366,0.000000,-0.338329,0.0000,0.0000,0.549366,-0.841841,-0.473412,35.00
4.132007,torque-chirp,foot_left_joint,RS02,0.538627,0.000000,-0.024038,0.0000,0.0000,0.538627,-1.064316,-0.309988,35.00
4.140007,torque-chirp,foot_left_joint,RS02,0.525971,0.000000,0.293823,0.0000,0.0000,0.525971,-1.131151,-0.208820,35.00
4.148006,torque-chirp,foot_left_joint,RS02,0.512933,0.000000,0.569647,0.0000,0.0000,0.512933,-1.066147,-0.003891,35.00
4.156006,torque-chirp,foot_left_joint,RS02,0.501044,0.000000,0.763684,0.0000,0.0000,0.501044,-1.010300,0.030350,35.00
4.164005,torque-chirp,foot_left_joint,RS02,0.492224,0.000000,0.847760,0.0000,0.0000,0.492224,-0.538797,0.099352,35.00
4.172047,torque-chirp,foot_left_joint,RS02,0.489539,0.000000,0.809049,0.0000,0.0000,0.489539,-0.025177,0.175615,35.00
4.180033,torque-chirp,foot_left_joint,RS02,0.491457,0.000000,0.653658,0.0000,0.0000,0.491457,0.368507,0.398184,35.00
4.188018,torque-chirp,foot_left_joint,RS02,0.497976,0.000000,0.403945,0.0000,0.0000,0.497976,0.759441,0.455252,35.00
4.196009,torque-chirp,foot_left_joint,RS02,0.508330,0.000000,0.095530,0.0000,0.0000,0.508330,0.941635,0.357199,35.00
4.204010,torque-chirp,foot_left_joint,RS02,0.520602,0.000000,-0.227287,0.0000,0.0000,0.520602,1.046921,0.280933,35.00
4.212009,torque-chirp,foot_left_joint,RS02,0.533641,0.000000,-0.517228,0.0000,0.0000,0.533641,1.013046,0.130480,35.00
4.220006,torque-chirp,foot_left_joint,RS02,0.546298,0.000000,-0.732087,0.0000,0.0000,0.546298,1.059740,0.009598,35.00
4.228007,torque-chirp,foot_left_joint,RS02,0.556269,0.000000,-0.840592,0.0000,0.0000,0.556269,0.742046,-0.096239,35.00
4.236008,torque-chirp,foot_left_joint,RS02,0.561255,0.000000,-0.826555,0.0000,0.0000,0.561255,0.291599,-0.215565,35.00
4.244006,torque-chirp,foot_left_joint,RS02,0.560103,0.000000,-0.691880,0.0000,0.0000,0.560103,-0.222935,-0.347860,35.00
4.252008,torque-chirp,foot_left_joint,RS02,0.554351,0.000000,-0.455877,0.0000,0.0000,0.554351,-0.629435,-0.403372,35.00
4.260006,torque-chirp,foot_left_joint,RS02,0.544764,0.000000,-0.153106,0.0000,0.0000,0.544764,-0.924240,-0.427755,35.00
4.268006,torque-chirp,foot_left_joint,RS02,0.532491,0.000000,0.172316,0.0000,0.0000,0.532491,-1.155870,-0.277302,35.00
4.276005,torque-chirp,foot_left_joint,RS02,0.519835,0.000000,0.472641,0.0000,0.0000,0.519835,-1.068893,-0.091570,35.00
4.284007,torque-chirp,foot_left_joint,RS02,0.506797,0.000000,0.703786,0.0000,0.0000,0.506797,-1.111008,-0.018417,35.00
4.292006,torque-chirp,foot_left_joint,RS02,0.496442,0.000000,0.831451,0.0000,0.0000,0.496442,-0.648663,0.102983,35.00
4.300005,torque-chirp,foot_left_joint,RS02,0.490689,0.000000,0.836725,0.0000,0.0000,0.490689,-0.353857,0.156420,35.00
4.308006,torque-chirp,foot_left_joint,RS02,0.491073,0.000000,0.718559,0.0000,0.0000,0.491073,0.182652,0.297016,35.00
4.316009,torque-chirp,foot_left_joint,RS02,0.495675,0.000000,0.494108,0.0000,0.0000,0.495675,0.478371,0.432943,35.00
4.324007,torque-chirp,foot_left_joint,RS02,0.504879,0.000000,0.196553,0.0000,0.0000,0.504879,0.810711,0.391958,35.00
4.332007,torque-chirp,foot_left_joint,RS02,0.516001,0.000000,-0.130326,0.0000,0.0000,0.516001,0.946213,0.339041,35.00
4.340009,torque-chirp,foot_left_joint,RS02,0.529039,0.000000,-0.438179,0.0000,0.0000,0.529039,1.104601,0.158495,35.00
4.348009,torque-chirp,foot_left_joint,RS02,0.541312,0.000000,-0.681048,0.0000,0.0000,0.541312,1.039597,-0.012711,35.00
4.356009,torque-chirp,foot_left_joint,RS02,0.551667,0.000000,-0.822857,0.0000,0.0000,0.551667,0.799725,-0.110765,35.00
4.364008,torque-chirp,foot_left_joint,RS02,0.558187,0.000000,-0.842280,0.0000,0.0000,0.558187,0.474709,-0.201038,35.00
4.372008,torque-chirp,foot_left_joint,RS02,0.558953,0.000000,-0.736181,0.0000,0.0000,0.558953,-0.089266,-0.298573,35.00
4.380009,torque-chirp,foot_left_joint,RS02,0.554735,0.000000,-0.520160,0.0000,0.0000,0.554735,-0.477455,-0.446953,35.00
4.388007,torque-chirp,foot_left_joint,RS02,0.546298,0.000000,-0.226342,0.0000,0.0000,0.546298,-0.825361,-0.481712,35.00
4.396011,torque-chirp,foot_left_joint,RS02,0.534792,0.000000,0.101722,0.0000,0.0000,0.534792,-1.014877,-0.281971,35.00
4.404008,torque-chirp,foot_left_joint,RS02,0.522520,0.000000,0.414479,0.0000,0.0000,0.522520,-1.085373,-0.124773,35.00
4.412009,torque-chirp,foot_left_joint,RS02,0.509865,0.000000,0.665411,0.0000,0.0000,0.509865,-1.056076,-0.001297,35.00
4.420009,torque-chirp,foot_left_joint,RS02,0.499126,0.000000,0.816538,0.0000,0.0000,0.499126,-0.829023,0.093126,35.00
4.428068,torque-chirp,foot_left_joint,RS02,0.492990,0.000000,0.844706,0.0000,0.0000,0.492990,-0.289768,0.130999,35.00
4.436016,torque-chirp,foot_left_joint,RS02,0.492607,0.000000,0.746063,0.0000,0.0000,0.492607,0.173496,0.278339,35.00
4.444010,torque-chirp,foot_left_joint,RS02,0.496825,0.000000,0.534850,0.0000,0.0000,0.496825,0.531471,0.413748,35.00
4.452007,torque-chirp,foot_left_joint,RS02,0.505646,0.000000,0.242765,0.0000,0.0000,0.505646,0.903183,0.405966,35.00
4.460009,torque-chirp,foot_left_joint,RS02,0.516768,0.000000,-0.086351,0.0000,0.0000,0.516768,1.030441,0.346823,35.00
4.468009,torque-chirp,foot_left_joint,RS02,0.529423,0.000000,-0.402532,0.0000,0.0000,0.529423,1.110094,0.164721,35.00
4.476009,torque-chirp,foot_left_joint,RS02,0.541696,0.000000,-0.657909,0.0000,0.0000,0.541696,1.036850,0.024643,35.00
4.484009,torque-chirp,foot_left_joint,RS02,0.552817,0.000000,-0.813638,0.0000,0.0000,0.552817,0.835434,-0.080156,35.00
4.492009,torque-chirp,foot_left_joint,RS02,0.559720,0.000000,-0.845859,0.0000,0.0000,0.559720,0.357521,-0.177692,35.00
4.500007,torque-chirp,foot_left_joint,RS02,0.561255,0.000000,-0.749494,0.0000,0.0000,0.561255,-0.094759,-0.271076,35.00
4.508009,torque-chirp,foot_left_joint,RS02,0.557035,0.000000,-0.538856,0.0000,0.0000,0.557035,-0.495766,-0.399221,35.00
4.516009,torque-chirp,foot_left_joint,RS02,0.548599,0.000000,-0.245950,0.0000,0.0000,0.548599,-0.851912,-0.435539,35.00
4.524007,torque-chirp,foot_left_joint,RS02,0.537092,0.000000,0.084552,0.0000,0.0000,0.537092,-0.947128,-0.237354,35.00
4.532008,torque-chirp,foot_left_joint,RS02,0.524437,0.000000,0.402504,0.0000,0.0000,0.524437,-1.169603,-0.164202,35.00
4.540007,torque-chirp,foot_left_joint,RS02,0.511782,0.000000,0.658939,0.0000,0.0000,0.511782,-1.031357,-0.038652,35.00
4.548008,torque-chirp,foot_left_joint,RS02,0.500277,0.000000,0.814610,0.0000,0.0000,0.500277,-0.898605,0.077044,35.00
4.556007,torque-chirp,foot_left_joint,RS02,0.493374,0.000000,0.845346,0.0000,0.0000,0.493374,-0.388647,0.114397,35.00
4.564006,torque-chirp,foot_left_joint,RS02,0.492224,0.000000,0.746255,0.0000,0.0000,0.492224,0.065460,0.293385,35.00
4.572007,torque-chirp,foot_left_joint,RS02,0.496058,0.000000,0.532283,0.0000,0.0000,0.496058,0.474709,0.417898,35.00
4.580005,torque-chirp,foot_left_joint,RS02,0.504112,0.000000,0.236304,0.0000,0.0000,0.504112,0.753033,0.440725,35.00
4.588006,torque-chirp,foot_left_joint,RS02,0.514850,0.000000,-0.096450,0.0000,0.0000,0.514850,1.009384,0.388845,35.00
4.596006,torque-chirp,foot_left_joint,RS02,0.527122,0.000000,-0.414420,0.0000,0.0000,0.527122,1.098192,0.167833,35.00
4.604007,torque-chirp,foot_left_joint,RS02,0.539393,0.000000,-0.668552,0.0000,0.0000,0.539393,0.926071,0.023605,35.00
4.612005,torque-chirp,foot_left_joint,RS02,0.549366,0.000000,-0.819290,0.0000,0.0000,0.549366,0.742962,-0.145525,35.00
4.620007,torque-chirp,foot_left_joint,RS02,0.555502,0.000000,-0.843178,0.0000,0.0000,0.555502,0.314487,-0.203632,35.00
4.628006,torque-chirp,foot_left_joint,RS02,0.556652,0.000000,-0.736237,0.0000,0.0000,0.556652,-0.227512,-0.308950,35.00
4.636055,torque-chirp,foot_left_joint,RS02,0.552817,0.000000,-0.513154,0.0000,0.0000,0.552817,-0.402380,-0.437614,35.00
4.644040,torque-chirp,foot_left_joint,RS02,0.544764,0.000000,-0.211813,0.0000,0.0000,0.544764,-0.783247,-0.482231,35.00
4.652022,torque-chirp,foot_left_joint,RS02,0.533641,0.000000,0.122540,0.0000,0.0000,0.533641,-1.113756,-0.302206,35.00
4.660016,torque-chirp,foot_left_joint,RS02,0.521369,0.000000,0.438412,0.0000,0.0000,0.521369,-1.025864,-0.081713,35.00
4.668011,torque-chirp,foot_left_joint,RS02,0.509097,0.000000,0.686189,0.0000,0.0000,0.509097,-1.035019,-0.013229,35.00
4.676009,torque-chirp,foot_left_joint,RS02,0.498743,0.000000,0.826987,0.0000,0.0000,0.498743,-0.759441,0.111284,35.00
4.684008,torque-chirp,foot_left_joint,RS02,0.493374,0.000000,0.838447,0.0000,0.0000,0.493374,-0.210117,0.163164,35.00
4.692041,torque-chirp,foot_left_joint,RS02,0.493374,0.000000,0.717751,0.0000,0.0000,0.493374,0.150608,0.317249,35.00
4.700032,torque-chirp,foot_left_joint,RS02,0.498360,0.000000,0.484899,0.0000,0.0000,0.498360,0.540627,0.434500,35.00
4.708266,torque-chirp,foot_left_joint,RS02,0.507564,0.000000,0.165794,0.0000,0.0000,0.507564,0.856491,0.388845,35.00
4.716039,torque-chirp,foot_left_joint,RS02,0.518301,0.000000,-0.161966,0.0000,0.0000,0.518301,1.132982,0.327106,35.00
4.724017,torque-chirp,foot_left_joint,RS02,0.530956,0.000000,-0.473094,0.0000,0.0000,0.530956,1.072557,0.131517,35.00
4.732014,torque-chirp,foot_left_joint,RS02,0.542463,0.000000,-0.710601,0.0000,0.0000,0.542463,0.884872,0.009079,35.00
4.740010,torque-chirp,foot_left_joint,RS02,0.552434,0.000000,-0.836126,0.0000,0.0000,0.552434,0.737469,-0.098833,35.00
4.748008,torque-chirp,foot_left_joint,RS02,0.557419,0.000000,-0.829632,0.0000,0.0000,0.557419,0.214695,-0.209339,35.00
4.756012,torque-chirp,foot_left_joint,RS02,0.557419,0.000000,-0.691717,0.0000,0.0000,0.557419,-0.100252,-0.329184,35.00
4.764008,torque-chirp,foot_left_joint,RS02,0.552434,0.000000,-0.444262,0.0000,0.0000,0.552434,-0.633097,-0.446434,35.00
4.772007,torque-chirp,foot_left_joint,RS02,0.543997,0.000000,-0.126091,0.0000,0.0000,0.543997,-0.920578,-0.451103,35.00
4.780335,torque-chirp,foot_left_joint,RS02,0.531724,0.000000,0.225853,0.0000,0.0000,0.531724,-1.042343,-0.254475,35.00
4.788038,torque-chirp,foot_left_joint,RS02,0.519835,0.000000,0.518229,0.0000,0.0000,0.519835,-1.047836,-0.095720,35.00
4.796022,torque-chirp,foot_left_joint,RS02,0.508330,0.000000,0.740135,0.0000,0.0000,0.508330,-0.891281,0.050064,35.00
4.804017,torque-chirp,foot_left_joint,RS02,0.499510,0.000000,0.844653,0.0000,0.0000,0.499510,-0.594645,0.119585,35.00
4.812013,torque-chirp,foot_left_joint,RS02,0.495675,0.000000,0.814518,0.0000,0.0000,0.495675,-0.155184,0.236835,35.00
4.820012,torque-chirp,foot_left_joint,RS02,0.497976,0.000000,0.654189,0.0000,0.0000,0.497976,0.350193,0.372244,35.00
4.828010,torque-chirp,foot_left_joint,RS02,0.504112,0.000000,0.389102,0.0000,0.0000,0.504112,0.656902,0.450064,35.00
4.836007,torque-chirp,foot_left_joint,RS02,0.512933,0.000000,0.061595,0.0000,0.0000,0.512933,0.916000,0.427755,35.00
4.844007,torque-chirp,foot_left_joint,RS02,0.524820,0.000000,-0.276172,0.0000,0.0000,0.524820,1.017624,0.220234,35.00
4.852008,torque-chirp,foot_left_joint,RS02,0.537092,0.000000,-0.569738,0.0000,0.0000,0.537092,1.069811,0.105059,35.00
4.860009,torque-chirp,foot_left_joint,RS02,0.548215,0.000000,-0.771805,0.0000,0.0000,0.548215,0.847336,-0.094683,35.00
4.868009,torque-chirp,foot_left_joint,RS02,0.556269,0.000000,-0.849662,0.0000,0.0000,0.556269,0.623943,-0.148119,35.00
4.876008,torque-chirp,foot_left_joint,RS02,0.558953,0.000000,-0.790570,0.0000,0.0000,0.558953,0.047150,-0.229053,35.00
4.884007,torque-chirp,foot_left_joint,RS02,0.556269,0.000000,-0.603811,0.0000,0.0000,0.556269,-0.363012,-0.407522,35.00
4.892007,torque-chirp,foot_left_joint,RS02,0.549749,0.000000,-0.319349,0.0000,0.0000,0.549749,-0.645000,-0.476524,35.00
4.900007,torque-chirp,foot_left_joint,RS02,0.539010,0.000000,0.016994,0.0000,0.0000,0.539010,-1.042343,-0.320364,35.00
4.908011,torque-chirp,foot_left_joint,RS02,0.527122,0.000000,0.350928,0.0000,0.0000,0.527122,-1.076218,-0.204151,35.00
4.916008,torque-chirp,foot_left_joint,RS02,0.514850,0.000000,0.627867,0.0000,0.0000,0.514850,-1.032272,-0.043840,35.00
4.924006,torque-chirp,foot_left_joint,RS02,0.503345,0.000000,0.803056,0.0000,0.0000,0.503345,-0.884872,0.083269,35.00
4.932007,torque-chirp,foot_left_joint,RS02,0.496058,0.000000,0.847780,0.0000,0.0000,0.496058,-0.523232,0.146563,35.00
4.940027,torque-chirp,foot_left_joint,RS02,0.494908,0.000000,0.754057,0.0000,0.0000,0.494908,0.044403,0.271595,35.00
4.948007,torque-chirp,foot_left_joint,RS02,0.498743,0.000000,0.538082,0.0000,0.0000,0.498743,0.463722,0.443319,35.00
4.956007,torque-chirp,foot_left_joint,RS02,0.506413,0.000000,0.233742,0.0000,0.0000,0.506413,0.701763,0.446951,35.00
4.964008,torque-chirp,foot_left_joint,RS02,0.516768,0.000000,-0.109022,0.0000,0.0000,0.516768,0.994736,0.337484,35.00
4.972007,torque-chirp,foot_left_joint,RS02,0.528656,0.000000,-0.434092,0.0000,0.0000,0.528656,1.055162,0.180803,35.00
4.980105,torque-chirp,foot_left_joint,RS02,0.540545,0.000000,-0.690737,0.0000,0.0000,0.540545,0.947128,0.000778,35.00
4.988019,torque-chirp,foot_left_joint,RS02,0.549749,0.000000,-0.829762,0.0000,0.0000,0.549749,0.702679,-0.162645,35.00
4.996009,torque-chirp,foot_left_joint,RS02,0.554735,0.000000,-0.834864,0.0000,0.0000,0.554735,0.218357,-0.236835,35.00
5.004005,torque-chirp,foot_left_joint,RS02,0.555119,0.000000,-0.702861,0.0000,0.0000,0.555119,-0.124971,-0.348379,35.00
5.012007,torque-chirp,foot_left_joint,RS02,0.550900,0.000000,-0.454990,0.0000,0.0000,0.550900,-0.454567,-0.458366,35.00
5.020007,torque-chirp,foot_left_joint,RS02,0.542463,0.000000,-0.131984,0.0000,0.0000,0.542463,-0.794233,-0.482231,35.00
5.028006,torque-chirp,foot_left_joint,RS02,0.531724,0.000000,0.212913,0.0000,0.0000,0.531724,-0.996567,-0.287159,35.00
5.036012,torque-chirp,foot_left_joint,RS02,0.519835,0.000000,0.523081,0.0000,0.0000,0.519835,-1.000229,-0.114916,35.00
5.044009,torque-chirp,foot_left_joint,RS02,0.508330,0.000000,0.746596,0.0000,0.0000,0.508330,-0.865644,0.011154,35.00
5.052008,torque-chirp,foot_left_joint,RS02,0.499893,0.000000,0.846671,0.0000,0.0000,0.499893,-0.536051,0.151751,35.00
5.060007,torque-chirp,foot_left_joint,RS02,0.496442,0.000000,0.806424,0.0000,0.0000,0.496442,-0.019684,0.236317,35.00
5.068007,torque-chirp,foot_left_joint,RS02,0.498743,0.000000,0.632259,0.0000,0.0000,0.498743,0.306248,0.402853,35.00
5.076007,torque-chirp,foot_left_joint,RS02,0.504496,0.000000,0.352882,0.0000,0.0000,0.504496,0.625774,0.460440,35.00
5.084006,torque-chirp,foot_left_joint,RS02,0.513700,0.000000,0.014641,0.0000,0.0000,0.513700,0.764019,0.492607,35.00
5.092006,torque-chirp,foot_left_joint,RS02,0.525204,0.000000,-0.326266,0.0000,0.0000,0.525204,1.009384,0.197405,35.00
5.100006,torque-chirp,foot_left_joint,RS02,0.537476,0.000000,-0.612910,0.0000,0.0000,0.537476,0.920578,0.046951,35.00
5.108007,torque-chirp,foot_left_joint,RS02,0.547832,0.000000,-0.797376,0.0000,0.0000,0.547832,0.889450,-0.127367,35.00
5.116006,torque-chirp,foot_left_joint,RS02,0.554735,0.000000,-0.848562,0.0000,0.0000,0.554735,0.372169,-0.169392,35.00
5.124005,torque-chirp,foot_left_joint,RS02,0.556652,0.000000,-0.757719,0.0000,0.0000,0.556652,-0.061800,-0.291828,35.00
5.132006,torque-chirp,foot_left_joint,RS02,0.553584,0.000000,-0.539770,0.0000,0.0000,0.553584,-0.373999,-0.432945,35.00
5.140005,torque-chirp,foot_left_joint,RS02,0.546298,0.000000,-0.231138,0.0000,0.0000,0.546298,-0.697186,-0.484825,35.00
5.148006,torque-chirp,foot_left_joint,RS02,0.535942,0.000000,0.116578,0.0000,0.0000,0.535942,-0.921494,-0.306356,35.00
5.156006,torque-chirp,foot_left_joint,RS02,0.524054,0.000000,0.444825,0.0000,0.0000,0.524054,-1.060654,-0.181324,35.00
5.164006,torque-chirp,foot_left_joint,RS02,0.512548,0.000000,0.698339,0.0000,0.0000,0.512548,-0.894028,0.005966,35.00
5.172007,torque-chirp,foot_left_joint,RS02,0.502961,0.000000,0.834237,0.0000,0.0000,0.502961,-0.558939,0.107653,35.00
5.180006,torque-chirp,foot_left_joint,RS02,0.497976,0.000000,0.829323,0.0000,0.0000,0.497976,-0.198215,0.214527,35.00
5.188005,torque-chirp,foot_left_joint,RS02,0.498743,0.000000,0.684237,0.0000,0.0000,0.498743,0.223850,0.388327,35.00
5.196006,torque-chirp,foot_left_joint,RS02,0.503345,0.000000,0.423203,0.0000,0.0000,0.503345,0.515907,0.467705,35.00
5.204072,torque-chirp,foot_left_joint,RS02,0.511015,0.000000,0.087441,0.0000,0.0000,0.511015,0.780499,0.443319,35.00
5.212060,torque-chirp,foot_left_joint,RS02,0.521752,0.000000,-0.260314,0.0000,0.0000,0.521752,1.058825,0.284565,35.00
5.220058,torque-chirp,foot_left_joint,RS02,0.533257,0.000000,-0.564535,0.0000,0.0000,0.533257,0.914169,0.108171,35.00
5.228043,torque-chirp,foot_left_joint,RS02,0.543230,0.000000,-0.772691,0.0000,0.0000,0.543230,0.809795,-0.028275,35.00
5.236029,torque-chirp,foot_left_joint,RS02,0.550133,0.000000,-0.849907,0.0000,0.0000,0.550133,0.545204,-0.195332,35.00
5.244015,torque-chirp,foot_left_joint,RS02,0.552434,0.000000,-0.782759,0.0000,0.0000,0.552434,0.015106,-0.296497,35.00
5.252016,torque-chirp,foot_left_joint,RS02,0.550133,0.000000,-0.581961,0.0000,0.0000,0.550133,-0.347448,-0.462517,35.00
5.260011,torque-chirp,foot_left_joint,RS02,0.543997,0.000000,-0.281787,0.0000,0.0000,0.543997,-0.584574,-0.551231,35.00
5.268008,torque-chirp,foot_left_joint,RS02,0.534408,0.000000,0.066764,0.0000,0.0000,0.534408,-0.870222,-0.428274,35.00
5.276013,torque-chirp,foot_left_joint,RS02,0.522903,0.000000,0.404388,0.0000,0.0000,0.522903,-0.978256,-0.182880,35.00
5.284009,torque-chirp,foot_left_joint,RS02,0.511398,0.000000,0.672549,0.0000,0.0000,0.511398,-1.001144,-0.022049,35.00
5.292010,torque-chirp,foot_left_joint,RS02,0.501428,0.000000,0.825541,0.0000,0.0000,0.501428,-0.788740,0.094164,35.00
5.300011,torque-chirp,foot_left_joint,RS02,0.496442,0.000000,0.836678,0.0000,0.0000,0.496442,-0.261387,0.174578,35.00
5.308009,torque-chirp,foot_left_joint,RS02,0.496825,0.000000,0.703844,0.0000,0.0000,0.496825,0.298923,0.316730,35.00
5.316008,torque-chirp,foot_left_joint,RS02,0.501811,0.000000,0.449709,0.0000,0.0000,0.501811,0.510414,0.467186,35.00
5.324008,torque-chirp,foot_left_joint,RS02,0.510248,0.000000,0.117783,0.0000,0.0000,0.510248,0.861984,0.514915,35.00
5.332007,torque-chirp,foot_left_joint,RS02,0.521369,0.000000,-0.234633,0.0000,0.0000,0.521369,1.065233,0.316730,35.00
5.340009,torque-chirp,foot_left_joint,RS02,0.533257,0.000000,-0.546734,0.0000,0.0000,0.533257,1.013046,0.122698,35.00
5.348008,torque-chirp,foot_left_joint,RS02,0.543997,0.000000,-0.764288,0.0000,0.0000,0.543997,0.876633,-0.043322,35.00
5.356009,torque-chirp,foot_left_joint,RS02,0.551667,0.000000,-0.849524,0.0000,0.0000,0.551667,0.514076,-0.153307,35.00
5.364007,torque-chirp,foot_left_joint,RS02,0.555119,0.000000,-0.787387,0.0000,0.0000,0.555119,0.128635,-0.270039,35.00
5.372008,torque-chirp,foot_left_joint,RS02,0.553584,0.000000,-0.588403,0.0000,0.0000,0.553584,-0.309912,-0.424124,35.00
5.380008,torque-chirp,foot_left_joint,RS02,0.547448,0.000000,-0.286943,0.0000,0.0000,0.547448,-0.807051,-0.479637,35.00
5.388010,torque-chirp,foot_left_joint,RS02,0.538627,0.000000,0.064710,0.0000,0.0000,0.538627,-0.964523,-0.365499,35.00
5.396010,torque-chirp,foot_left_joint,RS02,0.527122,0.000000,0.405245,0.0000,0.0000,0.527122,-0.939804,-0.237873,35.00
5.404009,torque-chirp,foot_left_joint,RS02,0.516001,0.000000,0.675167,0.0000,0.0000,0.516001,-0.898605,-0.064074,35.00
5.412008,torque-chirp,foot_left_joint,RS02,0.506797,0.000000,0.827277,0.0000,0.0000,0.506797,-0.528727,0.146563,35.00
5.420010,torque-chirp,foot_left_joint,RS02,0.501811,0.000000,0.834737,0.0000,0.0000,0.501811,-0.318151,0.237873,35.00
5.428009,torque-chirp,foot_left_joint,RS02,0.501428,0.000000,0.695977,0.0000,0.0000,0.501428,0.165257,0.370169,35.00
5.436007,torque-chirp,foot_left_joint,RS02,0.505646,0.000000,0.435145,0.0000,0.0000,0.505646,0.420692,0.458364,35.00
5.444008,torque-chirp,foot_left_joint,RS02,0.513316,0.000000,0.097673,0.0000,0.0000,0.513316,0.786907,0.495201,35.00
5.452008,torque-chirp,foot_left_joint,RS02,0.523287,0.000000,-0.257143,0.0000,0.0000,0.523287,0.874802,0.294941,35.00
5.460007,torque-chirp,foot_left_joint,RS02,0.534408,0.000000,-0.566852,0.0000,0.0000,0.534408,0.883957,0.086382,35.00
5.468007,torque-chirp,foot_left_joint,RS02,0.544380,0.000000,-0.776880,0.0000,0.0000,0.544380,0.743877,-0.080675,35.00
5.476056,torque-chirp,foot_left_joint,RS02,0.551283,0.000000,-0.849973,0.0000,0.0000,0.551283,0.440834,-0.161608,35.00
5.484033,torque-chirp,foot_left_joint,RS02,0.552817,0.000000,-0.772527,0.0000,0.0000,0.552817,-0.139620,-0.270557,35.00
5.492025,torque-chirp,foot_left_joint,RS02,0.550133,0.000000,-0.558670,0.0000,0.0000,0.550133,-0.379492,-0.468742,35.00
5.500011,torque-chirp,foot_left_joint,RS02,0.543997,0.000000,-0.246244,0.0000,0.0000,0.543997,-0.641336,-0.502983,35.00
5.508010,torque-chirp,foot_left_joint,RS02,0.534024,0.000000,0.110402,0.0000,0.0000,0.534024,-0.920578,-0.366537,35.00
5.516013,torque-chirp,foot_left_joint,RS02,0.522520,0.000000,0.447811,0.0000,0.0000,0.522520,-0.963608,-0.160051,35.00
5.524011,torque-chirp,foot_left_joint,RS02,0.511398,0.000000,0.705713,0.0000,0.0000,0.511398,-0.927902,-0.007004,35.00
5.532101,torque-chirp,foot_left_joint,RS02,0.502194,0.000000,0.838940,0.0000,0.0000,0.502194,-0.676128,0.130999,35.00
5.540017,torque-chirp,foot_left_joint,RS02,0.497976,0.000000,0.821584,0.0000,0.0000,0.497976,-0.064547,0.234241,35.00
5.548009,torque-chirp,foot_left_joint,RS02,0.498743,0.000000,0.658582,0.0000,0.0000,0.498743,0.196384,0.386251,35.00
5.556009,torque-chirp,foot_left_joint,RS02,0.503729,0.000000,0.377863,0.0000,0.0000,0.503729,0.497597,0.466667,35.00
5.564008,torque-chirp,foot_left_joint,RS02,0.511782,0.000000,0.029529,0.0000,0.0000,0.511782,0.730145,0.429312,35.00
5.572007,torque-chirp,foot_left_joint,RS02,0.522520,0.000000,-0.324320,0.0000,0.0000,0.522520,0.910507,0.288715,35.00
5.580008,torque-chirp,foot_left_joint,RS02,0.533257,0.000000,-0.620316,0.0000,0.0000,0.533257,0.970932,0.087938,35.00
5.588009,torque-chirp,foot_left_joint,RS02,0.542463,0.000000,-0.805243,0.0000,0.0000,0.542463,0.694439,-0.106096,35.00
5.596007,torque-chirp,foot_left_joint,RS02,0.548215,0.000000,-0.845674,0.0000,0.0000,0.548215,0.291599,-0.242542,35.00
5.604007,torque-chirp,foot_left_joint,RS02,0.549749,0.000000,-0.734145,0.0000,0.0000,0.549749,0.018768,-0.355642,35.00
5.612008,torque-chirp,foot_left_joint,RS02,0.547065,0.000000,-0.490436,0.0000,0.0000,0.547065,-0.279697,-0.522179,35.00
5.620007,torque-chirp,foot_left_joint,RS02,0.540929,0.000000,-0.158298,0.0000,0.0000,0.540929,-0.656902,-0.433983,35.00
5.628007,torque-chirp,foot_left_joint,RS02,0.531340,0.000000,0.202623,0.0000,0.0000,0.531340,-0.828108,-0.341116,35.00
5.636008,torque-chirp,foot_left_joint,RS02,0.520986,0.000000,0.527180,0.0000,0.0000,0.520986,-0.900436,-0.098314,35.00
5.644008,torque-chirp,foot_left_joint,RS02,0.511015,0.000000,0.756558,0.0000,0.0000,0.511015,-0.727398,0.068224,35.00
5.652009,torque-chirp,foot_left_joint,RS02,0.503729,0.000000,0.849161,0.0000,0.0000,0.503729,-0.427101,0.138262,35.00
5.660008,torque-chirp,foot_left_joint,RS02,0.501811,0.000000,0.787938,0.0000,0.0000,0.501811,-0.045319,0.292347,35.00
5.668007,torque-chirp,foot_left_joint,RS02,0.504112,0.000000,0.583773,0.0000,0.0000,0.504112,0.291599,0.441763,35.00
5.676007,torque-chirp,foot_left_joint,RS02,0.510248,0.000000,0.273499,0.0000,0.0000,0.510248,0.644085,0.479637,35.00
5.684010,torque-chirp,foot_left_joint,RS02,0.519069,0.000000,-0.086850,0.0000,0.0000,0.519069,0.829025,0.404409,35.00
5.692055,torque-chirp,foot_left_joint,RS02,0.530573,0.000000,-0.433211,0.0000,0.0000,0.530573,0.977341,0.171984,35.00
5.700033,torque-chirp,foot_left_joint,RS02,0.541312,0.000000,-0.698193,0.0000,0.0000,0.541312,0.850998,-0.016342,35.00
5.708022,torque-chirp,foot_left_joint,RS02,0.550133,0.000000,-0.836720,0.0000,0.0000,0.550133,0.651409,-0.139299,35.00
5.716014,torque-chirp,foot_left_joint,RS02,0.555119,0.000000,-0.822854,0.0000,0.0000,0.555119,0.291599,-0.219715,35.00
5.724011,torque-chirp,foot_left_joint,RS02,0.554735,0.000000,-0.658657,0.0000,0.0000,0.554735,-0.174410,-0.367056,35.00
5.732011,torque-chirp,foot_left_joint,RS02,0.550516,0.000000,-0.373771,0.0000,0.0000,0.550516,-0.488441,-0.485344,35.00
5.740009,torque-chirp,foot_left_joint,RS02,0.542463,0.000000,-0.020289,0.0000,0.0000,0.542463,-0.869307,-0.504539,35.00
5.748007,torque-chirp,foot_left_joint,RS02,0.532107,0.000000,0.337102,0.0000,0.0000,0.532107,-0.900436,-0.288715,35.00
5.756009,torque-chirp,foot_left_joint,RS02,0.520986,0.000000,0.632906,0.0000,0.0000,0.520986,-0.882126,-0.028275,35.00
5.764009,torque-chirp,foot_left_joint,RS02,0.511782,0.000000,0.812402,0.0000,0.0000,0.511782,-0.773176,0.129442,35.00
5.772009,torque-chirp,foot_left_joint,RS02,0.506413,0.000000,0.842384,0.0000,0.0000,0.506413,-0.300756,0.215046,35.00
5.780007,torque-chirp,foot_left_joint,RS02,0.505646,0.000000,0.717142,0.0000,0.0000,0.505646,0.144199,0.335928,35.00
5.788006,torque-chirp,foot_left_joint,RS02,0.509865,0.000000,0.459499,0.0000,0.0000,0.509865,0.478371,0.485863,35.00
5.796008,torque-chirp,foot_left_joint,RS02,0.516384,0.000000,0.116747,0.0000,0.0000,0.516384,0.771343,0.507133,35.00
5.804009,torque-chirp,foot_left_joint,RS02,0.526355,0.000000,-0.247799,0.0000,0.0000,0.526355,0.937973,0.293903,35.00
5.812008,torque-chirp,foot_left_joint,RS02,0.537092,0.000000,-0.566557,0.0000,0.0000,0.537092,0.911423,0.117510,35.00
5.820007,torque-chirp,foot_left_joint,RS02,0.547065,0.000000,-0.780486,0.0000,0.0000,0.547065,0.742962,-0.052141,35.00
5.828009,torque-chirp,foot_left_joint,RS02,0.554351,0.000000,-0.849687,0.0000,0.0000,0.554351,0.511330,-0.153826,35.00
5.836008,torque-chirp,foot_left_joint,RS02,0.556269,0.000000,-0.761023,0.0000,0.0000,0.556269,-0.037994,-0.259663,35.00
5.844007,torque-chirp,foot_left_joint,RS02,0.553584,0.000000,-0.530773,0.0000,0.0000,0.553584,-0.308996,-0.470818,35.00
5.852008,torque-chirp,foot_left_joint,RS02,0.547448,0.000000,-0.201463,0.0000,0.0000,0.547448,-0.675213,-0.505577,35.00
5.860009,torque-chirp,foot_left_joint,RS02,0.537860,0.000000,0.165595,0.0000,0.0000,0.537860,-0.905930,-0.341116,35.00
5.868009,torque-chirp,foot_left_joint,RS02,0.526355,0.000000,0.501884,0.0000,0.0000,0.526355,-1.020370,-0.164721,35.00
5.876009,torque-chirp,foot_left_joint,RS02,0.516001,0.000000,0.744573,0.0000,0.0000,0.516001,-0.894028,0.011154,35.00
5.884007,torque-chirp,foot_left_joint,RS02,0.507947,0.000000,0.848068,0.0000,0.0000,0.507947,-0.594645,0.179247,35.00
5.892005,torque-chirp,foot_left_joint,RS02,0.504496,0.000000,0.792850,0.0000,0.0000,0.504496,-0.036163,0.264332,35.00
5.900014,torque-chirp,foot_left_joint,RS02,0.506413,0.000000,0.588672,0.0000,0.0000,0.506413,0.323643,0.395590,35.00
5.908007,torque-chirp,foot_left_joint,RS02,0.511782,0.000000,0.274269,0.0000,0.0000,0.511782,0.669720,0.487419,35.00
5.916008,torque-chirp,foot_left_joint,RS02,0.520219,0.000000,-0.092091,0.0000,0.0000,0.520219,0.765850,0.392996,35.00
5.924008,torque-chirp,foot_left_joint,RS02,0.530573,0.000000,-0.441278,0.0000,0.0000,0.530573,0.912338,0.187548,35.00
5.932011,torque-chirp,foot_left_joint,RS02,0.540929,0.000000,-0.707609,0.0000,0.0000,0.540929,0.867477,-0.026199,35.00
5.940008,torque-chirp,foot_left_joint,RS02,0.548599,0.000000,-0.840510,0.0000,0.0000,0.548599,0.635845,-0.155901,35.00
5.948008,torque-chirp,foot_left_joint,RS02,0.552434,0.000000,-0.814877,0.0000,0.0000,0.552434,0.053558,-0.225422,35.00
5.956007,torque-chirp,foot_left_joint,RS02,0.551283,0.000000,-0.635226,0.0000,0.0000,0.551283,-0.308081,-0.409597,35.00
5.964031,torque-chirp,foot_left_joint,RS02,0.546298,0.000000,-0.334273,0.0000,0.0000,0.546298,-0.518654,-0.482231,35.00
5.972010,torque-chirp,foot_left_joint,RS02,0.537860,0.000000,0.028475,0.0000,0.0000,0.537860,-0.851912,-0.383657,35.00
5.980009,torque-chirp,foot_left_joint,RS02,0.527122,0.000000,0.386871,0.0000,0.0000,0.527122,-0.905014,-0.224903,35.00
5.988008,torque-chirp,foot_left_joint,RS02,0.516384,0.000000,0.672017,0.0000,0.0000,0.516384,-0.906845,-0.064074,35.00
5.996007,torque-chirp,foot_left_joint,RS02,0.507180,0.000000,0.829604,0.0000,0.0000,0.507180,-0.758526,0.142412,35.00
6.004008,torque-chirp,foot_left_joint,RS02,0.502194,0.000000,0.829433,0.0000,0.0000,0.502194,-0.236668,0.238392,35.00
6.012006,torque-chirp,foot_left_joint,RS02,0.501811,0.000000,0.671299,0.0000,0.0000,0.501811,0.109406,0.370169,35.00
6.020008,torque-chirp,foot_left_joint,RS02,0.506029,0.000000,0.384972,0.0000,0.0000,0.506029,0.535133,0.422049,35.00
6.028008,torque-chirp,foot_left_joint,RS02,0.513316,0.000000,0.024997,0.0000,0.0000,0.513316,0.790569,0.489494,35.00
6.036009,torque-chirp,foot_left_joint,RS02,0.523287,0.000000,-0.339944,0.0000,0.0000,0.523287,0.874802,0.235798,35.00
6.044007,torque-chirp,foot_left_joint,RS02,0.534024,0.000000,-0.639946,0.0000,0.0000,0.534024,0.784161,0.090532,35.00
6.052007,torque-chirp,foot_left_joint,RS02,0.542463,0.000000,-0.817585,0.0000,0.0000,0.542463,0.709087,-0.124773,35.00
6.060005,torque-chirp,foot_left_joint,RS02,0.547448,0.000000,-0.838534,0.0000,0.0000,0.547448,0.256809,-0.211414,35.00
6.068007,torque-chirp,foot_left_joint,RS02,0.547832,0.000000,-0.698451,0.0000,0.0000,0.547832,-0.040741,-0.397665,35.00
6.076008,torque-chirp,foot_left_joint,RS02,0.544764,0.000000,-0.424038,0.0000,0.0000,0.544764,-0.398718,-0.510246,35.00
6.084084,torque-chirp,foot_left_joint,RS02,0.537860,0.000000,-0.064334,0.0000,0.0000,0.537860,-0.699017,-0.399221,35.00
6.092016,torque-chirp,foot_left_joint,RS02,0.528272,0.000000,0.301885,0.0000,0.0000,0.528272,-0.947128,-0.294422,35.00
6.100010,torque-chirp,foot_left_joint,RS02,0.517918,0.000000,0.613071,0.0000,0.0000,0.517918,-0.861067,-0.106615,35.00
6.108007,torque-chirp,foot_left_joint,RS02,0.508714,0.000000,0.806248,0.0000,0.0000,0.508714,-0.755779,0.118547,35.00
6.116007,torque-chirp,foot_left_joint,RS02,0.502961,0.000000,0.843777,0.0000,0.0000,0.502961,-0.328222,0.189104,35.00
6.124008,torque-chirp,foot_left_joint,RS02,0.501811,0.000000,0.718029,0.0000,0.0000,0.501811,0.084686,0.339041,35.00
6.132008,torque-chirp,foot_left_joint,RS02,0.505646,0.000000,0.453114,0.0000,0.0000,0.505646,0.394142,0.450064,35.00
6.140056,torque-chirp,foot_left_joint,RS02,0.512548,0.000000,0.097944,0.0000,0.0000,0.512548,0.620281,0.487419,35.00
6.148031,torque-chirp,foot_left_joint,RS02,0.522137,0.000000,-0.273408,0.0000,0.0000,0.522137,0.865646,0.323994,35.00
6.156044,torque-chirp,foot_left_joint,RS02,0.532491,0.000000,-0.593397,0.0000,0.0000,0.532491,0.788738,0.116991,35.00
6.164017,torque-chirp,foot_left_joint,RS02,0.542080,0.000000,-0.797113,0.0000,0.0000,0.542080,0.713665,-0.079119,35.00
6.172053,torque-chirp,foot_left_joint,RS02,0.547832,0.000000,-0.846369,0.0000,0.0000,0.547832,0.412453,-0.232685,35.00
6.180031,torque-chirp,foot_left_joint,RS02,0.549366,0.000000,-0.730552,0.0000,0.0000,0.549366,-0.040741,-0.341635,35.00
6.188016,torque-chirp,foot_left_joint,RS02,0.547065,0.000000,-0.472514,0.0000,0.0000,0.547065,-0.316320,-0.489494,35.00
6.196013,torque-chirp,foot_left_joint,RS02,0.540929,0.000000,-0.121728,0.0000,0.0000,0.540929,-0.734722,-0.452141,35.00
6.204010,torque-chirp,foot_left_joint,RS02,0.532107,0.000000,0.252969,0.0000,0.0000,0.532107,-0.804304,-0.321402,35.00
6.212008,torque-chirp,foot_left_joint,RS02,0.522137,0.000000,0.578426,0.0000,0.0000,0.522137,-0.753033,-0.113878,35.00
6.220010,torque-chirp,foot_left_joint,RS02,0.513316,0.000000,0.790725,0.0000,0.0000,0.513316,-0.655987,0.037094,35.00
6.228008,torque-chirp,foot_left_joint,RS02,0.507564,0.000000,0.847852,0.0000,0.0000,0.507564,-0.404211,0.201038,35.00
6.236008,torque-chirp,foot_left_joint,RS02,0.506413,0.000000,0.738407,0.0000,0.0000,0.506413,0.065460,0.316730,35.00
6.244007,torque-chirp,foot_left_joint,RS02,0.509865,0.000000,0.483639,0.0000,0.0000,0.509865,0.410622,0.476006,35.00
6.252008,torque-chirp,foot_left_joint,RS02,0.515616,0.000000,0.133364,0.0000,0.0000,0.515616,0.614788,0.491051,35.00
6.260010,torque-chirp,foot_left_joint,RS02,0.525204,0.000000,-0.243350,0.0000,0.0000,0.525204,0.894028,0.308949,35.00
6.268004,torque-chirp,foot_left_joint,RS02,0.535942,0.000000,-0.571977,0.0000,0.0000,0.535942,0.808880,0.097277,35.00
6.276008,torque-chirp,foot_left_joint,RS02,0.545531,0.000000,-0.788082,0.0000,0.0000,0.545531,0.781414,-0.035021,35.00
6.284007,torque-chirp,foot_left_joint,RS02,0.552051,0.000000,-0.848234,0.0000,0.0000,0.552051,0.375832,-0.191181,35.00
6.292008,torque-chirp,foot_left_joint,RS02,0.553967,0.000000,-0.740399,0.0000,0.0000,0.553967,-0.173494,-0.277821,35.00
6.300008,torque-chirp,foot_left_joint,RS02,0.551283,0.000000,-0.485700,0.0000,0.0000,0.551283,-0.345617,-0.476006,35.00
6.308009,torque-chirp,foot_left_joint,RS02,0.545148,0.000000,-0.134407,0.0000,0.0000,0.545148,-0.688030,-0.501945,35.00
6.316010,torque-chirp,foot_left_joint,RS02,0.535942,0.000000,0.243755,0.0000,0.0000,0.535942,-0.818037,-0.332296,35.00
6.324008,torque-chirp,foot_left_joint,RS02,0.525204,0.000000,0.573535,0.0000,0.0000,0.525204,-0.861067,-0.154863,35.00
6.332009,torque-chirp,foot_left_joint,RS02,0.515616,0.000000,0.789371,0.0000,0.0000,0.515616,-0.846418,0.039688,35.00
6.340041,torque-chirp,foot_left_joint,RS02,0.509865,0.000000,0.847782,0.0000,0.0000,0.509865,-0.482033,0.180285,35.00
6.348020,torque-chirp,foot_left_joint,RS02,0.507564,0.000000,0.736930,0.0000,0.0000,0.507564,-0.032501,0.353048,35.00
6.356014,torque-chirp,foot_left_joint,RS02,0.509865,0.000000,0.478965,0.0000,0.0000,0.509865,0.278782,0.485863,35.00
6.364011,torque-chirp,foot_left_joint,RS02,0.515233,0.000000,0.124991,0.0000,0.0000,0.515233,0.524147,0.512321,35.00
6.372008,torque-chirp,foot_left_joint,RS02,0.523670,0.000000,-0.254129,0.0000,0.0000,0.523670,0.770428,0.313099,35.00
6.380013,torque-chirp,foot_left_joint,RS02,0.533257,0.000000,-0.582800,0.0000,0.0000,0.533257,0.872971,0.122698,35.00
6.388010,torque-chirp,foot_left_joint,RS02,0.542080,0.000000,-0.794434,0.0000,0.0000,0.542080,0.588238,-0.097795,35.00
6.396009,torque-chirp,foot_left_joint,RS02,0.547065,0.000000,-0.846671,0.0000,0.0000,0.547065,0.267796,-0.221790,35.00
6.404009,torque-chirp,foot_left_joint,RS02,0.547832,0.000000,-0.728673,0.0000,0.0000,0.547832,-0.114901,-0.359274,35.00
6.412009,torque-chirp,foot_left_joint,RS02,0.545148,0.000000,-0.463872,0.0000,0.0000,0.545148,-0.344702,-0.516991,35.00
6.420008,torque-chirp,foot_left_joint,RS02,0.538627,0.000000,-0.105503,0.0000,0.0000,0.538627,-0.736553,-0.427237,35.00
6.428009,torque-chirp,foot_left_joint,RS02,0.529423,0.000000,0.274451,0.0000,0.0000,0.529423,-0.900436,-0.287678,35.00
6.436009,torque-chirp,foot_left_joint,RS02,0.519069,0.000000,0.599118,0.0000,0.0000,0.519069,-0.911423,-0.115435,35.00
6.444009,torque-chirp,foot_left_joint,RS02,0.509480,0.000000,0.802746,0.0000,0.0000,0.509480,-0.681622,0.104540,35.00
6.452009,torque-chirp,foot_left_joint,RS02,0.503345,0.000000,0.843998,0.0000,0.0000,0.503345,-0.297094,0.212452,35.00
6.460008,torque-chirp,foot_left_joint,RS02,0.501811,0.000000,0.714232,0.0000,0.0000,0.501811,0.156101,0.334372,35.00
6.468009,torque-chirp,foot_left_joint,RS02,0.505262,0.000000,0.439454,0.0000,0.0000,0.505262,0.360268,0.449026,35.00
6.476016,torque-chirp,foot_left_joint,RS02,0.511782,0.000000,0.074932,0.0000,0.0000,0.511782,0.603802,0.455252,35.00
6.484015,torque-chirp,foot_left_joint,RS02,0.520986,0.000000,-0.304673,0.0000,0.0000,0.520986,0.850998,0.311543,35.00
6.492011,torque-chirp,foot_left_joint,RS02,0.531340,0.000000,-0.622337,0.0000,0.0000,0.531340,0.883957,0.087938,35.00
6.500010,torque-chirp,foot_left_joint,RS02,0.539777,0.000000,-0.813532,0.0000,0.0000,0.539777,0.764935,-0.112841,35.00
6.508009,torque-chirp,foot_left_joint,RS02,0.544380,0.000000,-0.838915,0.0000,0.0000,0.544380,0.234837,-0.193775,35.00
6.516007,torque-chirp,foot_left_joint,RS02,0.544380,0.000000,-0.693052,0.0000,0.0000,0.544380,-0.080111,-0.407003,35.00
6.524009,torque-chirp,foot_left_joint,RS02,0.540545,0.000000,-0.405328,0.0000,0.0000,0.540545,-0.453651,-0.442802,35.00
6.532006,torque-chirp,foot_left_joint,RS02,0.533257,0.000000,-0.034702,0.0000,0.0000,0.533257,-0.724651,-0.416861,35.00
6.540009,torque-chirp,foot_left_joint,RS02,0.522903,0.000000,0.343498,0.0000,0.0000,0.522903,-0.863813,-0.250324,35.00
6.548007,torque-chirp,foot_left_joint,RS02,0.512165,0.000000,0.651228,0.0000,0.0000,0.512165,-0.940720,-0.067186,35.00
6.556009,torque-chirp,foot_left_joint,RS02,0.502578,0.000000,0.825491,0.0000,0.0000,0.502578,-0.707256,0.078600,35.00
6.564008,torque-chirp,foot_left_joint,RS02,0.496825,0.000000,0.830131,0.0000,0.0000,0.496825,-0.275120,0.191179,35.00
6.572012,torque-chirp,foot_left_joint,RS02,0.496825,0.000000,0.663834,0.0000,0.0000,0.496825,0.202793,0.299091,35.00
6.580015,torque-chirp,foot_left_joint,RS02,0.501811,0.000000,0.360615,0.0000,0.0000,0.501811,0.499428,0.450583,35.00
6.588014,torque-chirp,foot_left_joint,RS02,0.509480,0.000000,-0.016916,0.0000,0.0000,0.509480,0.687115,0.431906,35.00
6.596008,torque-chirp,foot_left_joint,RS02,0.519835,0.000000,-0.391028,0.0000,0.0000,0.519835,1.046921,0.294422,35.00
6.604007,torque-chirp,foot_left_joint,RS02,0.530573,0.000000,-0.684726,0.0000,0.0000,0.530573,0.861069,0.055771,35.00
6.612008,torque-chirp,foot_left_joint,RS02,0.538627,0.000000,-0.836989,0.0000,0.0000,0.538627,0.547035,-0.142931,35.00
6.620009,torque-chirp,foot_left_joint,RS02,0.542463,0.000000,-0.815942,0.0000,0.0000,0.542463,0.085602,-0.228535,35.00
6.628006,torque-chirp,foot_left_joint,RS02,0.541312,0.000000,-0.625824,0.0000,0.0000,0.541312,-0.239414,-0.395071,35.00
6.636120,torque-chirp,foot_left_joint,RS02,0.536325,0.000000,-0.300406,0.0000,0.0000,0.536325,-0.508583,-0.407522,35.00
6.644013,torque-chirp,foot_left_joint,RS02,0.527888,0.000000,0.078523,0.0000,0.0000,0.527888,-0.782331,-0.367056,35.00
6.652011,torque-chirp,foot_left_joint,RS02,0.517534,0.000000,0.446141,0.0000,0.0000,0.517534,-0.911423,-0.206745,35.00
6.660008,torque-chirp,foot_left_joint,RS02,0.506797,0.000000,0.721098,0.0000,0.0000,0.506797,-0.916916,-0.036577,35.00
6.668016,torque-chirp,foot_left_joint,RS02,0.497976,0.000000,0.846020,0.0000,0.0000,0.497976,-0.601053,0.095201,35.00
6.676014,torque-chirp,foot_left_joint,RS02,0.493757,0.000000,0.794299,0.0000,0.0000,0.493757,-0.171663,0.195848,35.00
6.684008,torque-chirp,foot_left_joint,RS02,0.495675,0.000000,0.576869,0.0000,0.0000,0.495675,0.298008,0.367575,35.00
6.692010,torque-chirp,foot_left_joint,RS02,0.502194,0.000000,0.238496,0.0000,0.0000,0.502194,0.707256,0.453695,35.00
6.700012,torque-chirp,foot_left_joint,RS02,0.511398,0.000000,-0.150018,0.0000,0.0000,0.511398,0.824448,0.404928,35.00
6.708011,torque-chirp,foot_left_joint,RS02,0.522520,0.000000,-0.507142,0.0000,0.0000,0.522520,0.955368,0.227497,35.00
6.716054,torque-chirp,foot_left_joint,RS02,0.532874,0.000000,-0.759049,0.0000,0.0000,0.532874,0.851913,-0.019455,35.00
6.728025,torque-chirp,foot_left_joint,RS02,0.542080,0.000000,-0.828522,0.0000,0.0000,0.542080,0.222935,-0.160051,35.00
6.740014,torque-chirp,foot_left_joint,RS02,0.541696,0.000000,-0.515663,0.0000,0.0000,0.541696,-0.345617,-0.375357,35.00
6.748017,torque-chirp,foot_left_joint,RS02,0.536325,0.000000,-0.159258,0.0000,0.0000,0.536325,-0.579996,-0.446953,35.00
6.756012,torque-chirp,foot_left_joint,RS02,0.527888,0.000000,0.230561,0.0000,0.0000,0.527888,-0.829023,-0.326071,35.00
6.764010,torque-chirp,foot_left_joint,RS02,0.518301,0.000000,0.572046,0.0000,0.0000,0.518301,-0.829939,-0.139299,35.00
6.772011,torque-chirp,foot_left_joint,RS02,0.509097,0.000000,0.792931,0.0000,0.0000,0.509097,-0.757610,0.093645,35.00
6.780129,torque-chirp,foot_left_joint,RS02,0.502578,0.000000,0.845535,0.0000,0.0000,0.502578,-0.329138,0.155901,35.00
6.792005,torque-chirp,foot_left_joint,RS02,0.502578,0.000000,0.596987,0.0000,0.0000,0.502578,0.278782,0.368093,35.00
6.800009,torque-chirp,foot_left_joint,RS02,0.507564,0.000000,0.262228,0.0000,0.0000,0.507564,0.542458,0.461996,35.00
6.808010,torque-chirp,foot_left_joint,RS02,0.515616,0.000000,-0.128282,0.0000,0.0000,0.515616,0.842758,0.417898,35.00
6.816008,torque-chirp,foot_left_joint,RS02,0.525971,0.000000,-0.491600,0.0000,0.0000,0.525971,0.998398,0.214008,35.00
6.824010,torque-chirp,foot_left_joint,RS02,0.536325,0.000000,-0.750639,0.0000,0.0000,0.536325,0.838181,-0.012711,35.00
6.832007,torque-chirp,foot_left_joint,RS02,0.542847,0.000000,-0.849782,0.0000,0.0000,0.542847,0.314487,-0.198444,35.00
6.840009,torque-chirp,foot_left_joint,RS02,0.545148,0.000000,-0.767780,0.0000,0.0000,0.545148,0.045319,-0.313101,35.00
6.848009,torque-chirp,foot_left_joint,RS02,0.543230,0.000000,-0.521795,0.0000,0.0000,0.543230,-0.330053,-0.484306,35.00
6.856050,torque-chirp,foot_left_joint,RS02,0.537476,0.000000,-0.162223,0.0000,0.0000,0.537476,-0.558023,-0.450584,35.00
6.864031,torque-chirp,foot_left_joint,RS02,0.529039,0.000000,0.229801,0.0000,0.0000,0.529039,-0.846418,-0.321920,35.00
6.872015,torque-chirp,foot_left_joint,RS02,0.518301,0.000000,0.573112,0.0000,0.0000,0.518301,-0.888535,-0.124254,35.00
6.880012,torque-chirp,foot_left_joint,RS02,0.508714,0.000000,0.794385,0.0000,0.0000,0.508714,-0.797895,0.098833,35.00
6.888009,torque-chirp,foot_left_joint,RS02,0.502194,0.000000,0.845435,0.0000,0.0000,0.502194,-0.395971,0.152269,35.00
6.896011,torque-chirp,foot_left_joint,RS02,0.500277,0.000000,0.714845,0.0000,0.0000,0.500277,0.043488,0.308949,35.00
6.904009,torque-chirp,foot_left_joint,RS02,0.503345,0.000000,0.430533,0.0000,0.0000,0.503345,0.338291,0.439688,35.00
6.912007,torque-chirp,foot_left_joint,RS02,0.509865,0.000000,0.053430,0.0000,0.0000,0.509865,0.569008,0.455252,35.00
6.920010,torque-chirp,foot_left_joint,RS02,0.519069,0.000000,-0.335580,0.0000,0.0000,0.519069,0.888535,0.319843,35.00
6.928009,torque-chirp,foot_left_joint,RS02,0.529039,0.000000,-0.652211,0.0000,0.0000,0.529039,0.986496,0.114916,35.00
6.936009,torque-chirp,foot_left_joint,RS02,0.537092,0.000000,-0.828190,0.0000,0.0000,0.537092,0.568092,-0.113359,35.00
6.944009,torque-chirp,foot_left_joint,RS02,0.541312,0.000000,-0.825174,0.0000,0.0000,0.541312,0.100250,-0.215046,35.00
6.952008,torque-chirp,foot_left_joint,RS02,0.540162,0.000000,-0.643562,0.0000,0.0000,0.540162,-0.229343,-0.395071,35.00
6.960028,torque-chirp,foot_left_joint,RS02,0.535175,0.000000,-0.321511,0.0000,0.0000,0.535175,-0.489357,-0.451622,35.00
6.968008,torque-chirp,foot_left_joint,RS02,0.527122,0.000000,0.068800,0.0000,0.0000,0.527122,-0.802473,-0.363424,35.00
6.976007,torque-chirp,foot_left_joint,RS02,0.516001,0.000000,0.445208,0.0000,0.0000,0.516001,-0.928818,-0.197926,35.00
6.984009,torque-chirp,foot_left_joint,RS02,0.504879,0.000000,0.725198,0.0000,0.0000,0.504879,-1.018539,-0.037615,35.00
6.992004,torque-chirp,foot_left_joint,RS02,0.495675,0.000000,0.847404,0.0000,0.0000,0.495675,-0.704510,0.075487,35.00
7.000008,torque-chirp,foot_left_joint,RS02,0.491840,0.000000,0.785145,0.0000,0.0000,0.491840,-0.137789,0.171984,35.00
7.008009,torque-chirp,foot_left_joint,RS02,0.492990,0.000000,0.551581,0.0000,0.0000,0.492990,0.256809,0.362387,35.00
7.016009,torque-chirp,foot_left_joint,RS02,0.499126,0.000000,0.197539,0.0000,0.0000,0.499126,0.684368,0.424643,35.00
7.024008,torque-chirp,foot_left_joint,RS02,0.508330,0.000000,-0.199783,0.0000,0.0000,0.508330,0.888535,0.388845,35.00
7.032006,torque-chirp,foot_left_joint,RS02,0.519069,0.000000,-0.553571,0.0000,0.0000,0.519069,0.903183,0.214008,35.00
7.040009,torque-chirp,foot_left_joint,RS02,0.528656,0.000000,-0.786480,0.0000,0.0000,0.528656,0.784161,-0.011673,35.00
7.048008,torque-chirp,foot_left_joint,RS02,0.534792,0.000000,-0.847033,0.0000,0.0000,0.534792,0.266880,-0.159014,35.00
7.056005,torque-chirp,foot_left_joint,RS02,0.536709,0.000000,-0.721835,0.0000,0.0000,0.536709,-0.017853,-0.335928,35.00
7.064009,torque-chirp,foot_left_joint,RS02,0.533641,0.000000,-0.437894,0.0000,0.0000,0.533641,-0.314489,-0.440208,35.00
7.072007,torque-chirp,foot_left_joint,RS02,0.526738,0.000000,-0.057704,0.0000,0.0000,0.526738,-0.732891,-0.408560,35.00
7.080007,torque-chirp,foot_left_joint,RS02,0.517151,0.000000,0.335458,0.0000,0.0000,0.517151,-0.880295,-0.178211,35.00
7.088008,torque-chirp,foot_left_joint,RS02,0.506413,0.000000,0.654945,0.0000,0.0000,0.506413,-0.936142,-0.102465,35.00
7.096013,torque-chirp,foot_left_joint,RS02,0.496442,0.000000,0.830108,0.0000,0.0000,0.496442,-0.724651,0.039688,35.00
7.104009,torque-chirp,foot_left_joint,RS02,0.491073,0.000000,0.821994,0.0000,0.0000,0.491073,-0.180820,0.108690,35.00
7.112007,torque-chirp,foot_left_joint,RS02,0.491457,0.000000,0.632320,0.0000,0.0000,0.491457,0.243992,0.280933,35.00
7.120008,torque-chirp,foot_left_joint,RS02,0.496442,0.000000,0.302525,0.0000,0.0000,0.496442,0.584572,0.423086,35.00
7.128008,torque-chirp,foot_left_joint,RS02,0.505262,0.000000,-0.094332,0.0000,0.0000,0.505262,0.834518,0.391958,35.00
7.136006,torque-chirp,foot_left_joint,RS02,0.516001,0.000000,-0.470402,0.0000,0.0000,0.516001,0.951706,0.286640,35.00
7.144058,torque-chirp,foot_left_joint,RS02,0.527122,0.000000,-0.743660,0.0000,0.0000,0.527122,0.926987,0.066147,35.00
7.152015,torque-chirp,foot_left_joint,RS02,0.535175,0.000000,-0.849557,0.0000,0.0000,0.535175,0.533302,-0.137224,35.00
7.160009,torque-chirp,foot_left_joint,RS02,0.538243,0.000000,-0.767760,0.0000,0.0000,0.538243,0.121311,-0.306875,35.00
7.168011,torque-chirp,foot_left_joint,RS02,0.536709,0.000000,-0.514934,0.0000,0.0000,0.536709,-0.320898,-0.414785,35.00
7.176012,torque-chirp,foot_left_joint,RS02,0.531724,0.000000,-0.147232,0.0000,0.0000,0.531724,-0.543375,-0.423086,35.00
7.184010,torque-chirp,foot_left_joint,RS02,0.522903,0.000000,0.253421,0.0000,0.0000,0.522903,-0.720989,-0.294422,35.00
7.192010,torque-chirp,foot_left_joint,RS02,0.513316,0.000000,0.597701,0.0000,0.0000,0.513316,-0.689861,-0.145006,35.00
7.200103,torque-chirp,foot_left_joint,RS02,0.503729,0.000000,0.810001,0.0000,0.0000,0.503729,-0.823530,0.016342,35.00
7.208014,torque-chirp,foot_left_joint,RS02,0.497976,0.000000,0.838550,0.0000,0.0000,0.497976,-0.308996,0.150713,35.00
7.216011,torque-chirp,foot_left_joint,RS02,0.497209,0.000000,0.680742,0.0000,0.0000,0.497209,0.172581,0.301685,35.00
7.224266,torque-chirp,foot_left_joint,RS02,0.501428,0.000000,0.358511,0.0000,0.0000,0.501428,0.542458,0.431387,35.00
7.232060,torque-chirp,foot_left_joint,RS02,0.509097,0.000000,-0.026134,0.0000,0.0000,0.509097,0.773174,0.452658,35.00
7.240055,torque-chirp,foot_left_joint,RS02,0.518301,0.000000,-0.414293,0.0000,0.0000,0.518301,0.909592,0.305836,35.00
7.248031,torque-chirp,foot_left_joint,RS02,0.528272,0.000000,-0.709014,0.0000,0.0000,0.528272,0.764019,0.069262,35.00
7.256017,torque-chirp,foot_left_joint,RS02,0.535942,0.000000,-0.845235,0.0000,0.0000,0.535942,0.564430,-0.129442,35.00
7.264012,torque-chirp,foot_left_joint,RS02,0.539010,0.000000,-0.791493,0.0000,0.0000,0.539010,0.195469,-0.269520,35.00
7.272012,torque-chirp,foot_left_joint,RS02,0.537860,0.000000,-0.559171,0.0000,0.0000,0.537860,-0.265049,-0.436577,35.00
7.280009,torque-chirp,foot_left_joint,RS02,0.532491,0.000000,-0.200554,0.0000,0.0000,0.532491,-0.633097,-0.438652,35.00
7.288009,torque-chirp,foot_left_joint,RS02,0.523670,0.000000,0.203650,0.0000,0.0000,0.523670,-0.782331,-0.344229,35.00
7.296010,torque-chirp,foot_left_joint,RS02,0.513700,0.000000,0.562016,0.0000,0.0000,0.513700,-0.816206,-0.140856,35.00
7.304008,torque-chirp,foot_left_joint,RS02,0.503729,0.000000,0.793135,0.0000,0.0000,0.503729,-0.836348,0.015305,35.00
7.312008,torque-chirp,foot_left_joint,RS02,0.496825,0.000000,0.844569,0.0000,0.0000,0.496825,-0.465553,0.122179,35.00
7.320009,torque-chirp,foot_left_joint,RS02,0.495675,0.000000,0.704259,0.0000,0.0000,0.495675,0.084686,0.275227,35.00
7.328009,torque-chirp,foot_left_joint,RS02,0.499510,0.000000,0.403836,0.0000,0.0000,0.499510,0.507668,0.435019,35.00
7.336008,torque-chirp,foot_left_joint,RS02,0.506797,0.000000,0.011433,0.0000,0.0000,0.506797,0.664227,0.464071,35.00
7.344007,torque-chirp,foot_left_joint,RS02,0.516768,0.000000,-0.383780,0.0000,0.0000,0.516768,0.956284,0.363943,35.00
7.352007,torque-chirp,foot_left_joint,RS02,0.526738,0.000000,-0.691669,0.0000,0.0000,0.526738,0.941635,0.100389,35.00
7.360007,torque-chirp,foot_left_joint,RS02,0.535175,0.000000,-0.841942,0.0000,0.0000,0.535175,0.581825,-0.100908,35.00
7.368008,torque-chirp,foot_left_joint,RS02,0.539010,0.000000,-0.799937,0.0000,0.0000,0.539010,0.128635,-0.270557,35.00
7.376008,torque-chirp,foot_left_joint,RS02,0.538243,0.000000,-0.575003,0.0000,0.0000,0.538243,-0.284275,-0.420492,35.00
7.384009,torque-chirp,foot_left_joint,RS02,0.533641,0.000000,-0.218288,0.0000,0.0000,0.533641,-0.481117,-0.439690,35.00
7.392008,torque-chirp,foot_left_joint,RS02,0.525204,0.000000,0.188521,0.0000,0.0000,0.525204,-0.731060,-0.348898,35.00
7.400007,torque-chirp,foot_left_joint,RS02,0.515233,0.000000,0.552330,0.0000,0.0000,0.515233,-0.872053,-0.171467,35.00
7.408008,torque-chirp,foot_left_joint,RS02,0.505646,0.000000,0.789524,0.0000,0.0000,0.505646,-0.858320,0.021011,35.00
7.416007,torque-chirp,foot_left_joint,RS02,0.498743,0.000000,0.845354,0.0000,0.0000,0.498743,-0.417030,0.126329,35.00
7.424007,torque-chirp,foot_left_joint,RS02,0.497209,0.000000,0.706767,0.0000,0.0000,0.497209,0.028839,0.283009,35.00
7.432007,torque-chirp,foot_left_joint,RS02,0.500661,0.000000,0.405351,0.0000,0.0000,0.500661,0.478371,0.423605,35.00
7.440008,torque-chirp,foot_left_joint,RS02,0.507564,0.000000,0.010251,0.0000,0.0000,0.507564,0.806133,0.441244,35.00
7.448007,torque-chirp,foot_left_joint,RS02,0.516384,0.000000,-0.387261,0.0000,0.0000,0.516384,0.799725,0.345785,35.00
7.456006,torque-chirp,foot_left_joint,RS02,0.525971,0.000000,-0.695532,0.0000,0.0000,0.525971,0.762188,0.109209,35.00
7.464006,torque-chirp,foot_left_joint,RS02,0.533257,0.000000,-0.843192,0.0000,0.0000,0.533257,0.507668,-0.101427,35.00
7.472007,torque-chirp,foot_left_joint,RS02,0.536709,0.000000,-0.795709,0.0000,0.0000,0.536709,0.135960,-0.263813,35.00
7.480043,torque-chirp,foot_left_joint,RS02,0.535175,0.000000,-0.562443,0.0000,0.0000,0.535175,-0.308081,-0.417379,35.00
7.488014,torque-chirp,foot_left_joint,RS02,0.529806,0.000000,-0.200751,0.0000,0.0000,0.529806,-0.667889,-0.400259,35.00
7.496006,torque-chirp,foot_left_joint,RS02,0.520602,0.000000,0.208511,0.0000,0.0000,0.520602,-0.822615,-0.285084,35.00
7.504012,torque-chirp,foot_left_joint,RS02,0.509865,0.000000,0.570069,0.0000,0.0000,0.509865,-0.901352,-0.161089,35.00
7.512008,torque-chirp,foot_left_joint,RS02,0.499510,0.000000,0.798840,0.0000,0.0000,0.499510,-0.941635,-0.012192,35.00
7.520010,torque-chirp,foot_left_joint,RS02,0.492224,0.000000,0.841822,0.0000,0.0000,0.492224,-0.396887,0.087420,35.00
7.528006,torque-chirp,foot_left_joint,RS02,0.490689,0.000000,0.688662,0.0000,0.0000,0.490689,0.048981,0.251362,35.00
7.536005,torque-chirp,foot_left_joint,RS02,0.494141,0.000000,0.374758,0.0000,0.0000,0.494141,0.364845,0.380026,35.00
7.544007,torque-chirp,foot_left_joint,RS02,0.501811,0.000000,-0.026983,0.0000,0.0000,0.501811,0.777752,0.428793,35.00
7.552008,torque-chirp,foot_left_joint,RS02,0.511782,0.000000,-0.422529,0.0000,0.0000,0.511782,0.788738,0.297535,35.00
7.560007,torque-chirp,foot_left_joint,RS02,0.522520,0.000000,-0.719292,0.0000,0.0000,0.522520,0.946213,0.126848,35.00
7.568005,torque-chirp,foot_left_joint,RS02,0.530190,0.000000,-0.847730,0.0000,0.0000,0.530190,0.617535,-0.108690,35.00
7.576007,torque-chirp,foot_left_joint,RS02,0.532491,0.000000,-0.777421,0.0000,0.0000,0.532491,0.018768,-0.225422,35.00
7.584007,torque-chirp,foot_left_joint,RS02,0.529806,0.000000,-0.524573,0.0000,0.0000,0.529806,-0.457314,-0.386251,35.00
7.592006,torque-chirp,foot_left_joint,RS02,0.523670,0.000000,-0.148347,0.0000,0.0000,0.523670,-0.679790,-0.412710,35.00
7.600007,torque-chirp,foot_left_joint,RS02,0.514083,0.000000,0.262993,0.0000,0.0000,0.514083,-0.901352,-0.156420,35.00
7.608006,torque-chirp,foot_left_joint,RS02,0.502961,0.000000,0.612570,0.0000,0.0000,0.502961,-0.950790,-0.174580,35.00
7.616007,torque-chirp,foot_left_joint,RS02,0.492224,0.000000,0.817942,0.0000,0.0000,0.492224,-0.864729,-0.045397,35.00
7.624006,torque-chirp,foot_left_joint,RS02,0.485321,0.000000,0.830398,0.0000,0.0000,0.485321,-0.428017,0.116472,35.00
7.632005,torque-chirp,foot_left_joint,RS02,0.483787,0.000000,0.646774,0.0000,0.0000,0.483787,0.040741,0.307911,35.00
7.640007,torque-chirp,foot_left_joint,RS02,0.487238,0.000000,0.310125,0.0000,0.0000,0.487238,0.470131,0.346304,35.00
7.648008,torque-chirp,foot_left_joint,RS02,0.494525,0.000000,-0.100180,0.0000,0.0000,0.494525,0.691692,0.350454,35.00
7.656007,torque-chirp,foot_left_joint,RS02,0.504879,0.000000,-0.486778,0.0000,0.0000,0.504879,0.832687,0.285084,35.00
7.664007,torque-chirp,foot_left_joint,RS02,0.515233,0.000000,-0.758198,0.0000,0.0000,0.515233,0.704510,0.114916,35.00
7.672007,torque-chirp,foot_left_joint,RS02,0.522137,0.000000,-0.849771,0.0000,0.0000,0.522137,0.408791,-0.055254,35.00
7.680005,torque-chirp,foot_left_joint,RS02,0.523670,0.000000,-0.739524,0.0000,0.0000,0.523670,-0.080111,-0.269001,35.00
7.688006,torque-chirp,foot_left_joint,RS02,0.520602,0.000000,-0.453257,0.0000,0.0000,0.520602,-0.317236,-0.345785,35.00
7.696057,torque-chirp,foot_left_joint,RS02,0.512933,0.000000,-0.056345,0.0000,0.0000,0.512933,-0.784163,-0.315176,35.00
7.704054,torque-chirp,foot_left_joint,RS02,0.502578,0.000000,0.351793,0.0000,0.0000,0.502578,-0.882126,-0.245655,35.00
7.712019,torque-chirp,foot_left_joint,RS02,0.491073,0.000000,0.675250,0.0000,0.0000,0.491073,-0.981003,-0.250843,35.00
7.720015,torque-chirp,foot_left_joint,RS02,0.480335,0.000000,0.839239,0.0000,0.0000,0.480335,-0.868391,0.001297,35.00
7.728014,torque-chirp,foot_left_joint,RS02,0.474583,0.000000,0.802858,0.0000,0.0000,0.474583,-0.280613,0.208302,35.00
7.736012,torque-chirp,foot_left_joint,RS02,0.473816,0.000000,0.574448,0.0000,0.0000,0.473816,0.228428,0.349417,35.00
7.744012,torque-chirp,foot_left_joint,RS02,0.477651,0.000000,0.208293,0.0000,0.0000,0.477651,0.542458,0.412191,35.00
7.752110,torque-chirp,foot_left_joint,RS02,0.484937,0.000000,-0.212971,0.0000,0.0000,0.484937,0.673382,0.360312,35.00
7.760022,torque-chirp,foot_left_joint,RS02,0.494525,0.000000,-0.574890,0.0000,0.0000,0.494525,0.820786,0.163683,35.00
7.768010,torque-chirp,foot_left_joint,RS02,0.504112,0.000000,-0.803166,0.0000,0.0000,0.504112,0.735638,0.068224,35.00
7.776008,torque-chirp,foot_left_joint,RS02,0.510248,0.000000,-0.838890,0.0000,0.0000,0.510248,0.255894,-0.086901,35.00
7.784007,torque-chirp,foot_left_joint,RS02,0.509865,0.000000,-0.672782,0.0000,0.0000,0.509865,-0.166170,-0.249287,35.00
7.792007,torque-chirp,foot_left_joint,RS02,0.505262,0.000000,-0.344477,0.0000,0.0000,0.505262,-0.601969,-0.424643,35.00
7.800008,torque-chirp,foot_left_joint,RS02,0.496442,0.000000,0.067085,0.0000,0.0000,0.496442,-0.977341,-0.336447,35.00
7.808008,torque-chirp,foot_left_joint,RS02,0.485321,0.000000,0.462635,0.0000,0.0000,0.485321,-1.052414,-0.338003,35.00
7.816008,torque-chirp,foot_left_joint,RS02,0.474199,0.000000,0.746554,0.0000,0.0000,0.474199,-0.933395,-0.099352,35.00
7.824007,torque-chirp,foot_left_joint,RS02,0.465379,0.000000,0.849999,0.0000,0.0000,0.465379,-0.513161,0.081713,35.00
7.832008,torque-chirp,foot_left_joint,RS02,0.461927,0.000000,0.747679,0.0000,0.0000,0.461927,-0.063631,0.304279,35.00
7.840009,torque-chirp,foot_left_joint,RS02,0.463845,0.000000,0.464049,0.0000,0.0000,0.463845,0.318150,0.401297,35.00
7.848007,torque-chirp,foot_left_joint,RS02,0.469213,0.000000,0.067835,0.0000,0.0000,0.469213,0.615704,0.406485,35.00
7.856009,torque-chirp,foot_left_joint,RS02,0.477651,0.000000,-0.345284,0.0000,0.0000,0.477651,0.834518,0.309986,35.00
7.864012,torque-chirp,foot_left_joint,RS02,0.486855,0.000000,-0.674570,0.0000,0.0000,0.486855,0.882126,0.166796,35.00
7.872019,torque-chirp,foot_left_joint,RS02,0.494908,0.000000,-0.839787,0.0000,0.0000,0.494908,0.575417,-0.026199,35.00
7.880014,torque-chirp,foot_left_joint,RS02,0.499893,0.000000,-0.800393,0.0000,0.0000,0.499893,0.291599,-0.189625,35.00
7.888010,torque-chirp,foot_left_joint,RS02,0.499126,0.000000,-0.566025,0.0000,0.0000,0.499126,-0.217442,-0.357199,35.00
7.896009,torque-chirp,foot_left_joint,RS02,0.494525,0.000000,-0.193349,0.0000,0.0000,0.494525,-0.590982,-0.474449,35.00
7.904008,torque-chirp,foot_left_joint,RS02,0.486471,0.000000,0.226649,0.0000,0.0000,0.486471,-0.711834,-0.400259,35.00
7.912008,torque-chirp,foot_left_joint,RS02,0.476884,0.000000,0.591549,0.0000,0.0000,0.476884,-0.771345,-0.233204,35.00
7.920007,torque-chirp,foot_left_joint,RS02,0.468063,0.000000,0.811752,0.0000,0.0000,0.468063,-0.618448,0.003891,35.00
7.928008,torque-chirp,foot_left_joint,RS02,0.463845,0.000000,0.833196,0.0000,0.0000,0.463845,-0.122225,0.178728,35.00
7.936008,torque-chirp,foot_left_joint,RS02,0.463845,0.000000,0.650250,0.0000,0.0000,0.463845,0.140537,0.335409,35.00
7.944009,torque-chirp,foot_left_joint,RS02,0.468447,0.000000,0.307593,0.0000,0.0000,0.468447,0.588238,0.402334,35.00
7.952011,torque-chirp,foot_left_joint,RS02,0.476884,0.000000,-0.110907,0.0000,0.0000,0.476884,0.849167,0.403891,35.00
7.960009,torque-chirp,foot_left_joint,RS02,0.486855,0.000000,-0.502153,0.0000,0.0000,0.486855,0.921494,0.215046,35.00
7.968008,torque-chirp,foot_left_joint,RS02,0.497593,0.000000,-0.770028,0.0000,0.0000,0.497593,0.899521,0.069780,35.00
7.976006,torque-chirp,foot_left_joint,RS02,0.506413,0.000000,-0.848240,0.0000,0.0000,0.506413,0.601055,-0.090532,35.00
7.984029,torque-chirp,foot_left_joint,RS02,0.509480,0.000000,-0.716606,0.0000,0.0000,0.509480,0.028839,-0.180286,35.00
7.992052,torque-chirp,foot_left_joint,RS02,0.506797,0.000000,-0.406965,0.0000,0.0000,0.506797,-0.376745,-0.420492,35.00
