t_s,maneuver,joint,model,cmd_pos,cmd_vel,cmd_tau,cmd_kp,cmd_kd,fb_pos,fb_vel,fb_tau,fb_temp
0.000001,torque-chirp,foot_right_joint,RS02,-7.701660,0.000000,0.000009,0.0000,0.0000,-7.701660,0.004120,-0.000259,33.00
0.008045,torque-chirp,foot_right_joint,RS02,-7.702044,0.000000,0.129453,0.0000,0.0000,-7.702044,0.070953,0.002335,33.00
0.016008,torque-chirp,foot_right_joint,RS02,-7.702044,0.000000,0.258636,0.0000,0.0000,-7.702044,-0.074617,-0.008041,33.00
0.023999,torque-chirp,foot_right_joint,RS02,-7.701660,0.000000,0.389213,0.0000,0.0000,-7.701660,0.053558,0.076525,33.00
0.031997,torque-chirp,foot_right_joint,RS02,-7.701277,0.000000,0.520767,0.0000,0.0000,-7.701277,0.107574,0.183916,33.00
0.039996,torque-chirp,foot_right_joint,RS02,-7.700510,0.000000,0.653112,0.0000,0.0000,-7.700510,0.092010,0.280415,33.00
0.047995,torque-chirp,foot_right_joint,RS02,-7.698592,0.000000,0.786140,0.0000,0.0000,-7.698592,0.298008,0.371725,33.00
0.055993,torque-chirp,foot_right_joint,RS02,-7.693990,0.000000,0.919704,0.0000,0.0000,-7.693990,0.486610,0.391958,33.00
0.063993,torque-chirp,foot_right_joint,RS02,-7.685169,0.000000,1.053753,0.0000,0.0000,-7.685169,0.837265,0.340078,33.00
0.071994,torque-chirp,foot_right_joint,RS02,-7.672898,0.000000,1.188147,0.0000,0.0000,-7.672898,1.188829,0.315174,33.00
0.079994,torque-chirp,foot_right_joint,RS02,-7.656790,0.000000,1.322760,0.0000,0.0000,-7.656790,1.434195,0.408041,33.00
0.087994,torque-chirp,foot_right_joint,RS02,-7.637999,0.000000,1.457475,0.0000,0.0000,-7.637999,1.715265,0.407522,33.00
0.095994,torque-chirp,foot_right_joint,RS02,-7.615372,0.000000,1.592159,0.0000,0.0000,-7.615372,2.069580,0.369131,33.00
0.103997,torque-chirp,foot_right_joint,RS02,-7.587760,0.000000,1.726742,0.0000,0.0000,-7.587760,2.487984,0.463552,33.00
0.111998,torque-chirp,foot_right_joint,RS02,-7.555930,0.000000,1.860990,0.0000,0.0000,-7.555930,2.938431,0.484306,33.00
0.119994,torque-chirp,foot_right_joint,RS02,-7.518730,0.000000,1.994719,0.0000,0.0000,-7.518730,3.373310,0.520103,33.00
0.127993,torque-chirp,foot_right_joint,RS02,-7.476161,0.000000,2.127941,0.0000,0.0000,-7.476161,3.858547,0.563164,33.00
0.135993,torque-chirp,foot_right_joint,RS02,-7.427073,0.000000,2.260438,0.0000,0.0000,-7.427073,4.467384,0.591179,33.00
0.143994,torque-chirp,foot_right_joint,RS02,-7.370315,0.000000,2.392079,0.0000,0.0000,-7.370315,5.071644,0.597404,33.00
0.151993,torque-chirp,foot_right_joint,RS02,-7.307037,0.000000,2.522642,0.0000,0.0000,-7.307037,5.726250,0.667444,33.00
0.159993,torque-chirp,foot_right_joint,RS02,-7.235706,0.000000,2.652049,0.0000,0.0000,-7.235706,6.299381,0.698572,33.00
0.167994,torque-chirp,foot_right_joint,RS02,-7.155938,0.000000,2.780113,0.0000,0.0000,-7.155938,7.016251,0.684046,33.00
0.175993,torque-chirp,foot_right_joint,RS02,-7.067733,0.000000,2.906624,0.0000,0.0000,-7.067733,7.837490,0.795071,33.00
0.183994,torque-chirp,foot_right_joint,RS02,-6.969556,0.000000,3.031484,0.0000,0.0000,-6.969556,8.811630,0.775875,33.00
0.191995,torque-chirp,foot_right_joint,RS02,-6.861793,0.000000,3.154467,0.0000,0.0000,-6.861793,9.628288,0.810116,33.00
0.199993,torque-chirp,foot_right_joint,RS02,-6.744058,0.000000,3.275389,0.0000,0.0000,-6.744058,10.345158,0.819454,33.00
0.207993,torque-chirp,foot_right_joint,RS02,-6.615585,0.000000,3.394110,0.0000,0.0000,-6.615585,11.353168,0.920622,33.00
0.215993,torque-chirp,foot_right_joint,RS02,-6.475991,0.000000,3.510438,0.0000,0.0000,-6.475991,12.335548,0.943449,33.00
0.223994,torque-chirp,foot_right_joint,RS02,-6.324892,0.000000,3.624200,0.0000,0.0000,-6.324892,13.281300,0.955900,33.00
0.231994,torque-chirp,foot_right_joint,RS02,-6.162287,0.000000,3.735190,0.0000,0.0000,-6.162287,14.355228,1.004669,33.00
0.239995,torque-chirp,foot_right_joint,RS02,-5.987027,0.000000,3.843252,0.0000,0.0000,-5.987027,15.438316,0.995329,33.00
0.247995,torque-chirp,foot_right_joint,RS02,-5.799111,0.000000,3.948156,0.0000,0.0000,-5.799111,16.502174,1.111542,33.00
0.255993,torque-chirp,foot_right_joint,RS02,-5.598156,0.000000,4.049704,0.0000,0.0000,-5.598156,17.633781,1.109467,33.00
0.263993,torque-chirp,foot_right_joint,RS02,-5.383780,0.000000,4.147756,0.0000,0.0000,-5.383780,18.693066,1.208042,33.00
0.271993,torque-chirp,foot_right_joint,RS02,-5.155213,0.000000,4.242111,0.0000,0.0000,-5.155213,20.005951,1.189365,33.00
0.279993,torque-chirp,foot_right_joint,RS02,-4.912457,0.000000,4.332570,0.0000,0.0000,-4.912457,21.209885,1.360571,33.00
0.287994,torque-chirp,foot_right_joint,RS02,-4.655511,0.000000,4.418958,0.0000,0.0000,-4.655511,22.338749,1.072113,33.00
0.295994,torque-chirp,foot_right_joint,RS02,-4.383225,0.000000,4.501048,0.0000,0.0000,-4.383225,23.830170,1.425941,33.00
0.303993,torque-chirp,foot_right_joint,RS02,-4.095983,0.000000,4.578670,0.0000,0.0000,-4.095983,25.075302,1.381842,33.00
0.311994,torque-chirp,foot_right_joint,RS02,-3.794168,0.000000,4.651657,0.0000,0.0000,-3.794168,26.252689,0.383657,33.00
0.319992,torque-chirp,foot_right_joint,RS02,-3.481614,0.000000,4.719775,0.0000,0.0000,-3.481614,26.846878,0.565239,33.00
0.327994,torque-chirp,foot_right_joint,RS02,-3.163692,0.000000,4.782902,0.0000,0.0000,-3.163692,27.391624,0.610376,33.00
0.335992,torque-chirp,foot_right_joint,RS02,-2.841934,0.000000,4.840807,0.0000,0.0000,-2.841934,27.616848,0.669001,33.00
0.343994,torque-chirp,foot_right_joint,RS02,-2.518259,0.000000,4.893347,0.0000,0.0000,-2.518259,27.753262,0.107134,33.00
0.351993,torque-chirp,foot_right_joint,RS02,-2.193051,0.000000,4.940321,0.0000,0.0000,-2.193051,27.853058,0.039688,33.00
0.359994,torque-chirp,foot_right_joint,RS02,-1.865925,0.000000,4.981579,0.0000,0.0000,-1.865925,27.955597,-0.161608,33.00
0.367994,torque-chirp,foot_right_joint,RS02,-1.538031,0.000000,5.016943,0.0000,0.0000,-1.538031,27.988556,0.255512,33.00
0.375992,torque-chirp,foot_right_joint,RS02,-1.209371,0.000000,5.046251,0.0000,0.0000,-1.209371,27.911652,0.645655,33.00
0.383992,torque-chirp,foot_right_joint,RS02,-0.880711,0.000000,5.069359,0.0000,0.0000,-0.880711,28.101166,0.123735,33.00
0.391994,torque-chirp,foot_right_joint,RS02,-0.551666,0.000000,5.086116,0.0000,0.0000,-0.551666,28.185394,-0.602076,33.00
0.399993,torque-chirp,foot_right_joint,RS02,-0.222239,0.000000,5.096371,0.0000,0.0000,-0.222239,28.076447,-0.172504,33.00
0.407993,torque-chirp,foot_right_joint,RS02,0.107572,0.000000,5.099995,0.0000,0.0000,0.107572,28.093842,0.147600,33.00
0.415994,torque-chirp,foot_right_joint,RS02,0.437766,0.000000,5.096859,0.0000,0.0000,0.437766,28.188141,0.308430,33.00
0.423994,torque-chirp,foot_right_joint,RS02,0.767577,0.000000,5.086844,0.0000,0.0000,0.767577,28.153351,0.380026,33.00
0.431990,torque-chirp,foot_right_joint,RS02,1.097772,0.000000,5.069851,0.0000,0.0000,1.097772,28.222015,0.128923,33.00
0.439994,torque-chirp,foot_right_joint,RS02,1.427967,0.000000,5.045746,0.0000,0.0000,1.427967,28.254063,-0.606745,33.00
0.447992,torque-chirp,foot_right_joint,RS02,1.758544,0.000000,5.014476,0.0000,0.0000,1.758544,28.153351,-0.499870,33.00
0.455993,torque-chirp,foot_right_joint,RS02,2.089505,0.000000,4.975935,0.0000,0.0000,2.089505,28.127716,0.574577,33.00
0.464017,torque-chirp,foot_right_joint,RS02,2.420467,0.000000,4.929914,0.0000,0.0000,2.420467,28.233917,0.500908,33.00
0.471995,torque-chirp,foot_right_joint,RS02,2.751429,0.000000,4.876782,0.0000,0.0000,2.751429,28.211945,0.264332,33.00
0.479994,torque-chirp,foot_right_joint,RS02,3.082389,0.000000,4.816090,0.0000,0.0000,3.082389,28.208282,-0.146563,33.00
0.487997,torque-chirp,foot_right_joint,RS02,3.413735,0.000000,4.747888,0.0000,0.0000,3.413735,28.124054,-0.100389,33.00
0.495994,torque-chirp,foot_right_joint,RS02,3.744313,0.000000,4.672242,0.0000,0.0000,3.744313,28.091095,-0.423605,33.00
0.503994,torque-chirp,foot_right_joint,RS02,4.076041,0.000000,4.589073,0.0000,0.0000,4.076041,28.146942,-0.035540,33.00
0.511994,torque-chirp,foot_right_joint,RS02,4.407002,0.000000,4.498408,0.0000,0.0000,4.407002,28.201874,0.699610,33.00
0.519994,torque-chirp,foot_right_joint,RS02,4.737964,0.000000,4.400260,0.0000,0.0000,4.737964,28.247654,-0.014267,33.00
0.527993,torque-chirp,foot_right_joint,RS02,5.068925,0.000000,4.294699,0.0000,0.0000,5.068925,28.233917,-0.744747,33.00
0.535993,torque-chirp,foot_right_joint,RS02,5.400270,0.000000,4.181737,0.0000,0.0000,5.400270,28.189056,-0.108171,33.00
0.544111,torque-chirp,foot_right_joint,RS02,5.731614,0.000000,4.059628,0.0000,0.0000,5.731614,28.201874,0.260700,33.00
0.552003,torque-chirp,foot_right_joint,RS02,6.063344,0.000000,3.933786,0.0000,0.0000,6.063344,28.148773,0.309467,33.00
0.559997,torque-chirp,foot_right_joint,RS02,6.394689,0.000000,3.799220,0.0000,0.0000,6.394689,28.205536,0.064590,33.00
0.567995,torque-chirp,foot_right_joint,RS02,6.725650,0.000000,3.657588,0.0000,0.0000,6.725650,28.246738,-0.065111,33.00
0.575994,torque-chirp,foot_right_joint,RS02,7.056994,0.000000,3.509045,0.0000,0.0000,7.056994,28.194550,-0.071856,33.00
0.583996,torque-chirp,foot_right_joint,RS02,7.388722,0.000000,3.353739,0.0000,0.0000,7.388722,28.209198,-0.656549,33.00
0.591994,torque-chirp,foot_right_joint,RS02,7.720069,0.000000,3.191922,0.0000,0.0000,7.720069,28.263218,-0.132555,33.00
0.599995,torque-chirp,foot_right_joint,RS02,8.051414,0.000000,3.023679,0.0000,0.0000,8.051414,28.155182,0.577690,33.00
0.607993,torque-chirp,foot_right_joint,RS02,8.382758,0.000000,2.849330,0.0000,0.0000,8.382758,28.185394,0.229572,33.00
0.615993,torque-chirp,foot_right_joint,RS02,8.714103,0.000000,2.668983,0.0000,0.0000,8.714103,28.313572,-0.586512,33.00
0.623994,torque-chirp,foot_right_joint,RS02,9.045447,0.000000,2.482919,0.0000,0.0000,9.045447,28.238495,-0.139299,33.00
0.631994,torque-chirp,foot_right_joint,RS02,9.376410,0.000000,2.291435,0.0000,0.0000,9.376410,28.144196,0.204151,33.00
0.639992,torque-chirp,foot_right_joint,RS02,9.708138,0.000000,2.094830,0.0000,0.0000,9.708138,28.206451,0.069262,33.00
0.647996,torque-chirp,foot_right_joint,RS02,10.039481,0.000000,1.893221,0.0000,0.0000,10.039481,28.322727,0.114916,33.00
0.655998,torque-chirp,foot_right_joint,RS02,10.370444,0.000000,1.687091,0.0000,0.0000,10.370444,28.221100,0.215565,33.00
0.663994,torque-chirp,foot_right_joint,RS02,10.702172,0.000000,1.476874,0.0000,0.0000,10.702172,28.288853,-0.221790,33.00
0.671993,torque-chirp,foot_right_joint,RS02,11.033517,0.000000,1.262748,0.0000,0.0000,11.033517,28.248569,-0.525291,33.00
0.679994,torque-chirp,foot_right_joint,RS02,11.364478,0.000000,1.045037,0.0000,0.0000,11.364478,28.212860,0.049026,33.00
0.687994,torque-chirp,foot_right_joint,RS02,11.695823,0.000000,0.824250,0.0000,0.0000,11.695823,28.257725,0.440725,33.00
0.695997,torque-chirp,foot_right_joint,RS02,12.027169,0.000000,0.600671,0.0000,0.0000,12.027169,28.268711,0.023087,33.00
0.703998,torque-chirp,foot_right_joint,RS02,12.358130,0.000000,0.374808,0.0000,0.0000,12.358130,28.190887,-0.393515,33.00
0.711996,torque-chirp,foot_right_joint,RS02,-12.434446,0.000000,0.147197,0.0000,0.0000,-12.434446,28.361179,0.063553,33.00
0.719994,torque-chirp,foot_right_joint,RS02,-12.105786,0.000000,-0.081859,0.0000,0.0000,-12.105786,28.211029,0.102983,33.00
0.727995,torque-chirp,foot_right_joint,RS02,-11.772907,0.000000,-0.311943,0.0000,0.0000,-11.772907,28.205536,-0.099871,33.00
0.735994,torque-chirp,foot_right_joint,RS02,-11.444247,0.000000,-0.542466,0.0000,0.0000,-11.444247,28.281528,0.176134,33.00
0.743995,torque-chirp,foot_right_joint,RS02,-11.113668,0.000000,-0.773061,0.0000,0.0000,-11.113668,28.157928,0.190142,33.00
0.751993,torque-chirp,foot_right_joint,RS02,-10.782707,0.000000,-1.003030,0.0000,0.0000,-10.782707,28.235748,0.086382,33.00
0.759993,torque-chirp,foot_right_joint,RS02,-10.451363,0.000000,-1.232095,0.0000,0.0000,-10.451363,28.279697,-0.067705,33.00
0.767992,torque-chirp,foot_right_joint,RS02,-10.117717,0.000000,-1.459553,0.0000,0.0000,-10.117717,28.264133,0.292347,33.00
0.775993,torque-chirp,foot_right_joint,RS02,-9.787906,0.000000,-1.685036,0.0000,0.0000,-9.787906,28.328220,0.215565,33.00
0.783993,torque-chirp,foot_right_joint,RS02,-9.453876,0.000000,-1.907898,0.0000,0.0000,-9.453876,28.251316,-0.295460,33.00
0.791995,torque-chirp,foot_right_joint,RS02,-9.124449,0.000000,-2.127670,0.0000,0.0000,-9.124449,27.918976,-0.614008,33.00
0.799993,torque-chirp,foot_right_joint,RS02,-8.800775,0.000000,-2.343664,0.0000,0.0000,-8.800775,27.624172,0.005447,33.00
0.807994,torque-chirp,foot_right_joint,RS02,-8.480167,0.000000,-2.555504,0.0000,0.0000,-8.480167,27.076679,0.005966,33.00
0.815994,torque-chirp,foot_right_joint,RS02,-8.164929,0.000000,-2.762538,0.0000,0.0000,-8.164929,26.417488,-0.086382,33.00
0.823993,torque-chirp,foot_right_joint,RS02,-7.863114,0.000000,-2.964206,0.0000,0.0000,-7.863114,25.555962,-0.367575,33.00
0.831994,torque-chirp,foot_right_joint,RS02,-7.568585,0.000000,-3.160041,0.0000,0.0000,-7.568585,24.635841,-0.433464,33.00
0.839995,torque-chirp,foot_right_joint,RS02,-7.288246,0.000000,-3.349440,0.0000,0.0000,-7.288246,23.357750,-0.345266,33.00
0.847993,torque-chirp,foot_right_joint,RS02,-7.024014,0.000000,-3.531777,0.0000,0.0000,-7.024014,22.213322,-0.679895,33.00
0.855993,torque-chirp,foot_right_joint,RS02,-6.772054,0.000000,-3.706661,0.0000,0.0000,-6.772054,20.800640,-0.646692,33.00
0.863994,torque-chirp,foot_right_joint,RS02,-6.538501,0.000000,-3.873495,0.0000,0.0000,-6.538501,19.259785,-0.591181,33.00
0.871994,torque-chirp,foot_right_joint,RS02,-6.322590,0.000000,-4.031743,0.0000,0.0000,-6.322590,17.772030,-0.820492,33.00
0.879992,torque-chirp,foot_right_joint,RS02,-6.123937,0.000000,-4.180886,0.0000,0.0000,-6.123937,16.219273,-0.780544,33.00
0.887994,torque-chirp,foot_right_joint,RS02,-5.944458,0.000000,-4.320494,0.0000,0.0000,-5.944458,14.687572,-0.882231,33.00
0.895993,torque-chirp,foot_right_joint,RS02,-5.781854,0.000000,-4.450004,0.0000,0.0000,-5.781854,13.051498,-0.805447,33.00
0.903993,torque-chirp,foot_right_joint,RS02,-5.638424,0.000000,-4.568990,0.0000,0.0000,-5.638424,11.502403,-0.795071,33.00
0.911992,torque-chirp,foot_right_joint,RS02,-5.514937,0.000000,-4.676999,0.0000,0.0000,-5.514937,9.871822,-0.894682,33.00
0.919992,torque-chirp,foot_right_joint,RS02,-5.409858,0.000000,-4.773616,0.0000,0.0000,-5.409858,8.285191,-0.883787,33.00
0.927994,torque-chirp,foot_right_joint,RS02,-5.323953,0.000000,-4.858440,0.0000,0.0000,-5.323953,6.632637,-0.944487,33.00
0.935996,torque-chirp,foot_right_joint,RS02,-5.258758,0.000000,-4.931077,0.0000,0.0000,-5.258758,4.916000,-0.970428,33.00
0.943994,torque-chirp,foot_right_joint,RS02,-5.212738,0.000000,-4.991135,0.0000,0.0000,-5.212738,3.196613,-0.960051,33.00
0.951992,torque-chirp,foot_right_joint,RS02,-5.187811,0.000000,-5.038336,0.0000,0.0000,-5.187811,1.233690,-1.622049,33.00
0.959994,torque-chirp,foot_right_joint,RS02,-5.190112,0.000000,-5.072397,0.0000,0.0000,-5.190112,-0.943466,-1.253178,33.00
0.967997,torque-chirp,foot_right_joint,RS02,-5.213121,0.000000,-5.093030,0.0000,0.0000,-5.213121,-2.679333,-1.166018,33.00
0.975992,torque-chirp,foot_right_joint,RS02,-5.254540,0.000000,-5.100000,0.0000,0.0000,-5.254540,-4.279699,-1.270817,33.00
0.983994,torque-chirp,foot_right_joint,RS02,-5.314366,0.000000,-5.093126,0.0000,0.0000,-5.314366,-5.712521,-1.302983,33.00
0.991993,torque-chirp,foot_right_joint,RS02,-5.392984,0.000000,-5.072251,0.0000,0.0000,-5.392984,-7.395285,-1.272373,33.00
0.999995,torque-chirp,foot_right_joint,RS02,-5.490009,0.000000,-5.037237,0.0000,0.0000,-5.490009,-8.865644,-1.292606,33.00
1.007994,torque-chirp,foot_right_joint,RS02,-5.604676,0.000000,-4.988036,0.0000,0.0000,-5.604676,-10.482489,-1.282230,33.00
1.015995,torque-chirp,foot_right_joint,RS02,-5.737368,0.000000,-4.924574,0.0000,0.0000,-5.737368,-12.005951,-1.251621,33.00
1.023993,torque-chirp,foot_right_joint,RS02,-5.888083,0.000000,-4.846906,0.0000,0.0000,-5.888083,-13.473564,-1.332036,33.00
1.031995,torque-chirp,foot_right_joint,RS02,-6.055673,0.000000,-4.755000,0.0000,0.0000,-6.055673,-14.822155,-1.301946,33.00
1.039994,torque-chirp,foot_right_joint,RS02,-6.240521,0.000000,-4.649032,0.0000,0.0000,-6.240521,-16.336462,-1.351750,33.00
1.047993,torque-chirp,foot_right_joint,RS02,-6.442242,0.000000,-4.529107,0.0000,0.0000,-6.442242,-17.804989,-1.221011,33.00
1.055994,torque-chirp,foot_right_joint,RS02,-6.660838,0.000000,-4.395392,0.0000,0.0000,-6.660838,-19.148090,-1.464332,33.00
1.063994,torque-chirp,foot_right_joint,RS02,-6.895157,0.000000,-4.248142,0.0000,0.0000,-6.895157,-20.567177,-1.172244,33.00
1.071993,torque-chirp,foot_right_joint,RS02,-7.145200,0.000000,-4.087655,0.0000,0.0000,-7.145200,-21.844358,-1.378210,33.00
1.080067,torque-chirp,foot_right_joint,RS02,-7.411350,0.000000,-3.912547,0.0000,0.0000,-7.411350,-23.236897,-1.296239,33.00
1.088001,torque-chirp,foot_right_joint,RS02,-7.692072,0.000000,-3.728021,0.0000,0.0000,-7.692072,-24.552528,-1.086122,33.00
1.095995,torque-chirp,foot_right_joint,RS02,-7.986985,0.000000,-3.530032,0.0000,0.0000,-7.986985,-25.705196,-1.134371,33.00
1.103993,torque-chirp,foot_right_joint,RS02,-8.295320,0.000000,-3.320298,0.0000,0.0000,-8.295320,-26.643625,-0.673151,33.00
1.111994,torque-chirp,foot_right_joint,RS02,-8.611708,0.000000,-3.099348,0.0000,0.0000,-8.611708,-27.116961,-0.496758,33.00
1.119993,torque-chirp,foot_right_joint,RS02,-8.932315,0.000000,-2.867903,0.0000,0.0000,-8.932315,-27.412680,-0.029312,33.00
1.127995,torque-chirp,foot_right_joint,RS02,-9.255606,0.000000,-2.626384,0.0000,0.0000,-9.255606,-27.679104,-0.263294,33.00
1.135992,torque-chirp,foot_right_joint,RS02,-9.580432,0.000000,-2.375735,0.0000,0.0000,-9.580432,-27.749599,-0.350454,33.00
1.143994,torque-chirp,foot_right_joint,RS02,-9.906791,0.000000,-2.116362,0.0000,0.0000,-9.906791,-28.037079,-0.039690,33.00
1.151993,torque-chirp,foot_right_joint,RS02,-10.233534,0.000000,-1.849220,0.0000,0.0000,-10.233534,-27.873198,-0.145006,33.00
1.159994,torque-chirp,foot_right_joint,RS02,-10.561428,0.000000,-1.574983,0.0000,0.0000,-10.561428,-28.023346,0.152269,33.00
1.167992,torque-chirp,foot_right_joint,RS02,-10.890088,0.000000,-1.294592,0.0000,0.0000,-10.890088,-28.084688,0.038132,33.00
1.175995,torque-chirp,foot_right_joint,RS02,-11.218748,0.000000,-1.008683,0.0000,0.0000,-11.218748,-28.053558,-0.452660,33.00
1.183994,torque-chirp,foot_right_joint,RS02,-11.548176,0.000000,-0.718471,0.0000,0.0000,-11.548176,-28.062714,-0.000259,33.00
1.191997,torque-chirp,foot_right_joint,RS02,-11.877604,0.000000,-0.424600,0.0000,0.0000,-11.877604,-28.033417,0.340078,33.00
1.199996,torque-chirp,foot_right_joint,RS02,-12.207414,0.000000,-0.128293,0.0000,0.0000,-12.207414,-28.054474,-0.163683,33.00
1.207996,torque-chirp,foot_right_joint,RS02,-12.537225,0.000000,0.169566,0.0000,0.0000,-12.537225,-28.190891,-0.120104,33.00
1.215995,torque-chirp,foot_right_joint,RS02,12.258420,0.000000,0.467965,0.0000,0.0000,12.258420,-28.157930,-0.151232,33.00
1.223998,torque-chirp,foot_right_joint,RS02,11.927840,0.000000,0.766021,0.0000,0.0000,11.927840,-28.200962,-0.238911,33.00
1.231996,torque-chirp,foot_right_joint,RS02,11.597264,0.000000,1.062352,0.0000,0.0000,11.597264,-28.168917,-0.015823,33.00
1.239995,torque-chirp,foot_right_joint,RS02,11.266686,0.000000,1.356060,0.0000,0.0000,11.266686,-28.206455,0.349417,33.00
1.247995,torque-chirp,foot_right_joint,RS02,10.934957,0.000000,1.646161,0.0000,0.0000,10.934957,-28.266880,0.286640,33.00
1.255994,torque-chirp,foot_right_joint,RS02,10.603229,0.000000,1.931392,0.0000,0.0000,10.603229,-28.262302,-0.373281,33.00
1.267988,torque-chirp,foot_right_joint,RS02,10.106595,0.000000,2.347751,0.0000,0.0000,10.106595,-28.028839,0.630091,33.00
1.275993,torque-chirp,foot_right_joint,RS02,9.779853,0.000000,2.616504,0.0000,0.0000,9.779853,-27.737698,0.384176,33.00
1.283992,torque-chirp,foot_right_joint,RS02,9.457328,0.000000,2.876455,0.0000,0.0000,9.457328,-27.242390,-0.080675,33.00
1.291994,torque-chirp,foot_right_joint,RS02,9.142474,0.000000,3.126848,0.0000,0.0000,9.142474,-26.593271,0.245136,33.00
1.299992,torque-chirp,foot_right_joint,RS02,8.837590,0.000000,3.366458,0.0000,0.0000,8.837590,-25.679562,0.586510,33.00
1.307994,torque-chirp,foot_right_joint,RS02,8.543828,0.000000,3.594457,0.0000,0.0000,8.543828,-24.539711,0.476006,33.00
1.315993,torque-chirp,foot_right_joint,RS02,8.265023,0.000000,3.809661,0.0000,0.0000,8.265023,-23.216755,0.358236,33.00
1.323994,torque-chirp,foot_right_joint,RS02,8.001174,0.000000,4.011291,0.0000,0.0000,8.001174,-21.710690,0.872374,33.00
1.331992,torque-chirp,foot_right_joint,RS02,7.758035,0.000000,4.198228,0.0000,0.0000,7.758035,-20.201878,0.656031,33.00
1.339993,torque-chirp,foot_right_joint,RS02,7.532537,0.000000,4.369768,0.0000,0.0000,7.532537,-18.637217,0.794033,33.00
1.347993,torque-chirp,foot_right_joint,RS02,7.326980,0.000000,4.525000,0.0000,0.0000,7.326980,-16.863813,0.871855,33.00
1.355994,torque-chirp,foot_right_joint,RS02,7.141366,0.000000,4.663140,0.0000,0.0000,7.141366,-15.110552,0.801296,33.00
1.363994,torque-chirp,foot_right_joint,RS02,6.976075,0.000000,4.783428,0.0000,0.0000,6.976075,-13.382925,0.846432,33.00
1.371994,torque-chirp,foot_right_joint,RS02,6.831496,0.000000,4.885230,0.0000,0.0000,6.831496,-11.506981,0.979765,33.00
1.379992,torque-chirp,foot_right_joint,RS02,6.706859,0.000000,4.967920,0.0000,0.0000,6.706859,-9.930420,0.957457,33.00
1.387995,torque-chirp,foot_right_joint,RS02,6.602162,0.000000,5.031014,0.0000,0.0000,6.602162,-8.092012,0.952787,33.00
1.395993,torque-chirp,foot_right_joint,RS02,6.519710,0.000000,5.073977,0.0000,0.0000,6.519710,-6.432137,1.035797,33.00
1.403995,torque-chirp,foot_right_joint,RS02,6.457200,0.000000,5.096470,0.0000,0.0000,6.457200,-4.573587,1.022827,33.00
1.411993,torque-chirp,foot_right_joint,RS02,6.415013,0.000000,5.098165,0.0000,0.0000,6.415013,-2.960402,0.997406,33.00
1.420063,torque-chirp,foot_right_joint,RS02,6.395455,0.000000,5.078582,0.0000,0.0000,6.395455,-0.491188,1.983658,33.00
1.428025,torque-chirp,foot_right_joint,RS02,6.405042,0.000000,5.038173,0.0000,0.0000,6.405042,1.577021,1.205448,33.00
1.436005,torque-chirp,foot_right_joint,RS02,6.433423,0.000000,4.976591,0.0000,0.0000,6.433423,3.062027,1.234501,33.00
1.443994,torque-chirp,foot_right_joint,RS02,6.480208,0.000000,4.893868,0.0000,0.0000,6.480208,4.541542,1.293127,33.00
1.451991,torque-chirp,foot_right_joint,RS02,6.544255,0.000000,4.790059,0.0000,0.0000,6.544255,6.132751,1.223606,33.00
1.459991,torque-chirp,foot_right_joint,RS02,6.626323,0.000000,4.665419,0.0000,0.0000,6.626323,7.589378,1.322180,33.00
1.467991,torque-chirp,foot_right_joint,RS02,6.726418,0.000000,4.520326,0.0000,0.0000,6.726418,9.110096,1.218937,33.00
1.475990,torque-chirp,foot_right_joint,RS02,6.843768,0.000000,4.355232,0.0000,0.0000,6.843768,10.536507,1.135410,33.00
1.483993,torque-chirp,foot_right_joint,RS02,6.976459,0.000000,4.170525,0.0000,0.0000,6.976459,11.743191,1.126587,33.00
1.491991,torque-chirp,foot_right_joint,RS02,7.123725,0.000000,3.967035,0.0000,0.0000,7.123725,13.147629,1.241245,33.00
1.499989,torque-chirp,foot_right_joint,RS02,7.287478,0.000000,3.745358,0.0000,0.0000,7.287478,14.389103,1.186253,33.00
1.507990,torque-chirp,foot_right_joint,RS02,7.465806,0.000000,3.506252,0.0000,0.0000,7.465806,15.566490,1.126587,33.00
1.515991,torque-chirp,foot_right_joint,RS02,7.656024,0.000000,3.250643,0.0000,0.0000,7.656024,16.785995,1.136967,33.00
1.523988,torque-chirp,foot_right_joint,RS02,7.860045,0.000000,2.979711,0.0000,0.0000,7.860045,17.824215,0.990141,33.00
1.531991,torque-chirp,foot_right_joint,RS02,8.077491,0.000000,2.694213,0.0000,0.0000,8.077491,18.830395,1.055511,33.00
1.539991,torque-chirp,foot_right_joint,RS02,8.305291,0.000000,2.395576,0.0000,0.0000,8.305291,19.751431,0.949675,33.00
1.547988,torque-chirp,foot_right_joint,RS02,8.543061,0.000000,2.085049,0.0000,0.0000,8.543061,20.620277,0.831387,33.00
1.555990,torque-chirp,foot_right_joint,RS02,8.788886,0.000000,1.763735,0.0000,0.0000,8.788886,21.458916,0.948118,33.00
1.563989,torque-chirp,foot_right_joint,RS02,9.044297,0.000000,1.433249,0.0000,0.0000,9.044297,22.072327,0.655512,33.00
1.571987,torque-chirp,foot_right_joint,RS02,9.306996,0.000000,1.095095,0.0000,0.0000,9.306996,22.673840,0.770168,33.00
1.579991,torque-chirp,foot_right_joint,RS02,9.575446,0.000000,0.750372,0.0000,0.0000,9.575446,23.207600,0.598444,33.00
1.587989,torque-chirp,foot_right_joint,RS02,9.850799,0.000000,0.401262,0.0000,0.0000,9.850799,23.358665,0.501945,33.00
1.595991,torque-chirp,foot_right_joint,RS02,10.127688,0.000000,0.048953,0.0000,0.0000,10.127688,23.638821,0.586510,33.00
1.603990,torque-chirp,foot_right_joint,RS02,10.407260,0.000000,-0.304561,0.0000,0.0000,10.407260,23.879608,0.471336,33.00
1.611991,torque-chirp,foot_right_joint,RS02,10.687600,0.000000,-0.657855,0.0000,0.0000,10.687600,23.875946,0.310505,33.00
1.620085,torque-chirp,foot_right_joint,RS02,10.967555,0.000000,-1.013127,0.0000,0.0000,10.967555,23.775234,0.250324,33.00
1.627996,torque-chirp,foot_right_joint,RS02,11.246745,0.000000,-1.356578,0.0000,0.0000,11.246745,23.659878,0.276264,33.00
1.635993,torque-chirp,foot_right_joint,RS02,11.522864,0.000000,-1.698176,0.0000,0.0000,11.522864,23.398949,0.139818,33.00
1.643992,torque-chirp,foot_right_joint,RS02,11.795150,0.000000,-2.032550,0.0000,0.0000,11.795150,22.989700,0.093126,33.00
1.651995,torque-chirp,foot_right_joint,RS02,12.062451,0.000000,-2.357966,0.0000,0.0000,12.062451,22.518196,0.053177,33.00
1.659992,torque-chirp,foot_right_joint,RS02,12.322465,0.000000,-2.672337,0.0000,0.0000,12.322465,21.879147,-0.190144,33.00
1.667989,torque-chirp,foot_right_joint,RS02,-12.551798,0.000000,-2.974242,0.0000,0.0000,-12.551798,21.073471,-0.203114,33.00
1.675991,torque-chirp,foot_right_joint,RS02,-12.309809,0.000000,-3.262093,0.0000,0.0000,-12.309809,20.240330,-0.427755,33.00
1.683990,torque-chirp,foot_right_joint,RS02,-12.079708,0.000000,-3.534080,0.0000,0.0000,-12.079708,19.113300,-0.530998,33.00
1.691989,torque-chirp,foot_right_joint,RS02,-11.863030,0.000000,-3.788718,0.0000,0.0000,-11.863030,17.952393,-0.479118,33.00
1.699999,torque-chirp,foot_right_joint,RS02,-11.662075,0.000000,-4.024845,0.0000,0.0000,-11.662075,16.499428,-0.748898,33.00
1.708082,torque-chirp,foot_right_joint,RS02,-11.475694,0.000000,-4.242545,0.0000,0.0000,-11.475694,15.237812,-0.675226,33.00
1.720075,torque-chirp,foot_right_joint,RS02,-11.231020,0.000000,-4.524613,0.0000,0.0000,-11.231020,12.917831,-0.738003,33.00
1.728018,torque-chirp,foot_right_joint,RS02,-11.091809,0.000000,-4.682732,0.0000,0.0000,-11.091809,11.384300,-0.867704,33.00
1.736016,torque-chirp,foot_right_joint,RS02,-10.970240,0.000000,-4.817609,0.0000,0.0000,-10.970240,9.630119,-0.880156,33.00
1.744000,torque-chirp,foot_right_joint,RS02,-10.868228,0.000000,-4.926964,0.0000,0.0000,-10.868228,8.095676,-0.986511,33.00
1.752001,torque-chirp,foot_right_joint,RS02,-10.786160,0.000000,-5.010352,0.0000,0.0000,-10.786160,6.305790,-0.970428,33.00
1.759995,torque-chirp,foot_right_joint,RS02,-10.724031,0.000000,-5.066813,0.0000,0.0000,-10.724031,4.590984,-0.910246,33.00
1.768000,torque-chirp,foot_right_joint,RS02,-10.682613,0.000000,-5.095879,0.0000,0.0000,-10.682613,2.829479,-0.974060,33.00
1.775995,torque-chirp,foot_right_joint,RS02,-10.663439,0.000000,-5.097075,0.0000,0.0000,-10.663439,0.604717,-1.823346,33.00
1.783995,torque-chirp,foot_right_joint,RS02,-10.673794,0.000000,-5.070165,0.0000,0.0000,-10.673794,-1.614557,-1.155123,33.00
1.791999,torque-chirp,foot_right_joint,RS02,-10.702939,0.000000,-5.015013,0.0000,0.0000,-10.702939,-3.116961,-1.301427,33.00
1.799990,torque-chirp,foot_right_joint,RS02,-10.750493,0.000000,-4.931829,0.0000,0.0000,-10.750493,-4.721905,-1.278599,33.00
1.807992,torque-chirp,foot_right_joint,RS02,-10.816072,0.000000,-4.820600,0.0000,0.0000,-10.816072,-6.222477,-1.279636,33.00
1.815992,torque-chirp,foot_right_joint,RS02,-10.899675,0.000000,-4.681833,0.0000,0.0000,-10.899675,-7.771572,-1.226199,33.00
1.823991,torque-chirp,foot_right_joint,RS02,-11.000919,0.000000,-4.516104,0.0000,0.0000,-11.000919,-9.267567,-1.197146,33.00
1.831997,torque-chirp,foot_right_joint,RS02,-11.119421,0.000000,-4.323874,0.0000,0.0000,-11.119421,-10.627146,-1.210635,33.00
1.839991,torque-chirp,foot_right_joint,RS02,-11.253263,0.000000,-4.106578,0.0000,0.0000,-11.253263,-12.069124,-1.161867,33.00
1.847989,torque-chirp,foot_right_joint,RS02,-11.403213,0.000000,-3.864770,0.0000,0.0000,-11.403213,-13.300526,-1.128145,33.00
1.855986,torque-chirp,foot_right_joint,RS02,-11.568118,0.000000,-3.599859,0.0000,0.0000,-11.568118,-14.539253,-1.172244,33.00
1.863996,torque-chirp,foot_right_joint,RS02,-11.746446,0.000000,-3.312655,0.0000,0.0000,-11.746446,-15.708400,-1.078340,33.00
1.871995,torque-chirp,foot_right_joint,RS02,-11.938196,0.000000,-3.005538,0.0000,0.0000,-11.938196,-16.724651,-1.102724,33.00
1.879992,torque-chirp,foot_right_joint,RS02,-12.142219,0.000000,-2.679805,0.0000,0.0000,-12.142219,-17.807735,-1.039430,33.00
1.887991,torque-chirp,foot_right_joint,RS02,-12.357746,0.000000,-2.337131,0.0000,0.0000,-12.357746,-18.747082,-0.967316,33.00
1.895992,torque-chirp,foot_right_joint,RS02,12.542211,0.000000,-1.979439,0.0000,0.0000,12.542211,-19.643396,-0.804928,33.00
1.903991,torque-chirp,foot_right_joint,RS02,12.307508,0.000000,-1.608842,0.0000,0.0000,12.307508,-20.304417,-0.880674,33.00
1.911987,torque-chirp,foot_right_joint,RS02,12.064752,0.000000,-1.227629,0.0000,0.0000,12.064752,-20.934311,-0.707912,33.00
1.919989,torque-chirp,foot_right_joint,RS02,11.815860,0.000000,-0.837560,0.0000,0.0000,11.815860,-21.458916,-0.686121,33.00
1.927992,torque-chirp,foot_right_joint,RS02,11.561599,0.000000,-0.441234,0.0000,0.0000,11.561599,-21.784847,-0.623865,33.00
1.935995,torque-chirp,foot_right_joint,RS02,11.303119,0.000000,-0.041072,0.0000,0.0000,11.303119,-22.083315,-0.559532,33.00
1.943990,torque-chirp,foot_right_joint,RS02,11.041953,0.000000,0.360110,0.0000,0.0000,11.041953,-22.321354,-0.465630,33.00
1.951993,torque-chirp,foot_right_joint,RS02,10.780406,0.000000,0.760547,0.0000,0.0000,10.780406,-22.376287,-0.249805,33.00
1.959996,torque-chirp,foot_right_joint,RS02,10.518476,0.000000,1.157309,0.0000,0.0000,10.518476,-22.230717,-0.233723,33.00
1.967994,torque-chirp,foot_right_joint,RS02,10.257693,0.000000,1.547690,0.0000,0.0000,10.257693,-22.160219,-0.254993,33.00
1.975992,torque-chirp,foot_right_joint,RS02,10.000749,0.000000,1.929356,0.0000,0.0000,10.000749,-21.839781,0.003372,33.00
1.983991,torque-chirp,foot_right_joint,RS02,9.747638,0.000000,2.299826,0.0000,0.0000,9.747638,-21.412222,-0.032425,33.00
1.991989,torque-chirp,foot_right_joint,RS02,9.500665,0.000000,2.656529,0.0000,0.0000,9.500665,-20.892197,0.020493,33.00
1.999994,torque-chirp,foot_right_joint,RS02,9.261359,0.000000,2.997444,0.0000,0.0000,9.261359,-19.977570,0.321400,33.00
2.007992,torque-chirp,foot_right_joint,RS02,9.031642,0.000000,3.319597,0.0000,0.0000,9.031642,-19.240559,0.104540,33.00
2.015988,torque-chirp,foot_right_joint,RS02,8.813046,0.000000,3.620975,0.0000,0.0000,8.813046,-18.223392,0.496239,33.00
2.024240,torque-chirp,foot_right_joint,RS02,8.600970,0.000000,3.908009,0.0000,0.0000,8.600970,-17.005722,0.397146,33.00
2.032022,torque-chirp,foot_right_joint,RS02,8.415740,0.000000,4.154376,0.0000,0.0000,8.415740,-15.731288,0.734371,33.00
2.040003,torque-chirp,foot_right_joint,RS02,8.242780,0.000000,4.380713,0.0000,0.0000,8.242780,-14.365302,0.662775,33.00
2.047997,torque-chirp,foot_right_joint,RS02,8.086310,0.000000,4.578926,0.0000,0.0000,8.086310,-12.656900,0.880156,33.00
2.055994,torque-chirp,foot_right_joint,RS02,7.948634,0.000000,4.747173,0.0000,0.0000,7.948634,-11.119707,0.801296,33.00
2.063991,torque-chirp,foot_right_joint,RS02,7.829749,0.000000,4.883972,0.0000,0.0000,7.829749,-9.392996,0.866148,33.00
2.071990,torque-chirp,foot_right_joint,RS02,7.731191,0.000000,4.988171,0.0000,0.0000,7.731191,-7.743191,0.961088,33.00
2.079997,torque-chirp,foot_right_joint,RS02,7.652572,0.000000,5.058798,0.0000,0.0000,7.652572,-5.982605,0.884306,33.00
2.087990,torque-chirp,foot_right_joint,RS02,7.594279,0.000000,5.094944,0.0000,0.0000,7.594279,-4.222019,0.899351,33.00
2.095990,torque-chirp,foot_right_joint,RS02,7.555930,0.000000,5.096232,0.0000,0.0000,7.555930,-2.503548,0.982878,33.00
2.103990,torque-chirp,foot_right_joint,RS02,7.542508,0.000000,5.062323,0.0000,0.0000,7.542508,-0.027924,1.485085,33.00
2.111989,torque-chirp,foot_right_joint,RS02,7.556314,0.000000,4.993181,0.0000,0.0000,7.556314,1.879148,1.166019,33.00
2.119989,torque-chirp,foot_right_joint,RS02,7.588910,0.000000,4.888992,0.0000,0.0000,7.588910,3.333027,1.262518,33.00
2.127988,torque-chirp,foot_right_joint,RS02,7.639150,0.000000,4.750233,0.0000,0.0000,7.639150,4.965439,1.238651,33.00
2.136032,torque-chirp,foot_right_joint,RS02,7.707797,0.000000,4.576550,0.0000,0.0000,7.707797,6.402836,1.235020,33.00
2.144021,torque-chirp,foot_right_joint,RS02,7.793317,0.000000,4.371113,0.0000,0.0000,7.793317,7.922638,1.237095,33.00
2.152004,torque-chirp,foot_right_joint,RS02,7.895328,0.000000,4.134235,0.0000,0.0000,7.895328,9.328911,1.036835,33.00
2.160135,torque-chirp,foot_right_joint,RS02,8.013831,0.000000,3.862054,0.0000,0.0000,8.013831,10.710461,1.104279,33.00
2.168005,torque-chirp,foot_right_joint,RS02,8.147672,0.000000,3.570511,0.0000,0.0000,8.147672,11.871368,1.125549,33.00
2.175996,torque-chirp,foot_right_joint,RS02,8.294936,0.000000,3.248121,0.0000,0.0000,8.294936,13.088120,0.965239,33.00
2.183990,torque-chirp,foot_right_joint,RS02,8.454473,0.000000,2.901162,0.0000,0.0000,8.454473,14.129089,1.054474,33.00
2.191992,torque-chirp,foot_right_joint,RS02,8.626664,0.000000,2.531745,0.0000,0.0000,8.626664,15.055618,0.985472,33.00
2.199991,torque-chirp,foot_right_joint,RS02,8.809978,0.000000,2.142874,0.0000,0.0000,8.809978,16.003204,0.978209,33.00
2.207990,torque-chirp,foot_right_joint,RS02,9.002879,0.000000,1.737186,0.0000,0.0000,9.002879,16.707256,0.720881,33.00
2.215990,torque-chirp,foot_right_joint,RS02,9.204217,0.000000,1.317514,0.0000,0.0000,9.204217,17.513847,0.853695,33.00
2.223991,torque-chirp,foot_right_joint,RS02,9.413610,0.000000,0.886819,0.0000,0.0000,9.413610,17.881893,0.579765,33.00
2.231988,torque-chirp,foot_right_joint,RS02,9.626452,0.000000,0.448660,0.0000,0.0000,9.626452,18.444038,0.616602,33.00
2.239990,torque-chirp,foot_right_joint,RS02,9.844279,0.000000,0.005707,0.0000,0.0000,9.844279,18.570381,0.482750,33.00
2.247988,torque-chirp,foot_right_joint,RS02,10.064794,0.000000,-0.438259,0.0000,0.0000,10.064794,18.893570,0.476006,33.00
2.255990,torque-chirp,foot_right_joint,RS02,10.287992,0.000000,-0.880172,0.0000,0.0000,10.287992,18.997940,0.239948,33.00
2.263990,torque-chirp,foot_right_joint,RS02,10.507737,0.000000,-1.316327,0.0000,0.0000,10.507737,18.793774,0.255512,33.00
2.271991,torque-chirp,foot_right_joint,RS02,10.728250,0.000000,-1.743510,0.0000,0.0000,10.728250,18.560310,0.025681,33.00
2.279988,torque-chirp,foot_right_joint,RS02,10.943009,0.000000,-2.158073,0.0000,0.0000,10.943009,18.186771,0.091570,33.00
2.287994,torque-chirp,foot_right_joint,RS02,11.154704,0.000000,-2.557383,0.0000,0.0000,11.154704,17.714352,-0.109209,33.00
2.295992,torque-chirp,foot_right_joint,RS02,11.358342,0.000000,-2.937276,0.0000,0.0000,11.358342,17.058823,-0.232685,33.00
2.303990,torque-chirp,foot_right_joint,RS02,11.553546,0.000000,-3.295007,0.0000,0.0000,11.553546,16.277866,-0.331778,33.00
2.311990,torque-chirp,foot_right_joint,RS02,11.738393,0.000000,-3.627768,0.0000,0.0000,11.738393,15.360497,-0.419973,33.00
2.323987,torque-chirp,foot_right_joint,RS02,11.990352,0.000000,-4.073481,0.0000,0.0000,11.990352,13.625542,-0.557976,33.00
2.331991,torque-chirp,foot_right_joint,RS02,12.142219,0.000000,-4.331556,0.0000,0.0000,12.142219,12.252232,-0.674189,33.00
2.339988,torque-chirp,foot_right_joint,RS02,12.276444,0.000000,-4.555265,0.0000,0.0000,12.276444,10.791027,-0.762905,33.00
2.348023,torque-chirp,foot_right_joint,RS02,12.393027,0.000000,-4.743565,0.0000,0.0000,12.393027,9.290459,-0.797146,33.00
2.355998,torque-chirp,foot_right_joint,RS02,12.490821,0.000000,-4.892537,0.0000,0.0000,12.490821,7.604942,-0.829311,33.00
2.363988,torque-chirp,foot_right_joint,RS02,-12.556400,0.000000,-5.002414,0.0000,0.0000,-12.556400,5.997253,-0.940855,33.00
2.371993,torque-chirp,foot_right_joint,RS02,-12.497725,0.000000,-5.071756,0.0000,0.0000,-12.497725,4.259556,-0.957975,33.00
2.379992,torque-chirp,foot_right_joint,RS02,-12.458991,0.000000,-5.099465,0.0000,0.0000,-12.458991,2.610664,-0.935667,33.00
2.387989,torque-chirp,foot_right_joint,RS02,-12.444801,0.000000,-5.085072,0.0000,0.0000,-12.444801,-0.007782,-1.650584,33.00
2.395991,torque-chirp,foot_right_joint,RS02,-12.457840,0.000000,-5.028359,0.0000,0.0000,-12.457840,-1.860838,-1.157717,33.00
2.403992,torque-chirp,foot_right_joint,RS02,-12.489671,0.000000,-4.929492,0.0000,0.0000,-12.489671,-3.238728,-1.299870,33.00
2.411987,torque-chirp,foot_right_joint,RS02,-12.539909,0.000000,-4.789132,0.0000,0.0000,-12.539909,-4.880293,-1.294682,33.00
2.419987,torque-chirp,foot_right_joint,RS02,12.517667,0.000000,-4.607950,0.0000,0.0000,12.517667,-6.413826,-1.265629,33.00
2.427992,torque-chirp,foot_right_joint,RS02,12.432530,0.000000,-4.387144,0.0000,0.0000,12.432530,-7.874113,-1.198703,33.00
2.435993,torque-chirp,foot_right_joint,RS02,12.329751,0.000000,-4.128553,0.0000,0.0000,12.329751,-9.371023,-1.113100,33.00
2.444001,torque-chirp,foot_right_joint,RS02,12.211249,0.000000,-3.833726,0.0000,0.0000,12.211249,-10.640879,-1.103243,33.00
2.451988,torque-chirp,foot_right_joint,RS02,12.077790,0.000000,-3.506069,0.0000,0.0000,12.077790,-11.851225,-1.070558,33.00
2.459988,torque-chirp,foot_right_joint,RS02,11.930528,0.000000,-3.146837,0.0000,0.0000,11.930528,-13.010300,-1.016083,33.00
2.467987,torque-chirp,foot_right_joint,RS02,11.770223,0.000000,-2.759513,0.0000,0.0000,11.770223,-14.042115,-1.072114,33.00
2.476025,torque-chirp,foot_right_joint,RS02,11.598414,0.000000,-2.345144,0.0000,0.0000,11.598414,-15.004349,-0.969391,33.00
2.483994,torque-chirp,foot_right_joint,RS02,11.415868,0.000000,-1.912855,0.0000,0.0000,11.415868,-15.966582,-0.880156,33.00
2.491997,torque-chirp,foot_right_joint,RS02,11.224500,0.000000,-1.460933,0.0000,0.0000,11.224500,-16.655069,-0.721920,33.00
2.499996,torque-chirp,foot_right_joint,RS02,11.025081,0.000000,-0.995164,0.0000,0.0000,11.025081,-17.275806,-0.692347,33.00
2.507991,torque-chirp,foot_right_joint,RS02,10.820291,0.000000,-0.519769,0.0000,0.0000,10.820291,-17.658503,-0.539299,33.00
2.515989,torque-chirp,foot_right_joint,RS02,10.610131,0.000000,-0.038442,0.0000,0.0000,10.610131,-17.975281,-0.561607,33.00
2.523992,torque-chirp,foot_right_joint,RS02,10.397672,0.000000,0.444652,0.0000,0.0000,10.397672,-18.149235,-0.326071,33.00
2.531988,torque-chirp,foot_right_joint,RS02,10.183679,0.000000,0.924420,0.0000,0.0000,10.183679,-18.223392,-0.293385,33.00
2.539992,torque-chirp,foot_right_joint,RS02,9.970069,0.000000,1.397447,0.0000,0.0000,9.970069,-18.190434,-0.258625,33.00
2.548000,torque-chirp,foot_right_joint,RS02,9.758376,0.000000,1.859035,0.0000,0.0000,9.758376,-17.932251,-0.084826,33.00
2.555992,torque-chirp,foot_right_joint,RS02,9.550519,0.000000,2.303861,0.0000,0.0000,9.550519,-17.481804,-0.018417,33.00
2.563990,torque-chirp,foot_right_joint,RS02,9.348029,0.000000,2.728882,0.0000,0.0000,9.348029,-16.925156,0.132036,33.00
2.571989,torque-chirp,foot_right_joint,RS02,9.152827,0.000000,3.129738,0.0000,0.0000,9.152827,-16.484779,0.209339,33.00
2.579992,torque-chirp,foot_right_joint,RS02,8.966447,0.000000,3.502726,0.0000,0.0000,8.966447,-15.572900,0.385214,33.00
2.587992,torque-chirp,foot_right_joint,RS02,8.791955,0.000000,3.843839,0.0000,0.0000,8.791955,-14.466926,0.543449,33.00
2.595998,torque-chirp,foot_right_joint,RS02,8.630116,0.000000,4.149983,0.0000,0.0000,8.630116,-13.176012,0.504539,33.00
2.604006,torque-chirp,foot_right_joint,RS02,8.484385,0.000000,4.417852,0.0000,0.0000,8.484385,-11.903412,0.769650,33.00
2.611993,torque-chirp,foot_right_joint,RS02,8.355145,0.000000,4.644012,0.0000,0.0000,8.355145,-10.487982,0.735928,33.00
2.619994,torque-chirp,foot_right_joint,RS02,8.243163,0.000000,4.827085,0.0000,0.0000,8.243163,-8.829021,0.838650,33.00
2.627992,torque-chirp,foot_right_joint,RS02,8.151124,0.000000,4.964571,0.0000,0.0000,8.151124,-7.105059,0.955381,33.00
2.635989,torque-chirp,foot_right_joint,RS02,8.078641,0.000000,5.054886,0.0000,0.0000,8.078641,-5.398489,0.968870,33.00
2.644039,torque-chirp,foot_right_joint,RS02,8.025720,0.000000,5.096987,0.0000,0.0000,8.025720,-3.695583,1.051361,33.00
2.652013,torque-chirp,foot_right_joint,RS02,7.993505,0.000000,5.089676,0.0000,0.0000,7.993505,-2.071413,1.369909,33.00
2.659999,torque-chirp,foot_right_joint,RS02,7.988135,0.000000,5.033202,0.0000,0.0000,7.988135,0.571754,1.322180,33.00
2.667993,torque-chirp,foot_right_joint,RS02,8.006543,0.000000,4.927624,0.0000,0.0000,8.006543,2.272831,1.124512,33.00
2.675995,torque-chirp,foot_right_joint,RS02,8.043359,0.000000,4.773493,0.0000,0.0000,8.043359,3.749599,1.305578,33.00
2.683996,torque-chirp,foot_right_joint,RS02,8.098199,0.000000,4.572125,0.0000,0.0000,8.098199,5.294121,1.270819,33.00
2.691997,torque-chirp,foot_right_joint,RS02,8.170299,0.000000,4.325171,0.0000,0.0000,8.170299,6.755322,1.216343,33.00
2.699989,torque-chirp,foot_right_joint,RS02,8.259654,0.000000,4.035142,0.0000,0.0000,8.259654,8.178989,1.174320,33.00
2.708101,torque-chirp,foot_right_joint,RS02,8.364734,0.000000,3.699059,0.0000,0.0000,8.364734,9.571526,1.098053,33.00
2.716006,torque-chirp,foot_right_joint,RS02,8.485152,0.000000,3.334233,0.0000,0.0000,8.485152,10.750744,1.051361,33.00
2.724003,torque-chirp,foot_right_joint,RS02,8.618228,0.000000,2.931118,0.0000,0.0000,8.618228,11.789883,1.060181,33.00
2.731997,torque-chirp,foot_right_joint,RS02,8.763957,0.000000,2.497709,0.0000,0.0000,8.763957,12.855576,0.861477,33.00
2.739996,torque-chirp,foot_right_joint,RS02,8.921193,0.000000,2.037726,0.0000,0.0000,8.921193,13.728085,0.860958,33.00
2.752042,torque-chirp,foot_right_joint,RS02,9.175071,0.000000,1.305577,0.0000,0.0000,9.175071,14.959488,0.753567,33.00
2.760010,torque-chirp,foot_right_joint,RS02,9.352632,0.000000,0.802219,0.0000,0.0000,9.352632,15.376976,0.677820,33.00
2.768003,torque-chirp,foot_right_joint,RS02,9.537864,0.000000,0.288026,0.0000,0.0000,9.537864,16.059055,0.533073,33.00
2.775997,torque-chirp,foot_right_joint,RS02,9.726930,0.000000,-0.230411,0.0000,0.0000,9.726930,16.219273,0.467705,33.00
2.784001,torque-chirp,foot_right_joint,RS02,9.917912,0.000000,-0.748161,0.0000,0.0000,9.917912,16.340126,0.263813,33.00
2.791993,torque-chirp,foot_right_joint,RS02,10.109664,0.000000,-1.258496,0.0000,0.0000,10.109664,16.300758,0.242542,33.00
2.799990,torque-chirp,foot_right_joint,RS02,10.299880,0.000000,-1.757054,0.0000,0.0000,10.299880,16.136875,0.205189,33.00
2.808012,torque-chirp,foot_right_joint,RS02,10.488563,0.000000,-2.239726,0.0000,0.0000,10.488563,15.799038,0.040726,33.00
2.815991,torque-chirp,foot_right_joint,RS02,10.669576,0.000000,-2.697233,0.0000,0.0000,10.669576,15.227741,-0.145006,33.00
2.823993,torque-chirp,foot_right_joint,RS02,10.845218,0.000000,-3.128476,0.0000,0.0000,10.845218,14.574043,-0.220753,33.00
2.831990,torque-chirp,foot_right_joint,RS02,11.012040,0.000000,-3.527026,0.0000,0.0000,11.012040,13.864498,-0.366018,33.00
2.839989,torque-chirp,foot_right_joint,RS02,11.167743,0.000000,-3.888805,0.0000,0.0000,11.167743,12.927902,-0.434502,33.00
2.847992,torque-chirp,foot_right_joint,RS02,11.310405,0.000000,-4.209754,0.0000,0.0000,11.310405,11.598534,-0.687159,33.00
2.856000,torque-chirp,foot_right_joint,RS02,11.437728,0.000000,-4.486077,0.0000,0.0000,11.437728,10.336002,-0.744228,33.00
2.864000,torque-chirp,foot_right_joint,RS02,11.548944,0.000000,-4.714077,0.0000,0.0000,11.548944,8.709087,-0.801296,33.00
2.871996,torque-chirp,foot_right_joint,RS02,11.641368,0.000000,-4.891171,0.0000,0.0000,11.641368,7.159992,-0.885344,33.00
2.879995,torque-chirp,foot_right_joint,RS02,11.714614,0.000000,-5.015279,0.0000,0.0000,11.714614,5.563286,-1.023346,33.00
2.887992,torque-chirp,foot_right_joint,RS02,11.768306,0.000000,-5.084613,0.0000,0.0000,11.768306,3.763332,-1.033723,33.00
2.895989,torque-chirp,foot_right_joint,RS02,11.801669,0.000000,-5.098094,0.0000,0.0000,11.801669,2.077820,-1.217380,33.00
2.903992,torque-chirp,foot_right_joint,RS02,11.808188,0.000000,-5.055174,0.0000,0.0000,11.808188,-0.615702,-1.273930,33.00
2.911992,torque-chirp,foot_right_joint,RS02,11.790164,0.000000,-4.955987,0.0000,0.0000,11.790164,-2.325018,-1.125032,33.00
2.920003,torque-chirp,foot_right_joint,RS02,11.753732,0.000000,-4.801031,0.0000,0.0000,11.753732,-3.762417,-1.285343,33.00
2.928253,torque-chirp,foot_right_joint,RS02,11.697742,0.000000,-4.584721,0.0000,0.0000,11.697742,-5.234608,-1.223086,33.00
2.936020,torque-chirp,foot_right_joint,RS02,11.627175,0.000000,-4.330463,0.0000,0.0000,11.627175,-6.810253,-1.216861,33.00
2.944008,torque-chirp,foot_right_joint,RS02,11.538205,0.000000,-4.020370,0.0000,0.0000,11.538205,-8.247654,-1.218936,33.00
2.951998,torque-chirp,foot_right_joint,RS02,11.433125,0.000000,-3.664037,0.0000,0.0000,11.433125,-9.514763,-1.177951,33.00
2.959993,torque-chirp,foot_right_joint,RS02,11.314240,0.000000,-3.265013,0.0000,0.0000,11.314240,-10.657358,-1.011932,33.00
2.967994,torque-chirp,foot_right_joint,RS02,11.181165,0.000000,-2.827586,0.0000,0.0000,11.181165,-11.730373,-1.018677,33.00
2.975994,torque-chirp,foot_right_joint,RS02,11.035050,0.000000,-2.356794,0.0000,0.0000,11.035050,-12.622110,-0.896238,33.00
2.983991,torque-chirp,foot_right_joint,RS02,10.880116,0.000000,-1.858026,0.0000,0.0000,10.880116,-13.563288,-0.787807,33.00
2.991988,torque-chirp,foot_right_joint,RS02,10.714828,0.000000,-1.336754,0.0000,0.0000,10.714828,-14.353398,-0.767574,33.00
2.999991,torque-chirp,foot_right_joint,RS02,10.541101,0.000000,-0.798408,0.0000,0.0000,10.541101,-14.956741,-0.639429,33.00
3.007992,torque-chirp,foot_right_joint,RS02,10.363925,0.000000,-0.249815,0.0000,0.0000,10.363925,-15.440147,-0.556419,33.00
3.015992,torque-chirp,foot_right_joint,RS02,10.181762,0.000000,0.302768,0.0000,0.0000,10.181762,-15.554588,-0.397665,33.00
3.023988,torque-chirp,foot_right_joint,RS02,9.996531,0.000000,0.852622,0.0000,0.0000,9.996531,-15.838407,-0.267445,33.00
3.031989,torque-chirp,foot_right_joint,RS02,9.812066,0.000000,1.393839,0.0000,0.0000,9.812066,-15.773403,-0.262775,33.00
3.039989,torque-chirp,foot_right_joint,RS02,9.630286,0.000000,1.919584,0.0000,0.0000,9.630286,-15.507896,-0.124254,33.00
3.047991,torque-chirp,foot_right_joint,RS02,9.449273,0.000000,2.423550,0.0000,0.0000,9.449273,-15.158160,-0.063555,33.00
3.055988,torque-chirp,foot_right_joint,RS02,9.276315,0.000000,2.899328,0.0000,0.0000,9.276315,-14.653696,0.161608,33.00
3.063988,torque-chirp,foot_right_joint,RS02,9.109492,0.000000,3.341323,0.0000,0.0000,9.109492,-13.934998,0.187548,33.00
3.071989,torque-chirp,foot_right_joint,RS02,8.952256,0.000000,3.744000,0.0000,0.0000,8.952256,-13.048752,0.452658,33.00
3.079991,torque-chirp,foot_right_joint,RS02,8.806527,0.000000,4.102116,0.0000,0.0000,8.806527,-11.962006,0.512840,33.00
3.087990,torque-chirp,foot_right_joint,RS02,8.675368,0.000000,4.410966,0.0000,0.0000,8.675368,-10.707712,0.675745,33.00
3.095990,torque-chirp,foot_right_joint,RS02,8.560319,0.000000,4.666600,0.0000,0.0000,8.560319,-9.210804,0.805965,33.00
3.103991,torque-chirp,foot_right_joint,RS02,8.463292,0.000000,4.865543,0.0000,0.0000,8.463292,-7.606775,0.774319,33.00
3.111987,torque-chirp,foot_right_joint,RS02,8.385058,0.000000,5.004931,0.0000,0.0000,8.385058,-5.990845,0.957457,33.00
3.119989,torque-chirp,foot_right_joint,RS02,8.325233,0.000000,5.082830,0.0000,0.0000,8.325233,-4.303503,0.964720,33.00
3.127989,torque-chirp,foot_right_joint,RS02,8.285731,0.000000,5.097794,0.0000,0.0000,8.285731,-2.596933,0.950193,33.00
3.135988,torque-chirp,foot_right_joint,RS02,8.270392,0.000000,5.049307,0.0000,0.0000,8.270392,-0.225681,1.763165,33.00
3.143989,torque-chirp,foot_right_joint,RS02,8.281512,0.000000,4.937554,0.0000,0.0000,8.281512,1.674067,1.260441,33.00
3.151988,torque-chirp,foot_right_joint,RS02,8.311810,0.000000,4.763619,0.0000,0.0000,8.311810,3.343098,1.245396,33.00
3.159989,torque-chirp,foot_right_joint,RS02,8.360515,0.000000,4.529279,0.0000,0.0000,8.360515,4.742046,1.234501,33.00
3.167989,torque-chirp,foot_right_joint,RS02,8.426476,0.000000,4.237155,0.0000,0.0000,8.426476,6.210571,1.198185,33.00
3.175990,torque-chirp,foot_right_joint,RS02,8.508931,0.000000,3.890612,0.0000,0.0000,8.508931,7.558250,1.246952,33.00
3.183988,torque-chirp,foot_right_joint,RS02,8.607106,0.000000,3.493928,0.0000,0.0000,8.607106,8.857407,1.127106,33.00
3.191990,torque-chirp,foot_right_joint,RS02,8.719855,0.000000,3.051512,0.0000,0.0000,8.719855,10.086060,1.081970,33.00
3.199987,torque-chirp,foot_right_joint,RS02,8.846026,0.000000,2.569296,0.0000,0.0000,8.846026,11.202106,1.038391,33.00
3.207989,torque-chirp,foot_right_joint,RS02,8.982936,0.000000,2.052676,0.0000,0.0000,8.982936,12.094761,0.861996,33.00
3.215987,torque-chirp,foot_right_joint,RS02,9.129819,0.000000,1.508747,0.0000,0.0000,9.129819,12.801559,0.810116,33.00
3.223986,torque-chirp,foot_right_joint,RS02,9.285136,0.000000,0.944119,0.0000,0.0000,9.285136,13.465321,0.547600,33.00
3.231990,torque-chirp,foot_right_joint,RS02,9.446973,0.000000,0.365663,0.0000,0.0000,9.446973,14.038452,0.537743,33.00
3.239990,torque-chirp,foot_right_joint,RS02,9.613029,0.000000,-0.218345,0.0000,0.0000,9.613029,14.265507,0.511803,33.00
3.248090,torque-chirp,foot_right_joint,RS02,9.781386,0.000000,-0.807922,0.0000,0.0000,9.781386,14.405582,0.341635,33.00
3.255999,torque-chirp,foot_right_joint,RS02,9.950509,0.000000,-1.374146,0.0000,0.0000,9.950509,14.487984,0.221790,33.00
3.263993,torque-chirp,foot_right_joint,RS02,10.118484,0.000000,-1.929445,0.0000,0.0000,10.118484,14.195927,0.143969,33.00
3.271989,torque-chirp,foot_right_joint,RS02,10.283006,0.000000,-2.460303,0.0000,0.0000,10.283006,13.910275,-0.073412,33.00
3.279990,torque-chirp,foot_right_joint,RS02,10.442542,0.000000,-2.959641,0.0000,0.0000,10.442542,13.304188,-0.225422,33.00
3.287988,torque-chirp,foot_right_joint,RS02,10.594409,0.000000,-3.420091,0.0000,0.0000,10.594409,12.679790,-0.199482,33.00
3.295988,torque-chirp,foot_right_joint,RS02,10.736688,0.000000,-3.835439,0.0000,0.0000,10.736688,11.647060,-0.485863,33.00
3.303990,torque-chirp,foot_right_joint,RS02,10.866694,0.000000,-4.199848,0.0000,0.0000,10.866694,10.686657,-0.578730,33.00
3.315990,torque-chirp,foot_right_joint,RS02,11.033517,0.000000,-4.639381,0.0000,0.0000,11.033517,8.630352,-0.712063,33.00
3.323992,torque-chirp,foot_right_joint,RS02,11.124406,0.000000,-4.854822,0.0000,0.0000,11.124406,7.103226,-0.843840,33.00
3.331989,torque-chirp,foot_right_joint,RS02,11.197272,0.000000,-5.004097,0.0000,0.0000,11.197272,5.550468,-0.948118,33.00
3.339991,torque-chirp,foot_right_joint,RS02,11.250579,0.000000,-5.084948,0.0000,0.0000,11.250579,3.810940,-1.007782,33.00
3.347989,torque-chirp,foot_right_joint,RS02,11.284328,0.000000,-5.095778,0.0000,0.0000,11.284328,2.095215,-1.204928,33.00
3.355991,torque-chirp,foot_right_joint,RS02,11.290463,0.000000,-5.036046,0.0000,0.0000,11.290463,-0.547037,-1.341374,33.00
3.364030,torque-chirp,foot_right_joint,RS02,11.272439,0.000000,-4.905399,0.0000,0.0000,11.272439,-2.205997,-1.197146,33.00
3.372020,torque-chirp,foot_right_joint,RS02,11.236005,0.000000,-4.706816,0.0000,0.0000,11.236005,-3.763332,-1.277561,33.00
3.380005,torque-chirp,foot_right_joint,RS02,11.181548,0.000000,-4.442316,0.0000,0.0000,11.181548,-5.244678,-1.251621,33.00
3.387998,torque-chirp,foot_right_joint,RS02,11.110600,0.000000,-4.114766,0.0000,0.0000,11.110600,-6.769054,-1.147341,33.00
3.395992,torque-chirp,foot_right_joint,RS02,11.022395,0.000000,-3.728560,0.0000,0.0000,11.022395,-8.130465,-1.131258,33.00
3.403991,torque-chirp,foot_right_joint,RS02,10.918851,0.000000,-3.288632,0.0000,0.0000,10.918851,-9.396658,-1.021790,33.00
3.411991,torque-chirp,foot_right_joint,RS02,10.801883,0.000000,-2.801154,0.0000,0.0000,10.801883,-10.533760,-0.970428,33.00
3.419989,torque-chirp,foot_right_joint,RS02,10.672259,0.000000,-2.272916,0.0000,0.0000,10.672259,-11.507896,-0.947081,33.00
3.427992,torque-chirp,foot_right_joint,RS02,10.531898,0.000000,-1.710780,0.0000,0.0000,10.531898,-12.282444,-0.738003,33.00
3.436067,torque-chirp,foot_right_joint,RS02,10.381949,0.000000,-1.117603,0.0000,0.0000,10.381949,-13.057907,-0.880674,33.00
3.444012,torque-chirp,foot_right_joint,RS02,10.225097,0.000000,-0.516878,0.0000,0.0000,10.225097,-13.464409,-0.569391,33.00
3.452010,torque-chirp,foot_right_joint,RS02,10.065177,0.000000,0.096381,0.0000,0.0000,10.065177,-13.806822,-0.414785,33.00
3.460001,torque-chirp,foot_right_joint,RS02,9.901038,0.000000,0.708890,0.0000,0.0000,9.901038,-13.995422,-0.391439,33.00
3.467995,torque-chirp,foot_right_joint,RS02,9.735749,0.000000,1.312341,0.0000,0.0000,9.735749,-14.050355,-0.302206,33.00
3.475994,torque-chirp,foot_right_joint,RS02,9.571227,0.000000,1.898064,0.0000,0.0000,9.571227,-13.924927,-0.127886,33.00
3.483995,torque-chirp,foot_right_joint,RS02,9.409390,0.000000,2.457164,0.0000,0.0000,9.409390,-13.630121,-0.004410,33.00
3.491994,torque-chirp,foot_right_joint,RS02,9.253304,0.000000,2.980893,0.0000,0.0000,9.253304,-13.028610,0.196367,33.00
3.499992,torque-chirp,foot_right_joint,RS02,9.104123,0.000000,3.461446,0.0000,0.0000,9.104123,-12.374914,0.187029,33.00
3.507995,torque-chirp,foot_right_joint,RS02,8.964911,0.000000,3.891699,0.0000,0.0000,8.964911,-11.441978,0.468224,33.00
3.515992,torque-chirp,foot_right_joint,RS02,8.837974,0.000000,4.264382,0.0000,0.0000,8.837974,-10.384527,0.585472,33.00
3.523991,torque-chirp,foot_right_joint,RS02,8.725224,0.000000,4.574081,0.0000,0.0000,8.725224,-8.970932,0.750454,33.00
3.531993,torque-chirp,foot_right_joint,RS02,8.629350,0.000000,4.815768,0.0000,0.0000,8.629350,-7.528038,0.778469,33.00
3.539993,torque-chirp,foot_right_joint,RS02,8.551881,0.000000,4.985244,0.0000,0.0000,8.551881,-5.967957,0.921141,33.00
3.547992,torque-chirp,foot_right_joint,RS02,8.493590,0.000000,5.079613,0.0000,0.0000,8.493590,-4.208286,0.995329,33.00
3.555994,torque-chirp,foot_right_joint,RS02,8.454856,0.000000,5.097067,0.0000,0.0000,8.454856,-2.526438,1.024384,33.00
3.563992,torque-chirp,foot_right_joint,RS02,8.439517,0.000000,5.036922,0.0000,0.0000,8.439517,-0.240330,1.859144,33.00
3.571991,torque-chirp,foot_right_joint,RS02,8.451020,0.000000,4.899690,0.0000,0.0000,8.451020,1.679560,1.325293,33.00
3.580035,torque-chirp,foot_right_joint,RS02,8.480933,0.000000,4.685671,0.0000,0.0000,8.480933,3.300068,1.197147,33.00
3.588020,torque-chirp,foot_right_joint,RS02,8.529256,0.000000,4.400698,0.0000,0.0000,8.529256,4.633099,1.065887,33.00
3.596014,torque-chirp,foot_right_joint,RS02,8.594834,0.000000,4.047029,0.0000,0.0000,8.594834,6.106201,1.151493,33.00
3.604007,torque-chirp,foot_right_joint,RS02,8.676902,0.000000,3.630155,0.0000,0.0000,8.676902,7.515221,1.232426,33.00
3.612000,torque-chirp,foot_right_joint,RS02,8.773929,0.000000,3.156142,0.0000,0.0000,8.773929,8.785992,1.053955,33.00
3.619996,torque-chirp,foot_right_joint,RS02,8.884377,0.000000,2.631875,0.0000,0.0000,8.884377,9.788509,0.930479,33.00
3.627994,torque-chirp,foot_right_joint,RS02,9.007865,0.000000,2.065390,0.0000,0.0000,9.007865,10.836803,0.860958,33.00
3.635992,torque-chirp,foot_right_joint,RS02,9.139789,0.000000,1.465356,0.0000,0.0000,9.139789,11.693752,0.896757,33.00
3.643993,torque-chirp,foot_right_joint,RS02,9.280917,0.000000,0.840960,0.0000,0.0000,9.280917,12.363014,0.592216,33.00
3.651994,torque-chirp,foot_right_joint,RS02,9.427798,0.000000,0.202226,0.0000,0.0000,9.427798,12.767681,0.612452,33.00
3.659995,torque-chirp,foot_right_joint,RS02,9.580815,0.000000,-0.440934,0.0000,0.0000,9.580815,13.043259,0.350454,33.00
3.667994,torque-chirp,foot_right_joint,RS02,9.733449,0.000000,-1.077972,0.0000,0.0000,9.733449,13.139389,0.327106,33.00
3.675994,torque-chirp,foot_right_joint,RS02,9.888000,0.000000,-1.699000,0.0000,0.0000,9.888000,13.026779,0.226460,33.00
3.683991,torque-chirp,foot_right_joint,RS02,10.039098,0.000000,-2.293575,0.0000,0.0000,10.039098,12.857407,-0.005966,33.00
3.691992,torque-chirp,foot_right_joint,RS02,10.187131,0.000000,-2.852502,0.0000,0.0000,10.187131,12.359352,-0.025681,33.00
3.699993,torque-chirp,foot_right_joint,RS02,10.327874,0.000000,-3.366283,0.0000,0.0000,10.327874,11.768826,-0.312582,33.00
3.707993,torque-chirp,foot_right_joint,RS02,10.460183,0.000000,-3.826188,0.0000,0.0000,10.460183,10.912796,-0.443840,33.00
3.715992,torque-chirp,foot_right_joint,RS02,10.580220,0.000000,-4.224610,0.0000,0.0000,10.580220,9.688713,-0.524773,33.00
3.724048,torque-chirp,foot_right_joint,RS02,10.686833,0.000000,-4.556734,0.0000,0.0000,10.686833,8.632183,-0.700649,33.00
3.736085,torque-chirp,foot_right_joint,RS02,10.814921,0.000000,-4.911418,0.0000,0.0000,10.814921,6.292057,-0.712063,33.00
3.744039,torque-chirp,foot_right_joint,RS02,10.877433,0.000000,-5.046480,0.0000,0.0000,10.877433,4.689861,-0.755123,33.00
3.752010,torque-chirp,foot_right_joint,RS02,10.921151,0.000000,-5.099288,0.0000,0.0000,10.921151,3.029068,-0.974060,33.00
3.759997,torque-chirp,foot_right_joint,RS02,10.943395,0.000000,-5.068019,0.0000,0.0000,10.943395,0.852829,-1.818158,33.00
3.768039,torque-chirp,foot_right_joint,RS02,10.936490,0.000000,-4.951497,0.0000,0.0000,10.936490,-1.383841,-1.213229,33.00
3.776023,torque-chirp,foot_right_joint,RS02,10.909263,0.000000,-4.752872,0.0000,0.0000,10.909263,-2.991531,-1.289494,33.00
3.784011,torque-chirp,foot_right_joint,RS02,10.864778,0.000000,-4.474413,0.0000,0.0000,10.864778,-4.444496,-1.185733,33.00
3.792005,torque-chirp,foot_right_joint,RS02,10.802649,0.000000,-4.120137,0.0000,0.0000,10.802649,-5.931335,-1.146822,33.00
3.800110,torque-chirp,foot_right_joint,RS02,10.723647,0.000000,-3.689440,0.0000,0.0000,10.723647,-7.246967,-1.124514,33.00
3.808006,torque-chirp,foot_right_joint,RS02,10.628922,0.000000,-3.207390,0.0000,0.0000,10.628922,-8.579994,-1.094422,33.00
3.815998,torque-chirp,foot_right_joint,RS02,10.520776,0.000000,-2.664623,0.0000,0.0000,10.520776,-9.633783,-0.991180,33.00
3.823997,torque-chirp,foot_right_joint,RS02,10.399974,0.000000,-2.075057,0.0000,0.0000,10.399974,-10.746166,-0.906096,33.00
3.831995,torque-chirp,foot_right_joint,RS02,10.269200,0.000000,-1.448999,0.0000,0.0000,10.269200,-11.471275,-0.802853,33.00
3.839993,torque-chirp,foot_right_joint,RS02,10.130372,0.000000,-0.797172,0.0000,0.0000,10.130372,-12.123140,-0.617640,33.00
3.847994,torque-chirp,foot_right_joint,RS02,9.985410,0.000000,-0.130158,0.0000,0.0000,9.985410,-12.553444,-0.551231,33.00
3.855993,torque-chirp,foot_right_joint,RS02,9.835843,0.000000,0.540029,0.0000,0.0000,9.835843,-12.887617,-0.374319,33.00
3.863993,torque-chirp,foot_right_joint,RS02,9.684745,0.000000,1.202047,0.0000,0.0000,9.684745,-13.011215,-0.340597,33.00
3.871994,torque-chirp,foot_right_joint,RS02,9.533645,0.000000,1.844325,0.0000,0.0000,9.533645,-12.861982,-0.148638,33.00
3.879992,torque-chirp,foot_right_joint,RS02,9.385230,0.000000,2.455206,0.0000,0.0000,9.385230,-12.433508,-0.063555,33.00
3.887994,torque-chirp,foot_right_joint,RS02,9.241033,0.000000,3.024447,0.0000,0.0000,9.241033,-12.147861,0.211933,33.00
3.895993,torque-chirp,foot_right_joint,RS02,9.104506,0.000000,3.541217,0.0000,0.0000,9.104506,-11.448387,0.128923,33.00
3.903993,torque-chirp,foot_right_joint,RS02,8.977567,0.000000,3.996484,0.0000,0.0000,8.977567,-10.394598,0.409597,33.00
3.911993,torque-chirp,foot_right_joint,RS02,8.863284,0.000000,4.381788,0.0000,0.0000,8.863284,-9.169603,0.585991,33.00
3.919992,torque-chirp,foot_right_joint,RS02,8.763190,0.000000,4.689914,0.0000,0.0000,8.763190,-7.929962,0.708948,33.00
3.927994,torque-chirp,foot_right_joint,RS02,8.680354,0.000000,4.915087,0.0000,0.0000,8.680354,-6.498970,0.882750,33.00
3.935995,torque-chirp,foot_right_joint,RS02,8.615928,0.000000,5.052725,0.0000,0.0000,8.615928,-4.829937,0.896238,33.00
3.943996,torque-chirp,foot_right_joint,RS02,8.571824,0.000000,5.099988,0.0000,0.0000,8.571824,-3.036392,0.947081,33.00
3.951993,torque-chirp,foot_right_joint,RS02,8.548047,0.000000,5.055600,0.0000,0.0000,8.548047,-1.099106,1.842024,33.00
3.959993,torque-chirp,foot_right_joint,RS02,8.553033,0.000000,4.919902,0.0000,0.0000,8.553033,1.177843,1.319586,33.00
3.967993,torque-chirp,foot_right_joint,RS02,8.577577,0.000000,4.694911,0.0000,0.0000,8.577577,2.828564,1.187290,33.00
3.975992,torque-chirp,foot_right_joint,RS02,8.620528,0.000000,4.384281,0.0000,0.0000,8.620528,4.197300,1.243320,33.00
3.983993,torque-chirp,foot_right_joint,RS02,8.680737,0.000000,3.993165,0.0000,0.0000,8.680737,5.750057,1.276525,33.00
3.991993,torque-chirp,foot_right_joint,RS02,8.757438,0.000000,3.528393,0.0000,0.0000,8.757438,7.193867,1.087158,33.00
3.999994,torque-chirp,foot_right_joint,RS02,8.849479,0.000000,2.998110,0.0000,0.0000,8.849479,8.308079,1.115692,33.00
4.007992,torque-chirp,foot_right_joint,RS02,8.954175,0.000000,2.411978,0.0000,0.0000,8.954175,9.379265,0.962645,33.00
4.015992,torque-chirp,foot_right_joint,RS02,9.070758,0.000000,1.780234,0.0000,0.0000,9.070758,10.363468,0.846951,33.00
4.023992,torque-chirp,foot_right_joint,RS02,9.196548,0.000000,1.114527,0.0000,0.0000,9.196548,10.977798,0.814785,33.00
4.031992,torque-chirp,foot_right_joint,RS02,9.330005,0.000000,0.426957,0.0000,0.0000,9.330005,11.532616,0.584953,33.00
4.039993,torque-chirp,foot_right_joint,RS02,9.468450,0.000000,-0.269721,0.0000,0.0000,9.468450,11.960175,0.453176,33.00
4.047992,torque-chirp,foot_right_joint,RS02,9.609962,0.000000,-0.962282,0.0000,0.0000,9.609962,12.229343,0.386770,33.00
4.055992,torque-chirp,foot_right_joint,RS02,9.752240,0.000000,-1.638069,0.0000,0.0000,9.752240,12.262302,0.080675,33.00
4.063993,torque-chirp,foot_right_joint,RS02,9.892985,0.000000,-2.284094,0.0000,0.0000,9.892985,11.861298,0.112322,33.00
4.071992,torque-chirp,foot_right_joint,RS02,10.029895,0.000000,-2.887892,0.0000,0.0000,10.029895,11.490501,-0.102983,33.00
4.079992,torque-chirp,foot_right_joint,RS02,10.159902,0.000000,-3.438018,0.0000,0.0000,10.159902,10.876171,-0.284565,33.00
4.087993,torque-chirp,foot_right_joint,RS02,10.281472,0.000000,-3.923702,0.0000,0.0000,10.281472,10.048523,-0.452141,33.00
4.095992,torque-chirp,foot_right_joint,RS02,10.391536,0.000000,-4.335235,0.0000,0.0000,10.391536,8.941635,-0.597925,33.00
4.103992,torque-chirp,foot_right_joint,RS02,10.487412,0.000000,-4.664535,0.0000,0.0000,10.487412,7.503319,-0.777950,33.00
4.111992,torque-chirp,foot_right_joint,RS02,10.565646,0.000000,-4.904830,0.0000,0.0000,10.565646,6.057678,-0.828274,33.00
4.119991,torque-chirp,foot_right_joint,RS02,10.626239,0.000000,-5.051071,0.0000,0.0000,10.626239,4.566261,-0.967316,33.00
4.127992,torque-chirp,foot_right_joint,RS02,10.666890,0.000000,-5.100000,0.0000,0.0000,10.666890,2.726025,-1.005707,33.00
4.135993,torque-chirp,foot_right_joint,RS02,10.686065,0.000000,-5.050166,0.0000,0.0000,10.686065,0.539711,-1.888197,33.00
4.143992,torque-chirp,foot_right_joint,RS02,10.676862,0.000000,-4.902107,0.0000,0.0000,10.676862,-1.541313,-1.318547,33.00
4.151992,torque-chirp,foot_right_joint,RS02,10.648866,0.000000,-4.658244,0.0000,0.0000,10.648866,-2.972303,-1.192477,33.00
4.159992,torque-chirp,foot_right_joint,RS02,10.602462,0.000000,-4.322841,0.0000,0.0000,10.602462,-4.584574,-1.250065,33.00
4.167993,torque-chirp,foot_right_joint,RS02,10.539567,0.000000,-3.902090,0.0000,0.0000,10.539567,-5.868162,-1.182620,33.00
4.175992,torque-chirp,foot_right_joint,RS02,10.459800,0.000000,-3.403879,0.0000,0.0000,10.459800,-7.365072,-1.122957,33.00
4.183991,torque-chirp,foot_right_joint,RS02,10.365458,0.000000,-2.837803,0.0000,0.0000,10.365458,-8.631266,-1.038392,33.00
4.191993,torque-chirp,foot_right_joint,RS02,10.257693,0.000000,-2.214373,0.0000,0.0000,10.257693,-9.533073,-0.992218,33.00
4.199992,torque-chirp,foot_right_joint,RS02,10.139575,0.000000,-1.546193,0.0000,0.0000,10.139575,-10.296635,-0.798183,33.00
4.207994,torque-chirp,foot_right_joint,RS02,10.012254,0.000000,-0.845814,0.0000,0.0000,10.012254,-11.086748,-0.675745,33.00
4.215991,torque-chirp,foot_right_joint,RS02,9.878413,0.000000,-0.127987,0.0000,0.0000,9.878413,-11.552759,-0.552788,33.00
4.223993,torque-chirp,foot_right_joint,RS02,9.740352,0.000000,0.593965,0.0000,0.0000,9.740352,-11.856718,-0.474968,33.00
4.231993,torque-chirp,foot_right_joint,RS02,9.599990,0.000000,1.304948,0.0000,0.0000,9.599990,-11.974823,-0.226978,33.00
4.239992,torque-chirp,foot_right_joint,RS02,9.459628,0.000000,1.990640,0.0000,0.0000,9.459628,-11.913483,-0.164202,33.00
4.247992,torque-chirp,foot_right_joint,RS02,9.322719,0.000000,2.637079,0.0000,0.0000,9.322719,-11.571985,0.010635,33.00
4.255995,torque-chirp,foot_right_joint,RS02,9.190795,0.000000,3.231256,0.0000,0.0000,9.190795,-11.094988,0.225941,33.00
4.263998,torque-chirp,foot_right_joint,RS02,9.066155,0.000000,3.760471,0.0000,0.0000,9.066155,-10.214237,0.390921,33.00
4.271996,torque-chirp,foot_right_joint,RS02,8.952256,0.000000,4.213330,0.0000,0.0000,8.952256,-9.292286,0.528404,33.00
4.279997,torque-chirp,foot_right_joint,RS02,8.851779,0.000000,4.580656,0.0000,0.0000,8.851779,-8.017853,0.740597,33.00
4.287995,torque-chirp,foot_right_joint,RS02,8.767026,0.000000,4.854304,0.0000,0.0000,8.767026,-6.653696,0.777431,33.00
4.295993,torque-chirp,foot_right_joint,RS02,8.699531,0.000000,5.028270,0.0000,0.0000,8.699531,-5.044174,0.855251,33.00
4.303995,torque-chirp,foot_right_joint,RS02,8.651591,0.000000,5.098546,0.0000,0.0000,8.651591,-3.371481,0.981321,33.00
4.311996,torque-chirp,foot_right_joint,RS02,8.624364,0.000000,5.063102,0.0000,0.0000,8.624364,-1.420462,1.681194,33.00
4.319994,torque-chirp,foot_right_joint,RS02,8.624747,0.000000,4.922239,0.0000,0.0000,8.624747,0.887619,1.382360,33.00
4.327996,torque-chirp,foot_right_joint,RS02,8.646991,0.000000,4.678341,0.0000,0.0000,8.646991,2.574043,1.156681,33.00
4.339992,torque-chirp,foot_right_joint,RS02,8.713719,0.000000,4.130374,0.0000,0.0000,8.713719,4.836349,1.216343,33.00
4.348066,torque-chirp,foot_right_joint,RS02,8.780448,0.000000,3.649148,0.0000,0.0000,8.780448,6.330509,1.223606,33.00
4.356000,torque-chirp,foot_right_joint,RS02,8.863284,0.000000,3.099080,0.0000,0.0000,8.863284,7.548180,1.064331,33.00
4.363995,torque-chirp,foot_right_joint,RS02,8.958776,0.000000,2.478754,0.0000,0.0000,8.958776,8.629436,1.024384,33.00
4.371991,torque-chirp,foot_right_joint,RS02,9.067307,0.000000,1.804865,0.0000,0.0000,9.067307,9.639275,0.879118,33.00
4.379992,torque-chirp,foot_right_joint,RS02,9.185426,0.000000,1.091037,0.0000,0.0000,9.185426,10.385441,0.783657,33.00
4.387993,torque-chirp,foot_right_joint,RS02,9.310447,0.000000,0.352825,0.0000,0.0000,9.310447,10.943008,0.658106,33.00
4.395992,torque-chirp,foot_right_joint,RS02,9.441604,0.000000,-0.393824,0.0000,0.0000,9.441604,11.361408,0.455770,33.00
4.403992,torque-chirp,foot_right_joint,RS02,9.574296,0.000000,-1.133227,0.0000,0.0000,9.574296,11.409019,0.212452,33.00
4.411995,torque-chirp,foot_right_joint,RS02,9.708138,0.000000,-1.849584,0.0000,0.0000,9.708138,11.380638,0.158495,33.00
4.419992,torque-chirp,foot_right_joint,RS02,9.840829,0.000000,-2.526507,0.0000,0.0000,9.840829,11.113297,0.078600,33.00
4.428024,torque-chirp,foot_right_joint,RS02,9.968152,0.000000,-3.152285,0.0000,0.0000,9.968152,10.661018,-0.146563,33.00
4.436003,torque-chirp,foot_right_joint,RS02,10.088954,0.000000,-3.706416,0.0000,0.0000,10.088954,9.945065,-0.370169,33.00
4.443998,torque-chirp,foot_right_joint,RS02,10.199019,0.000000,-4.181866,0.0000,0.0000,10.199019,9.037769,-0.514915,33.00
4.451996,torque-chirp,foot_right_joint,RS02,10.296428,0.000000,-4.566793,0.0000,0.0000,10.296428,7.821011,-0.547081,33.00
4.459994,torque-chirp,foot_right_joint,RS02,10.378114,0.000000,-4.852100,0.0000,0.0000,10.378114,6.390018,-0.895720,33.00
4.467993,torque-chirp,foot_right_joint,RS02,10.442542,0.000000,-5.031117,0.0000,0.0000,10.442542,4.719158,-0.951231,33.00
4.475992,torque-chirp,foot_right_joint,RS02,10.487412,0.000000,-5.099364,0.0000,0.0000,10.487412,3.141678,-0.965240,33.00
4.483995,torque-chirp,foot_right_joint,RS02,10.511573,0.000000,-5.054789,0.0000,0.0000,10.511573,1.247423,-1.776135,33.00
4.491994,torque-chirp,foot_right_joint,RS02,10.507354,0.000000,-4.897939,0.0000,0.0000,10.507354,-1.218126,-1.298314,33.00
4.499994,torque-chirp,foot_right_joint,RS02,10.483193,0.000000,-4.631782,0.0000,0.0000,10.483193,-2.631723,-1.267185,33.00
4.507993,torque-chirp,foot_right_joint,RS02,10.441007,0.000000,-4.261801,0.0000,0.0000,10.441007,-4.253147,-1.242283,33.00
4.515994,torque-chirp,foot_right_joint,RS02,10.381183,0.000000,-3.795714,0.0000,0.0000,10.381183,-5.633783,-1.158236,33.00
4.523993,torque-chirp,foot_right_joint,RS02,10.305633,0.000000,-3.243793,0.0000,0.0000,10.305633,-7.022659,-1.091310,33.00
4.531994,torque-chirp,foot_right_joint,RS02,10.215894,0.000000,-2.617769,0.0000,0.0000,10.215894,-8.131380,-0.981842,33.00
4.539994,torque-chirp,foot_right_joint,RS02,10.113114,0.000000,-1.931788,0.0000,0.0000,10.113114,-9.117418,-0.896757,33.00
4.547993,torque-chirp,foot_right_joint,RS02,10.000365,0.000000,-1.201057,0.0000,0.0000,10.000365,-9.945984,-0.702206,33.00
4.555995,torque-chirp,foot_right_joint,RS02,9.879180,0.000000,-0.441786,0.0000,0.0000,9.879180,-10.454107,-0.611414,33.00
4.563991,torque-chirp,foot_right_joint,RS02,9.752624,0.000000,0.328180,0.0000,0.0000,9.752624,-10.959488,-0.442284,33.00
4.571992,torque-chirp,foot_right_joint,RS02,9.623000,0.000000,1.092242,0.0000,0.0000,9.623000,-11.076677,-0.385214,33.00
4.579993,torque-chirp,foot_right_joint,RS02,9.492610,0.000000,1.832336,0.0000,0.0000,9.492610,-11.019913,-0.173023,33.00
4.587993,torque-chirp,foot_right_joint,RS02,9.364137,0.000000,2.531209,0.0000,0.0000,9.364137,-10.812084,0.046432,33.00
4.595992,torque-chirp,foot_right_joint,RS02,9.239882,0.000000,3.172712,0.0000,0.0000,9.239882,-10.397345,0.200001,33.00
4.603994,torque-chirp,foot_right_joint,RS02,9.122531,0.000000,3.741908,0.0000,0.0000,9.122531,-9.699703,0.342154,33.00
4.611991,torque-chirp,foot_right_joint,RS02,9.015918,0.000000,4.224835,0.0000,0.0000,9.015918,-8.604713,0.544487,33.00
4.619992,torque-chirp,foot_right_joint,RS02,8.921960,0.000000,4.610306,0.0000,0.0000,8.921960,-7.576563,0.619196,33.00
4.627993,torque-chirp,foot_right_joint,RS02,8.844110,0.000000,4.888762,0.0000,0.0000,8.844110,-6.095217,0.805965,33.00
4.635992,torque-chirp,foot_right_joint,RS02,8.783515,0.000000,5.053159,0.0000,0.0000,8.783515,-4.524149,0.946562,33.00
4.643995,torque-chirp,foot_right_joint,RS02,8.742482,0.000000,5.099189,0.0000,0.0000,8.742482,-2.747082,0.991697,33.00
4.651993,torque-chirp,foot_right_joint,RS02,8.722924,0.000000,5.025249,0.0000,0.0000,8.722924,-0.550699,1.944748,33.00
4.659995,torque-chirp,foot_right_joint,RS02,8.731744,0.000000,4.832530,0.0000,0.0000,8.731744,1.476309,1.340857,33.00
4.667992,torque-chirp,foot_right_joint,RS02,8.759740,0.000000,4.525251,0.0000,0.0000,8.759740,3.044632,1.142155,33.00
4.675993,torque-chirp,foot_right_joint,RS02,8.805377,0.000000,4.109970,0.0000,0.0000,8.805377,4.514076,1.223087,33.00
4.683992,torque-chirp,foot_right_joint,RS02,8.867503,0.000000,3.596325,0.0000,0.0000,8.867503,5.799496,1.093384,33.00
4.691992,torque-chirp,foot_right_joint,RS02,8.945737,0.000000,2.996058,0.0000,0.0000,8.945737,7.105057,1.044098,33.00
4.699993,torque-chirp,foot_right_joint,RS02,9.037011,0.000000,2.323129,0.0000,0.0000,9.037011,8.201878,0.989103,33.00
4.707993,torque-chirp,foot_right_joint,RS02,9.140555,0.000000,1.593468,0.0000,0.0000,9.140555,9.295952,0.899870,33.00
4.715993,torque-chirp,foot_right_joint,RS02,9.253688,0.000000,0.824376,0.0000,0.0000,9.253688,9.916683,0.775875,33.00
4.723992,torque-chirp,foot_right_joint,RS02,9.373723,0.000000,0.034460,0.0000,0.0000,9.373723,10.353397,0.601038,33.00
4.731993,torque-chirp,foot_right_joint,RS02,9.497596,0.000000,-0.757577,0.0000,0.0000,9.497596,10.631721,0.469261,33.00
4.739993,torque-chirp,foot_right_joint,RS02,9.623767,0.000000,-1.532252,0.0000,0.0000,9.623767,10.784618,0.235798,33.00
4.747993,torque-chirp,foot_right_joint,RS02,9.749171,0.000000,-2.270748,0.0000,0.0000,9.749171,10.586861,0.012711,33.00
4.755993,torque-chirp,foot_right_joint,RS02,9.871511,0.000000,-2.954793,0.0000,0.0000,9.871511,10.224308,-0.148638,33.00
4.763994,torque-chirp,foot_right_joint,RS02,9.988093,0.000000,-3.567456,0.0000,0.0000,9.988093,9.555962,-0.262257,33.00
4.771993,torque-chirp,foot_right_joint,RS02,10.095473,0.000000,-4.093232,0.0000,0.0000,10.095473,8.849167,-0.477562,33.00
4.779992,torque-chirp,foot_right_joint,RS02,10.190581,0.000000,-4.518930,0.0000,0.0000,10.190581,7.725796,-0.600000,33.00
4.788045,torque-chirp,foot_right_joint,RS02,10.271501,0.000000,-4.835330,0.0000,0.0000,10.271501,6.223392,-0.790401,33.00
4.796022,torque-chirp,foot_right_joint,RS02,10.334394,0.000000,-5.029542,0.0000,0.0000,10.334394,4.647747,-0.860960,33.00
4.804013,torque-chirp,foot_right_joint,RS02,10.378497,0.000000,-5.099804,0.0000,0.0000,10.378497,3.091324,-0.982361,33.00
4.812006,torque-chirp,foot_right_joint,RS02,10.401891,0.000000,-5.043370,0.0000,0.0000,10.401891,1.056993,-1.804151,33.00
4.819999,torque-chirp,foot_right_joint,RS02,10.396138,0.000000,-4.861090,0.0000,0.0000,10.396138,-1.372854,-1.254734,33.00
4.827999,torque-chirp,foot_right_joint,RS02,10.370444,0.000000,-4.556701,0.0000,0.0000,10.370444,-2.748913,-1.292088,33.00
4.835996,torque-chirp,foot_right_joint,RS02,10.327107,0.000000,-4.137587,0.0000,0.0000,10.327107,-4.243076,-1.270817,33.00
4.843995,torque-chirp,foot_right_joint,RS02,10.266517,0.000000,-3.613605,0.0000,0.0000,10.266517,-5.687801,-1.170688,33.00
4.851994,torque-chirp,foot_right_joint,RS02,10.190581,0.000000,-2.997579,0.0000,0.0000,10.190581,-6.945753,-1.088716,33.00
4.859994,torque-chirp,foot_right_joint,RS02,10.100842,0.000000,-2.304711,0.0000,0.0000,10.100842,-8.002289,-0.954863,33.00
4.867994,torque-chirp,foot_right_joint,RS02,9.999599,0.000000,-1.552451,0.0000,0.0000,9.999599,-8.997482,-0.840727,33.00
4.875994,torque-chirp,foot_right_joint,RS02,9.888000,0.000000,-0.759525,0.0000,0.0000,9.888000,-9.864500,-0.694422,33.00
4.883994,torque-chirp,foot_right_joint,RS02,9.769881,0.000000,0.053851,0.0000,0.0000,9.769881,-10.252689,-0.466148,33.00
4.892062,torque-chirp,foot_right_joint,RS02,9.647927,0.000000,0.873845,0.0000,0.0000,9.647927,-10.438543,-0.328665,33.00
4.904032,torque-chirp,foot_right_joint,RS02,9.460778,0.000000,2.044142,0.0000,0.0000,9.460778,-10.645456,-0.230610,33.00
4.916000,torque-chirp,foot_right_joint,RS02,9.279000,0.000000,3.098942,0.0000,0.0000,9.279000,-10.249943,-0.094164,33.00
4.924000,torque-chirp,foot_right_joint,RS02,9.162416,0.000000,3.708714,0.0000,0.0000,9.162416,-9.801329,0.120104,33.00
4.931996,torque-chirp,foot_right_joint,RS02,9.053500,0.000000,4.222760,0.0000,0.0000,9.053500,-8.808880,0.391958,33.00
4.939998,torque-chirp,foot_right_joint,RS02,8.956859,0.000000,4.627943,0.0000,0.0000,8.956859,-7.783474,0.702204,33.00
4.947999,torque-chirp,foot_right_joint,RS02,8.875939,0.000000,4.912749,0.0000,0.0000,8.875939,-6.347906,0.717768,33.00
4.955994,torque-chirp,foot_right_joint,RS02,8.812663,0.000000,5.069242,0.0000,0.0000,8.812663,-4.800640,0.770168,33.00
4.963993,torque-chirp,foot_right_joint,RS02,8.768176,0.000000,5.093009,0.0000,0.0000,8.768176,-3.086746,0.974058,33.00
4.971996,torque-chirp,foot_right_joint,RS02,8.745549,0.000000,4.982678,0.0000,0.0000,8.745549,-0.881210,1.821272,33.00
4.979994,torque-chirp,foot_right_joint,RS02,8.751302,0.000000,4.740805,0.0000,0.0000,8.751302,1.210802,1.230869,33.00
4.987994,torque-chirp,foot_right_joint,RS02,8.777379,0.000000,4.373049,0.0000,0.0000,8.777379,2.921947,1.196110,33.00
4.995994,torque-chirp,foot_right_joint,RS02,8.821099,0.000000,3.888758,0.0000,0.0000,8.821099,4.283360,1.088715,33.00
5.003995,torque-chirp,foot_right_joint,RS02,8.880925,0.000000,3.300245,0.0000,0.0000,8.880925,5.652092,1.066406,33.00
5.011993,torque-chirp,foot_right_joint,RS02,8.955709,0.000000,2.623176,0.0000,0.0000,8.955709,6.979630,1.038910,33.00
5.019995,torque-chirp,foot_right_joint,RS02,9.042764,0.000000,1.874680,0.0000,0.0000,9.042764,7.909821,0.839169,33.00
5.027993,torque-chirp,foot_right_joint,RS02,9.141706,0.000000,1.075232,0.0000,0.0000,9.141706,8.650494,0.830349,33.00
5.035993,torque-chirp,foot_right_joint,RS02,9.247552,0.000000,0.245575,0.0000,0.0000,9.247552,9.327995,0.649805,33.00
5.043992,torque-chirp,foot_right_joint,RS02,9.359151,0.000000,-0.591717,0.0000,0.0000,9.359151,9.663078,0.432943,33.00
5.051994,torque-chirp,foot_right_joint,RS02,9.473433,0.000000,-1.414406,0.0000,0.0000,9.473433,9.760128,0.246174,33.00
5.059994,torque-chirp,foot_right_joint,RS02,9.587718,0.000000,-2.199554,0.0000,0.0000,9.587718,9.664909,0.105059,33.00
5.067992,torque-chirp,foot_right_joint,RS02,9.700084,0.000000,-2.925825,0.0000,0.0000,9.700084,9.400322,-0.101946,33.00
5.076033,torque-chirp,foot_right_joint,RS02,9.805930,0.000000,-3.576616,0.0000,0.0000,9.805930,8.774090,-0.356161,33.00
5.084012,torque-chirp,foot_right_joint,RS02,9.903724,0.000000,-4.125592,0.0000,0.0000,9.903724,7.974823,-0.416861,33.00
5.092004,torque-chirp,foot_right_joint,RS02,9.989244,0.000000,-4.563500,0.0000,0.0000,9.989244,6.849621,-0.647730,33.00
5.099995,torque-chirp,foot_right_joint,RS02,10.058658,0.000000,-4.876729,0.0000,0.0000,10.058658,5.411308,-0.689234,33.00
5.107995,torque-chirp,foot_right_joint,RS02,10.111581,0.000000,-5.056468,0.0000,0.0000,10.111581,3.831081,-0.876005,33.00
5.115990,torque-chirp,foot_right_joint,RS02,10.145711,0.000000,-5.096767,0.0000,0.0000,10.145711,2.244450,-1.146303,33.00
5.123991,torque-chirp,foot_right_joint,RS02,10.154916,0.000000,-4.995989,0.0000,0.0000,10.154916,-0.282444,-1.514137,33.00
5.131991,torque-chirp,foot_right_joint,RS02,10.139958,0.000000,-4.756302,0.0000,0.0000,10.139958,-1.914854,-1.298833,33.00
5.139989,torque-chirp,foot_right_joint,RS02,10.105445,0.000000,-4.383979,0.0000,0.0000,10.105445,-3.647058,-1.216861,33.00
5.147988,torque-chirp,foot_right_joint,RS02,10.054055,0.000000,-3.888779,0.0000,0.0000,10.054055,-5.059738,-1.122438,33.00
5.155991,torque-chirp,foot_right_joint,RS02,9.986560,0.000000,-3.283762,0.0000,0.0000,9.986560,-6.325933,-1.159792,33.00
5.163990,torque-chirp,foot_right_joint,RS02,9.902574,0.000000,-2.586105,0.0000,0.0000,9.902574,-7.530785,-1.030610,33.00
5.171988,torque-chirp,foot_right_joint,RS02,9.807849,0.000000,-1.814802,0.0000,0.0000,9.807849,-8.464638,-0.940855,33.00
5.179990,torque-chirp,foot_right_joint,RS02,9.701619,0.000000,-0.991000,0.0000,0.0000,9.701619,-9.332571,-0.681971,33.00
5.187989,torque-chirp,foot_right_joint,RS02,9.586568,0.000000,-0.138294,0.0000,0.0000,9.586568,-9.983521,-0.530998,33.00
5.195989,torque-chirp,foot_right_joint,RS02,9.467298,0.000000,0.719482,0.0000,0.0000,9.467298,-10.384527,-0.433983,33.00
5.203991,torque-chirp,foot_right_joint,RS02,9.346879,0.000000,1.558172,0.0000,0.0000,9.346879,-10.244450,-0.259663,33.00
5.211990,torque-chirp,foot_right_joint,RS02,9.225310,0.000000,2.353168,0.0000,0.0000,9.225310,-10.184025,-0.168873,33.00
5.219990,torque-chirp,foot_right_joint,RS02,9.107575,0.000000,3.082006,0.0000,0.0000,9.107575,-9.907532,-0.058886,33.00
5.227992,torque-chirp,foot_right_joint,RS02,8.994826,0.000000,3.723619,0.0000,0.0000,8.994826,-9.139391,0.207264,33.00
5.235989,torque-chirp,foot_right_joint,RS02,8.892432,0.000000,4.258710,0.0000,0.0000,8.892432,-8.409706,0.543449,33.00
5.243989,torque-chirp,foot_right_joint,RS02,8.802691,0.000000,4.672058,0.0000,0.0000,8.802691,-7.209431,0.593773,33.00
5.251991,torque-chirp,foot_right_joint,RS02,8.728293,0.000000,4.950992,0.0000,0.0000,8.728293,-5.732662,0.838650,33.00
5.259988,torque-chirp,foot_right_joint,RS02,8.671151,0.000000,5.086810,0.0000,0.0000,8.671151,-4.257725,0.973539,33.00
5.267987,torque-chirp,foot_right_joint,RS02,8.633950,0.000000,5.075179,0.0000,0.0000,8.633950,-2.377203,0.866148,33.00
5.275990,torque-chirp,foot_right_joint,RS02,8.621295,0.000000,4.915704,0.0000,0.0000,8.621295,0.037079,1.629313,33.00
5.283988,torque-chirp,foot_right_joint,RS02,8.633950,0.000000,4.612670,0.0000,0.0000,8.633950,1.749140,1.201817,33.00
5.291988,torque-chirp,foot_right_joint,RS02,8.666165,0.000000,4.174289,0.0000,0.0000,8.666165,3.344929,1.211155,33.00
5.299992,torque-chirp,foot_right_joint,RS02,8.714869,0.000000,3.612534,0.0000,0.0000,8.714869,4.753948,1.164982,33.00
5.307989,torque-chirp,foot_right_joint,RS02,8.780065,0.000000,2.944306,0.0000,0.0000,8.780065,6.078735,1.088715,33.00
5.315989,torque-chirp,foot_right_joint,RS02,8.859065,0.000000,2.188184,0.0000,0.0000,8.859065,7.223164,0.989622,33.00
5.323991,torque-chirp,foot_right_joint,RS02,8.949573,0.000000,1.366218,0.0000,0.0000,8.949573,8.076447,0.826717,33.00
5.331990,torque-chirp,foot_right_joint,RS02,9.049283,0.000000,0.502966,0.0000,0.0000,9.049283,8.760357,0.583397,33.00
5.339989,torque-chirp,foot_right_joint,RS02,9.155513,0.000000,-0.376210,0.0000,0.0000,9.155513,9.238270,0.528923,33.00
5.347991,torque-chirp,foot_right_joint,RS02,9.265193,0.000000,-1.245675,0.0000,0.0000,9.265193,9.401237,0.414785,33.00
5.355999,torque-chirp,foot_right_joint,RS02,9.375642,0.000000,-2.079659,0.0000,0.0000,9.375642,9.347221,0.217121,33.00
5.363987,torque-chirp,foot_right_joint,RS02,9.484174,0.000000,-2.850524,0.0000,0.0000,9.484174,9.100025,0.091570,33.00
5.371991,torque-chirp,foot_right_joint,RS02,9.588101,0.000000,-3.538234,0.0000,0.0000,9.588101,8.688030,-0.222828,33.00
5.379988,torque-chirp,foot_right_joint,RS02,9.683978,0.000000,-4.119736,0.0000,0.0000,9.683978,7.797207,-0.484825,33.00
5.387989,torque-chirp,foot_right_joint,RS02,9.767579,0.000000,-4.577961,0.0000,0.0000,9.767579,6.714123,-0.595331,33.00
5.395990,torque-chirp,foot_right_joint,RS02,9.836610,0.000000,-4.898321,0.0000,0.0000,9.836610,5.349968,-0.666925,33.00
5.403989,torque-chirp,foot_right_joint,RS02,9.888383,0.000000,-5.070403,0.0000,0.0000,9.888383,3.736782,-0.765499,33.00
5.411989,torque-chirp,foot_right_joint,RS02,9.920981,0.000000,-5.088603,0.0000,0.0000,9.920981,2.037537,-1.220492,33.00
5.420007,torque-chirp,foot_right_joint,RS02,9.927884,0.000000,-4.951243,0.0000,0.0000,9.927884,-0.536966,-1.372503,33.00
5.427990,torque-chirp,foot_right_joint,RS02,9.910626,0.000000,-4.663317,0.0000,0.0000,9.910626,-2.055849,-1.318028,33.00
5.435989,torque-chirp,foot_right_joint,RS02,9.875344,0.000000,-4.231757,0.0000,0.0000,9.875344,-3.658960,-1.147860,33.00
5.444076,torque-chirp,foot_right_joint,RS02,9.822804,0.000000,-3.662951,0.0000,0.0000,9.822804,-5.039597,-1.120882,33.00
5.451994,torque-chirp,foot_right_joint,RS02,9.754157,0.000000,-2.993465,0.0000,0.0000,9.754157,-6.350653,-1.116213,33.00
5.459990,torque-chirp,foot_right_joint,RS02,9.671323,0.000000,-2.224801,0.0000,0.0000,9.671323,-7.472191,-0.963165,33.00
5.468011,torque-chirp,foot_right_joint,RS02,9.576598,0.000000,-1.383710,0.0000,0.0000,9.576598,-8.462807,-0.866148,33.00
5.475990,torque-chirp,foot_right_joint,RS02,9.472283,0.000000,-0.503115,0.0000,0.0000,9.472283,-9.104601,-0.664850,33.00
5.484245,torque-chirp,foot_right_joint,RS02,9.357617,0.000000,0.425130,0.0000,0.0000,9.357617,-9.595331,-0.425680,33.00
5.492043,torque-chirp,foot_right_joint,RS02,9.246018,0.000000,1.290568,0.0000,0.0000,9.246018,-9.811399,-0.273670,33.00
5.500013,torque-chirp,foot_right_joint,RS02,9.131736,0.000000,2.136530,0.0000,0.0000,9.131736,-9.883726,-0.095201,33.00
5.508007,torque-chirp,foot_right_joint,RS02,9.018220,0.000000,2.919225,0.0000,0.0000,9.018220,-9.481804,0.094164,33.00
5.515997,torque-chirp,foot_right_joint,RS02,8.910840,0.000000,3.611029,0.0000,0.0000,8.910840,-8.963606,0.231647,33.00
5.523995,torque-chirp,foot_right_joint,RS02,8.811513,0.000000,4.190770,0.0000,0.0000,8.811513,-7.979401,0.352530,33.00
5.531997,torque-chirp,foot_right_joint,RS02,8.723308,0.000000,4.639178,0.0000,0.0000,8.723308,-7.009842,0.667444,33.00
5.539996,torque-chirp,foot_right_joint,RS02,8.650825,0.000000,4.941177,0.0000,0.0000,8.650825,-5.520256,0.775875,33.00
5.547993,torque-chirp,foot_right_joint,RS02,8.595601,0.000000,5.086830,0.0000,0.0000,8.595601,-3.921721,0.890013,33.00
5.555992,torque-chirp,foot_right_joint,RS02,8.559936,0.000000,5.070984,0.0000,0.0000,8.559936,-2.273746,1.018158,33.00
5.563993,torque-chirp,foot_right_joint,RS02,8.548814,0.000000,4.893456,0.0000,0.0000,8.548814,0.197300,1.580027,33.00
5.571992,torque-chirp,foot_right_joint,RS02,8.563003,0.000000,4.559314,0.0000,0.0000,8.563003,1.807737,1.256809,33.00
5.579993,torque-chirp,foot_right_joint,RS02,8.595601,0.000000,4.078709,0.0000,0.0000,8.595601,3.420006,1.190922,33.00
5.587995,torque-chirp,foot_right_joint,RS02,8.645072,0.000000,3.466357,0.0000,0.0000,8.645072,4.773174,1.064850,33.00
5.595995,torque-chirp,foot_right_joint,RS02,8.710269,0.000000,2.741702,0.0000,0.0000,8.710269,6.161133,1.046692,33.00
5.603995,torque-chirp,foot_right_joint,RS02,8.788886,0.000000,1.927766,0.0000,0.0000,8.788886,7.255207,0.997925,33.00
5.611994,torque-chirp,foot_right_joint,RS02,8.879008,0.000000,1.050547,0.0000,0.0000,8.879008,8.047150,0.672632,33.00
5.619992,torque-chirp,foot_right_joint,RS02,8.976800,0.000000,0.138352,0.0000,0.0000,8.976800,8.534218,0.620752,33.00
5.627993,torque-chirp,foot_right_joint,RS02,9.080346,0.000000,-0.779753,0.0000,0.0000,9.080346,8.834518,0.511803,33.00
5.636003,torque-chirp,foot_right_joint,RS02,9.186576,0.000000,-1.674582,0.0000,0.0000,9.186576,9.056080,0.278339,33.00
5.643990,torque-chirp,foot_right_joint,RS02,9.292422,0.000000,-2.513309,0.0000,0.0000,9.292422,8.966354,0.036057,33.00
5.651991,torque-chirp,foot_right_joint,RS02,9.394818,0.000000,-3.272322,0.0000,0.0000,9.394818,8.532387,-0.187550,33.00
5.659993,torque-chirp,foot_right_joint,RS02,9.490693,0.000000,-3.924775,0.0000,0.0000,9.490693,7.875946,-0.173542,33.00
5.667991,torque-chirp,foot_right_joint,RS02,9.576598,0.000000,-4.448605,0.0000,0.0000,9.576598,6.832226,-0.626978,33.00
5.675990,torque-chirp,foot_right_joint,RS02,9.649077,0.000000,-4.826393,0.0000,0.0000,9.649077,5.732658,-0.701168,33.00
5.683990,torque-chirp,foot_right_joint,RS02,9.704686,0.000000,-5.045094,0.0000,0.0000,9.704686,4.032501,-0.871855,33.00
5.691986,torque-chirp,foot_right_joint,RS02,9.741885,0.000000,-5.096802,0.0000,0.0000,9.741885,2.538338,-0.999481,33.00
5.699987,torque-chirp,foot_right_joint,RS02,9.755691,0.000000,-4.979237,0.0000,0.0000,9.755691,0.118565,-1.676524,33.00
5.707991,torque-chirp,foot_right_joint,RS02,9.743419,0.000000,-4.695490,0.0000,0.0000,9.743419,-1.701534,-1.289494,33.00
5.715988,torque-chirp,foot_right_joint,RS02,9.712739,0.000000,-4.254909,0.0000,0.0000,9.712739,-3.245136,-1.155642,33.00
5.723990,torque-chirp,foot_right_joint,RS02,9.664418,0.000000,-3.671082,0.0000,0.0000,9.664418,-4.663311,-1.139559,33.00
5.731991,torque-chirp,foot_right_joint,RS02,9.598840,0.000000,-2.963385,0.0000,0.0000,9.598840,-6.061342,-1.077821,33.00
5.739988,torque-chirp,foot_right_joint,RS02,9.520223,0.000000,-2.155636,0.0000,0.0000,9.520223,-7.125200,-0.970428,33.00
5.748048,torque-chirp,foot_right_joint,RS02,9.429332,0.000000,-1.267112,0.0000,0.0000,9.429332,-8.067293,-0.721920,33.00
5.756051,torque-chirp,foot_right_joint,RS02,9.329238,0.000000,-0.340751,0.0000,0.0000,9.329238,-8.785076,-0.668482,33.00
5.768051,torque-chirp,foot_right_joint,RS02,9.168935,0.000000,1.062114,0.0000,0.0000,9.168935,-9.403067,-0.539818,33.00
5.776033,torque-chirp,foot_right_joint,RS02,9.056952,0.000000,1.958233,0.0000,0.0000,9.056952,-9.619135,-0.272114,33.00
5.784014,torque-chirp,foot_right_joint,RS02,8.945737,0.000000,2.788809,0.0000,0.0000,8.945737,-9.337149,-0.064592,33.00
5.792016,torque-chirp,foot_right_joint,RS02,8.838740,0.000000,3.527416,0.0000,0.0000,8.838740,-8.852827,0.237873,33.00
5.800004,torque-chirp,foot_right_joint,RS02,8.739030,0.000000,4.145013,0.0000,0.0000,8.739030,-8.074617,0.411154,33.00
5.808060,torque-chirp,foot_right_joint,RS02,8.649674,0.000000,4.624938,0.0000,0.0000,8.649674,-7.059280,0.586510,33.00
5.816027,torque-chirp,foot_right_joint,RS02,8.576808,0.000000,4.941441,0.0000,0.0000,8.576808,-5.636530,0.690790,33.00
5.824033,torque-chirp,foot_right_joint,RS02,8.520818,0.000000,5.089617,0.0000,0.0000,8.520818,-4.119478,0.792477,33.00
5.832026,torque-chirp,foot_right_joint,RS02,8.483235,0.000000,5.061938,0.0000,0.0000,8.483235,-2.497139,0.947081,33.00
5.840019,torque-chirp,foot_right_joint,RS02,8.470580,0.000000,4.859113,0.0000,0.0000,8.470580,0.115814,1.479897,33.00
5.848003,torque-chirp,foot_right_joint,RS02,8.484769,0.000000,4.488081,0.0000,0.0000,8.484769,1.883726,1.173283,33.00
5.855996,torque-chirp,foot_right_joint,RS02,8.517367,0.000000,3.960364,0.0000,0.0000,8.517367,3.358662,1.200260,33.00
5.863995,torque-chirp,foot_right_joint,RS02,8.566072,0.000000,3.293491,0.0000,0.0000,8.566072,4.743877,1.159794,33.00
5.871993,torque-chirp,foot_right_joint,RS02,8.630116,0.000000,2.510632,0.0000,0.0000,8.630116,6.124512,1.005188,33.00
5.879992,torque-chirp,foot_right_joint,RS02,8.707200,0.000000,1.638958,0.0000,0.0000,8.707200,7.028152,0.821529,33.00
5.887991,torque-chirp,foot_right_joint,RS02,8.795022,0.000000,0.708500,0.0000,0.0000,8.795022,7.790798,0.811153,33.00
5.895994,torque-chirp,foot_right_joint,RS02,8.890897,0.000000,-0.248310,0.0000,0.0000,8.890897,8.319981,0.526329,33.00
5.903993,torque-chirp,foot_right_joint,RS02,8.990224,0.000000,-1.197005,0.0000,0.0000,8.990224,8.564434,0.272114,33.00
5.911993,torque-chirp,foot_right_joint,RS02,9.090701,0.000000,-2.104630,0.0000,0.0000,9.090701,8.735638,0.276783,33.00
5.919993,torque-chirp,foot_right_joint,RS02,9.190795,0.000000,-2.938639,0.0000,0.0000,9.190795,8.355690,0.052139,33.00
5.927994,torque-chirp,foot_right_joint,RS02,9.285136,0.000000,-3.669170,0.0000,0.0000,9.285136,7.785305,-0.321402,33.00
5.936042,torque-chirp,foot_right_joint,RS02,9.371039,0.000000,-4.272888,0.0000,0.0000,9.371039,7.020828,-0.385733,33.00
5.944022,torque-chirp,foot_right_joint,RS02,9.445056,0.000000,-4.719649,0.0000,0.0000,9.445056,5.814144,-0.646692,33.00
5.952016,torque-chirp,foot_right_joint,RS02,9.503732,0.000000,-4.999136,0.0000,0.0000,9.503732,4.337379,-0.846952,33.00
5.960010,torque-chirp,foot_right_joint,RS02,9.545150,0.000000,-5.099767,0.0000,0.0000,9.545150,2.862438,-0.869780,33.00
5.968005,torque-chirp,foot_right_joint,RS02,9.564708,0.000000,-5.017291,0.0000,0.0000,9.564708,0.598309,-1.931777,33.00
5.975998,torque-chirp,foot_right_joint,RS02,9.555886,0.000000,-4.754136,0.0000,0.0000,9.555886,-1.500114,-1.228274,33.00
5.983994,torque-chirp,foot_right_joint,RS02,9.527892,0.000000,-4.318965,0.0000,0.0000,9.527892,-3.079422,-1.187808,33.00
5.991993,torque-chirp,foot_right_joint,RS02,9.482257,0.000000,-3.726709,0.0000,0.0000,9.482257,-4.446327,-1.174838,33.00
6.000113,torque-chirp,foot_right_joint,RS02,9.420512,0.000000,-2.986509,0.0000,0.0000,9.420512,-5.740902,-1.069001,33.00
6.007998,torque-chirp,foot_right_joint,RS02,9.344579,0.000000,-2.159503,0.0000,0.0000,9.344579,-6.979630,-1.020752,33.00
6.015993,torque-chirp,foot_right_joint,RS02,9.256373,0.000000,-1.242057,0.0000,0.0000,9.256373,-7.911652,-0.764462,33.00
6.023993,torque-chirp,foot_right_joint,RS02,9.158580,0.000000,-0.277510,0.0000,0.0000,9.158580,-8.648661,-0.685602,33.00
6.031994,torque-chirp,foot_right_joint,RS02,9.054269,0.000000,0.698232,0.0000,0.0000,9.054269,-9.056992,-0.466667,33.00
6.039992,torque-chirp,foot_right_joint,RS02,8.947270,0.000000,1.649328,0.0000,0.0000,8.947270,-9.156786,-0.239429,33.00
6.047992,torque-chirp,foot_right_joint,RS02,8.840657,0.000000,2.540870,0.0000,0.0000,8.840657,-9.100023,-0.036058,33.00
6.055993,torque-chirp,foot_right_joint,RS02,8.736730,0.000000,3.339795,0.0000,0.0000,8.736730,-8.730143,0.138262,33.00
6.063993,torque-chirp,foot_right_joint,RS02,8.639319,0.000000,4.015983,0.0000,0.0000,8.639319,-8.048983,0.210896,33.00
6.071992,torque-chirp,foot_right_joint,RS02,8.552266,0.000000,4.544048,0.0000,0.0000,8.552266,-6.971388,0.617640,33.00
6.079992,torque-chirp,foot_right_joint,RS02,8.479016,0.000000,4.903978,0.0000,0.0000,8.479016,-5.717098,0.756680,33.00
6.087992,torque-chirp,foot_right_joint,RS02,8.422643,0.000000,5.081660,0.0000,0.0000,8.422643,-4.285192,0.873930,33.00
6.095994,torque-chirp,foot_right_joint,RS02,8.385058,0.000000,5.069860,0.0000,0.0000,8.385058,-2.481575,1.015045,33.00
6.103993,torque-chirp,foot_right_joint,RS02,8.370486,0.000000,4.868414,0.0000,0.0000,8.370486,-0.050812,1.678082,33.00
6.111989,torque-chirp,foot_right_joint,RS02,8.382758,0.000000,4.484411,0.0000,0.0000,8.382758,1.685053,1.308691,33.00
6.119993,torque-chirp,foot_right_joint,RS02,8.413054,0.000000,3.930970,0.0000,0.0000,8.413054,3.191120,1.101685,33.00
6.127994,torque-chirp,foot_right_joint,RS02,8.460608,0.000000,3.229047,0.0000,0.0000,8.460608,4.612957,1.102722,33.00
6.135992,torque-chirp,foot_right_joint,RS02,8.522737,0.000000,2.404695,0.0000,0.0000,8.522737,5.730827,0.954863,33.00
6.143991,torque-chirp,foot_right_joint,RS02,8.597903,0.000000,1.488328,0.0000,0.0000,8.597903,6.901806,0.817898,33.00
6.151992,torque-chirp,foot_right_joint,RS02,8.683421,0.000000,0.514271,0.0000,0.0000,8.683421,7.615013,0.816860,33.00
6.159990,torque-chirp,foot_right_joint,RS02,8.775846,0.000000,-0.479963,0.0000,0.0000,8.775846,8.108494,0.526329,33.00
6.167992,torque-chirp,foot_right_joint,RS02,8.872489,0.000000,-1.457635,0.0000,0.0000,8.872489,8.318150,0.230091,33.00
6.175993,torque-chirp,foot_right_joint,RS02,8.969514,0.000000,-2.380506,0.0000,0.0000,8.969514,8.312656,0.191179,33.00
6.183991,torque-chirp,foot_right_joint,RS02,9.064239,0.000000,-3.213121,0.0000,0.0000,9.064239,7.913483,-0.121660,33.00
6.191991,torque-chirp,foot_right_joint,RS02,9.153211,0.000000,-3.923598,0.0000,0.0000,9.153211,7.338520,-0.252918,33.00
6.199994,torque-chirp,foot_right_joint,RS02,9.232980,0.000000,-4.484134,0.0000,0.0000,9.232980,6.429386,-0.541893,33.00
6.207993,torque-chirp,foot_right_joint,RS02,9.298942,0.000000,-4.872386,0.0000,0.0000,9.298942,5.051502,-0.707394,33.00
6.215991,torque-chirp,foot_right_joint,RS02,9.348796,0.000000,-5.072933,0.0000,0.0000,9.348796,3.651638,-0.843321,33.00
6.223992,torque-chirp,foot_right_joint,RS02,9.379478,0.000000,-5.077466,0.0000,0.0000,9.379478,1.969786,-1.365240,33.00
6.231992,torque-chirp,foot_right_joint,RS02,9.383697,0.000000,-4.885068,0.0000,0.0000,9.383697,-0.588236,-1.327367,33.00
6.239992,torque-chirp,foot_right_joint,RS02,9.364520,0.000000,-4.502590,0.0000,0.0000,9.364520,-2.297552,-1.150972,33.00
6.247993,torque-chirp,foot_right_joint,RS02,9.327321,0.000000,-3.944170,0.0000,0.0000,9.327321,-3.696499,-1.247471,33.00
6.255991,torque-chirp,foot_right_joint,RS02,9.273246,0.000000,-3.231360,0.0000,0.0000,9.273246,-5.220875,-1.177432,33.00
6.263990,torque-chirp,foot_right_joint,RS02,9.204217,0.000000,-2.391331,0.0000,0.0000,9.204217,-6.354315,-1.017639,33.00
6.271991,torque-chirp,foot_right_joint,RS02,9.121764,0.000000,-1.456321,0.0000,0.0000,9.121764,-7.430075,-0.864073,33.00
6.279992,torque-chirp,foot_right_joint,RS02,9.028956,0.000000,-0.463140,0.0000,0.0000,9.028956,-8.168003,-0.671076,33.00
6.287992,torque-chirp,foot_right_joint,RS02,8.930015,0.000000,0.549417,0.0000,0.0000,8.930015,-8.580910,-0.545525,33.00
6.295993,torque-chirp,foot_right_joint,RS02,8.826852,0.000000,1.541392,0.0000,0.0000,8.826852,-8.894941,-0.317770,33.00
6.303991,torque-chirp,foot_right_joint,RS02,8.723308,0.000000,2.473182,0.0000,0.0000,8.723308,-8.796062,-0.067186,33.00
6.311993,torque-chirp,foot_right_joint,RS02,8.622064,0.000000,3.308289,0.0000,0.0000,8.622064,-8.486610,0.120104,33.00
6.319992,torque-chirp,foot_right_joint,RS02,8.527722,0.000000,4.012631,0.0000,0.0000,8.527722,-7.615931,0.215046,33.00
6.327991,torque-chirp,foot_right_joint,RS02,8.442584,0.000000,4.557875,0.0000,0.0000,8.442584,-6.825817,0.559532,33.00
6.335992,torque-chirp,foot_right_joint,RS02,8.371253,0.000000,4.921884,0.0000,0.0000,8.371253,-5.548637,0.794033,33.00
6.343994,torque-chirp,foot_right_joint,RS02,8.316413,0.000000,5.089361,0.0000,0.0000,8.316413,-4.009613,0.966276,33.00
6.351992,torque-chirp,foot_right_joint,RS02,8.280362,0.000000,5.052927,0.0000,0.0000,8.280362,-2.401007,1.016083,33.00
6.359991,torque-chirp,foot_right_joint,RS02,8.269240,0.000000,4.813464,0.0000,0.0000,8.269240,0.197300,1.544748,33.00
6.367990,torque-chirp,foot_right_joint,RS02,8.283431,0.000000,4.379898,0.0000,0.0000,8.283431,1.830626,1.264074,33.00
6.375991,torque-chirp,foot_right_joint,RS02,8.315646,0.000000,3.769022,0.0000,0.0000,8.315646,3.423668,1.192478,33.00
6.383994,torque-chirp,foot_right_joint,RS02,8.364734,0.000000,3.004757,0.0000,0.0000,8.364734,4.807053,1.087677,33.00
6.391993,torque-chirp,foot_right_joint,RS02,8.428395,0.000000,2.118334,0.0000,0.0000,8.428395,5.808651,0.969908,33.00
6.399991,torque-chirp,foot_right_joint,RS02,8.503945,0.000000,1.144970,0.0000,0.0000,8.503945,6.756237,0.841763,33.00
6.407992,torque-chirp,foot_right_joint,RS02,8.588696,0.000000,0.123532,0.0000,0.0000,8.588696,7.458458,0.500389,33.00
6.415995,torque-chirp,foot_right_joint,RS02,8.679587,0.000000,-0.904279,0.0000,0.0000,8.679587,7.922638,0.547600,33.00
6.423993,torque-chirp,foot_right_joint,RS02,8.773929,0.000000,-1.895542,0.0000,0.0000,8.773929,8.038910,0.238392,33.00
6.431993,torque-chirp,foot_right_joint,RS02,8.867503,0.000000,-2.810464,0.0000,0.0000,8.867503,7.940033,0.022568,33.00
6.439994,torque-chirp,foot_right_joint,RS02,8.956475,0.000000,-3.611143,0.0000,0.0000,8.956475,7.417259,-0.151751,33.00
6.447994,torque-chirp,foot_right_joint,RS02,9.038545,0.000000,-4.263831,0.0000,0.0000,9.038545,6.575874,-0.387808,33.00
6.455993,torque-chirp,foot_right_joint,RS02,9.109109,0.000000,-4.741308,0.0000,0.0000,9.109109,5.533989,-0.720882,33.00
6.463994,torque-chirp,foot_right_joint,RS02,9.165099,0.000000,-5.023408,0.0000,0.0000,9.165099,4.168919,-0.871336,33.00
6.471991,torque-chirp,foot_right_joint,RS02,9.202683,0.000000,-5.097652,0.0000,0.0000,9.202683,2.557564,-0.943449,33.00
6.479991,torque-chirp,foot_right_joint,RS02,9.217256,0.000000,-4.960380,0.0000,0.0000,9.217256,0.173496,-1.674968,33.00
6.487991,torque-chirp,foot_right_joint,RS02,9.204984,0.000000,-4.616621,0.0000,0.0000,9.204984,-1.716183,-1.222049,33.00
6.495991,torque-chirp,foot_right_joint,RS02,9.173921,0.000000,-4.079966,0.0000,0.0000,9.173921,-3.313801,-1.207522,33.00
6.503990,torque-chirp,foot_right_joint,RS02,9.125600,0.000000,-3.372334,0.0000,0.0000,9.125600,-4.622110,-1.077821,33.00
6.511993,torque-chirp,foot_right_joint,RS02,9.061172,0.000000,-2.522347,0.0000,0.0000,9.061172,-5.979858,-1.018158,33.00
6.519992,torque-chirp,foot_right_joint,RS02,8.984471,0.000000,-1.566010,0.0000,0.0000,8.984471,-6.858778,-0.947081,33.00
6.527992,torque-chirp,foot_right_joint,RS02,8.896266,0.000000,-0.542619,0.0000,0.0000,8.896266,-7.756924,-0.681452,33.00
6.535995,torque-chirp,foot_right_joint,RS02,8.801925,0.000000,0.505001,0.0000,0.0000,8.801925,-8.280615,-0.582361,33.00
6.544044,torque-chirp,foot_right_joint,RS02,8.702214,0.000000,1.538251,0.0000,0.0000,8.702214,-8.569008,-0.403372,33.00
6.552001,torque-chirp,foot_right_joint,RS02,8.601354,0.000000,2.496164,0.0000,0.0000,8.601354,-8.543373,-0.106615,33.00
6.559995,torque-chirp,foot_right_joint,RS02,8.503945,0.000000,3.353936,0.0000,0.0000,8.503945,-8.147861,0.146044,33.00
6.567992,torque-chirp,foot_right_joint,RS02,8.413438,0.000000,4.070469,0.0000,0.0000,8.413438,-7.485924,0.221272,33.00
6.575994,torque-chirp,foot_right_joint,RS02,8.330985,0.000000,4.614786,0.0000,0.0000,8.330985,-6.549324,0.559532,33.00
6.583994,torque-chirp,foot_right_joint,RS02,8.263490,0.000000,4.962551,0.0000,0.0000,8.263490,-5.279469,0.762386,33.00
6.591993,torque-chirp,foot_right_joint,RS02,8.213250,0.000000,5.098348,0.0000,0.0000,8.213250,-3.631495,0.929441,33.00
6.599993,torque-chirp,foot_right_joint,RS02,8.181418,0.000000,5.015735,0.0000,0.0000,8.181418,-1.945068,1.307653,33.00
6.607993,torque-chirp,foot_right_joint,RS02,8.177201,0.000000,4.717531,0.0000,0.0000,8.177201,0.719158,1.217899,33.00
6.615991,torque-chirp,foot_right_joint,RS02,8.196759,0.000000,4.216045,0.0000,0.0000,8.196759,2.347904,1.208561,33.00
6.623992,torque-chirp,foot_right_joint,RS02,8.233577,0.000000,3.531931,0.0000,0.0000,8.233577,3.723965,1.128662,33.00
6.631993,torque-chirp,foot_right_joint,RS02,8.286115,0.000000,2.694413,0.0000,0.0000,8.286115,5.117420,1.065887,33.00
6.639991,torque-chirp,foot_right_joint,RS02,8.353612,0.000000,1.739514,0.0000,0.0000,8.353612,6.163879,0.838131,33.00
6.647991,torque-chirp,foot_right_joint,RS02,8.432229,0.000000,0.707922,0.0000,0.0000,8.432229,7.056534,0.748898,33.00
6.656092,torque-chirp,foot_right_joint,RS02,8.518901,0.000000,-0.368979,0.0000,0.0000,8.518901,7.611351,0.569389,33.00
6.664015,torque-chirp,foot_right_joint,RS02,8.608640,0.000000,-1.407733,0.0000,0.0000,8.608640,7.892426,0.370169,33.00
6.672006,torque-chirp,foot_right_joint,RS02,8.701064,0.000000,-2.395175,0.0000,0.0000,8.701064,7.846645,0.067186,33.00
6.680048,torque-chirp,foot_right_joint,RS02,8.791955,0.000000,-3.284344,0.0000,0.0000,8.791955,7.563744,0.018417,33.00
6.688001,torque-chirp,foot_right_joint,RS02,8.875939,0.000000,-4.021441,0.0000,0.0000,8.875939,6.878002,-0.392477,33.00
6.695992,torque-chirp,foot_right_joint,RS02,8.950723,0.000000,-4.586701,0.0000,0.0000,8.950723,5.946896,-0.532036,33.00
6.703993,torque-chirp,foot_right_joint,RS02,9.012084,0.000000,-4.951233,0.0000,0.0000,9.012084,4.680706,-0.705318,33.00
6.711996,torque-chirp,foot_right_joint,RS02,9.056186,0.000000,-5.097476,0.0000,0.0000,9.056186,3.215839,-0.887938,33.00
6.719992,torque-chirp,foot_right_joint,RS02,9.081113,0.000000,-5.018292,0.0000,0.0000,9.081113,1.093615,-1.665629,33.00
6.727993,torque-chirp,foot_right_joint,RS02,9.076894,0.000000,-4.716449,0.0000,0.0000,9.076894,-1.249256,-1.122957,33.00
6.736053,torque-chirp,foot_right_joint,RS02,9.051967,0.000000,-4.200215,0.0000,0.0000,9.051967,-2.698559,-1.317510,33.00
6.744014,torque-chirp,foot_right_joint,RS02,9.009782,0.000000,-3.503303,0.0000,0.0000,9.009782,-4.303503,-1.078340,33.00
6.751996,torque-chirp,foot_right_joint,RS02,8.951489,0.000000,-2.648403,0.0000,0.0000,8.951489,-5.535820,-0.994812,33.00
6.759999,torque-chirp,foot_right_joint,RS02,8.879392,0.000000,-1.672074,0.0000,0.0000,8.879392,-6.553902,-0.983917,33.00
6.767997,torque-chirp,foot_right_joint,RS02,8.796556,0.000000,-0.620459,0.0000,0.0000,8.796556,-7.376974,-0.713619,33.00
6.775991,torque-chirp,foot_right_joint,RS02,8.705283,0.000000,0.459616,0.0000,0.0000,8.705283,-7.933624,-0.650843,33.00
6.783997,torque-chirp,foot_right_joint,RS02,8.609792,0.000000,1.521523,0.0000,0.0000,8.609792,-8.141451,-0.293385,33.00
6.791994,torque-chirp,foot_right_joint,RS02,8.513148,0.000000,2.514951,0.0000,0.0000,8.513148,-8.246738,-0.145525,33.00
6.799990,torque-chirp,foot_right_joint,RS02,8.419190,0.000000,3.395604,0.0000,0.0000,8.419190,-7.817350,0.042801,33.00
6.807995,torque-chirp,foot_right_joint,RS02,8.330985,0.000000,4.124361,0.0000,0.0000,8.330985,-7.243305,0.354605,33.00
6.816033,torque-chirp,foot_right_joint,RS02,8.251985,0.000000,4.668407,0.0000,0.0000,8.251985,-6.364386,0.605188,33.00
6.824008,torque-chirp,foot_right_joint,RS02,8.188706,0.000000,4.996970,0.0000,0.0000,8.188706,-4.884871,0.766537,33.00
6.832008,torque-chirp,foot_right_joint,RS02,8.141919,0.000000,5.099600,0.0000,0.0000,8.141919,-3.339436,0.978209,33.00
6.839995,torque-chirp,foot_right_joint,RS02,8.115075,0.000000,4.969938,0.0000,0.0000,8.115075,-1.368277,1.577951,33.00
6.847995,torque-chirp,foot_right_joint,RS02,8.116609,0.000000,4.612787,0.0000,0.0000,8.116609,1.053329,1.161869,33.00
6.855991,torque-chirp,foot_right_joint,RS02,8.139235,0.000000,4.044123,0.0000,0.0000,8.139235,2.546577,1.201817,33.00
6.863994,torque-chirp,foot_right_joint,RS02,8.179502,0.000000,3.288755,0.0000,0.0000,8.179502,3.827419,1.038910,33.00
6.871994,torque-chirp,foot_right_joint,RS02,8.235110,0.000000,2.381330,0.0000,0.0000,8.235110,5.284050,0.901945,33.00
6.879992,torque-chirp,foot_right_joint,RS02,8.304141,0.000000,1.363406,0.0000,0.0000,8.304141,6.339664,0.871336,33.00
6.887992,torque-chirp,foot_right_joint,RS02,8.383525,0.000000,0.281311,0.0000,0.0000,8.383525,6.996109,0.763424,33.00
6.895993,torque-chirp,foot_right_joint,RS02,8.469428,0.000000,-0.815097,0.0000,0.0000,8.469428,7.371479,0.409597,33.00
6.904029,torque-chirp,foot_right_joint,RS02,8.559552,0.000000,-1.879192,0.0000,0.0000,8.559552,7.726711,0.270557,33.00
6.912014,torque-chirp,foot_right_joint,RS02,8.648524,0.000000,-2.850427,0.0000,0.0000,8.648524,7.566490,-0.024124,33.00
6.920001,torque-chirp,foot_right_joint,RS02,8.734044,0.000000,-3.690516,0.0000,0.0000,8.734044,7.098648,-0.066668,33.00
6.927993,torque-chirp,foot_right_joint,RS02,8.812663,0.000000,-4.360067,0.0000,0.0000,8.812663,6.280155,-0.449547,33.00
6.936043,torque-chirp,foot_right_joint,RS02,8.880158,0.000000,-4.829323,0.0000,0.0000,8.880158,5.193409,-0.701687,33.00
6.944018,torque-chirp,foot_right_joint,RS02,8.931165,0.000000,-5.068636,0.0000,0.0000,8.931165,3.818264,-0.929441,33.00
6.952001,torque-chirp,foot_right_joint,RS02,8.964145,0.000000,-5.071488,0.0000,0.0000,8.964145,2.147400,-1.070039,33.00
6.960000,torque-chirp,foot_right_joint,RS02,8.971431,0.000000,-4.835935,0.0000,0.0000,8.971431,-0.496681,-1.248508,33.00
6.967996,torque-chirp,foot_right_joint,RS02,8.953792,0.000000,-4.372368,0.0000,0.0000,8.953792,-2.227970,-1.107393,33.00
6.975995,torque-chirp,foot_right_joint,RS02,8.918509,0.000000,-3.701555,0.0000,0.0000,8.918509,-3.600367,-1.212710,33.00
6.983993,torque-chirp,foot_right_joint,RS02,8.866353,0.000000,-2.854967,0.0000,0.0000,8.866353,-5.002975,-1.156679,33.00
6.991994,torque-chirp,foot_right_joint,RS02,8.800008,0.000000,-1.871729,0.0000,0.0000,8.800008,-6.200504,-0.979767,33.00
6.999992,torque-chirp,foot_right_joint,RS02,8.721389,0.000000,-0.798952,0.0000,0.0000,8.721389,-7.056534,-0.736446,33.00
7.007994,torque-chirp,foot_right_joint,RS02,8.634336,0.000000,0.313482,0.0000,0.0000,8.634336,-7.626917,-0.644617,33.00
7.015992,torque-chirp,foot_right_joint,RS02,8.542678,0.000000,1.411640,0.0000,0.0000,8.542678,-7.958344,-0.310507,33.00
7.023993,torque-chirp,foot_right_joint,RS02,8.449487,0.000000,2.443660,0.0000,0.0000,8.449487,-7.950104,-0.110765,33.00
7.031993,torque-chirp,foot_right_joint,RS02,8.358214,0.000000,3.359522,0.0000,0.0000,8.358214,-7.659876,-0.003891,33.00
7.039993,torque-chirp,foot_right_joint,RS02,8.271926,0.000000,4.114850,0.0000,0.0000,8.271926,-7.058365,0.326069,33.00
7.047992,torque-chirp,foot_right_joint,RS02,8.195609,0.000000,4.672866,0.0000,0.0000,8.195609,-5.975281,0.566795,33.00
7.055991,torque-chirp,foot_right_joint,RS02,8.133483,0.000000,5.006183,0.0000,0.0000,8.133483,-4.749371,0.726587,33.00
7.063993,torque-chirp,foot_right_joint,RS02,8.088613,0.000000,5.097964,0.0000,0.0000,8.088613,-3.148088,0.993773,33.00
7.071993,torque-chirp,foot_right_joint,RS02,8.063302,0.000000,4.942987,0.0000,0.0000,8.063302,-1.182421,1.679119,33.00
7.079991,torque-chirp,foot_right_joint,RS02,8.067136,0.000000,4.548153,0.0000,0.0000,8.067136,1.157701,1.177433,33.00
7.087994,torque-chirp,foot_right_joint,RS02,8.091680,0.000000,3.931630,0.0000,0.0000,8.091680,2.650948,1.271856,33.00
7.096070,torque-chirp,foot_right_joint,RS02,8.133100,0.000000,3.114574,0.0000,0.0000,8.133100,4.195469,1.129185,33.00
7.104000,torque-chirp,foot_right_joint,RS02,8.189857,0.000000,2.160613,0.0000,0.0000,8.189857,5.234608,1.016083,33.00
7.111995,torque-chirp,foot_right_joint,RS02,8.258887,0.000000,1.092924,0.0000,0.0000,8.258887,6.397343,0.834499,33.00
7.119993,torque-chirp,foot_right_joint,RS02,8.337888,0.000000,-0.029722,0.0000,0.0000,8.337888,7.039139,0.730219,33.00
7.127994,torque-chirp,foot_right_joint,RS02,8.423793,0.000000,-1.152542,0.0000,0.0000,8.423793,7.431908,0.381063,33.00
7.135993,torque-chirp,foot_right_joint,RS02,8.510848,0.000000,-2.219322,0.0000,0.0000,8.510848,7.522545,0.314137,33.00
7.143992,torque-chirp,foot_right_joint,RS02,8.597136,0.000000,-3.177924,0.0000,0.0000,8.597136,7.246052,-0.093126,33.00
7.151995,torque-chirp,foot_right_joint,RS02,8.678821,0.000000,-3.980804,0.0000,0.0000,8.678821,6.780956,-0.126848,33.00
7.159993,torque-chirp,foot_right_joint,RS02,8.752069,0.000000,-4.587103,0.0000,0.0000,8.752069,5.875484,-0.521141,33.00
7.167991,torque-chirp,foot_right_joint,RS02,8.811896,0.000000,-4.966629,0.0000,0.0000,8.811896,4.648663,-0.784695,33.00
7.175992,torque-chirp,foot_right_joint,RS02,8.855231,0.000000,-5.099916,0.0000,0.0000,8.855231,3.016251,-0.833464,33.00
7.183993,torque-chirp,foot_right_joint,RS02,8.878242,0.000000,-4.979405,0.0000,0.0000,8.878242,0.949875,-1.780286,33.00
7.191993,torque-chirp,foot_right_joint,RS02,8.873639,0.000000,-4.610435,0.0000,0.0000,8.873639,-1.229113,-1.383917,33.00
7.199992,torque-chirp,foot_right_joint,RS02,8.848712,0.000000,-4.010764,0.0000,0.0000,8.848712,-2.738842,-1.187289,33.00
7.207993,torque-chirp,foot_right_joint,RS02,8.806527,0.000000,-3.209567,0.0000,0.0000,8.806527,-4.173496,-1.197665,33.00
7.215991,torque-chirp,foot_right_joint,RS02,8.748235,0.000000,-2.246751,0.0000,0.0000,8.748235,-5.494621,-1.046693,33.00
7.223991,torque-chirp,foot_right_joint,RS02,8.678054,0.000000,-1.170125,0.0000,0.0000,8.678054,-6.508125,-0.833464,33.00
7.231993,torque-chirp,foot_right_joint,RS02,8.596751,0.000000,-0.032994,0.0000,0.0000,8.596751,-7.216755,-0.670557,33.00
7.239991,torque-chirp,foot_right_joint,RS02,8.509698,0.000000,1.106295,0.0000,0.0000,8.509698,-7.613184,-0.428274,33.00
7.247992,torque-chirp,foot_right_joint,RS02,8.421493,0.000000,2.191050,0.0000,0.0000,8.421493,-7.565577,-0.242023,33.00
7.255992,torque-chirp,foot_right_joint,RS02,8.332519,0.000000,3.165894,0.0000,0.0000,8.332519,-7.474937,0.057846,33.00
7.263992,torque-chirp,foot_right_joint,RS02,8.248149,0.000000,3.980784,0.0000,0.0000,8.248149,-6.916456,0.240467,33.00
7.271991,torque-chirp,foot_right_joint,RS02,8.172982,0.000000,4.593989,0.0000,0.0000,8.172982,-5.851683,0.410116,33.00
7.279991,torque-chirp,foot_right_joint,RS02,8.110473,0.000000,4.973799,0.0000,0.0000,8.110473,-4.745708,0.694422,33.00
7.287991,torque-chirp,foot_right_joint,RS02,8.064836,0.000000,5.099968,0.0000,0.0000,8.064836,-3.279926,0.855251,33.00
7.295992,torque-chirp,foot_right_joint,RS02,8.038375,0.000000,4.965299,0.0000,0.0000,8.038375,-1.368277,1.692089,33.00
7.303992,torque-chirp,foot_right_joint,RS02,8.039525,0.000000,4.575975,0.0000,0.0000,8.039525,0.993820,1.322180,33.00
7.311992,torque-chirp,foot_right_joint,RS02,8.061767,0.000000,3.951277,0.0000,0.0000,8.061767,2.459599,1.118805,33.00
7.319993,torque-chirp,foot_right_joint,RS02,8.101270,0.000000,3.122569,0.0000,0.0000,8.101270,3.959259,1.212711,33.00
7.327995,torque-chirp,foot_right_joint,RS02,8.156108,0.000000,2.131834,0.0000,0.0000,8.156108,5.208973,1.038391,33.00
7.335993,torque-chirp,foot_right_joint,RS02,8.222838,0.000000,1.030574,0.0000,0.0000,8.222838,6.064087,0.847988,33.00
7.343992,torque-chirp,foot_right_joint,RS02,8.300689,0.000000,-0.125169,0.0000,0.0000,8.300689,6.852367,0.517509,33.00
7.351995,torque-chirp,foot_right_joint,RS02,8.383908,0.000000,-1.276051,0.0000,0.0000,8.383908,7.248798,0.517509,33.00
7.360033,torque-chirp,foot_right_joint,RS02,8.469045,0.000000,-2.366271,0.0000,0.0000,8.469045,7.259785,0.137743,33.00
7.368024,torque-chirp,foot_right_joint,RS02,8.553033,0.000000,-3.328012,0.0000,0.0000,8.553033,7.046463,0.038132,33.00
7.376012,torque-chirp,foot_right_joint,RS02,8.631267,0.000000,-4.117181,0.0000,0.0000,8.631267,6.471504,-0.289753,33.00
7.383998,torque-chirp,foot_right_joint,RS02,8.700681,0.000000,-4.692451,0.0000,0.0000,8.700681,5.444267,-0.660700,33.00
7.391996,torque-chirp,foot_right_joint,RS02,8.756288,0.000000,-5.023726,0.0000,0.0000,8.756288,4.142368,-0.842283,33.00
7.399994,torque-chirp,foot_right_joint,RS02,8.795022,0.000000,-5.091897,0.0000,0.0000,8.795022,2.648201,-0.870298,33.00
7.407997,torque-chirp,foot_right_joint,RS02,8.810746,0.000000,-4.892419,0.0000,0.0000,8.810746,0.271458,-1.805707,33.00
7.415993,torque-chirp,foot_right_joint,RS02,8.799241,0.000000,-4.435449,0.0000,0.0000,8.799241,-1.667658,-1.212192,33.00
7.423993,torque-chirp,foot_right_joint,RS02,8.768943,0.000000,-3.743850,0.0000,0.0000,8.768943,-3.186541,-1.222568,33.00
7.431992,torque-chirp,foot_right_joint,RS02,8.721772,0.000000,-2.853785,0.0000,0.0000,8.721772,-4.573587,-1.023346,33.00
7.439991,torque-chirp,foot_right_joint,RS02,8.660413,0.000000,-1.811692,0.0000,0.0000,8.660413,-5.673151,-0.891569,33.00
7.447991,torque-chirp,foot_right_joint,RS02,8.586780,0.000000,-0.672486,0.0000,0.0000,8.586780,-6.608833,-0.823605,33.00
7.455992,torque-chirp,foot_right_joint,RS02,8.505095,0.000000,0.503814,0.0000,0.0000,8.505095,-7.200274,-0.544487,33.00
7.463992,torque-chirp,foot_right_joint,RS02,8.418424,0.000000,1.654078,0.0000,0.0000,8.418424,-7.553673,-0.425161,33.00
7.471992,torque-chirp,foot_right_joint,RS02,8.330218,0.000000,2.717222,0.0000,0.0000,8.330218,-7.568323,-0.078600,33.00
7.479992,torque-chirp,foot_right_joint,RS02,8.245082,0.000000,3.636128,0.0000,0.0000,8.245082,-7.085831,0.082750,33.00
7.487993,torque-chirp,foot_right_joint,RS02,8.166846,0.000000,4.361073,0.0000,0.0000,8.166846,-6.331427,0.316212,33.00
7.495993,torque-chirp,foot_right_joint,RS02,8.099349,0.000000,4.852554,0.0000,0.0000,8.099349,-5.270313,0.689234,33.00
7.503992,torque-chirp,foot_right_joint,RS02,8.046811,0.000000,5.083560,0.0000,0.0000,8.046811,-3.878691,0.847469,33.00
7.511992,torque-chirp,foot_right_joint,RS02,8.012296,0.000000,5.040886,0.0000,0.0000,8.012296,-2.184025,0.975615,33.00
7.519994,torque-chirp,foot_right_joint,RS02,8.003093,0.000000,4.725967,0.0000,0.0000,8.003093,0.384071,1.271856,33.00
7.527993,torque-chirp,foot_right_joint,RS02,8.019200,0.000000,4.155268,0.0000,0.0000,8.019200,2.107117,1.155643,33.00
7.535993,torque-chirp,foot_right_joint,RS02,8.053714,0.000000,3.358842,0.0000,0.0000,8.053714,3.527122,1.149937,33.00
7.543991,torque-chirp,foot_right_joint,RS02,8.103570,0.000000,2.379609,0.0000,0.0000,8.103570,4.755779,1.106354,33.00
7.551993,torque-chirp,foot_right_joint,RS02,8.167230,0.000000,1.269467,0.0000,0.0000,8.167230,5.794918,0.912321,33.00
7.559992,torque-chirp,foot_right_joint,RS02,8.241246,0.000000,0.089584,0.0000,0.0000,8.241246,6.702221,0.575615,33.00
7.567995,torque-chirp,foot_right_joint,RS02,8.321782,0.000000,-1.096778,0.0000,0.0000,8.321782,7.005264,0.526848,33.00
7.576033,torque-chirp,foot_right_joint,RS02,8.406152,0.000000,-2.229044,0.0000,0.0000,8.406152,7.115128,0.188585,33.00
7.584028,torque-chirp,foot_right_joint,RS02,8.489755,0.000000,-3.234046,0.0000,0.0000,8.489755,6.940262,0.001297,33.00
7.592005,torque-chirp,foot_right_joint,RS02,8.567605,0.000000,-4.061038,0.0000,0.0000,8.567605,6.413822,-0.124773,33.00
7.599992,torque-chirp,foot_right_joint,RS02,8.637403,0.000000,-4.667219,0.0000,0.0000,8.637403,5.458000,-0.567835,33.00
7.607997,torque-chirp,foot_right_joint,RS02,8.693778,0.000000,-5.018126,0.0000,0.0000,8.693778,4.243992,-0.793514,33.00
7.615992,torque-chirp,foot_right_joint,RS02,8.733661,0.000000,-5.092003,0.0000,0.0000,8.733661,2.684822,-0.806484,33.00
7.623995,torque-chirp,foot_right_joint,RS02,8.751302,0.000000,-4.884273,0.0000,0.0000,8.751302,0.352943,-1.890791,33.00
7.631990,torque-chirp,foot_right_joint,RS02,8.740180,0.000000,-4.406069,0.0000,0.0000,8.740180,-1.687799,-1.209598,33.00
7.640081,torque-chirp,foot_right_joint,RS02,8.711036,0.000000,-3.673008,0.0000,0.0000,8.711036,-3.127947,-1.215823,33.00
7.648003,torque-chirp,foot_right_joint,RS02,8.665015,0.000000,-2.751968,0.0000,0.0000,8.665015,-4.539713,-1.047212,33.00
7.655992,torque-chirp,foot_right_joint,RS02,8.604423,0.000000,-1.670113,0.0000,0.0000,8.604423,-5.497368,-0.907652,33.00
7.667989,torque-chirp,foot_right_joint,RS02,8.493590,0.000000,0.110834,0.0000,0.0000,8.493590,-6.942091,-0.743710,33.00
7.675996,torque-chirp,foot_right_joint,RS02,8.408837,0.000000,1.307049,0.0000,0.0000,8.408837,-7.367819,-0.649805,33.00
7.687990,torque-chirp,foot_right_joint,RS02,8.276145,0.000000,2.943614,0.0000,0.0000,8.276145,-7.491417,-0.121660,33.00
7.695988,torque-chirp,foot_right_joint,RS02,8.189090,0.000000,3.841593,0.0000,0.0000,8.189090,-7.336691,0.007004,33.00
7.703994,torque-chirp,foot_right_joint,RS02,8.108172,0.000000,4.524570,0.0000,0.0000,8.108172,-6.588692,0.371725,33.00
7.711994,torque-chirp,foot_right_joint,RS02,8.039142,0.000000,4.952132,0.0000,0.0000,8.039142,-5.420462,0.687677,33.00
7.719990,torque-chirp,foot_right_joint,RS02,7.985066,0.000000,5.099977,0.0000,0.0000,7.985066,-3.888762,0.909208,33.00
7.727994,torque-chirp,foot_right_joint,RS02,7.949786,0.000000,4.958967,0.0000,0.0000,7.949786,-2.366217,0.968870,33.00
7.735993,torque-chirp,foot_right_joint,RS02,7.940198,0.000000,4.536352,0.0000,0.0000,7.940198,0.248569,1.395851,33.00
7.743991,torque-chirp,foot_right_joint,RS02,7.955920,0.000000,3.855518,0.0000,0.0000,7.955920,1.919432,1.172245,33.00
7.751994,torque-chirp,foot_right_joint,RS02,7.989669,0.000000,2.953882,0.0000,0.0000,7.989669,3.380634,1.157200,33.00
7.759984,torque-chirp,foot_right_joint,RS02,8.037992,0.000000,1.884421,0.0000,0.0000,8.037992,4.547951,1.058624,33.00
7.768052,torque-chirp,foot_right_joint,RS02,8.099349,0.000000,0.694792,0.0000,0.0000,8.099349,5.507439,0.859921,33.00
7.776088,torque-chirp,foot_right_joint,RS02,8.168763,0.000000,-0.531549,0.0000,0.0000,8.168763,6.220646,0.624384,33.00
7.784048,torque-chirp,foot_right_joint,RS02,8.242780,0.000000,-1.717333,0.0000,0.0000,8.242780,6.363468,0.256031,33.00
7.792028,torque-chirp,foot_right_joint,RS02,8.318330,0.000000,-2.808906,0.0000,0.0000,8.318330,6.351566,0.136187,33.00
7.800049,torque-chirp,foot_right_joint,RS02,8.391578,0.000000,-3.744754,0.0000,0.0000,8.391578,6.101624,-0.039171,33.00
7.808004,torque-chirp,foot_right_joint,RS02,8.457156,0.000000,-4.459201,0.0000,0.0000,8.457156,5.296867,-0.399221,33.00
7.815999,torque-chirp,foot_right_joint,RS02,8.511998,0.000000,-4.920998,0.0000,0.0000,8.511998,4.141453,-0.656549,33.00
7.823994,torque-chirp,foot_right_joint,RS02,8.550731,0.000000,-5.098462,0.0000,0.0000,8.550731,2.584114,-0.791439,33.00
7.831990,torque-chirp,foot_right_joint,RS02,8.568755,0.000000,-4.980563,0.0000,0.0000,8.568755,0.409706,-1.812451,33.00
7.839989,torque-chirp,foot_right_joint,RS02,8.558402,0.000000,-4.573019,0.0000,0.0000,8.558402,-1.576103,-1.143709,33.00
7.847993,torque-chirp,foot_right_joint,RS02,8.528872,0.000000,-3.898387,0.0000,0.0000,8.528872,-3.164568,-1.270298,33.00
7.855993,torque-chirp,foot_right_joint,RS02,8.482852,0.000000,-2.995879,0.0000,0.0000,8.482852,-4.583658,-1.125551,33.00
7.863992,torque-chirp,foot_right_joint,RS02,8.421493,0.000000,-1.917740,0.0000,0.0000,8.421493,-5.714352,-0.986511,33.00
7.871994,torque-chirp,foot_right_joint,RS02,8.347093,0.000000,-0.725726,0.0000,0.0000,8.347093,-6.736094,-0.865629,33.00
7.879991,torque-chirp,foot_right_joint,RS02,8.263873,0.000000,0.509067,0.0000,0.0000,8.263873,-7.471275,-0.567316,33.00
7.887990,torque-chirp,foot_right_joint,RS02,8.176051,0.000000,1.715470,0.0000,0.0000,8.176051,-7.568323,-0.420492,33.00
7.895990,torque-chirp,foot_right_joint,RS02,8.086694,0.000000,2.822051,0.0000,0.0000,8.086694,-7.543602,-0.047991,33.00
7.903988,torque-chirp,foot_right_joint,RS02,8.000407,0.000000,3.763011,0.0000,0.0000,8.000407,-7.155413,0.006485,33.00
7.911989,torque-chirp,foot_right_joint,RS02,7.919873,0.000000,4.482697,0.0000,0.0000,7.919873,-6.485237,0.453695,33.00
7.919989,torque-chirp,foot_right_joint,RS02,7.851609,0.000000,4.937459,0.0000,0.0000,7.851609,-5.399405,0.723475,33.00
7.927989,torque-chirp,foot_right_joint,RS02,7.798686,0.000000,5.099796,0.0000,0.0000,7.798686,-3.858549,0.923216,33.00
7.936049,torque-chirp,foot_right_joint,RS02,7.764171,0.000000,4.957059,0.0000,0.0000,7.764171,-2.211491,1.102203,33.00
7.944008,torque-chirp,foot_right_joint,RS02,7.755734,0.000000,4.522037,0.0000,0.0000,7.755734,0.388649,1.461739,33.00
7.952006,torque-chirp,foot_right_joint,RS02,7.771840,0.000000,3.815736,0.0000,0.0000,7.771840,2.005493,1.126068,33.00
7.959994,torque-chirp,foot_right_joint,RS02,7.804822,0.000000,2.882136,0.0000,0.0000,7.804822,3.422752,1.173283,33.00
7.967992,torque-chirp,foot_right_joint,RS02,7.852759,0.000000,1.774434,0.0000,0.0000,7.852759,4.570843,0.982878,33.00
7.975992,torque-chirp,foot_right_joint,RS02,7.913737,0.000000,0.558936,0.0000,0.0000,7.913737,5.613640,0.794552,33.00
7.983992,torque-chirp,foot_right_joint,RS02,7.982766,0.000000,-0.691017,0.0000,0.0000,7.982766,6.131836,0.623346,33.00
7.991989,torque-chirp,foot_right_joint,RS02,8.056399,0.000000,-1.900178,0.0000,0.0000,8.056399,6.375370,0.303761,33.00
7.999989,torque-chirp,foot_right_joint,RS02,8.130414,0.000000,-2.996296,0.0000,0.0000,8.130414,6.186768,0.013229,33.00
8.007989,torque-chirp,foot_right_joint,RS02,8.200978,0.000000,-3.912481,0.0000,0.0000,8.200978,5.880062,-0.150194,33.00
8.015990,torque-chirp,foot_right_joint,RS02,8.264256,0.000000,-4.592910,0.0000,0.0000,8.264256,4.985580,-0.367575,33.00
8.023990,torque-chirp,foot_right_joint,RS02,8.315263,0.000000,-4.995391,0.0000,0.0000,8.315263,3.827419,-0.666925,33.00
8.031988,torque-chirp,foot_right_joint,RS02,8.350160,0.000000,-5.095034,0.0000,0.0000,8.350160,2.321354,-0.959013,33.00
8.040031,torque-chirp,foot_right_joint,RS02,8.361665,0.000000,-4.882998,0.0000,0.0000,8.361665,-0.056305,-1.600779,33.00
8.048017,torque-chirp,foot_right_joint,RS02,8.347859,0.000000,-4.374796,0.0000,0.0000,8.347859,-1.892881,-1.309728,33.00
8.056005,torque-chirp,foot_right_joint,RS02,8.315263,0.000000,-3.599771,0.0000,0.0000,8.315263,-3.380636,-1.088716,33.00
8.064000,torque-chirp,foot_right_joint,RS02,8.266173,0.000000,-2.603640,0.0000,0.0000,8.266173,-4.739300,-1.060700,33.00
8.071991,torque-chirp,foot_right_joint,RS02,8.202897,0.000000,-1.447978,0.0000,0.0000,8.202897,-5.723507,-0.904020,33.00
8.079988,torque-chirp,foot_right_joint,RS02,8.128497,0.000000,-0.201758,0.0000,0.0000,8.128497,-6.703135,-0.756161,33.00
8.087991,torque-chirp,foot_right_joint,RS02,8.046811,0.000000,1.058817,0.0000,0.0000,8.046811,-7.127947,-0.488457,33.00
8.095988,torque-chirp,foot_right_joint,RS02,7.960906,0.000000,2.254586,0.0000,0.0000,7.960906,-7.421835,-0.264332,33.00
8.103990,torque-chirp,foot_right_joint,RS02,7.876153,0.000000,3.312719,0.0000,0.0000,7.876153,-7.212177,-0.053698,33.00
8.111992,torque-chirp,foot_right_joint,RS02,7.794850,0.000000,4.167188,0.0000,0.0000,7.794850,-6.607918,0.301685,33.00
8.119987,torque-chirp,foot_right_joint,RS02,7.723903,0.000000,4.763910,0.0000,0.0000,7.723903,-5.667658,0.505577,33.00
8.127988,torque-chirp,foot_right_joint,RS02,7.666377,0.000000,5.066123,0.0000,0.0000,7.666377,-4.283361,0.728662,33.00
8.135990,torque-chirp,foot_right_joint,RS02,7.625344,0.000000,5.053811,0.0000,0.0000,7.625344,-2.834972,1.030090,33.00
8.143991,torque-chirp,foot_right_joint,RS02,7.606551,0.000000,4.726917,0.0000,0.0000,7.606551,-0.494850,1.756939,33.00
8.151989,torque-chirp,foot_right_joint,RS02,7.616523,0.000000,4.105191,0.0000,0.0000,7.616523,1.555048,1.179508,33.00
8.159990,torque-chirp,foot_right_joint,RS02,7.644902,0.000000,3.226305,0.0000,0.0000,7.644902,3.007095,1.157719,33.00
8.167987,torque-chirp,foot_right_joint,RS02,7.688621,0.000000,2.145422,0.0000,0.0000,7.688621,4.291599,1.099609,33.00
8.175989,torque-chirp,foot_right_joint,RS02,7.745379,0.000000,0.928454,0.0000,0.0000,7.745379,5.235523,0.953306,33.00
8.183990,torque-chirp,foot_right_joint,RS02,7.812493,0.000000,-0.347762,0.0000,0.0000,7.812493,6.034790,0.731777,33.00
8.191988,torque-chirp,foot_right_joint,RS02,7.885356,0.000000,-1.602720,0.0000,0.0000,7.885356,6.292057,0.312580,33.00
8.200107,torque-chirp,foot_right_joint,RS02,7.960139,0.000000,-2.774150,0.0000,0.0000,7.960139,6.317692,0.100389,33.00
8.207995,torque-chirp,foot_right_joint,RS02,8.032622,0.000000,-3.741230,0.0000,0.0000,8.032622,5.996338,0.003372,33.00
8.215989,torque-chirp,foot_right_joint,RS02,8.098966,0.000000,-4.487208,0.0000,0.0000,8.098966,5.296867,-0.312063,33.00
8.223989,torque-chirp,foot_right_joint,RS02,8.153424,0.000000,-4.950330,0.0000,0.0000,8.153424,4.106663,-0.566278,33.00
8.231991,torque-chirp,foot_right_joint,RS02,8.192540,0.000000,-5.099757,0.0000,0.0000,8.192540,2.909130,-0.913359,33.00
8.239988,torque-chirp,foot_right_joint,RS02,8.210567,0.000000,-4.925248,0.0000,0.0000,8.210567,0.407875,-1.762128,33.00
8.247988,torque-chirp,foot_right_joint,RS02,8.199828,0.000000,-4.437131,0.0000,0.0000,8.199828,-1.576103,-1.127626,33.00
8.255990,torque-chirp,foot_right_joint,RS02,8.170682,0.000000,-3.665305,0.0000,0.0000,8.170682,-3.029984,-1.240726,33.00
8.263990,torque-chirp,foot_right_joint,RS02,8.124661,0.000000,-2.658825,0.0000,0.0000,8.124661,-4.374914,-1.186770,33.00
8.271990,torque-chirp,foot_right_joint,RS02,8.064069,0.000000,-1.481360,0.0000,0.0000,8.064069,-5.609064,-1.001556,33.00
8.279990,torque-chirp,foot_right_joint,RS02,7.992352,0.000000,-0.207888,0.0000,0.0000,7.992352,-6.501717,-0.795071,33.00
8.287988,torque-chirp,foot_right_joint,RS02,7.912202,0.000000,1.079602,0.0000,0.0000,7.912202,-7.075760,-0.433464,33.00
8.295989,torque-chirp,foot_right_joint,RS02,7.828982,0.000000,2.299372,0.0000,0.0000,7.828982,-7.245136,-0.338522,33.00
8.303990,torque-chirp,foot_right_joint,RS02,7.746530,0.000000,3.371859,0.0000,0.0000,7.746530,-6.864271,0.079638,33.00
8.311988,torque-chirp,foot_right_joint,RS02,7.668679,0.000000,4.227265,0.0000,0.0000,7.668679,-6.334173,0.251362,33.00
8.319989,torque-chirp,foot_right_joint,RS02,7.599648,0.000000,4.810390,0.0000,0.0000,7.599648,-5.551384,0.459921,33.00
8.327990,torque-chirp,foot_right_joint,RS02,7.544425,0.000000,5.082293,0.0000,0.0000,7.544425,-4.123140,0.704279,33.00
8.335987,torque-chirp,foot_right_joint,RS02,7.506457,0.000000,5.024708,0.0000,0.0000,7.506457,-2.617990,1.007263,33.00
8.343988,torque-chirp,foot_right_joint,RS02,7.492269,0.000000,4.640397,0.0000,0.0000,7.492269,-0.026093,1.592478,33.00
8.351991,torque-chirp,foot_right_joint,RS02,7.505307,0.000000,3.953474,0.0000,0.0000,7.505307,1.835203,1.188847,33.00
8.359990,torque-chirp,foot_right_joint,RS02,7.535989,0.000000,3.008340,0.0000,0.0000,7.535989,3.196613,1.106354,33.00
8.367989,torque-chirp,foot_right_joint,RS02,7.581624,0.000000,1.866003,0.0000,0.0000,7.581624,4.393227,1.067444,33.00
8.375990,torque-chirp,foot_right_joint,RS02,7.640300,0.000000,0.600119,0.0000,0.0000,7.640300,5.385674,0.896238,33.00
8.383987,torque-chirp,foot_right_joint,RS02,7.707414,0.000000,-0.705459,0.0000,0.0000,7.707414,5.959713,0.585991,33.00
8.391990,torque-chirp,foot_right_joint,RS02,7.779510,0.000000,-1.966667,0.0000,0.0000,7.779510,6.271915,0.144487,33.00
8.399990,torque-chirp,foot_right_joint,RS02,7.851993,0.000000,-3.099138,0.0000,0.0000,7.851993,6.214237,0.058365,33.00
8.407986,torque-chirp,foot_right_joint,RS02,7.922174,0.000000,-4.027886,0.0000,0.0000,7.922174,5.705193,-0.072893,33.00
8.415988,torque-chirp,foot_right_joint,RS02,7.983916,0.000000,-4.692278,0.0000,0.0000,7.983916,4.943466,-0.423605,33.00
8.423990,torque-chirp,foot_right_joint,RS02,8.033006,0.000000,-5.046789,0.0000,0.0000,8.033006,3.597618,-0.631128,33.00
8.431992,torque-chirp,foot_right_joint,RS02,8.065219,0.000000,-5.067130,0.0000,0.0000,8.065219,2.057678,-1.157717,33.00
8.439989,torque-chirp,foot_right_joint,RS02,8.072888,0.000000,-4.751417,0.0000,0.0000,8.072888,-0.375830,-1.449286,33.00
8.447990,torque-chirp,foot_right_joint,RS02,8.056399,0.000000,-4.119471,0.0000,0.0000,8.056399,-2.012817,-1.295720,33.00
8.455989,torque-chirp,foot_right_joint,RS02,8.021884,0.000000,-3.213043,0.0000,0.0000,8.021884,-3.622339,-1.147341,33.00
8.463989,torque-chirp,foot_right_joint,RS02,7.971261,0.000000,-2.091357,0.0000,0.0000,7.971261,-4.828106,-1.010376,33.00
8.471990,torque-chirp,foot_right_joint,RS02,7.907601,0.000000,-0.829053,0.0000,0.0000,7.907601,-5.868162,-0.783657,33.00
8.479990,torque-chirp,foot_right_joint,RS02,7.833968,0.000000,0.489822,0.0000,0.0000,7.833968,-6.515450,-0.718288,33.00
8.487989,torque-chirp,foot_right_joint,RS02,7.755351,0.000000,1.776851,0.0000,0.0000,7.755351,-6.788280,-0.347342,33.00
8.495991,torque-chirp,foot_right_joint,RS02,7.675199,0.000000,2.945817,0.0000,0.0000,7.675199,-6.779125,-0.072893,33.00
8.503988,torque-chirp,foot_right_joint,RS02,7.597732,0.000000,3.917216,0.0000,0.0000,7.597732,-6.462349,0.090532,33.00
8.511988,torque-chirp,foot_right_joint,RS02,7.526784,0.000000,4.625807,0.0000,0.0000,7.526784,-5.602655,0.402853,33.00
8.519990,torque-chirp,foot_right_joint,RS02,7.468108,0.000000,5.022999,0.0000,0.0000,7.468108,-4.428932,0.727106,33.00
8.527988,torque-chirp,foot_right_joint,RS02,7.425923,0.000000,5.080822,0.0000,0.0000,7.425923,-2.933851,0.758236,33.00
8.535989,torque-chirp,foot_right_joint,RS02,7.404063,0.000000,4.794693,0.0000,0.0000,7.404063,-0.914169,1.822828,33.00
8.543990,torque-chirp,foot_right_joint,RS02,7.410583,0.000000,4.182996,0.0000,0.0000,7.410583,1.335318,1.298834,33.00
8.551989,torque-chirp,foot_right_joint,RS02,7.435895,0.000000,3.286891,0.0000,0.0000,7.435895,2.737926,1.187809,33.00
8.559990,torque-chirp,foot_right_joint,RS02,7.478078,0.000000,2.165992,0.0000,0.0000,7.478078,4.024261,0.992216,33.00
8.567989,torque-chirp,foot_right_joint,RS02,7.533303,0.000000,0.896885,0.0000,0.0000,7.533303,5.058826,0.882231,33.00
8.575988,torque-chirp,foot_right_joint,RS02,7.598882,0.000000,-0.434533,0.0000,0.0000,7.598882,5.848019,0.546562,33.00
8.583987,torque-chirp,foot_right_joint,RS02,7.670213,0.000000,-1.737371,0.0000,0.0000,7.670213,6.190430,0.358236,33.00
8.591992,torque-chirp,foot_right_joint,RS02,7.743079,0.000000,-2.923005,0.0000,0.0000,7.743079,6.126343,0.204151,33.00
8.599991,torque-chirp,foot_right_joint,RS02,7.813260,0.000000,-3.908160,0.0000,0.0000,7.813260,5.753719,-0.031906,33.00
8.607990,torque-chirp,foot_right_joint,RS02,7.876536,0.000000,-4.625564,0.0000,0.0000,7.876536,5.014877,-0.427755,33.00
8.615991,torque-chirp,foot_right_joint,RS02,7.928309,0.000000,-5.025160,0.0000,0.0000,7.928309,3.951935,-0.677820,33.00
8.623988,torque-chirp,foot_right_joint,RS02,7.963975,0.000000,-5.078507,0.0000,0.0000,7.963975,2.453190,-0.923216,33.00
8.631990,torque-chirp,foot_right_joint,RS02,7.975863,0.000000,-4.780979,0.0000,0.0000,7.975863,-0.171663,-1.386511,33.00
8.640045,torque-chirp,foot_right_joint,RS02,7.960906,0.000000,-4.147043,0.0000,0.0000,7.960906,-2.056765,-1.274448,33.00
8.648012,torque-chirp,foot_right_joint,RS02,7.928309,0.000000,-3.232634,0.0000,0.0000,7.928309,-3.403524,-1.157717,33.00
8.656003,torque-chirp,foot_right_joint,RS02,7.879220,0.000000,-2.091203,0.0000,0.0000,7.879220,-4.735638,-1.056031,33.00
8.664003,torque-chirp,foot_right_joint,RS02,7.817861,0.000000,-0.802077,0.0000,0.0000,7.817861,-5.672235,-0.902464,33.00
8.671998,torque-chirp,foot_right_joint,RS02,7.745763,0.000000,0.542867,0.0000,0.0000,7.745763,-6.353399,-0.572504,33.00
8.679992,torque-chirp,foot_right_joint,RS02,7.669446,0.000000,1.851120,0.0000,0.0000,7.669446,-6.662851,-0.364462,33.00
8.687991,torque-chirp,foot_right_joint,RS02,7.590827,0.000000,3.031957,0.0000,0.0000,7.590827,-6.619820,-0.193775,33.00
8.695990,torque-chirp,foot_right_joint,RS02,7.515279,0.000000,4.001335,0.0000,0.0000,7.515279,-6.244450,0.179766,33.00
8.703988,torque-chirp,foot_right_joint,RS02,7.446631,0.000000,4.691051,0.0000,0.0000,7.446631,-5.461662,0.540337,33.00
8.711989,torque-chirp,foot_right_joint,RS02,7.391025,0.000000,5.052032,0.0000,0.0000,7.391025,-4.207371,0.798183,33.00
8.719989,torque-chirp,foot_right_joint,RS02,7.351907,0.000000,5.057751,0.0000,0.0000,7.351907,-2.770885,0.977171,33.00
8.727989,torque-chirp,foot_right_joint,RS02,7.333882,0.000000,4.706991,0.0000,0.0000,7.333882,-0.445412,1.946823,33.00
8.735991,torque-chirp,foot_right_joint,RS02,7.343854,0.000000,4.023576,0.0000,0.0000,7.343854,1.581598,1.294683,33.00
8.744048,torque-chirp,foot_right_joint,RS02,7.371465,0.000000,3.047269,0.0000,0.0000,7.371465,2.964066,1.058105,33.00
8.751994,torque-chirp,foot_right_joint,RS02,7.414802,0.000000,1.869020,0.0000,0.0000,7.414802,4.184483,1.046173,33.00
8.759991,torque-chirp,foot_right_joint,RS02,7.471559,0.000000,0.550375,0.0000,0.0000,7.471559,5.114674,0.838131,33.00
8.767988,torque-chirp,foot_right_joint,RS02,7.536756,0.000000,-0.808529,0.0000,0.0000,7.536756,5.921261,0.520103,33.00
8.775990,torque-chirp,foot_right_joint,RS02,7.607701,0.000000,-2.111693,0.0000,0.0000,7.607701,6.023804,0.275227,33.00
8.783990,torque-chirp,foot_right_joint,RS02,7.677882,0.000000,-3.265025,0.0000,0.0000,7.677882,6.041199,0.060959,33.00
8.791988,torque-chirp,foot_right_joint,RS02,7.744996,0.000000,-4.186082,0.0000,0.0000,7.744996,5.382927,-0.099352,33.00
8.799989,torque-chirp,foot_right_joint,RS02,7.803287,0.000000,-4.808602,0.0000,0.0000,7.803287,4.509499,-0.384176,33.00
8.807990,torque-chirp,foot_right_joint,RS02,7.848157,0.000000,-5.087119,0.0000,0.0000,7.848157,3.267109,-0.807003,33.00
8.815988,torque-chirp,foot_right_joint,RS02,7.875770,0.000000,-5.000785,0.0000,0.0000,7.875770,1.544062,-1.586252,33.00
8.823989,torque-chirp,foot_right_joint,RS02,7.875386,0.000000,-4.554826,0.0000,0.0000,7.875386,-0.979172,-1.263035,33.00
8.831991,torque-chirp,foot_right_joint,RS02,7.853143,0.000000,-3.780408,0.0000,0.0000,7.853143,-2.532846,-1.098055,33.00
8.839989,torque-chirp,foot_right_joint,RS02,7.813643,0.000000,-2.733236,0.0000,0.0000,7.813643,-3.913481,-1.099611,33.00
8.847988,torque-chirp,foot_right_joint,RS02,7.759568,0.000000,-1.487651,0.0000,0.0000,7.759568,-5.107347,-1.011932,33.00
8.855990,torque-chirp,foot_right_joint,RS02,7.693606,0.000000,-0.132873,0.0000,0.0000,7.693606,-5.943237,-0.713100,33.00
8.863990,torque-chirp,foot_right_joint,RS02,7.619975,0.000000,1.232133,0.0000,0.0000,7.619975,-6.476997,-0.405447,33.00
8.871993,torque-chirp,foot_right_joint,RS02,7.542508,0.000000,2.509308,0.0000,0.0000,7.542508,-6.705881,-0.302725,33.00
8.879992,torque-chirp,foot_right_joint,RS02,7.465806,0.000000,3.604456,0.0000,0.0000,7.465806,-6.424812,0.060959,33.00
8.887990,torque-chirp,foot_right_joint,RS02,7.394092,0.000000,4.437868,0.0000,0.0000,7.394092,-5.693295,0.375875,33.00
8.896073,torque-chirp,foot_right_joint,RS02,7.332349,0.000000,4.952048,0.0000,0.0000,7.332349,-4.707256,0.683008,33.00
8.904037,torque-chirp,foot_right_joint,RS02,7.286328,0.000000,5.097929,0.0000,0.0000,7.286328,-3.270771,0.842281,33.00
8.912013,torque-chirp,foot_right_joint,RS02,7.258332,0.000000,4.873575,0.0000,0.0000,7.258332,-1.522087,1.394293,33.00
8.920006,torque-chirp,foot_right_joint,RS02,7.259099,0.000000,4.292429,0.0000,0.0000,7.259099,0.983749,1.197666,33.00
8.927995,torque-chirp,foot_right_joint,RS02,7.281343,0.000000,3.396729,0.0000,0.0000,7.281343,2.470589,1.271338,33.00
8.936050,torque-chirp,foot_right_joint,RS02,7.319694,0.000000,2.240781,0.0000,0.0000,7.319694,3.838406,1.092346,33.00
8.944014,torque-chirp,foot_right_joint,RS02,7.371465,0.000000,0.932382,0.0000,0.0000,7.371465,4.816208,0.781582,33.00
8.952013,torque-chirp,foot_right_joint,RS02,7.433976,0.000000,-0.451382,0.0000,0.0000,7.433976,5.563286,0.617640,33.00
8.960004,torque-chirp,foot_right_joint,RS02,7.502622,0.000000,-1.801549,0.0000,0.0000,7.502622,5.947811,0.403891,33.00
8.967997,torque-chirp,foot_right_joint,RS02,7.573188,0.000000,-3.020103,0.0000,0.0000,7.573188,6.078735,0.232685,33.00
8.975997,torque-chirp,foot_right_joint,RS02,7.641067,0.000000,-4.016907,0.0000,0.0000,7.641067,5.606316,-0.054216,33.00
8.983994,torque-chirp,foot_right_joint,RS02,7.701276,0.000000,-4.715890,0.0000,0.0000,7.701276,4.707256,-0.453178,33.00
8.991991,torque-chirp,foot_right_joint,RS02,7.749215,0.000000,-5.065096,0.0000,0.0000,7.749215,3.634243,-0.638910,33.00
8.999992,torque-chirp,foot_right_joint,RS02,7.780278,0.000000,-5.037419,0.0000,0.0000,7.780278,1.911192,-1.213229,33.00
9.007990,torque-chirp,foot_right_joint,RS02,7.786414,0.000000,-4.634045,0.0000,0.0000,7.786414,-0.537882,-1.380804,33.00
9.015988,torque-chirp,foot_right_joint,RS02,7.769923,0.000000,-3.884151,0.0000,0.0000,7.769923,-2.134584,-1.359532,33.00
9.023993,torque-chirp,foot_right_joint,RS02,7.735024,0.000000,-2.842240,0.0000,0.0000,7.735024,-3.611353,-1.050324,33.00
9.031990,torque-chirp,foot_right_joint,RS02,7.685168,0.000000,-1.587360,0.0000,0.0000,7.685168,-4.742046,-0.929960,33.00
9.039989,torque-chirp,foot_right_joint,RS02,7.623042,0.000000,-0.212112,0.0000,0.0000,7.623042,-5.677729,-0.727627,33.00
9.047991,torque-chirp,foot_right_joint,RS02,7.552861,0.000000,1.180654,0.0000,0.0000,7.552861,-6.227970,-0.551750,33.00
9.055989,torque-chirp,foot_right_joint,RS02,7.478078,0.000000,2.485096,0.0000,0.0000,7.478078,-6.342413,-0.302206,33.00
9.063989,torque-chirp,foot_right_joint,RS02,7.404447,0.000000,3.603144,0.0000,0.0000,7.404447,-6.163883,0.066147,33.00
9.071991,torque-chirp,foot_right_joint,RS02,7.335801,0.000000,4.450130,0.0000,0.0000,7.335801,-5.603571,0.400259,33.00
9.079990,torque-chirp,foot_right_joint,RS02,7.277123,0.000000,4.960634,0.0000,0.0000,7.277123,-4.473793,0.720362,33.00
9.087990,torque-chirp,foot_right_joint,RS02,7.233405,0.000000,5.095515,0.0000,0.0000,7.233405,-3.127031,0.909208,33.00
9.095991,torque-chirp,foot_right_joint,RS02,7.208478,0.000000,4.843536,0.0000,0.0000,7.208478,-1.221788,1.686901,33.00
9.103992,torque-chirp,foot_right_joint,RS02,7.212312,0.000000,4.222995,0.0000,0.0000,7.212312,1.151293,1.196629,33.00
9.111990,torque-chirp,foot_right_joint,RS02,7.236474,0.000000,3.280549,0.0000,0.0000,7.236474,2.580452,1.203892,33.00
9.119990,torque-chirp,foot_right_joint,RS02,7.276357,0.000000,2.086807,0.0000,0.0000,7.276357,3.971161,1.051880,33.00
9.127991,torque-chirp,foot_right_joint,RS02,7.330049,0.000000,0.732689,0.0000,0.0000,7.330049,5.053333,0.895201,33.00
9.135989,torque-chirp,foot_right_joint,RS02,7.393325,0.000000,-0.678217,0.0000,0.0000,7.393325,5.674980,0.676783,33.00
9.143990,torque-chirp,foot_right_joint,RS02,7.461972,0.000000,-2.038570,0.0000,0.0000,7.461972,6.001831,0.531517,33.00
9.151990,torque-chirp,foot_right_joint,RS02,7.532153,0.000000,-3.243414,0.0000,0.0000,7.532153,5.962460,0.129961,33.00
9.159989,torque-chirp,foot_right_joint,RS02,7.598882,0.000000,-4.199654,0.0000,0.0000,7.598882,5.631950,-0.269001,33.00
9.167993,torque-chirp,foot_right_joint,RS02,7.657174,0.000000,-4.833481,0.0000,0.0000,7.657174,4.496681,-0.609858,33.00
9.175990,torque-chirp,foot_right_joint,RS02,7.702426,0.000000,-5.094581,0.0000,0.0000,7.702426,3.188374,-0.762905,33.00
9.183990,torque-chirp,foot_right_joint,RS02,7.729272,0.000000,-4.962413,0.0000,0.0000,7.729272,1.571527,-1.604410,33.00
9.191990,torque-chirp,foot_right_joint,RS02,7.729655,0.000000,-4.446086,0.0000,0.0000,7.729655,-0.861067,-1.335668,33.00
9.199991,torque-chirp,foot_right_joint,RS02,7.709331,0.000000,-3.584579,0.0000,0.0000,7.709331,-2.359808,-1.303502,33.00
9.207991,torque-chirp,foot_right_joint,RS02,7.670979,0.000000,-2.444408,0.0000,0.0000,7.670979,-3.842985,-1.106874,33.00
9.215991,torque-chirp,foot_right_joint,RS02,7.618442,0.000000,-1.113152,0.0000,0.0000,7.618442,-5.010300,-0.858885,33.00
9.223991,torque-chirp,foot_right_joint,RS02,7.554780,0.000000,0.305858,0.0000,0.0000,7.554780,-5.853514,-0.714138,33.00
9.231988,torque-chirp,foot_right_joint,RS02,7.484597,0.000000,1.701405,0.0000,0.0000,7.484597,-6.145571,-0.537224,33.00
9.239988,torque-chirp,foot_right_joint,RS02,7.411733,0.000000,2.965836,0.0000,0.0000,7.411733,-6.174870,-0.154863,33.00
9.247988,torque-chirp,foot_right_joint,RS02,7.341937,0.000000,3.999042,0.0000,0.0000,7.341937,-5.795834,0.175615,33.00
9.255989,torque-chirp,foot_right_joint,RS02,7.278659,0.000000,4.719872,0.0000,0.0000,7.278659,-5.038681,0.578728,33.00
9.263992,torque-chirp,foot_right_joint,RS02,7.227653,0.000000,5.070678,0.0000,0.0000,7.227653,-3.789883,0.737484,33.00
9.271988,torque-chirp,foot_right_joint,RS02,7.193137,0.000000,5.023076,0.0000,0.0000,7.193137,-2.236210,0.794033,33.00
9.279988,torque-chirp,foot_right_joint,RS02,7.182782,0.000000,4.580033,0.0000,0.0000,7.182782,0.298008,1.446175,33.00
9.287991,torque-chirp,foot_right_joint,RS02,7.197740,0.000000,3.775184,0.0000,0.0000,7.197740,1.961546,1.119843,33.00
9.296062,torque-chirp,foot_right_joint,RS02,7.231105,0.000000,2.660722,0.0000,0.0000,7.231105,3.430992,1.191441,33.00
9.303995,torque-chirp,foot_right_joint,RS02,7.278659,0.000000,1.355380,0.0000,0.0000,7.278659,4.515907,0.989103,33.00
9.311992,torque-chirp,foot_right_joint,RS02,7.338485,0.000000,-0.068034,0.0000,0.0000,7.338485,5.431450,0.819973,33.00
9.319990,torque-chirp,foot_right_joint,RS02,7.405597,0.000000,-1.487475,0.0000,0.0000,7.405597,5.910275,0.569389,33.00
9.327990,torque-chirp,foot_right_joint,RS02,7.475394,0.000000,-2.790064,0.0000,0.0000,7.475394,5.983521,0.226978,33.00
9.335990,torque-chirp,foot_right_joint,RS02,7.544425,0.000000,-3.871657,0.0000,0.0000,7.544425,5.761959,-0.181843,33.00
9.343988,torque-chirp,foot_right_joint,RS02,7.606935,0.000000,-4.645218,0.0000,0.0000,7.606935,4.922409,-0.437614,33.00
9.351989,torque-chirp,foot_right_joint,RS02,7.658324,0.000000,-5.048720,0.0000,0.0000,7.658324,3.842068,-0.779507,33.00
9.359989,torque-chirp,foot_right_joint,RS02,7.693606,0.000000,-5.048751,0.0000,0.0000,7.693606,2.338749,-0.850584,33.00
9.367989,torque-chirp,foot_right_joint,RS02,7.705495,0.000000,-4.644475,0.0000,0.0000,7.705495,-0.135958,-1.558754,33.00
9.375989,torque-chirp,foot_right_joint,RS02,7.690921,0.000000,-3.867290,0.0000,0.0000,7.690921,-1.889219,-1.168612,33.00
9.383991,torque-chirp,foot_right_joint,RS02,7.658708,0.000000,-2.778515,0.0000,0.0000,7.658708,-3.322041,-1.194034,33.00
9.391989,torque-chirp,foot_right_joint,RS02,7.611154,0.000000,-1.466013,0.0000,0.0000,7.611154,-4.545206,-0.962645,33.00
9.399989,torque-chirp,foot_right_joint,RS02,7.551328,0.000000,-0.033940,0.0000,0.0000,7.551328,-5.438772,-0.765499,33.00
9.407990,torque-chirp,foot_right_joint,RS02,7.483830,0.000000,1.401842,0.0000,0.0000,7.483830,-5.991760,-0.573542,33.00
9.415990,torque-chirp,foot_right_joint,RS02,7.412885,0.000000,2.725494,0.0000,0.0000,7.412885,-6.080568,-0.228016,33.00
9.423990,torque-chirp,foot_right_joint,RS02,7.343087,0.000000,3.829489,0.0000,0.0000,7.343087,-5.785763,0.106615,33.00
9.431993,torque-chirp,foot_right_joint,RS02,7.279426,0.000000,4.623834,0.0000,0.0000,7.279426,-5.054245,0.440725,33.00
9.439987,torque-chirp,foot_right_joint,RS02,7.226886,0.000000,5.042937,0.0000,0.0000,7.226886,-4.059053,0.709986,33.00
9.447989,torque-chirp,foot_right_joint,RS02,7.189685,0.000000,5.052546,0.0000,0.0000,7.189685,-2.503548,0.775875,33.00
9.455991,torque-chirp,foot_right_joint,RS02,7.175879,0.000000,4.650385,0.0000,0.0000,7.175879,-0.064547,1.628794,33.00
9.463991,torque-chirp,foot_right_joint,RS02,7.188151,0.000000,3.868529,0.0000,0.0000,7.188151,1.678644,1.161350,33.00
9.471989,torque-chirp,foot_right_joint,RS02,7.218833,0.000000,2.770445,0.0000,0.0000,7.218833,3.174641,1.167576,33.00
9.479991,torque-chirp,foot_right_joint,RS02,7.264468,0.000000,1.444041,0.0000,0.0000,7.264468,4.494850,1.015564,33.00
9.487988,torque-chirp,foot_right_joint,RS02,7.322762,0.000000,-0.000813,0.0000,0.0000,7.322762,5.280388,0.757717,33.00
9.495989,torque-chirp,foot_right_joint,RS02,7.387956,0.000000,-1.447242,0.0000,0.0000,7.387956,5.794003,0.500908,33.00
9.503989,torque-chirp,foot_right_joint,RS02,7.456603,0.000000,-2.775663,0.0000,0.0000,7.456603,5.819637,0.320362,33.00
9.511992,torque-chirp,foot_right_joint,RS02,7.524867,0.000000,-3.876979,0.0000,0.0000,7.524867,5.670403,0.015823,33.00
9.519992,torque-chirp,foot_right_joint,RS02,7.586993,0.000000,-4.658841,0.0000,0.0000,7.586993,4.925156,-0.402334,33.00
9.527990,torque-chirp,foot_right_joint,RS02,7.637616,0.000000,-5.056556,0.0000,0.0000,7.637616,3.774319,-0.607264,33.00
9.535989,torque-chirp,foot_right_joint,RS02,7.671746,0.000000,-5.036499,0.0000,0.0000,7.671746,2.254520,-0.926847,33.00
9.543989,torque-chirp,foot_right_joint,RS02,7.682485,0.000000,-4.599179,0.0000,0.0000,7.682485,-0.158846,-1.366796,33.00
9.551991,torque-chirp,foot_right_joint,RS02,7.667146,0.000000,-3.779850,0.0000,0.0000,7.667146,-1.948730,-1.302983,33.00
9.559992,torque-chirp,foot_right_joint,RS02,7.635314,0.000000,-2.645786,0.0000,0.0000,7.635314,-3.395285,-1.162387,33.00
9.567989,torque-chirp,foot_right_joint,RS02,7.586993,0.000000,-1.291292,0.0000,0.0000,7.586993,-4.559855,-1.006744,33.00
9.575990,torque-chirp,foot_right_joint,RS02,7.527934,0.000000,0.172341,0.0000,0.0000,7.527934,-5.316090,-0.765499,33.00
9.583993,torque-chirp,foot_right_joint,RS02,7.460822,0.000000,1.623078,0.0000,0.0000,7.460822,-5.884642,-0.440208,33.00
9.591991,torque-chirp,foot_right_joint,RS02,7.391408,0.000000,2.938508,0.0000,0.0000,7.391408,-5.989014,-0.094164,33.00
9.599991,torque-chirp,foot_right_joint,RS02,7.323529,0.000000,4.009035,0.0000,0.0000,7.323529,-5.579767,0.067705,33.00
9.607991,torque-chirp,foot_right_joint,RS02,7.262935,0.000000,4.744315,0.0000,0.0000,7.262935,-4.819866,0.428793,33.00
9.615990,torque-chirp,foot_right_joint,RS02,7.213845,0.000000,5.081640,0.0000,0.0000,7.213845,-3.707485,0.746822,33.00
9.623991,torque-chirp,foot_right_joint,RS02,7.181249,0.000000,4.991901,0.0000,0.0000,7.181249,-2.114443,1.144230,33.00
9.631989,torque-chirp,foot_right_joint,RS02,7.174346,0.000000,4.481838,0.0000,0.0000,7.174346,0.550697,1.407265,33.00
9.639989,torque-chirp,foot_right_joint,RS02,7.191220,0.000000,3.593154,0.0000,0.0000,7.191220,2.132751,1.121399,33.00
9.647989,torque-chirp,foot_right_joint,RS02,7.225736,0.000000,2.400243,0.0000,0.0000,7.225736,3.483177,1.205448,33.00
9.655990,torque-chirp,foot_right_joint,RS02,7.274440,0.000000,1.003311,0.0000,0.0000,7.274440,4.566261,0.932554,33.00
9.663989,torque-chirp,foot_right_joint,RS02,7.334266,0.000000,-0.479487,0.0000,0.0000,7.334266,5.454338,0.705317,33.00
9.671990,torque-chirp,foot_right_joint,RS02,7.400228,0.000000,-1.922941,0.0000,0.0000,7.400228,5.746395,0.543968,33.00
9.679991,torque-chirp,foot_right_joint,RS02,7.468492,0.000000,-3.203887,0.0000,0.0000,7.468492,5.794918,0.247211,33.00
9.687988,torque-chirp,foot_right_joint,RS02,7.534070,0.000000,-4.212790,0.0000,0.0000,7.534070,5.289543,-0.162127,33.00
9.695990,torque-chirp,foot_right_joint,RS02,7.591979,0.000000,-4.863647,0.0000,0.0000,7.591979,4.557106,-0.487419,33.00
9.703989,torque-chirp,foot_right_joint,RS02,7.636081,0.000000,-5.099611,0.0000,0.0000,7.636081,3.225910,-0.701687,33.00
9.711987,torque-chirp,foot_right_joint,RS02,7.662543,0.000000,-4.899857,0.0000,0.0000,7.662543,1.443350,-1.642802,33.00
9.719992,torque-chirp,foot_right_joint,RS02,7.662160,0.000000,-4.279936,0.0000,0.0000,7.662160,-1.009384,-1.363165,33.00
9.727988,torque-chirp,foot_right_joint,RS02,7.640683,0.000000,-3.293218,0.0000,0.0000,7.640683,-2.423897,-1.152529,33.00
9.735989,torque-chirp,foot_right_joint,RS02,7.602332,0.000000,-2.022557,0.0000,0.0000,7.602332,-3.803616,-1.140078,33.00
9.743990,torque-chirp,foot_right_joint,RS02,7.550178,0.000000,-0.576716,0.0000,0.0000,7.550178,-4.892195,-0.885344,33.00
9.751987,torque-chirp,foot_right_joint,RS02,7.488050,0.000000,0.919154,0.0000,0.0000,7.488050,-5.557793,-0.709988,33.00
9.759988,torque-chirp,foot_right_joint,RS02,7.420938,0.000000,2.337242,0.0000,0.0000,7.420938,-5.855345,-0.446953,33.00
9.768040,torque-chirp,foot_right_joint,RS02,7.353057,0.000000,3.561529,0.0000,0.0000,7.353057,-5.736324,-0.029312,33.00
9.779989,torque-chirp,foot_right_joint,RS02,7.261785,0.000000,4.779200,0.0000,0.0000,7.261785,-4.733807,0.308430,33.00
9.792074,torque-chirp,foot_right_joint,RS02,7.192370,0.000000,5.079337,0.0000,0.0000,7.192370,-3.055618,0.514915,33.00
9.800056,torque-chirp,foot_right_joint,RS02,7.166677,0.000000,4.725996,0.0000,0.0000,7.166677,-1.322498,1.622049,33.00
9.812011,torque-chirp,foot_right_joint,RS02,7.175879,0.000000,3.449290,0.0000,0.0000,7.175879,1.677729,1.321661,33.00
9.820042,torque-chirp,foot_right_joint,RS02,7.206176,0.000000,2.195876,0.0000,0.0000,7.206176,3.170979,1.153049,33.00
9.831994,torque-chirp,foot_right_joint,RS02,7.278275,0.000000,0.008811,0.0000,0.0000,7.278275,4.722820,0.903502,33.00
9.843994,torque-chirp,foot_right_joint,RS02,7.373384,0.000000,-2.190576,0.0000,0.0000,7.373384,5.846188,0.524773,33.00
9.851995,torque-chirp,foot_right_joint,RS02,7.443564,0.000000,-3.444046,0.0000,0.0000,7.443564,6.020142,0.184435,33.00
9.860098,torque-chirp,foot_right_joint,RS02,7.511828,0.000000,-4.405546,0.0000,0.0000,7.511828,5.676811,-0.048510,33.00
9.871995,torque-chirp,foot_right_joint,RS02,7.598115,0.000000,-5.081592,0.0000,0.0000,7.598115,4.158848,-0.652918,33.00
9.883991,torque-chirp,foot_right_joint,RS02,7.650655,0.000000,-4.769084,0.0000,0.0000,7.650655,1.974363,-1.104799,33.00
9.895988,torque-chirp,foot_right_joint,RS02,7.649505,0.000000,-3.516616,0.0000,0.0000,7.649505,-1.495537,-1.272373,33.00
9.904051,torque-chirp,foot_right_joint,RS02,7.623042,0.000000,-2.262676,0.0000,0.0000,7.623042,-2.922865,-1.053437,33.00
9.912020,torque-chirp,foot_right_joint,RS02,7.580857,0.000000,-0.821577,0.0000,0.0000,7.580857,-4.019684,-0.870817,33.00
9.920016,torque-chirp,foot_right_joint,RS02,7.528701,0.000000,0.698285,0.0000,0.0000,7.528701,-4.679790,-0.681452,33.00
9.927996,torque-chirp,foot_right_joint,RS02,7.470408,0.000000,2.154076,0.0000,0.0000,7.470408,-5.033188,-0.369131,33.00
9.936056,torque-chirp,foot_right_joint,RS02,7.409816,0.000000,3.431491,0.0000,0.0000,7.409816,-5.124743,0.037094,33.00
9.944014,torque-chirp,foot_right_joint,RS02,7.354209,0.000000,4.388894,0.0000,0.0000,7.354209,-4.545206,0.207783,33.00
9.952021,torque-chirp,foot_right_joint,RS02,7.307036,0.000000,4.961010,0.0000,0.0000,7.307036,-3.615931,0.464071,33.00
9.960006,torque-chirp,foot_right_joint,RS02,7.274056,0.000000,5.088957,0.0000,0.0000,7.274056,-2.331427,0.895720,33.00
9.967995,torque-chirp,foot_right_joint,RS02,7.263701,0.000000,4.762195,0.0000,0.0000,7.263701,0.215611,1.383917,33.00
9.975992,torque-chirp,foot_right_joint,RS02,7.279426,0.000000,4.007882,0.0000,0.0000,7.279426,1.990843,1.294165,33.00
9.983991,torque-chirp,foot_right_joint,RS02,7.312022,0.000000,2.892538,0.0000,0.0000,7.312022,3.393452,1.075226,33.00
9.991990,torque-chirp,foot_right_joint,RS02,7.360345,0.000000,1.516165,0.0000,0.0000,7.360345,4.628521,1.021790,33.00
9.999990,torque-chirp,foot_right_joint,RS02,7.421704,0.000000,0.001794,0.0000,0.0000,7.421704,5.496452,0.727625,33.00
