t_s,maneuver,joint,model,cmd_pos,cmd_vel,cmd_tau,cmd_kp,cmd_kd,fb_pos,fb_vel,fb_tau,fb_temp
0.000001,torque-chirp,hip_abduction_left_joint,RS03,0.035473,0.000000,0.000068,0.0000,0.0000,0.035473,0.003967,-0.000916,34.00
0.008047,torque-chirp,hip_abduction_left_joint,RS03,0.035473,0.000000,0.849220,0.0000,0.0000,0.035473,0.144350,0.072327,34.00
0.016003,torque-chirp,hip_abduction_left_joint,RS03,0.035089,0.000000,1.682884,0.0000,0.0000,0.035089,-0.108950,0.021057,34.00
0.023999,torque-chirp,hip_abduction_left_joint,RS03,0.035473,0.000000,2.505892,0.0000,0.0000,0.035473,0.041809,0.328682,34.00
0.031996,torque-chirp,hip_abduction_left_joint,RS03,0.036241,0.000000,3.305810,0.0000,0.0000,0.036241,0.079653,0.755325,34.00
0.039993,torque-chirp,hip_abduction_left_joint,RS03,0.037774,0.000000,4.073815,0.0000,0.0000,0.037774,0.219423,1.130692,34.00
0.047994,torque-chirp,hip_abduction_left_joint,RS03,0.041225,0.000000,4.801985,0.0000,0.0000,0.041225,0.498360,1.295494,34.00
0.056000,torque-chirp,hip_abduction_left_joint,RS03,0.047745,0.000000,5.482425,0.0000,0.0000,0.047745,0.944534,1.306480,34.00
0.064005,torque-chirp,hip_abduction_left_joint,RS03,0.057717,0.000000,6.106882,0.0000,0.0000,0.057717,1.404745,1.546349,34.00
0.071999,torque-chirp,hip_abduction_left_joint,RS03,0.072290,0.000000,6.667663,0.0000,0.0000,0.072290,2.074921,2.081024,34.00
0.079996,torque-chirp,hip_abduction_left_joint,RS03,0.091465,0.000000,7.159163,0.0000,0.0000,0.091465,2.714579,2.099335,34.00
0.087994,torque-chirp,hip_abduction_left_joint,RS03,0.115242,0.000000,7.575468,0.0000,0.0000,0.115242,3.109484,3.168690,34.00
0.099988,torque-chirp,hip_abduction_left_joint,RS03,0.155127,0.000000,8.047450,0.0000,0.0000,0.155127,3.479362,5.232315,34.00
0.107997,torque-chirp,hip_abduction_left_joint,RS03,0.184273,0.000000,8.254821,0.0000,0.0000,0.184273,3.701534,6.019684,34.00
0.115995,torque-chirp,hip_abduction_left_joint,RS03,0.213035,0.000000,8.372151,0.0000,0.0000,0.213035,3.598993,8.226143,34.00
0.123993,torque-chirp,hip_abduction_left_joint,RS03,0.239495,0.000000,8.397667,0.0000,0.0000,0.239495,3.031967,9.159996,34.00
0.131997,torque-chirp,hip_abduction_left_joint,RS03,0.262891,0.000000,8.330234,0.0000,0.0000,0.262891,2.853130,9.432823,34.00
0.139996,torque-chirp,hip_abduction_left_joint,RS03,0.284750,0.000000,8.169851,0.0000,0.0000,0.284750,2.544289,9.987640,34.00
0.147993,torque-chirp,hip_abduction_left_joint,RS03,0.304308,0.000000,7.917606,0.0000,0.0000,0.304308,2.342871,9.844818,34.00
0.155998,torque-chirp,hip_abduction_left_joint,RS03,0.322332,0.000000,7.575165,0.0000,0.0000,0.322332,2.350195,9.282677,34.00
0.163994,torque-chirp,hip_abduction_left_joint,RS03,0.340357,0.000000,7.146326,0.0000,0.0000,0.340357,2.113987,8.498970,34.00
0.171991,torque-chirp,hip_abduction_left_joint,RS03,0.359149,0.000000,6.634895,0.0000,0.0000,0.359149,2.474098,7.277641,34.00
0.179992,torque-chirp,hip_abduction_left_joint,RS03,0.379858,0.000000,6.045742,0.0000,0.0000,0.379858,2.623636,6.259552,34.00
0.187990,torque-chirp,hip_abduction_left_joint,RS03,0.402484,0.000000,5.385478,0.0000,0.0000,0.402484,3.072252,5.177383,34.00
0.195992,torque-chirp,hip_abduction_left_joint,RS03,0.427411,0.000000,4.660666,0.0000,0.0000,0.427411,3.297474,4.959488,34.00
0.203993,torque-chirp,hip_abduction_left_joint,RS03,0.454641,0.000000,3.879652,0.0000,0.0000,0.454641,3.597162,4.443115,34.00
0.211992,torque-chirp,hip_abduction_left_joint,RS03,0.483403,0.000000,3.051170,0.0000,0.0000,0.483403,3.573359,3.979855,34.00
0.220340,torque-chirp,hip_abduction_left_joint,RS03,0.513700,0.000000,2.145927,0.0000,0.0000,0.513700,3.671625,3.620968,34.00
0.228023,torque-chirp,hip_abduction_left_joint,RS03,0.540929,0.000000,1.285706,0.0000,0.0000,0.540929,3.522699,3.448841,34.00
0.236012,torque-chirp,hip_abduction_left_joint,RS03,0.567774,0.000000,0.374021,0.0000,0.0000,0.567774,3.188219,3.545895,34.00
0.244003,torque-chirp,hip_abduction_left_joint,RS03,0.592701,0.000000,-0.544955,0.0000,0.0000,0.592701,2.969711,3.280384,34.00
0.251999,torque-chirp,hip_abduction_left_joint,RS03,0.614944,0.000000,-1.460397,0.0000,0.0000,0.614944,2.580912,2.454563,34.00
0.259996,torque-chirp,hip_abduction_left_joint,RS03,0.633351,0.000000,-2.360802,0.0000,0.0000,0.633351,2.132908,2.498508,34.00
0.267995,torque-chirp,hip_abduction_left_joint,RS03,0.647925,0.000000,-3.235169,0.0000,0.0000,0.647925,1.585411,1.520714,34.00
0.275993,torque-chirp,hip_abduction_left_joint,RS03,0.658664,0.000000,-4.072179,0.0000,0.0000,0.658664,1.144732,1.533531,34.00
0.283994,torque-chirp,hip_abduction_left_joint,RS03,0.665183,0.000000,-4.861624,0.0000,0.0000,0.665183,0.574045,1.143509,34.00
0.291991,torque-chirp,hip_abduction_left_joint,RS03,0.665950,0.000000,-5.592722,0.0000,0.0000,0.665950,-0.254826,0.720535,34.00
0.299992,torque-chirp,hip_abduction_left_joint,RS03,0.661732,0.000000,-6.256449,0.0000,0.0000,0.661732,-0.613718,-0.453194,34.00
0.308003,torque-chirp,hip_abduction_left_joint,RS03,0.653678,0.000000,-6.844440,0.0000,0.0000,0.653678,-1.284504,-1.200275,34.00
0.315990,torque-chirp,hip_abduction_left_joint,RS03,0.640639,0.000000,-7.346259,0.0000,0.0000,0.640639,-1.793545,-1.855804,34.00
0.323987,torque-chirp,hip_abduction_left_joint,RS03,0.623381,0.000000,-7.757308,0.0000,0.0000,0.623381,-2.480202,-2.031586,34.00
0.331994,torque-chirp,hip_abduction_left_joint,RS03,0.599220,0.000000,-8.071184,0.0000,0.0000,0.599220,-3.409172,-2.174408,34.00
0.339996,torque-chirp,hip_abduction_left_joint,RS03,0.567774,0.000000,-8.282429,0.0000,0.0000,0.567774,-4.305791,-2.324558,34.00
0.347995,torque-chirp,hip_abduction_left_joint,RS03,0.529039,0.000000,-8.387745,0.0000,0.0000,0.529039,-5.088883,-2.765850,34.00
0.355995,torque-chirp,hip_abduction_left_joint,RS03,0.484553,0.000000,-8.384997,0.0000,0.0000,0.484553,-5.716334,-3.972534,34.00
0.363996,torque-chirp,hip_abduction_left_joint,RS03,0.438149,0.000000,-8.273311,0.0000,0.0000,0.438149,-5.677882,-6.678871,34.00
0.371993,torque-chirp,hip_abduction_left_joint,RS03,0.391363,0.000000,-8.053412,0.0000,0.0000,0.391363,-5.963531,-6.631264,34.00
0.379994,torque-chirp,hip_abduction_left_joint,RS03,0.343425,0.000000,-7.727114,0.0000,0.0000,0.343425,-5.971465,-8.405586,34.00
0.387993,torque-chirp,hip_abduction_left_joint,RS03,0.301623,0.000000,-7.298101,0.0000,0.0000,0.301623,-4.976578,-11.555046,34.00
0.395992,torque-chirp,hip_abduction_left_joint,RS03,0.264424,0.000000,-6.771202,0.0000,0.0000,0.264424,-4.383917,-10.773174,34.00
0.403993,torque-chirp,hip_abduction_left_joint,RS03,0.232209,0.000000,-6.152566,0.0000,0.0000,0.232209,-3.684443,-11.425041,34.00
0.411991,torque-chirp,hip_abduction_left_joint,RS03,0.204981,0.000000,-5.449978,0.0000,0.0000,0.204981,-3.330435,-9.520714,34.00
0.419994,torque-chirp,hip_abduction_left_joint,RS03,0.178904,0.000000,-4.671755,0.0000,0.0000,0.178904,-3.321280,-7.546806,34.00
0.427994,torque-chirp,hip_abduction_left_joint,RS03,0.152059,0.000000,-3.828588,0.0000,0.0000,0.152059,-3.337759,-5.530785,34.00
0.435992,torque-chirp,hip_abduction_left_joint,RS03,0.122911,0.000000,-2.931277,0.0000,0.0000,0.122911,-3.785763,-3.588005,34.00
0.443992,torque-chirp,hip_abduction_left_joint,RS03,0.089931,0.000000,-1.991341,0.0000,0.0000,0.089931,-4.137331,-2.575417,34.00
0.451992,torque-chirp,hip_abduction_left_joint,RS03,0.053883,0.000000,-1.021636,0.0000,0.0000,0.053883,-4.617685,-1.848480,34.00
0.459992,torque-chirp,hip_abduction_left_joint,RS03,0.016682,0.000000,-0.035350,0.0000,0.0000,0.016682,-4.621347,-1.500572,34.00
0.467993,torque-chirp,hip_abduction_left_joint,RS03,-0.020901,0.000000,0.954115,0.0000,0.0000,-0.020901,-4.770885,-1.268024,34.00
0.476001,torque-chirp,hip_abduction_left_joint,RS03,-0.058484,0.000000,1.933704,0.0000,0.0000,-0.058484,-4.654918,-0.967728,34.00
0.483999,torque-chirp,hip_abduction_left_joint,RS03,-0.094150,0.000000,2.887257,0.0000,0.0000,-0.094150,-4.367437,-0.650951,34.00
0.491994,torque-chirp,hip_abduction_left_joint,RS03,-0.128282,0.000000,3.802213,0.0000,0.0000,-0.128282,-3.998169,-0.218815,34.00
0.499992,torque-chirp,hip_abduction_left_joint,RS03,-0.160111,0.000000,4.666000,0.0000,0.0000,-0.160111,-3.870604,-0.013733,34.00
0.507993,torque-chirp,hip_abduction_left_joint,RS03,-0.189258,0.000000,5.465636,0.0000,0.0000,-0.189258,-3.343252,0.279243,34.00
0.516133,torque-chirp,hip_abduction_left_joint,RS03,-0.213801,0.000000,6.200900,0.0000,0.0000,-0.213801,-2.766460,1.035477,34.00
0.524006,torque-chirp,hip_abduction_left_joint,RS03,-0.233744,0.000000,6.826016,0.0000,0.0000,-0.233744,-2.198826,1.335777,34.00
0.531996,torque-chirp,hip_abduction_left_joint,RS03,-0.247550,0.000000,7.364130,0.0000,0.0000,-0.247550,-1.295492,1.797211,34.00
0.539993,torque-chirp,hip_abduction_left_joint,RS03,-0.255219,0.000000,7.797109,0.0000,0.0000,-0.255219,-0.723583,1.886932,34.00
0.547993,torque-chirp,hip_abduction_left_joint,RS03,-0.256371,0.000000,8.117355,0.0000,0.0000,-0.256371,0.036316,2.386814,34.00
0.555991,torque-chirp,hip_abduction_left_joint,RS03,-0.254836,0.000000,8.319186,0.0000,0.0000,-0.254836,0.158388,5.184708,34.00
0.563990,torque-chirp,hip_abduction_left_joint,RS03,-0.252151,0.000000,8.398757,0.0000,0.0000,-0.252151,0.471504,5.701073,34.00
0.571991,torque-chirp,hip_abduction_left_joint,RS03,-0.246400,0.000000,8.353952,0.0000,0.0000,-0.246400,0.899368,6.224762,34.00
0.579992,torque-chirp,hip_abduction_left_joint,RS03,-0.240264,0.000000,8.184465,0.0000,0.0000,-0.240264,0.664988,8.021057,34.00
0.587993,torque-chirp,hip_abduction_left_joint,RS03,-0.235278,0.000000,7.891953,0.0000,0.0000,-0.235278,0.677195,8.588692,34.00
0.595993,torque-chirp,hip_abduction_left_joint,RS03,-0.231443,0.000000,7.479917,0.0000,0.0000,-0.231443,0.411079,8.737015,34.00
0.603992,torque-chirp,hip_abduction_left_joint,RS03,-0.227608,0.000000,6.953794,0.0000,0.0000,-0.227608,0.423286,8.165710,34.00
0.611991,torque-chirp,hip_abduction_left_joint,RS03,-0.224924,0.000000,6.320693,0.0000,0.0000,-0.224924,0.329899,7.852600,34.00
0.619993,torque-chirp,hip_abduction_left_joint,RS03,-0.221472,0.000000,5.589263,0.0000,0.0000,-0.221472,0.403145,6.565346,34.00
0.627991,torque-chirp,hip_abduction_left_joint,RS03,-0.216103,0.000000,4.770585,0.0000,0.0000,-0.216103,0.760204,5.508812,34.00
0.635992,torque-chirp,hip_abduction_left_joint,RS03,-0.209200,0.000000,3.876064,0.0000,0.0000,-0.209200,1.009232,4.721443,34.00
0.643994,torque-chirp,hip_abduction_left_joint,RS03,-0.199996,0.000000,2.919260,0.0000,0.0000,-0.199996,1.370565,3.674068,34.00
0.651991,torque-chirp,hip_abduction_left_joint,RS03,-0.187724,0.000000,1.915117,0.0000,0.0000,-0.187724,1.520714,2.522312,34.00
0.659993,torque-chirp,hip_abduction_left_joint,RS03,-0.173151,0.000000,0.878146,0.0000,0.0000,-0.173151,1.919889,2.315403,34.00
0.667993,torque-chirp,hip_abduction_left_joint,RS03,-0.157427,0.000000,-0.175001,0.0000,0.0000,-0.157427,2.019379,1.247887,34.00
0.675993,torque-chirp,hip_abduction_left_joint,RS03,-0.140553,0.000000,-1.227928,0.0000,0.0000,-0.140553,2.151218,1.348595,34.00
0.683992,torque-chirp,hip_abduction_left_joint,RS03,-0.124063,0.000000,-2.263585,0.0000,0.0000,-0.124063,2.082245,0.599678,34.00
0.691992,torque-chirp,hip_abduction_left_joint,RS03,-0.109106,0.000000,-3.265820,0.0000,0.0000,-0.109106,1.812468,0.356148,34.00
0.699994,torque-chirp,hip_abduction_left_joint,RS03,-0.095683,0.000000,-4.218302,0.0000,0.0000,-0.095683,1.459066,0.343330,34.00
0.707991,torque-chirp,hip_abduction_left_joint,RS03,-0.085712,0.000000,-5.104603,0.0000,0.0000,-0.085712,1.123980,-0.599682,34.00
0.715992,torque-chirp,hip_abduction_left_joint,RS03,-0.079193,0.000000,-5.910695,0.0000,0.0000,-0.079193,0.600290,-0.850540,34.00
0.723992,torque-chirp,hip_abduction_left_joint,RS03,-0.078043,0.000000,-6.622572,0.0000,0.0000,-0.078043,-0.011902,-1.026321,34.00
0.731992,torque-chirp,hip_abduction_left_joint,RS03,-0.081878,0.000000,-7.227931,0.0000,0.0000,-0.081878,-0.672314,-1.524380,34.00
0.739994,torque-chirp,hip_abduction_left_joint,RS03,-0.090698,0.000000,-7.716165,0.0000,0.0000,-0.090698,-1.335775,-2.057220,34.00
0.747993,torque-chirp,hip_abduction_left_joint,RS03,-0.104887,0.000000,-8.078103,0.0000,0.0000,-0.104887,-2.126802,-2.262302,34.00
0.755993,torque-chirp,hip_abduction_left_joint,RS03,-0.125597,0.000000,-8.307092,0.0000,0.0000,-0.125597,-3.028915,-2.813457,34.00
0.764060,torque-chirp,hip_abduction_left_joint,RS03,-0.152058,0.000000,-8.398548,0.0000,0.0000,-0.152058,-3.503166,-4.032959,34.00
0.772011,torque-chirp,hip_abduction_left_joint,RS03,-0.180821,0.000000,-8.349145,0.0000,0.0000,-0.180821,-3.744259,-5.873196,34.00
0.780016,torque-chirp,hip_abduction_left_joint,RS03,-0.212268,0.000000,-8.159328,0.0000,0.0000,-0.212268,-3.915770,-5.994049,34.00
0.788003,torque-chirp,hip_abduction_left_joint,RS03,-0.244099,0.000000,-7.832058,0.0000,0.0000,-0.244099,-3.752804,-8.751659,34.00
0.795993,torque-chirp,hip_abduction_left_joint,RS03,-0.270944,0.000000,-7.371461,0.0000,0.0000,-0.270944,-3.014267,-10.500343,34.00
0.803995,torque-chirp,hip_abduction_left_joint,RS03,-0.294337,0.000000,-6.783537,0.0000,0.0000,-0.294337,-2.725567,-9.749599,34.00
0.812003,torque-chirp,hip_abduction_left_joint,RS03,-0.313895,0.000000,-6.077569,0.0000,0.0000,-0.313895,-2.122530,-10.342869,34.00
0.819989,torque-chirp,hip_abduction_left_joint,RS03,-0.330003,0.000000,-5.267578,0.0000,0.0000,-0.330003,-1.991913,-9.196613,34.00
0.827994,torque-chirp,hip_abduction_left_joint,RS03,-0.344959,0.000000,-4.362894,0.0000,0.0000,-0.344959,-1.839323,-7.111008,34.00
0.835993,torque-chirp,hip_abduction_left_joint,RS03,-0.359149,0.000000,-3.381162,0.0000,0.0000,-0.359149,-1.702602,-6.521400,34.00
0.843989,torque-chirp,hip_abduction_left_joint,RS03,-0.373722,0.000000,-2.338654,0.0000,0.0000,-0.373722,-1.791103,-4.706799,34.00
0.851994,torque-chirp,hip_abduction_left_joint,RS03,-0.388295,0.000000,-1.251559,0.0000,0.0000,-0.388295,-1.985809,-3.692379,34.00
0.859993,torque-chirp,hip_abduction_left_joint,RS03,-0.402867,0.000000,-0.140845,0.0000,0.0000,-0.402867,-1.745937,-3.011215,34.00
0.867999,torque-chirp,hip_abduction_left_joint,RS03,-0.417057,0.000000,0.975857,0.0000,0.0000,-0.417057,-1.800869,-2.011444,34.00
0.875993,torque-chirp,hip_abduction_left_joint,RS03,-0.431630,0.000000,2.076062,0.0000,0.0000,-0.431630,-1.832607,-1.544521,34.00
0.883991,torque-chirp,hip_abduction_left_joint,RS03,-0.444670,0.000000,3.142388,0.0000,0.0000,-0.444670,-1.593346,-0.727856,34.00
0.891989,torque-chirp,hip_abduction_left_joint,RS03,-0.456558,0.000000,4.154771,0.0000,0.0000,-0.456558,-1.357138,-0.211491,34.00
0.899993,torque-chirp,hip_abduction_left_joint,RS03,-0.465378,0.000000,5.095382,0.0000,0.0000,-0.465378,-0.952469,-0.123600,34.00
0.907993,torque-chirp,hip_abduction_left_joint,RS03,-0.470365,0.000000,5.945465,0.0000,0.0000,-0.470365,-0.326237,0.189514,34.00
0.915987,torque-chirp,hip_abduction_left_joint,RS03,-0.468830,0.000000,6.689094,0.0000,0.0000,-0.468830,0.472725,0.608833,34.00
0.924001,torque-chirp,hip_abduction_left_joint,RS03,-0.462694,0.000000,7.313955,0.0000,0.0000,-0.462694,1.037310,1.225914,34.00
0.931992,torque-chirp,hip_abduction_left_joint,RS03,-0.451189,0.000000,7.804536,0.0000,0.0000,-0.451189,1.824064,1.691010,34.00
0.943988,torque-chirp,hip_abduction_left_joint,RS03,-0.420509,0.000000,8.271659,0.0000,0.0000,-0.420509,3.004501,2.123142,34.00
0.951985,torque-chirp,hip_abduction_left_joint,RS03,-0.391747,0.000000,8.393674,0.0000,0.0000,-0.391747,3.935301,2.291599,34.00
0.959994,torque-chirp,hip_abduction_left_joint,RS03,-0.355313,0.000000,8.359772,0.0000,0.0000,-0.355313,4.921644,2.591900,34.00
0.967992,torque-chirp,hip_abduction_left_joint,RS03,-0.311594,0.000000,8.169600,0.0000,0.0000,-0.311594,5.774929,3.108265,34.00
0.975988,torque-chirp,hip_abduction_left_joint,RS03,-0.263273,0.000000,7.825876,0.0000,0.0000,-0.263273,5.946442,5.512474,34.00
0.983989,torque-chirp,hip_abduction_left_joint,RS03,-0.216103,0.000000,7.333738,0.0000,0.0000,-0.216103,5.907379,6.960861,34.00
0.991993,torque-chirp,hip_abduction_left_joint,RS03,-0.166247,0.000000,6.701352,0.0000,0.0000,-0.166247,6.340734,6.695351,34.00
0.999988,torque-chirp,hip_abduction_left_joint,RS03,-0.117543,0.000000,5.940885,0.0000,0.0000,-0.117543,5.843899,8.819412,34.00
1.007993,torque-chirp,hip_abduction_left_joint,RS03,-0.075358,0.000000,5.064374,0.0000,0.0000,-0.075358,4.951553,9.705658,34.00
1.015991,torque-chirp,hip_abduction_left_joint,RS03,-0.037775,0.000000,4.089593,0.0000,0.0000,-0.037775,4.394293,9.654388,34.00
1.024065,torque-chirp,hip_abduction_left_joint,RS03,-0.004794,0.000000,3.023622,0.0000,0.0000,-0.004794,3.970701,8.325020,34.00
1.032002,torque-chirp,hip_abduction_left_joint,RS03,0.024352,0.000000,1.915275,0.0000,0.0000,0.024352,3.512321,6.794228,34.00
1.039991,torque-chirp,hip_abduction_left_joint,RS03,0.051198,0.000000,0.760337,0.0000,0.0000,0.051198,3.348743,4.986954,34.00
1.047989,torque-chirp,hip_abduction_left_joint,RS03,0.077276,0.000000,-0.413255,0.0000,0.0000,0.077276,3.146105,3.571529,34.00
1.055994,torque-chirp,hip_abduction_left_joint,RS03,0.102970,0.000000,-1.582326,0.0000,0.0000,0.102970,3.157701,2.194553,34.00
1.063993,torque-chirp,hip_abduction_left_joint,RS03,0.128281,0.000000,-2.721784,0.0000,0.0000,0.128281,3.147326,0.905472,34.00
1.071988,torque-chirp,hip_abduction_left_joint,RS03,0.152442,0.000000,-3.809344,0.0000,0.0000,0.152442,3.113756,0.544746,34.00
1.079993,torque-chirp,hip_abduction_left_joint,RS03,0.175069,0.000000,-4.824878,0.0000,0.0000,0.175069,2.809795,0.222473,34.00
1.087992,torque-chirp,hip_abduction_left_joint,RS03,0.194243,0.000000,-5.745669,0.0000,0.0000,0.194243,2.250095,-0.726025,34.00
1.095988,torque-chirp,hip_abduction_left_joint,RS03,0.209200,0.000000,-6.553041,0.0000,0.0000,0.209200,1.601280,-0.586864,34.00
1.103995,torque-chirp,hip_abduction_left_joint,RS03,0.218787,0.000000,-7.231339,0.0000,0.0000,0.218787,0.757763,-1.159992,34.00
1.111992,torque-chirp,hip_abduction_left_joint,RS03,0.222622,0.000000,-7.764257,0.0000,0.0000,0.222622,0.168764,-1.780731,34.00
1.120258,torque-chirp,hip_abduction_left_joint,RS03,0.219937,0.000000,-8.150746,0.0000,0.0000,0.219937,-0.559395,-2.271458,34.00
1.128028,torque-chirp,hip_abduction_left_joint,RS03,0.212268,0.000000,-8.353385,0.0000,0.0000,0.212268,-1.243610,-3.102768,34.00
1.136009,torque-chirp,hip_abduction_left_joint,RS03,0.200379,0.000000,-8.394108,0.0000,0.0000,0.200379,-1.564049,-4.686657,34.00
1.144000,torque-chirp,hip_abduction_left_joint,RS03,0.186957,0.000000,-8.263078,0.0000,0.0000,0.186957,-1.587852,-6.744793,34.00
1.151998,torque-chirp,hip_abduction_left_joint,RS03,0.174685,0.000000,-7.961406,0.0000,0.0000,0.174685,-1.337606,-9.209431,34.00
1.159996,torque-chirp,hip_abduction_left_joint,RS03,0.165865,0.000000,-7.494273,0.0000,0.0000,0.165865,-0.956741,-9.769741,34.00
1.167994,torque-chirp,hip_abduction_left_joint,RS03,0.160112,0.000000,-6.870428,0.0000,0.0000,0.160112,-0.486763,-10.262302,34.00
1.175991,torque-chirp,hip_abduction_left_joint,RS03,0.157811,0.000000,-6.101986,0.0000,0.0000,0.157811,-0.091249,-9.687340,34.00
1.183991,torque-chirp,hip_abduction_left_joint,RS03,0.157811,0.000000,-5.203652,0.0000,0.0000,0.157811,0.112612,-8.482491,34.00
1.191992,torque-chirp,hip_abduction_left_joint,RS03,0.157811,0.000000,-4.193871,0.0000,0.0000,0.157811,0.007019,-7.035934,34.00
1.199999,torque-chirp,hip_abduction_left_joint,RS03,0.157811,0.000000,-3.092396,0.0000,0.0000,0.157811,-0.102236,-5.389793,34.00
1.207996,torque-chirp,hip_abduction_left_joint,RS03,0.157044,0.000000,-1.924272,0.0000,0.0000,0.157044,-0.057680,-4.543831,34.00
1.215994,torque-chirp,hip_abduction_left_joint,RS03,0.156278,0.000000,-0.712733,0.0000,0.0000,0.156278,-0.050356,-3.368275,34.00
1.223995,torque-chirp,hip_abduction_left_joint,RS03,0.154360,0.000000,0.516951,0.0000,0.0000,0.154360,-0.216984,-2.401463,34.00
1.231993,torque-chirp,hip_abduction_left_joint,RS03,0.152442,0.000000,1.737703,0.0000,0.0000,0.152442,-0.346378,-1.489586,34.00
1.239992,torque-chirp,hip_abduction_left_joint,RS03,0.149758,0.000000,2.923556,0.0000,0.0000,0.149758,-0.227970,-0.619823,34.00
1.247990,torque-chirp,hip_abduction_left_joint,RS03,0.148224,0.000000,4.048347,0.0000,0.0000,0.148224,0.086977,-0.063171,34.00
1.255992,torque-chirp,hip_abduction_left_joint,RS03,0.148991,0.000000,5.087900,0.0000,0.0000,0.148991,0.201113,0.478828,34.00
1.263993,torque-chirp,hip_abduction_left_joint,RS03,0.152826,0.000000,6.018125,0.0000,0.0000,0.152826,0.492256,0.925613,34.00
1.271991,torque-chirp,hip_abduction_left_joint,RS03,0.159346,0.000000,6.817967,0.0000,0.0000,0.159346,1.017168,1.487755,34.00
1.279991,torque-chirp,hip_abduction_left_joint,RS03,0.169700,0.000000,7.469401,0.0000,0.0000,0.169700,1.588463,2.165257,34.00
1.287992,torque-chirp,hip_abduction_left_joint,RS03,0.185040,0.000000,7.956981,0.0000,0.0000,0.185040,2.167088,2.954449,34.00
1.295991,torque-chirp,hip_abduction_left_joint,RS03,0.204981,0.000000,8.268751,0.0000,0.0000,0.204981,2.784161,3.948727,34.00
1.303994,torque-chirp,hip_abduction_left_joint,RS03,0.226073,0.000000,8.396846,0.0000,0.0000,0.226073,2.830547,5.671776,34.00
1.311994,torque-chirp,hip_abduction_left_joint,RS03,0.249468,0.000000,8.337128,0.0000,0.0000,0.249468,3.087511,6.812546,34.00
1.319994,torque-chirp,hip_abduction_left_joint,RS03,0.272861,0.000000,8.089877,0.0000,0.0000,0.272861,2.942856,8.196838,34.00
1.327991,torque-chirp,hip_abduction_left_joint,RS03,0.293954,0.000000,7.659726,0.0000,0.0000,0.293954,2.484474,9.203941,34.00
1.335992,torque-chirp,hip_abduction_left_joint,RS03,0.313512,0.000000,7.055041,0.0000,0.0000,0.313512,2.287939,9.460289,34.00
1.343991,torque-chirp,hip_abduction_left_joint,RS03,0.330002,0.000000,6.288760,0.0000,0.0000,0.330002,1.988251,9.498741,34.00
1.351991,torque-chirp,hip_abduction_left_joint,RS03,0.343425,0.000000,5.377172,0.0000,0.0000,0.343425,1.558556,8.832230,34.00
1.359993,torque-chirp,hip_abduction_left_joint,RS03,0.354548,0.000000,4.340322,0.0000,0.0000,0.354548,1.297321,8.394600,34.00
1.367992,torque-chirp,hip_abduction_left_joint,RS03,0.363368,0.000000,3.201805,0.0000,0.0000,0.363368,0.918900,6.953537,34.00
1.375994,torque-chirp,hip_abduction_left_joint,RS03,0.371804,0.000000,1.986666,0.0000,0.0000,0.371804,1.051348,5.371475,34.00
1.383992,torque-chirp,hip_abduction_left_joint,RS03,0.378708,0.000000,0.723673,0.0000,0.0000,0.378708,0.845043,4.637215,34.00
1.391990,torque-chirp,hip_abduction_left_joint,RS03,0.385227,0.000000,-0.558741,0.0000,0.0000,0.385227,1.048906,3.044170,34.00
1.399991,torque-chirp,hip_abduction_left_joint,RS03,0.391363,0.000000,-1.831039,0.0000,0.0000,0.391363,0.693674,2.088348,34.00
1.407993,torque-chirp,hip_abduction_left_joint,RS03,0.397882,0.000000,-3.062875,0.0000,0.0000,0.397882,0.717480,0.868851,34.00
1.416049,torque-chirp,hip_abduction_left_joint,RS03,0.403635,0.000000,-4.232608,0.0000,0.0000,0.403635,0.566721,0.017395,34.00
1.424020,torque-chirp,hip_abduction_left_joint,RS03,0.407853,0.000000,-5.292206,0.0000,0.0000,0.407853,0.419014,-0.467842,34.00
1.432044,torque-chirp,hip_abduction_left_joint,RS03,0.408237,0.000000,-6.234802,0.0000,0.0000,0.408237,-0.202335,-0.808422,34.00
1.440013,torque-chirp,hip_abduction_left_joint,RS03,0.404018,0.000000,-7.024882,0.0000,0.0000,0.404018,-0.758373,-1.387047,34.00
1.448001,torque-chirp,hip_abduction_left_joint,RS03,0.395965,0.000000,-7.650712,0.0000,0.0000,0.395965,-1.355307,-1.832001,34.00
1.455994,torque-chirp,hip_abduction_left_joint,RS03,0.382543,0.000000,-8.094696,0.0000,0.0000,0.382543,-1.935760,-2.201874,34.00
1.463990,torque-chirp,hip_abduction_left_joint,RS03,0.362985,0.000000,-8.344563,0.0000,0.0000,0.362985,-2.785992,-2.855572,34.00
1.471991,torque-chirp,hip_abduction_left_joint,RS03,0.337672,0.000000,-8.392960,0.0000,0.0000,0.337672,-3.252918,-4.521858,34.00
1.480269,torque-chirp,hip_abduction_left_joint,RS03,0.311211,0.000000,-8.228272,0.0000,0.0000,0.311211,-3.307850,-6.105743,34.00
1.488037,torque-chirp,hip_abduction_left_joint,RS03,0.283599,0.000000,-7.877729,0.0000,0.0000,0.283599,-3.583124,-7.121994,34.00
1.496015,torque-chirp,hip_abduction_left_joint,RS03,0.258288,0.000000,-7.327632,0.0000,0.0000,0.258288,-2.840313,-9.560997,34.00
1.504004,torque-chirp,hip_abduction_left_joint,RS03,0.236044,0.000000,-6.596103,0.0000,0.0000,0.236044,-2.672464,-8.801102,34.00
1.512005,torque-chirp,hip_abduction_left_joint,RS03,0.214568,0.000000,-5.699168,0.0000,0.0000,0.214568,-2.480812,-9.209431,34.00
1.520000,torque-chirp,hip_abduction_left_joint,RS03,0.196545,0.000000,-4.660187,0.0000,0.0000,0.196545,-2.297092,-8.032043,34.00
1.527993,torque-chirp,hip_abduction_left_joint,RS03,0.178520,0.000000,-3.503634,0.0000,0.0000,0.178520,-2.144503,-6.651405,34.00
1.535995,torque-chirp,hip_abduction_left_joint,RS03,0.161263,0.000000,-2.256165,0.0000,0.0000,0.161263,-2.204929,-5.468529,34.00
1.544217,torque-chirp,hip_abduction_left_joint,RS03,0.144004,0.000000,-0.913362,0.0000,0.0000,0.144004,-2.242161,-3.804073,34.00
1.552004,torque-chirp,hip_abduction_left_joint,RS03,0.125979,0.000000,0.383897,0.0000,0.0000,0.125979,-2.220798,-2.983749,34.00
1.559995,torque-chirp,hip_abduction_left_joint,RS03,0.107955,0.000000,1.707789,0.0000,0.0000,0.107955,-2.255589,-1.626919,34.00
1.567993,torque-chirp,hip_abduction_left_joint,RS03,0.089547,0.000000,2.991912,0.0000,0.0000,0.089547,-2.344091,-0.916458,34.00
1.575993,torque-chirp,hip_abduction_left_joint,RS03,0.071140,0.000000,4.202800,0.0000,0.0000,0.071140,-2.218967,0.121765,34.00
1.583993,torque-chirp,hip_abduction_left_joint,RS03,0.054649,0.000000,5.308460,0.0000,0.0000,0.054649,-1.794155,-0.048523,34.00
1.591992,torque-chirp,hip_abduction_left_joint,RS03,0.041609,0.000000,6.279862,0.0000,0.0000,0.041609,-1.413290,1.042801,34.00
1.599992,torque-chirp,hip_abduction_left_joint,RS03,0.033173,0.000000,7.091613,0.0000,0.0000,0.033173,-0.826124,1.619591,34.00
1.607994,torque-chirp,hip_abduction_left_joint,RS03,0.029721,0.000000,7.721738,0.0000,0.0000,0.029721,-0.110781,1.705658,34.00
1.615996,torque-chirp,hip_abduction_left_joint,RS03,0.030871,0.000000,8.152683,0.0000,0.0000,0.030871,0.297550,3.126575,34.00
1.623994,torque-chirp,hip_abduction_left_joint,RS03,0.034323,0.000000,8.371974,0.0000,0.0000,0.034323,0.425728,5.029068,34.00
1.631993,torque-chirp,hip_abduction_left_joint,RS03,0.038541,0.000000,8.373015,0.0000,0.0000,0.038541,0.634470,6.358437,34.00
1.639992,torque-chirp,hip_abduction_left_joint,RS03,0.042760,0.000000,8.154473,0.0000,0.0000,0.042760,0.456856,8.574043,34.00
1.647992,torque-chirp,hip_abduction_left_joint,RS03,0.044677,0.000000,7.720851,0.0000,0.0000,0.044677,0.192568,8.987869,34.00
1.655993,torque-chirp,hip_abduction_left_joint,RS03,0.045061,0.000000,7.082381,0.0000,0.0000,0.045061,-0.091860,9.114212,34.00
1.663992,torque-chirp,hip_abduction_left_joint,RS03,0.044293,0.000000,6.255024,0.0000,0.0000,0.044293,0.010071,8.308540,34.00
1.671992,torque-chirp,hip_abduction_left_joint,RS03,0.043910,0.000000,5.259520,0.0000,0.0000,0.043910,-0.083925,7.435112,34.00
1.679992,torque-chirp,hip_abduction_left_joint,RS03,0.043527,0.000000,4.121690,0.0000,0.0000,0.043527,0.073547,6.288849,34.00
1.687992,torque-chirp,hip_abduction_left_joint,RS03,0.044677,0.000000,2.871252,0.0000,0.0000,0.044677,0.088198,5.135269,34.00
1.695991,torque-chirp,hip_abduction_left_joint,RS03,0.046211,0.000000,1.541539,0.0000,0.0000,0.046211,0.293888,4.108032,34.00
1.703990,torque-chirp,hip_abduction_left_joint,RS03,0.048896,0.000000,0.167592,0.0000,0.0000,0.048896,0.342716,2.441746,34.00
1.711991,torque-chirp,hip_abduction_left_joint,RS03,0.053883,0.000000,-1.213662,0.0000,0.0000,0.053883,0.757153,1.434654,34.00
1.720029,torque-chirp,hip_abduction_left_joint,RS03,0.060402,0.000000,-2.570376,0.0000,0.0000,0.060402,0.756542,0.742508,34.00
1.728011,torque-chirp,hip_abduction_left_joint,RS03,0.066538,0.000000,-3.850136,0.0000,0.0000,0.066538,0.677805,0.187683,34.00
1.736004,torque-chirp,hip_abduction_left_joint,RS03,0.071524,0.000000,-5.028767,0.0000,0.0000,0.071524,0.512398,-0.097961,34.00
1.743991,torque-chirp,hip_abduction_left_joint,RS03,0.072674,0.000000,-6.070516,0.0000,0.0000,0.072674,-0.019226,-0.431221,34.00
1.751988,torque-chirp,hip_abduction_left_joint,RS03,0.069606,0.000000,-6.948236,0.0000,0.0000,0.069606,-0.561226,-1.084919,34.00
1.759995,torque-chirp,hip_abduction_left_joint,RS03,0.062703,0.000000,-7.635788,0.0000,0.0000,0.062703,-1.068438,-2.068207,34.00
1.767989,torque-chirp,hip_abduction_left_joint,RS03,0.050048,0.000000,-8.111254,0.0000,0.0000,0.050048,-1.821011,-2.513161,34.00
1.775988,torque-chirp,hip_abduction_left_joint,RS03,0.032789,0.000000,-8.361594,0.0000,0.0000,0.032789,-2.372168,-3.615471,34.00
1.783990,torque-chirp,hip_abduction_left_joint,RS03,0.012080,0.000000,-8.378222,0.0000,0.0000,0.012080,-2.659647,-5.179218,34.00
1.791988,torque-chirp,hip_abduction_left_joint,RS03,-0.009779,0.000000,-8.159390,0.0000,0.0000,-0.009779,-2.719463,-6.878460,34.00
1.799988,torque-chirp,hip_abduction_left_joint,RS03,-0.030106,0.000000,-7.709976,0.0000,0.0000,-0.030106,-2.335546,-9.028156,34.00
1.807990,torque-chirp,hip_abduction_left_joint,RS03,-0.047746,0.000000,-7.041287,0.0000,0.0000,-0.047746,-2.125582,-9.374229,34.00
1.815988,torque-chirp,hip_abduction_left_joint,RS03,-0.063852,0.000000,-6.171666,0.0000,0.0000,-0.063852,-1.844206,-9.399864,34.00
1.823988,torque-chirp,hip_abduction_left_joint,RS03,-0.076892,0.000000,-5.124376,0.0000,0.0000,-0.076892,-1.612879,-8.738842,34.00
1.831990,torque-chirp,hip_abduction_left_joint,RS03,-0.088397,0.000000,-3.928174,0.0000,0.0000,-0.088397,-1.457848,-7.656673,34.00
1.839988,torque-chirp,hip_abduction_left_joint,RS03,-0.098751,0.000000,-2.617802,0.0000,0.0000,-0.098751,-1.230183,-6.237583,34.00
1.847989,torque-chirp,hip_abduction_left_joint,RS03,-0.108723,0.000000,-1.229248,0.0000,0.0000,-0.108723,-1.228352,-4.672009,34.00
1.855990,torque-chirp,hip_abduction_left_joint,RS03,-0.119843,0.000000,0.197477,0.0000,0.0000,-0.119843,-1.391317,-3.161362,34.00
1.863987,torque-chirp,hip_abduction_left_joint,RS03,-0.130966,0.000000,1.620244,0.0000,0.0000,-0.130966,-1.318075,-1.903412,34.00
1.871988,torque-chirp,hip_abduction_left_joint,RS03,-0.142470,0.000000,2.998967,0.0000,0.0000,-0.142470,-1.516441,-0.788280,34.00
1.879990,torque-chirp,hip_abduction_left_joint,RS03,-0.154359,0.000000,4.292621,0.0000,0.0000,-0.154359,-1.518883,-0.431221,34.00
1.887988,torque-chirp,hip_abduction_left_joint,RS03,-0.163563,0.000000,5.461883,0.0000,0.0000,-0.163563,-1.006790,0.235298,34.00
1.895989,torque-chirp,hip_abduction_left_joint,RS03,-0.169315,0.000000,6.472913,0.0000,0.0000,-0.169315,-0.513008,0.991531,34.00
1.903990,torque-chirp,hip_abduction_left_joint,RS03,-0.171233,0.000000,7.294428,0.0000,0.0000,-0.171233,0.014343,1.500572,34.00
1.911987,torque-chirp,hip_abduction_left_joint,RS03,-0.168165,0.000000,7.900899,0.0000,0.0000,-0.168165,0.575876,2.108490,34.00
1.919990,torque-chirp,hip_abduction_left_joint,RS03,-0.160495,0.000000,8.273685,0.0000,0.0000,-0.160495,1.213703,2.454563,34.00
1.927990,torque-chirp,hip_abduction_left_joint,RS03,-0.148606,0.000000,8.399999,0.0000,0.0000,-0.148606,1.570763,4.666512,34.00
1.935994,torque-chirp,hip_abduction_left_joint,RS03,-0.135568,0.000000,8.274775,0.0000,0.0000,-0.135568,1.603722,6.623940,34.00
1.943991,torque-chirp,hip_abduction_left_joint,RS03,-0.121378,0.000000,7.900823,0.0000,0.0000,-0.121378,1.764858,6.865646,34.00
1.951990,torque-chirp,hip_abduction_left_joint,RS03,-0.107955,0.000000,7.287887,0.0000,0.0000,-0.107955,1.521324,8.594185,34.00
1.959989,torque-chirp,hip_abduction_left_joint,RS03,-0.095683,0.000000,6.453325,0.0000,0.0000,-0.095683,1.396200,8.960403,34.00
1.967990,torque-chirp,hip_abduction_left_joint,RS03,-0.084946,0.000000,5.421214,0.0000,0.0000,-0.084946,1.288776,8.279243,34.00
1.975990,torque-chirp,hip_abduction_left_joint,RS03,-0.075358,0.000000,4.222182,0.0000,0.0000,-0.075358,1.161211,7.173264,34.00
1.983989,torque-chirp,hip_abduction_left_joint,RS03,-0.065770,0.000000,2.892075,0.0000,0.0000,-0.065770,1.067827,6.228424,34.00
1.991988,torque-chirp,hip_abduction_left_joint,RS03,-0.056566,0.000000,1.471062,0.0000,0.0000,-0.056566,1.175861,4.822151,34.00
1.999991,torque-chirp,hip_abduction_left_joint,RS03,-0.046979,0.000000,0.001708,0.0000,0.0000,-0.046979,1.185627,3.168690,34.00
2.007990,torque-chirp,hip_abduction_left_joint,RS03,-0.037008,0.000000,-1.469591,0.0000,0.0000,-0.037008,1.166704,2.536961,34.00
2.015990,torque-chirp,hip_abduction_left_joint,RS03,-0.027421,0.000000,-2.897982,0.0000,0.0000,-0.027421,1.282063,1.425499,34.00
2.023991,torque-chirp,hip_abduction_left_joint,RS03,-0.017449,0.000000,-4.238913,0.0000,0.0000,-0.017449,1.103228,0.141907,34.00
2.031995,torque-chirp,hip_abduction_left_joint,RS03,-0.009012,0.000000,-5.449977,0.0000,0.0000,-0.009012,0.924393,-0.440376,34.00
2.039991,torque-chirp,hip_abduction_left_joint,RS03,-0.003643,0.000000,-6.491384,0.0000,0.0000,-0.003643,0.404976,-0.737011,34.00
2.048076,torque-chirp,hip_abduction_left_joint,RS03,-0.002876,0.000000,-7.338789,0.0000,0.0000,-0.002876,-0.222477,-1.130695,34.00
2.055996,torque-chirp,hip_abduction_left_joint,RS03,-0.007094,0.000000,-7.941303,0.0000,0.0000,-0.007094,-0.773022,-2.066376,34.00
2.063993,torque-chirp,hip_abduction_left_joint,RS03,-0.016682,0.000000,-8.300762,0.0000,0.0000,-0.016682,-1.426107,-2.787823,34.00
2.071993,torque-chirp,hip_abduction_left_joint,RS03,-0.029338,0.000000,-8.397453,0.0000,0.0000,-0.029338,-1.686733,-4.589611,34.00
2.079988,torque-chirp,hip_abduction_left_joint,RS03,-0.045444,0.000000,-8.226975,0.0000,0.0000,-0.045444,-2.049896,-5.263447,34.00
2.087988,torque-chirp,hip_abduction_left_joint,RS03,-0.063852,0.000000,-7.793283,0.0000,0.0000,-0.063852,-2.198826,-7.279469,34.00
2.095990,torque-chirp,hip_abduction_left_joint,RS03,-0.078810,0.000000,-7.108655,0.0000,0.0000,-0.078810,-1.665369,-9.744106,34.00
2.103988,torque-chirp,hip_abduction_left_joint,RS03,-0.090315,0.000000,-6.194632,0.0000,0.0000,-0.090315,-1.418783,-9.170979,34.00
2.111989,torque-chirp,hip_abduction_left_joint,RS03,-0.098751,0.000000,-5.078804,0.0000,0.0000,-0.098751,-0.823072,-9.385216,34.00
2.119992,torque-chirp,hip_abduction_left_joint,RS03,-0.104120,0.000000,-3.796080,0.0000,0.0000,-0.104120,-0.694897,-8.299381,34.00
2.127990,torque-chirp,hip_abduction_left_joint,RS03,-0.107188,0.000000,-2.388768,0.0000,0.0000,-0.107188,-0.303043,-7.182423,34.00
2.135988,torque-chirp,hip_abduction_left_joint,RS03,-0.108723,0.000000,-0.901246,0.0000,0.0000,-0.108723,-0.186464,-5.483177,34.00
2.144261,torque-chirp,hip_abduction_left_joint,RS03,-0.109489,0.000000,0.670501,0.0000,0.0000,-0.109489,-0.121157,-3.655758,34.00
2.152025,torque-chirp,hip_abduction_left_joint,RS03,-0.110256,0.000000,2.127490,0.0000,0.0000,-0.110256,0.018005,-2.405125,34.00
2.160010,torque-chirp,hip_abduction_left_joint,RS03,-0.109873,0.000000,3.559114,0.0000,0.0000,-0.109873,0.033264,-1.235065,34.00
2.167999,torque-chirp,hip_abduction_left_joint,RS03,-0.109873,0.000000,4.876620,0.0000,0.0000,-0.109873,0.154726,-0.072327,34.00
2.175997,torque-chirp,hip_abduction_left_joint,RS03,-0.108339,0.000000,6.036070,0.0000,0.0000,-0.108339,0.337833,1.044632,34.00
2.183995,torque-chirp,hip_abduction_left_joint,RS03,-0.104120,0.000000,6.996902,0.0000,0.0000,-0.104120,0.898148,1.482262,34.00
2.191994,torque-chirp,hip_abduction_left_joint,RS03,-0.095300,0.000000,7.725835,0.0000,0.0000,-0.095300,1.335165,1.952850,34.00
2.199994,torque-chirp,hip_abduction_left_joint,RS03,-0.081111,0.000000,8.197440,0.0000,0.0000,-0.081111,2.079193,2.170750,34.00
2.207993,torque-chirp,hip_abduction_left_joint,RS03,-0.061552,0.000000,8.394418,0.0000,0.0000,-0.061552,2.696878,3.331654,34.00
2.215995,torque-chirp,hip_abduction_left_joint,RS03,-0.038542,0.000000,8.308776,0.0000,0.0000,-0.038542,2.807964,5.353165,34.00
2.223992,torque-chirp,hip_abduction_left_joint,RS03,-0.013998,0.000000,7.942180,0.0000,0.0000,-0.013998,3.334705,5.809105,34.00
2.231994,torque-chirp,hip_abduction_left_joint,RS03,0.012080,0.000000,7.305356,0.0000,0.0000,0.012080,3.155870,7.913025,34.00
2.239999,torque-chirp,hip_abduction_left_joint,RS03,0.034706,0.000000,6.418263,0.0000,0.0000,0.034706,2.583963,9.586632,34.00
2.247993,torque-chirp,hip_abduction_left_joint,RS03,0.054266,0.000000,5.312021,0.0000,0.0000,0.054266,2.361792,8.837723,34.00
2.255992,torque-chirp,hip_abduction_left_joint,RS03,0.069989,0.000000,4.021455,0.0000,0.0000,0.069989,1.671474,9.403526,34.00
2.263992,torque-chirp,hip_abduction_left_joint,RS03,0.082644,0.000000,2.590369,0.0000,0.0000,0.082644,1.409628,7.711601,34.00
2.271993,torque-chirp,hip_abduction_left_joint,RS03,0.093383,0.000000,1.067506,0.0000,0.0000,0.093383,1.202717,5.882355,34.00
2.279994,torque-chirp,hip_abduction_left_joint,RS03,0.102203,0.000000,-0.494668,0.0000,0.0000,0.102203,1.196003,4.510872,34.00
2.287992,torque-chirp,hip_abduction_left_joint,RS03,0.110256,0.000000,-2.041734,0.0000,0.0000,0.110256,0.943924,2.815289,34.00
2.295992,torque-chirp,hip_abduction_left_joint,RS03,0.117927,0.000000,-3.520329,0.0000,0.0000,0.117927,1.057451,1.300987,34.00
2.303991,torque-chirp,hip_abduction_left_joint,RS03,0.125596,0.000000,-4.878454,0.0000,0.0000,0.125596,0.950027,0.068665,34.00
2.311991,torque-chirp,hip_abduction_left_joint,RS03,0.131349,0.000000,-6.067788,0.0000,0.0000,0.131349,0.444649,-0.608837,34.00
2.319992,torque-chirp,hip_abduction_left_joint,RS03,0.133266,0.000000,-7.045856,0.0000,0.0000,0.133266,-0.017395,-1.037308,34.00
2.327994,torque-chirp,hip_abduction_left_joint,RS03,0.130582,0.000000,-7.777079,0.0000,0.0000,0.130582,-0.430611,-1.815521,34.00
2.336066,torque-chirp,hip_abduction_left_joint,RS03,0.123679,0.000000,-8.236888,0.0000,0.0000,0.123679,-1.103838,-2.450901,34.00
2.344055,torque-chirp,hip_abduction_left_joint,RS03,0.112941,0.000000,-8.399667,0.0000,0.0000,0.112941,-1.395590,-4.567635,34.00
2.352051,torque-chirp,hip_abduction_left_joint,RS03,0.101436,0.000000,-8.264210,0.0000,0.0000,0.101436,-1.778286,-5.008926,34.00
2.360009,torque-chirp,hip_abduction_left_joint,RS03,0.086864,0.000000,-7.836393,0.0000,0.0000,0.086864,-1.673304,-7.228199,34.00
2.368030,torque-chirp,hip_abduction_left_joint,RS03,0.076509,0.000000,-7.123405,0.0000,0.0000,0.076509,-0.910965,-11.128403,34.00
2.375988,torque-chirp,hip_abduction_left_joint,RS03,0.071140,0.000000,-6.160463,0.0000,0.0000,0.071140,-0.649118,-10.055389,34.00
2.384014,torque-chirp,hip_abduction_left_joint,RS03,0.069222,0.000000,-4.965207,0.0000,0.0000,0.069222,-0.025940,-10.295261,34.00
2.391994,torque-chirp,hip_abduction_left_joint,RS03,0.071140,0.000000,-3.595536,0.0000,0.0000,0.071140,0.311588,-8.224308,34.00
2.399991,torque-chirp,hip_abduction_left_joint,RS03,0.072674,0.000000,-2.090837,0.0000,0.0000,0.072674,0.280460,-6.279697,34.00
2.407993,torque-chirp,hip_abduction_left_joint,RS03,0.075742,0.000000,-0.506566,0.0000,0.0000,0.075742,0.596628,-4.924698,34.00
2.416035,torque-chirp,hip_abduction_left_joint,RS03,0.079193,0.000000,1.106748,0.0000,0.0000,0.079193,0.494698,-3.181507,34.00
2.424011,torque-chirp,hip_abduction_left_joint,RS03,0.082644,0.000000,2.668796,0.0000,0.0000,0.082644,0.382389,-2.130463,34.00
2.431994,torque-chirp,hip_abduction_left_joint,RS03,0.086480,0.000000,4.137057,0.0000,0.0000,0.086480,0.556345,-1.286335,34.00
2.439989,torque-chirp,hip_abduction_left_joint,RS03,0.091465,0.000000,5.457703,0.0000,0.0000,0.091465,0.702219,-0.013733,34.00
2.447994,torque-chirp,hip_abduction_left_joint,RS03,0.097984,0.000000,6.580068,0.0000,0.0000,0.097984,0.901810,0.998856,34.00
2.455993,torque-chirp,hip_abduction_left_joint,RS03,0.108339,0.000000,7.459100,0.0000,0.0000,0.108339,1.430380,1.736786,34.00
2.463992,torque-chirp,hip_abduction_left_joint,RS03,0.123679,0.000000,8.062112,0.0000,0.0000,0.123679,2.301367,1.641571,34.00
2.471989,torque-chirp,hip_abduction_left_joint,RS03,0.144771,0.000000,8.365171,0.0000,0.0000,0.144771,2.861065,3.014874,34.00
2.480276,torque-chirp,hip_abduction_left_joint,RS03,0.169316,0.000000,8.349481,0.0000,0.0000,0.169316,2.825665,5.902496,34.00
2.488035,torque-chirp,hip_abduction_left_joint,RS03,0.192326,0.000000,8.029616,0.0000,0.0000,0.192326,3.296864,5.829247,34.00
2.496025,torque-chirp,hip_abduction_left_joint,RS03,0.220321,0.000000,7.402479,0.0000,0.0000,0.220321,3.379875,7.206223,34.00
2.504014,torque-chirp,hip_abduction_left_joint,RS03,0.243331,0.000000,6.495414,0.0000,0.0000,0.243331,2.499123,10.780502,34.00
2.511998,torque-chirp,hip_abduction_left_joint,RS03,0.259439,0.000000,5.342280,0.0000,0.0000,0.259439,2.040131,10.666977,34.00
2.519997,torque-chirp,hip_abduction_left_joint,RS03,0.270944,0.000000,3.982304,0.0000,0.0000,0.270944,1.130693,10.496681,34.00
2.531991,torque-chirp,hip_abduction_left_joint,RS03,0.278231,0.000000,1.672439,0.0000,0.0000,0.278231,0.218203,8.436714,34.00
2.539992,torque-chirp,hip_abduction_left_joint,RS03,0.278997,0.000000,0.036016,0.0000,0.0000,0.278997,-0.032654,6.761269,34.00
2.547991,torque-chirp,hip_abduction_left_joint,RS03,0.278231,0.000000,-1.603959,0.0000,0.0000,0.278231,-0.041201,3.939571,34.00
2.555989,torque-chirp,hip_abduction_left_joint,RS03,0.277080,0.000000,-3.184478,0.0000,0.0000,0.277080,-0.056459,2.183567,34.00
2.564147,torque-chirp,hip_abduction_left_joint,RS03,0.275546,0.000000,-4.671650,0.0000,0.0000,0.275546,-0.099794,0.780960,34.00
2.571996,torque-chirp,hip_abduction_left_joint,RS03,0.272861,0.000000,-5.927713,0.0000,0.0000,0.272861,-0.321964,-0.603344,34.00
2.579992,torque-chirp,hip_abduction_left_joint,RS03,0.268259,0.000000,-6.980494,0.0000,0.0000,0.268259,-0.805981,-1.310143,34.00
2.587990,torque-chirp,hip_abduction_left_joint,RS03,0.259439,0.000000,-7.762916,0.0000,0.0000,0.259439,-1.302206,-1.987640,34.00
2.595991,torque-chirp,hip_abduction_left_joint,RS03,0.246017,0.000000,-8.242913,0.0000,0.0000,0.246017,-2.018768,-2.216522,34.00
2.603990,torque-chirp,hip_abduction_left_joint,RS03,0.226457,0.000000,-8.399903,0.0000,0.0000,0.226457,-2.738384,-3.443352,34.00
2.611988,torque-chirp,hip_abduction_left_joint,RS03,0.206132,0.000000,-8.226468,0.0000,0.0000,0.206132,-2.364843,-6.625771,34.00
2.619991,torque-chirp,hip_abduction_left_joint,RS03,0.185040,0.000000,-7.727590,0.0000,0.0000,0.185040,-2.770733,-6.638588,34.00
2.627988,torque-chirp,hip_abduction_left_joint,RS03,0.164330,0.000000,-6.922276,0.0000,0.0000,0.164330,-2.123751,-10.355686,34.00
2.635991,torque-chirp,hip_abduction_left_joint,RS03,0.152059,0.000000,-5.840026,0.0000,0.0000,0.152059,-1.110552,-11.842529,34.00
2.643990,torque-chirp,hip_abduction_left_joint,RS03,0.144771,0.000000,-4.523883,0.0000,0.0000,0.144771,-0.666210,-10.359348,34.00
2.651988,torque-chirp,hip_abduction_left_joint,RS03,0.143620,0.000000,-3.025089,0.0000,0.0000,0.143620,-0.005188,-9.478600,34.00
2.659992,torque-chirp,hip_abduction_left_joint,RS03,0.144004,0.000000,-1.401552,0.0000,0.0000,0.144004,0.111391,-6.173492,34.00
2.667991,torque-chirp,hip_abduction_left_joint,RS03,0.144771,0.000000,0.279507,0.0000,0.0000,0.144771,0.199282,-4.454109,34.00
2.675991,torque-chirp,hip_abduction_left_joint,RS03,0.144771,0.000000,1.952127,0.0000,0.0000,0.144771,-0.090639,-2.544289,34.00
2.683992,torque-chirp,hip_abduction_left_joint,RS03,0.144771,0.000000,3.548468,0.0000,0.0000,0.144771,0.053406,-1.339439,34.00
2.691991,torque-chirp,hip_abduction_left_joint,RS03,0.144771,0.000000,5.002841,0.0000,0.0000,0.144771,-0.037537,-0.021057,34.00
2.699991,torque-chirp,hip_abduction_left_joint,RS03,0.145922,0.000000,6.255909,0.0000,0.0000,0.145922,0.207827,0.846878,34.00
2.707990,torque-chirp,hip_abduction_left_joint,RS03,0.149758,0.000000,7.255228,0.0000,0.0000,0.149758,0.777294,1.322960,34.00
2.715990,torque-chirp,hip_abduction_left_joint,RS03,0.158578,0.000000,7.959113,0.0000,0.0000,0.158578,1.313801,1.636070,34.00
2.723993,torque-chirp,hip_abduction_left_joint,RS03,0.172768,0.000000,8.337284,0.0000,0.0000,0.172768,2.077972,2.529636,34.00
2.731994,torque-chirp,hip_abduction_left_joint,RS03,0.191559,0.000000,8.372385,0.0000,0.0000,0.191559,2.260471,4.794685,34.00
2.739991,torque-chirp,hip_abduction_left_joint,RS03,0.209200,0.000000,8.061838,0.0000,0.0000,0.209200,2.260471,6.915085,34.00
2.747989,torque-chirp,hip_abduction_left_joint,RS03,0.229908,0.000000,7.416914,0.0000,0.0000,0.229908,2.829327,5.754173,34.00
2.755990,torque-chirp,hip_abduction_left_joint,RS03,0.249851,0.000000,6.462648,0.0000,0.0000,0.249851,2.121922,9.764252,34.00
2.763989,torque-chirp,hip_abduction_left_joint,RS03,0.261740,0.000000,5.237950,0.0000,0.0000,0.261740,1.141680,11.251083,34.00
2.771990,torque-chirp,hip_abduction_left_joint,RS03,0.267492,0.000000,3.792087,0.0000,0.0000,0.267492,0.400093,10.870224,34.00
2.779988,torque-chirp,hip_abduction_left_joint,RS03,0.266726,0.000000,2.185906,0.0000,0.0000,0.266726,-0.357977,9.621429,34.00
2.787991,torque-chirp,hip_abduction_left_joint,RS03,0.262123,0.000000,0.484334,0.0000,0.0000,0.262123,-0.687572,6.807053,34.00
2.795993,torque-chirp,hip_abduction_left_joint,RS03,0.255987,0.000000,-1.239852,0.0000,0.0000,0.255987,-0.851759,4.785530,34.00
2.803991,torque-chirp,hip_abduction_left_joint,RS03,0.247934,0.000000,-2.913226,0.0000,0.0000,0.247934,-1.098345,2.939800,34.00
2.812043,torque-chirp,hip_abduction_left_joint,RS03,0.238729,0.000000,-4.475533,0.0000,0.0000,0.238729,-1.152666,1.297325,34.00
2.820012,torque-chirp,hip_abduction_left_joint,RS03,0.229141,0.000000,-5.834222,0.0000,0.0000,0.229141,-1.214314,-0.284733,34.00
2.827993,torque-chirp,hip_abduction_left_joint,RS03,0.218404,0.000000,-6.949374,0.0000,0.0000,0.218404,-1.454185,-0.896317,34.00
2.835996,torque-chirp,hip_abduction_left_joint,RS03,0.203831,0.000000,-7.772024,0.0000,0.0000,0.203831,-2.098116,-1.577480,34.00
2.843994,torque-chirp,hip_abduction_left_joint,RS03,0.183505,0.000000,-8.261895,0.0000,0.0000,0.183505,-2.757915,-2.128632,34.00
2.851991,torque-chirp,hip_abduction_left_joint,RS03,0.157428,0.000000,-8.397107,0.0000,0.0000,0.157428,-3.617304,-2.683449,34.00
2.859988,torque-chirp,hip_abduction_left_joint,RS03,0.125596,0.000000,-8.170350,0.0000,0.0000,0.125596,-4.029298,-5.105976,34.00
2.867993,torque-chirp,hip_abduction_left_joint,RS03,0.096451,0.000000,-7.589200,0.0000,0.0000,0.096451,-3.405510,-8.462349,34.00
2.875991,torque-chirp,hip_abduction_left_joint,RS03,0.066921,0.000000,-6.678227,0.0000,0.0000,0.066921,-3.598383,-7.944153,34.00
2.883990,torque-chirp,hip_abduction_left_joint,RS03,0.043143,0.000000,-5.475227,0.0000,0.0000,0.043143,-2.320288,-12.060425,34.00
2.891987,torque-chirp,hip_abduction_left_joint,RS03,0.028570,0.000000,-4.031897,0.0000,0.0000,0.028570,-1.598228,-10.983749,34.00
2.899989,torque-chirp,hip_abduction_left_joint,RS03,0.018600,0.000000,-2.409036,0.0000,0.0000,0.018600,-0.728466,-10.914169,34.00
2.907988,torque-chirp,hip_abduction_left_joint,RS03,0.016682,0.000000,-0.678867,0.0000,0.0000,0.016682,-0.033264,-8.257267,34.00
2.915989,torque-chirp,hip_abduction_left_joint,RS03,0.016682,0.000000,1.084298,0.0000,0.0000,0.016682,0.014343,-5.305565,34.00
2.923988,torque-chirp,hip_abduction_left_joint,RS03,0.017833,0.000000,2.801385,0.0000,0.0000,0.017833,0.198671,-3.128403,34.00
2.931990,torque-chirp,hip_abduction_left_joint,RS03,0.018600,0.000000,4.397696,0.0000,0.0000,0.018600,0.148012,-1.260700,34.00
2.939989,torque-chirp,hip_abduction_left_joint,RS03,0.019366,0.000000,5.800157,0.0000,0.0000,0.019366,0.122988,0.160217,34.00
2.947989,torque-chirp,hip_abduction_left_joint,RS03,0.022434,0.000000,6.946552,0.0000,0.0000,0.022434,0.477608,0.901810,34.00
2.955986,torque-chirp,hip_abduction_left_joint,RS03,0.029721,0.000000,7.783984,0.0000,0.0000,0.029721,1.177082,1.745941,34.00
2.963990,torque-chirp,hip_abduction_left_joint,RS03,0.041609,0.000000,8.274425,0.0000,0.0000,0.041609,1.785000,2.471043,34.00
2.971990,torque-chirp,hip_abduction_left_joint,RS03,0.058868,0.000000,8.393520,0.0000,0.0000,0.058868,2.383764,3.800411,34.00
2.979990,torque-chirp,hip_abduction_left_joint,RS03,0.073441,0.000000,8.134708,0.0000,0.0000,0.073441,1.538414,8.762650,34.00
2.987986,torque-chirp,hip_abduction_left_joint,RS03,0.088397,0.000000,7.508371,0.0000,0.0000,0.088397,2.187840,6.114899,34.00
2.995991,torque-chirp,hip_abduction_left_joint,RS03,0.104887,0.000000,6.540180,0.0000,0.0000,0.104887,1.742275,9.244225,34.00
3.003990,torque-chirp,hip_abduction_left_joint,RS03,0.113324,0.000000,5.274077,0.0000,0.0000,0.113324,0.621042,11.630119,34.00
3.011989,torque-chirp,hip_abduction_left_joint,RS03,0.116009,0.000000,3.766026,0.0000,0.0000,0.116009,0.138857,10.260475,34.00
3.020026,torque-chirp,hip_abduction_left_joint,RS03,0.113708,0.000000,2.075667,0.0000,0.0000,0.113708,-0.524605,9.264366,34.00
3.028035,torque-chirp,hip_abduction_left_joint,RS03,0.107955,0.000000,0.293158,0.0000,0.0000,0.107955,-0.754711,6.316315,34.00
3.035997,torque-chirp,hip_abduction_left_joint,RS03,0.100669,0.000000,-1.494720,0.0000,0.0000,0.100669,-0.975052,4.454109,34.00
3.043994,torque-chirp,hip_abduction_left_joint,RS03,0.092232,0.000000,-3.224357,0.0000,0.0000,0.092232,-1.015335,2.216526,34.00
3.051993,torque-chirp,hip_abduction_left_joint,RS03,0.084562,0.000000,-4.807793,0.0000,0.0000,0.084562,-0.862135,0.506294,34.00
3.059994,torque-chirp,hip_abduction_left_joint,RS03,0.077276,0.000000,-6.170997,0.0000,0.0000,0.077276,-1.062334,-0.451363,34.00
3.067992,torque-chirp,hip_abduction_left_joint,RS03,0.067305,0.000000,-7.249035,0.0000,0.0000,0.067305,-1.322348,-1.050125,34.00
3.076071,torque-chirp,hip_abduction_left_joint,RS03,0.052732,0.000000,-7.996539,0.0000,0.0000,0.052732,-2.146334,-1.877777,34.00
3.083996,torque-chirp,hip_abduction_left_joint,RS03,0.032405,0.000000,-8.360850,0.0000,0.0000,0.032405,-2.829327,-2.381321,34.00
3.091994,torque-chirp,hip_abduction_left_joint,RS03,0.005944,0.000000,-8.339281,0.0000,0.0000,0.005944,-3.647821,-2.762188,34.00
3.100005,torque-chirp,hip_abduction_left_joint,RS03,-0.022818,0.000000,-7.925110,0.0000,0.0000,-0.022818,-3.414055,-7.015793,34.00
3.107992,torque-chirp,hip_abduction_left_joint,RS03,-0.049280,0.000000,-7.138968,0.0000,0.0000,-0.049280,-3.353628,-7.651180,34.00
3.115990,torque-chirp,hip_abduction_left_joint,RS03,-0.075358,0.000000,-6.013703,0.0000,0.0000,-0.075358,-2.998398,-9.390709,34.00
3.123994,torque-chirp,hip_abduction_left_joint,RS03,-0.092999,0.000000,-4.601197,0.0000,0.0000,-0.092999,-1.775234,-12.260014,34.00
3.132239,torque-chirp,hip_abduction_left_joint,RS03,-0.103737,0.000000,-2.916039,0.0000,0.0000,-0.103737,-1.134356,-10.130463,34.00
3.140011,torque-chirp,hip_abduction_left_joint,RS03,-0.108339,0.000000,-1.188949,0.0000,0.0000,-0.108339,-0.315861,-9.797207,34.00
3.148007,torque-chirp,hip_abduction_left_joint,RS03,-0.108339,0.000000,0.645606,0.0000,0.0000,-0.108339,0.071716,-6.226597,34.00
3.155998,torque-chirp,hip_abduction_left_joint,RS03,-0.107188,0.000000,2.450744,0.0000,0.0000,-0.107188,0.205996,-3.677731,34.00
3.163992,torque-chirp,hip_abduction_left_joint,RS03,-0.104120,0.000000,4.141324,0.0000,0.0000,-0.104120,0.318302,-1.934540,34.00
3.171994,torque-chirp,hip_abduction_left_joint,RS03,-0.101052,0.000000,5.636446,0.0000,0.0000,-0.101052,0.494087,-0.174870,34.00
3.179994,torque-chirp,hip_abduction_left_joint,RS03,-0.097218,0.000000,6.860998,0.0000,0.0000,-0.097218,0.549021,1.046463,34.00
3.187991,torque-chirp,hip_abduction_left_joint,RS03,-0.090315,0.000000,7.754832,0.0000,0.0000,-0.090315,1.142900,1.231407,34.00
3.195992,torque-chirp,hip_abduction_left_joint,RS03,-0.077660,0.000000,8.273766,0.0000,0.0000,-0.077660,1.909513,1.925385,34.00
3.203991,torque-chirp,hip_abduction_left_joint,RS03,-0.060018,0.000000,8.390508,0.0000,0.0000,-0.060018,2.588236,2.848248,34.00
3.211989,torque-chirp,hip_abduction_left_joint,RS03,-0.037775,0.000000,8.098022,0.0000,0.0000,-0.037775,2.565651,5.957428,34.00
3.219989,torque-chirp,hip_abduction_left_joint,RS03,-0.018983,0.000000,7.408710,0.0000,0.0000,-0.018983,2.209812,8.370796,34.00
3.227990,torque-chirp,hip_abduction_left_joint,RS03,0.001342,0.000000,6.354682,0.0000,0.0000,0.001342,2.654764,6.990158,34.00
3.235989,torque-chirp,hip_abduction_left_joint,RS03,0.019750,0.000000,4.986960,0.0000,0.0000,0.019750,1.758144,10.269630,34.00
3.243991,torque-chirp,hip_abduction_left_joint,RS03,0.029721,0.000000,3.370637,0.0000,0.0000,0.029721,0.882278,10.480202,34.00
3.251989,torque-chirp,hip_abduction_left_joint,RS03,0.034323,0.000000,1.586087,0.0000,0.0000,0.034323,0.222475,9.491417,34.00
3.259988,torque-chirp,hip_abduction_left_joint,RS03,0.033173,0.000000,-0.279593,0.0000,0.0000,0.033173,-0.330509,7.121994,34.00
3.267989,torque-chirp,hip_abduction_left_joint,RS03,0.029721,0.000000,-2.134186,0.0000,0.0000,0.029721,-0.417791,4.408325,34.00
3.275991,torque-chirp,hip_abduction_left_joint,RS03,0.024735,0.000000,-3.885081,0.0000,0.0000,0.024735,-0.606394,2.410618,34.00
3.283990,torque-chirp,hip_abduction_left_joint,RS03,0.018983,0.000000,-5.443473,0.0000,0.0000,0.018983,-0.638742,0.482491,34.00
3.291990,torque-chirp,hip_abduction_left_joint,RS03,0.012847,0.000000,-6.730870,0.0000,0.0000,0.012847,-0.748608,-0.755322,34.00
3.299989,torque-chirp,hip_abduction_left_joint,RS03,0.004794,0.000000,-7.681697,0.0000,0.0000,0.004794,-1.296713,-1.357750,34.00
3.307990,torque-chirp,hip_abduction_left_joint,RS03,-0.008629,0.000000,-8.246513,0.0000,0.0000,-0.008629,-1.970551,-2.117645,34.00
3.315989,torque-chirp,hip_abduction_left_joint,RS03,-0.027804,0.000000,-8.395170,0.0000,0.0000,-0.027804,-2.699932,-2.547951,34.00
3.323987,torque-chirp,hip_abduction_left_joint,RS03,-0.053882,0.000000,-8.118642,0.0000,0.0000,-0.053882,-3.509270,-3.818722,34.00
3.331986,torque-chirp,hip_abduction_left_joint,RS03,-0.078426,0.000000,-7.429292,0.0000,0.0000,-0.078426,-2.775005,-8.731518,34.00
3.339991,torque-chirp,hip_abduction_left_joint,RS03,-0.100286,0.000000,-6.359576,0.0000,0.0000,-0.100286,-2.773174,-7.682308,34.00
3.347992,torque-chirp,hip_abduction_left_joint,RS03,-0.120611,0.000000,-4.963871,0.0000,0.0000,-0.120611,-1.984589,-11.289539,34.00
3.355990,torque-chirp,hip_abduction_left_joint,RS03,-0.129432,0.000000,-3.312770,0.0000,0.0000,-0.129432,-0.553902,-11.919434,34.00
3.364018,torque-chirp,hip_abduction_left_joint,RS03,-0.132500,0.000000,-1.482239,0.0000,0.0000,-0.132500,-0.189516,-9.780727,34.00
3.372002,torque-chirp,hip_abduction_left_joint,RS03,-0.129048,0.000000,0.417014,0.0000,0.0000,-0.129048,0.621653,-7.894714,34.00
3.379993,torque-chirp,hip_abduction_left_joint,RS03,-0.121761,0.000000,2.298930,0.0000,0.0000,-0.121761,1.051958,-5.051044,34.00
3.387990,torque-chirp,hip_abduction_left_joint,RS03,-0.112557,0.000000,4.065684,0.0000,0.0000,-0.112557,1.210041,-2.853741,34.00
3.395990,torque-chirp,hip_abduction_left_joint,RS03,-0.101052,0.000000,5.624454,0.0000,0.0000,-0.101052,1.488365,-0.801098,34.00
3.403991,torque-chirp,hip_abduction_left_joint,RS03,-0.088780,0.000000,6.892496,0.0000,0.0000,-0.088780,1.651943,0.096130,34.00
3.411989,torque-chirp,hip_abduction_left_joint,RS03,-0.074208,0.000000,7.802414,0.0000,0.0000,-0.074208,2.002289,1.409019,34.00
3.419994,torque-chirp,hip_abduction_left_joint,RS03,-0.055033,0.000000,8.305659,0.0000,0.0000,-0.055033,2.723734,1.879608,34.00
3.427990,torque-chirp,hip_abduction_left_joint,RS03,-0.029338,0.000000,8.373480,0.0000,0.0000,-0.029338,3.544062,2.866558,34.00
3.435993,torque-chirp,hip_abduction_left_joint,RS03,0.001342,0.000000,8.000932,0.0000,0.0000,0.001342,3.994507,4.946671,34.00
3.443991,torque-chirp,hip_abduction_left_joint,RS03,0.028187,0.000000,7.206322,0.0000,0.0000,0.028187,3.188829,9.189293,34.00
3.451988,torque-chirp,hip_abduction_left_joint,RS03,0.055033,0.000000,6.030100,0.0000,0.0000,0.055033,3.555048,7.067062,34.00
3.459990,torque-chirp,hip_abduction_left_joint,RS03,0.079576,0.000000,4.531998,0.0000,0.0000,0.079576,2.602884,10.903183,34.00
3.467991,torque-chirp,hip_abduction_left_joint,RS03,0.094916,0.000000,2.791058,0.0000,0.0000,0.094916,1.403524,11.423203,34.00
3.475988,torque-chirp,hip_abduction_left_joint,RS03,0.102587,0.000000,0.900109,0.0000,0.0000,0.102587,0.633860,9.672699,34.00
3.488010,torque-chirp,hip_abduction_left_joint,RS03,0.102587,0.000000,-2.004519,0.0000,0.0000,0.102587,-0.196842,6.230255,34.00
3.496017,torque-chirp,hip_abduction_left_joint,RS03,0.099902,0.000000,-3.829251,0.0000,0.0000,0.099902,-0.298161,3.672237,34.00
3.504024,torque-chirp,hip_abduction_left_joint,RS03,0.095300,0.000000,-5.450076,0.0000,0.0000,0.095300,-0.564888,1.335777,34.00
3.512009,torque-chirp,hip_abduction_left_joint,RS03,0.090315,0.000000,-6.775398,0.0000,0.0000,0.090315,-0.715649,-0.537422,34.00
3.519996,torque-chirp,hip_abduction_left_joint,RS03,0.083412,0.000000,-7.737817,0.0000,0.0000,0.083412,-1.079424,-1.418175,34.00
3.527994,torque-chirp,hip_abduction_left_joint,RS03,0.072290,0.000000,-8.283973,0.0000,0.0000,0.072290,-1.596397,-1.786224,34.00
3.535994,torque-chirp,hip_abduction_left_joint,RS03,0.055033,0.000000,-8.380997,0.0000,0.0000,0.055033,-2.470436,-2.685280,34.00
3.543992,torque-chirp,hip_abduction_left_joint,RS03,0.031255,0.000000,-8.021832,0.0000,0.0000,0.031255,-3.352407,-3.190662,34.00
3.555987,torque-chirp,hip_abduction_left_joint,RS03,-0.002493,0.000000,-6.673870,0.0000,0.0000,-0.002493,-2.319677,-8.975052,34.00
3.563992,torque-chirp,hip_abduction_left_joint,RS03,-0.023585,0.000000,-5.303461,0.0000,0.0000,-0.023585,-2.502174,-8.920120,34.00
3.571990,torque-chirp,hip_abduction_left_joint,RS03,-0.037008,0.000000,-3.641101,0.0000,0.0000,-0.037008,-1.098345,-12.212406,34.00
3.579988,torque-chirp,hip_abduction_left_joint,RS03,-0.039693,0.000000,-1.776055,0.0000,0.0000,-0.039693,-0.196232,-10.950790,34.00
3.587989,torque-chirp,hip_abduction_left_joint,RS03,-0.036625,0.000000,0.190195,0.0000,0.0000,-0.036625,0.757763,-8.978714,34.00
3.596069,torque-chirp,hip_abduction_left_joint,RS03,-0.026270,0.000000,2.167236,0.0000,0.0000,-0.026270,1.452963,-6.981003,34.00
3.603994,torque-chirp,hip_abduction_left_joint,RS03,-0.011697,0.000000,3.990006,0.0000,0.0000,-0.011697,1.994965,-4.093384,34.00
3.611991,torque-chirp,hip_abduction_left_joint,RS03,0.006328,0.000000,5.610700,0.0000,0.0000,0.006328,2.261082,-1.597622,34.00
3.619989,torque-chirp,hip_abduction_left_joint,RS03,0.025502,0.000000,6.920595,0.0000,0.0000,0.025502,2.443581,-0.304874,34.00
3.627990,torque-chirp,hip_abduction_left_joint,RS03,0.046211,0.000000,7.845448,0.0000,0.0000,0.046211,2.678568,1.366905,34.00
3.635989,torque-chirp,hip_abduction_left_joint,RS03,0.071140,0.000000,8.331321,0.0000,0.0000,0.071140,3.458000,2.300755,34.00
3.643989,torque-chirp,hip_abduction_left_joint,RS03,0.101819,0.000000,8.349417,0.0000,0.0000,0.101819,4.134888,2.461887,34.00
3.651991,torque-chirp,hip_abduction_left_joint,RS03,0.138251,0.000000,7.896748,0.0000,0.0000,0.138251,4.545052,4.941177,34.00
3.659990,torque-chirp,hip_abduction_left_joint,RS03,0.170083,0.000000,6.997427,0.0000,0.0000,0.170083,3.608759,9.691010,34.00
3.667989,torque-chirp,hip_abduction_left_joint,RS03,0.199996,0.000000,5.700716,0.0000,0.0000,0.199996,3.927977,7.610893,34.00
3.675989,torque-chirp,hip_abduction_left_joint,RS03,0.226457,0.000000,4.078358,0.0000,0.0000,0.226457,2.742046,11.368271,34.00
3.683990,torque-chirp,hip_abduction_left_joint,RS03,0.240646,0.000000,2.221722,0.0000,0.0000,0.240646,1.333944,12.655525,34.00
3.691989,torque-chirp,hip_abduction_left_joint,RS03,0.246017,0.000000,0.236245,0.0000,0.0000,0.246017,0.290226,10.919662,34.00
3.699990,torque-chirp,hip_abduction_left_joint,RS03,0.243331,0.000000,-1.765419,0.0000,0.0000,0.243331,-0.524605,7.863586,34.00
3.707990,torque-chirp,hip_abduction_left_joint,RS03,0.235661,0.000000,-3.668292,0.0000,0.0000,0.235661,-1.176470,4.481575,34.00
3.715990,torque-chirp,hip_abduction_left_joint,RS03,0.224923,0.000000,-5.362443,0.0000,0.0000,0.224923,-1.495689,2.051727,34.00
3.723989,torque-chirp,hip_abduction_left_joint,RS03,0.213035,0.000000,-6.749254,0.0000,0.0000,0.213035,-1.369345,0.409248,34.00
3.731989,torque-chirp,hip_abduction_left_joint,RS03,0.199996,0.000000,-7.748063,0.0000,0.0000,0.199996,-1.797817,-1.319298,34.00
3.739989,torque-chirp,hip_abduction_left_joint,RS03,0.182738,0.000000,-8.299020,0.0000,0.0000,0.182738,-2.419165,-1.669033,34.00
3.747990,torque-chirp,hip_abduction_left_joint,RS03,0.159729,0.000000,-8.368606,0.0000,0.0000,0.159729,-3.244984,-2.778667,34.00
3.755990,torque-chirp,hip_abduction_left_joint,RS03,0.130582,0.000000,-7.950921,0.0000,0.0000,0.130582,-3.866941,-3.489128,34.00
3.763989,torque-chirp,hip_abduction_left_joint,RS03,0.101436,0.000000,-7.068656,0.0000,0.0000,0.101436,-3.286488,-8.726025,34.00
3.771988,torque-chirp,hip_abduction_left_joint,RS03,0.076509,0.000000,-5.771776,0.0000,0.0000,0.076509,-3.209583,-8.193180,34.00
3.779990,torque-chirp,hip_abduction_left_joint,RS03,0.055800,0.000000,-4.134256,0.0000,0.0000,0.055800,-1.878996,-12.421150,34.00
3.787989,torque-chirp,hip_abduction_left_joint,RS03,0.048896,0.000000,-2.252228,0.0000,0.0000,0.048896,-0.304264,-13.018082,34.00
3.795990,torque-chirp,hip_abduction_left_joint,RS03,0.049280,0.000000,-0.234312,0.0000,0.0000,0.049280,0.505074,-10.514992,34.00
3.804011,torque-chirp,hip_abduction_left_joint,RS03,0.059252,0.000000,1.804506,0.0000,0.0000,0.059252,1.481039,-8.336006,34.00
3.811991,torque-chirp,hip_abduction_left_joint,RS03,0.073824,0.000000,3.729063,0.0000,0.0000,0.073824,2.045013,-4.862442,34.00
3.819987,torque-chirp,hip_abduction_left_joint,RS03,0.092232,0.000000,5.438827,0.0000,0.0000,0.092232,2.424660,-2.606544,34.00
3.827990,torque-chirp,hip_abduction_left_joint,RS03,0.112557,0.000000,6.828027,0.0000,0.0000,0.112557,2.547951,-0.097961,34.00
3.835990,torque-chirp,hip_abduction_left_joint,RS03,0.133650,0.000000,7.810853,0.0000,0.0000,0.133650,2.629129,0.960403,34.00
3.843991,torque-chirp,hip_abduction_left_joint,RS03,0.158578,0.000000,8.327569,0.0000,0.0000,0.158578,3.424431,1.445641,34.00
3.851991,torque-chirp,hip_abduction_left_joint,RS03,0.189641,0.000000,8.345325,0.0000,0.0000,0.189641,4.213627,2.580914,34.00
3.859989,torque-chirp,hip_abduction_left_joint,RS03,0.225690,0.000000,7.861465,0.0000,0.0000,0.225690,4.386969,5.091324,34.00
3.867990,torque-chirp,hip_abduction_left_joint,RS03,0.255604,0.000000,6.903131,0.0000,0.0000,0.255604,3.404289,10.236671,34.00
3.875991,torque-chirp,hip_abduction_left_joint,RS03,0.284750,0.000000,5.526469,0.0000,0.0000,0.284750,3.818722,7.880066,34.00
3.883990,torque-chirp,hip_abduction_left_joint,RS03,0.310061,0.000000,3.813592,0.0000,0.0000,0.310061,2.389868,12.089722,34.00
3.891990,torque-chirp,hip_abduction_left_joint,RS03,0.321566,0.000000,1.867113,0.0000,0.0000,0.321566,0.925613,13.494164,34.00
3.899991,torque-chirp,hip_abduction_left_joint,RS03,0.322716,0.000000,-0.195609,0.0000,0.0000,0.322716,-0.240177,11.067978,34.00
3.907991,torque-chirp,hip_abduction_left_joint,RS03,0.315045,0.000000,-2.248578,0.0000,0.0000,0.315045,-1.377890,8.883499,34.00
3.915990,torque-chirp,hip_abduction_left_joint,RS03,0.301623,0.000000,-4.166232,0.0000,0.0000,0.301623,-1.827114,4.734261,34.00
3.923989,torque-chirp,hip_abduction_left_joint,RS03,0.284367,0.000000,-5.831001,0.0000,0.0000,0.284367,-2.317846,2.289768,34.00
3.931988,torque-chirp,hip_abduction_left_joint,RS03,0.265574,0.000000,-7.139302,0.0000,0.0000,0.265574,-2.371557,-0.127262,34.00
3.939990,torque-chirp,hip_abduction_left_joint,RS03,0.245633,0.000000,-8.009810,0.0000,0.0000,0.245633,-2.604105,-0.931107,34.00
3.947989,torque-chirp,hip_abduction_left_joint,RS03,0.221472,0.000000,-8.386457,0.0000,0.0000,0.221472,-3.248035,-2.326389,34.00
3.955990,torque-chirp,hip_abduction_left_joint,RS03,0.191175,0.000000,-8.244454,0.0000,0.0000,0.191175,-4.104372,-2.941635,34.00
3.963989,torque-chirp,hip_abduction_left_joint,RS03,0.154743,0.000000,-7.590788,0.0000,0.0000,0.154743,-4.739758,-4.296635,34.00
3.971990,torque-chirp,hip_abduction_left_joint,RS03,0.121378,0.000000,-6.464025,0.0000,0.0000,0.121378,-3.826658,-9.590294,34.00
3.979988,torque-chirp,hip_abduction_left_joint,RS03,0.090698,0.000000,-4.933473,0.0000,0.0000,0.090698,-3.821775,-8.574047,34.00
3.987988,torque-chirp,hip_abduction_left_joint,RS03,0.068072,0.000000,-3.092504,0.0000,0.0000,0.068072,-2.135958,-12.944839,34.00
3.995993,torque-chirp,hip_abduction_left_joint,RS03,0.058868,0.000000,-1.054409,0.0000,0.0000,0.058868,-0.709545,-12.448616,34.00
4.003991,torque-chirp,hip_abduction_left_joint,RS03,0.058868,0.000000,1.050873,0.0000,0.0000,0.058868,0.503242,-10.494850,34.00
4.011990,torque-chirp,hip_abduction_left_joint,RS03,0.067688,0.000000,3.092528,0.0000,0.0000,0.067688,1.472494,-7.323414,34.00
4.019989,torque-chirp,hip_abduction_left_joint,RS03,0.081494,0.000000,4.941477,0.0000,0.0000,0.081494,1.936369,-3.827877,34.00
4.027989,torque-chirp,hip_abduction_left_joint,RS03,0.099135,0.000000,6.480423,0.0000,0.0000,0.099135,2.220798,-1.639736,34.00
4.035990,torque-chirp,hip_abduction_left_joint,RS03,0.118693,0.000000,7.610309,0.0000,0.0000,0.118693,2.486305,0.176697,34.00
4.043989,torque-chirp,hip_abduction_left_joint,RS03,0.140169,0.000000,8.257790,0.0000,0.0000,0.140169,2.823223,1.853973,34.00
4.051990,torque-chirp,hip_abduction_left_joint,RS03,0.167015,0.000000,8.380077,0.0000,0.0000,0.167015,3.602045,2.238499,34.00
4.059990,torque-chirp,hip_abduction_left_joint,RS03,0.200379,0.000000,7.967423,0.0000,0.0000,0.200379,4.585335,2.771343,34.00
4.067990,torque-chirp,hip_abduction_left_joint,RS03,0.233360,0.000000,7.044372,0.0000,0.0000,0.233360,3.608759,8.989700,34.00
4.075990,torque-chirp,hip_abduction_left_joint,RS03,0.259439,0.000000,5.668270,0.0000,0.0000,0.259439,3.321278,8.910965,34.00
4.083990,torque-chirp,hip_abduction_left_joint,RS03,0.285900,0.000000,3.926251,0.0000,0.0000,0.285900,2.987411,9.885101,34.00
4.091990,torque-chirp,hip_abduction_left_joint,RS03,0.299706,0.000000,1.928897,0.0000,0.0000,0.299706,0.979935,13.730370,34.00
4.099989,torque-chirp,hip_abduction_left_joint,RS03,0.299706,0.000000,-0.195118,0.0000,0.0000,0.299706,-0.422064,11.637444,34.00
4.108045,torque-chirp,hip_abduction_left_joint,RS03,0.290503,0.000000,-2.323463,0.0000,0.0000,0.290503,-1.537804,10.022430,34.00
4.115997,torque-chirp,hip_abduction_left_joint,RS03,0.272861,0.000000,-4.277335,0.0000,0.0000,0.272861,-2.497902,6.299835,34.00
4.123992,torque-chirp,hip_abduction_left_joint,RS03,0.251002,0.000000,-5.966786,0.0000,0.0000,0.251002,-2.946518,2.859234,34.00
4.131991,torque-chirp,hip_abduction_left_joint,RS03,0.225690,0.000000,-7.269886,0.0000,0.0000,0.225690,-3.246815,0.295723,34.00
4.139989,torque-chirp,hip_abduction_left_joint,RS03,0.199996,0.000000,-8.099406,0.0000,0.0000,0.199996,-3.249866,-1.253376,34.00
4.147988,torque-chirp,hip_abduction_left_joint,RS03,0.169700,0.000000,-8.399435,0.0000,0.0000,0.169700,-4.054322,-1.998627,34.00
4.155990,torque-chirp,hip_abduction_left_joint,RS03,0.134033,0.000000,-8.148130,0.0000,0.0000,0.134033,-4.847181,-2.769512,34.00
4.163990,torque-chirp,hip_abduction_left_joint,RS03,0.091848,0.000000,-7.360097,0.0000,0.0000,0.091848,-5.466698,-4.023804,34.00
4.171990,torque-chirp,hip_abduction_left_joint,RS03,0.051965,0.000000,-6.085544,0.0000,0.0000,0.051965,-4.587778,-9.925381,34.00
4.179989,torque-chirp,hip_abduction_left_joint,RS03,0.016298,0.000000,-4.407300,0.0000,0.0000,0.016298,-4.512093,-8.839554,34.00
4.187990,torque-chirp,hip_abduction_left_joint,RS03,-0.010546,0.000000,-2.434410,0.0000,0.0000,-0.010546,-2.522926,-13.752346,34.00
4.195991,torque-chirp,hip_abduction_left_joint,RS03,-0.022434,0.000000,-0.297619,0.0000,0.0000,-0.022434,-1.009232,-12.928360,34.00
4.203990,torque-chirp,hip_abduction_left_joint,RS03,-0.023969,0.000000,1.861024,0.0000,0.0000,-0.023969,0.367130,-10.483864,34.00
4.211989,torque-chirp,hip_abduction_left_joint,RS03,-0.015148,0.000000,3.897889,0.0000,0.0000,-0.015148,1.352255,-7.718929,34.00
4.219989,torque-chirp,hip_abduction_left_joint,RS03,-0.001726,0.000000,5.676395,0.0000,0.0000,-0.001726,1.825895,-3.564201,34.00
4.227987,torque-chirp,hip_abduction_left_joint,RS03,0.015532,0.000000,7.076069,0.0000,0.0000,0.015532,2.306860,-1.581142,34.00
4.235990,torque-chirp,hip_abduction_left_joint,RS03,0.035473,0.000000,8.002354,0.0000,0.0000,0.035473,2.425880,0.702217,34.00
4.243989,torque-chirp,hip_abduction_left_joint,RS03,0.058101,0.000000,8.390094,0.0000,0.0000,0.058101,3.183336,1.727631,34.00
4.251988,torque-chirp,hip_abduction_left_joint,RS03,0.086096,0.000000,8.211815,0.0000,0.0000,0.086096,3.838865,2.493015,34.00
4.259989,torque-chirp,hip_abduction_left_joint,RS03,0.121378,0.000000,7.477449,0.0000,0.0000,0.121378,4.753796,3.245594,34.00
4.267989,torque-chirp,hip_abduction_left_joint,RS03,0.153976,0.000000,6.235044,0.0000,0.0000,0.153976,3.458611,10.231178,34.00
4.275988,torque-chirp,hip_abduction_left_joint,RS03,0.179670,0.000000,4.567481,0.0000,0.0000,0.179670,3.253529,9.123367,34.00
4.283988,torque-chirp,hip_abduction_left_joint,RS03,0.203064,0.000000,2.586374,0.0000,0.0000,0.203064,2.379492,10.372169,34.00
4.291988,torque-chirp,hip_abduction_left_joint,RS03,0.211500,0.000000,0.426623,0.0000,0.0000,0.211500,0.339664,13.820091,34.00
4.299990,torque-chirp,hip_abduction_left_joint,RS03,0.207282,0.000000,-1.765231,0.0000,0.0000,0.207282,-1.026321,10.300758,34.00
4.307989,torque-chirp,hip_abduction_left_joint,RS03,0.193093,0.000000,-3.837710,0.0000,0.0000,0.193093,-2.355688,8.486153,34.00
4.315989,torque-chirp,hip_abduction_left_joint,RS03,0.171233,0.000000,-5.648854,0.0000,0.0000,0.171233,-2.912947,4.347900,34.00
4.323989,torque-chirp,hip_abduction_left_joint,RS03,0.145922,0.000000,-7.072723,0.0000,0.0000,0.145922,-3.282825,1.452965,34.00
4.331992,torque-chirp,hip_abduction_left_joint,RS03,0.118693,0.000000,-8.009669,0.0000,0.0000,0.118693,-3.468987,-0.563057,34.00
4.339991,torque-chirp,hip_abduction_left_joint,RS03,0.089164,0.000000,-8.392568,0.0000,0.0000,0.089164,-4.037843,-1.907074,34.00
4.347991,torque-chirp,hip_abduction_left_joint,RS03,0.053883,0.000000,-8.193478,0.0000,0.0000,0.053883,-4.736095,-2.840923,34.00
4.355989,torque-chirp,hip_abduction_left_joint,RS03,0.012080,0.000000,-7.424481,0.0000,0.0000,0.012080,-5.506981,-3.247425,34.00
4.364093,torque-chirp,hip_abduction_left_joint,RS03,-0.032022,0.000000,-6.116892,0.0000,0.0000,-0.032022,-5.090104,-8.125431,34.00
4.372044,torque-chirp,hip_abduction_left_joint,RS03,-0.068071,0.000000,-4.405754,0.0000,0.0000,-0.068071,-4.499275,-8.826736,34.00
4.380070,torque-chirp,hip_abduction_left_joint,RS03,-0.100286,0.000000,-2.367879,0.0000,0.0000,-0.100286,-3.276722,-11.741817,34.00
4.388006,torque-chirp,hip_abduction_left_joint,RS03,-0.116009,0.000000,-0.185365,0.0000,0.0000,-0.116009,-1.199053,-14.221104,34.00
4.396024,torque-chirp,hip_abduction_left_joint,RS03,-0.120227,0.000000,2.034410,0.0000,0.0000,-0.120227,-0.069887,-10.897686,34.00
4.407989,torque-chirp,hip_abduction_left_joint,RS03,-0.107188,0.000000,5.037867,0.0000,0.0000,-0.107188,1.568932,-6.726482,34.00
4.415999,torque-chirp,hip_abduction_left_joint,RS03,-0.091848,0.000000,6.633752,0.0000,0.0000,-0.091848,2.187840,-3.071640,34.00
4.423995,torque-chirp,hip_abduction_left_joint,RS03,-0.072289,0.000000,7.758326,0.0000,0.0000,-0.072289,2.806133,-0.716869,34.00
4.431992,torque-chirp,hip_abduction_left_joint,RS03,-0.050047,0.000000,8.333385,0.0000,0.0000,-0.050047,2.911118,0.509956,34.00
4.439992,torque-chirp,hip_abduction_left_joint,RS03,-0.023969,0.000000,8.315774,0.0000,0.0000,-0.023969,3.438469,2.452732,34.00
4.447994,torque-chirp,hip_abduction_left_joint,RS03,0.008629,0.000000,7.704238,0.0000,0.0000,0.008629,4.358892,3.009380,34.00
4.455997,torque-chirp,hip_abduction_left_joint,RS03,0.047745,0.000000,6.540388,0.0000,0.0000,0.047745,5.041275,4.054932,34.00
4.463992,torque-chirp,hip_abduction_left_joint,RS03,0.081111,0.000000,4.907719,0.0000,0.0000,0.081111,3.650263,11.271225,34.00
4.471992,torque-chirp,hip_abduction_left_joint,RS03,0.107955,0.000000,2.919513,0.0000,0.0000,0.107955,3.379265,8.821243,34.00
4.479990,torque-chirp,hip_abduction_left_joint,RS03,0.129815,0.000000,0.719548,0.0000,0.0000,0.129815,2.054779,11.317001,34.00
4.488026,torque-chirp,hip_abduction_left_joint,RS03,0.135183,0.000000,-1.545102,0.0000,0.0000,0.135183,-0.020447,12.666512,34.00
4.496013,torque-chirp,hip_abduction_left_joint,RS03,0.128664,0.000000,-3.687268,0.0000,0.0000,0.128664,-1.294271,9.225914,34.00
4.503994,torque-chirp,hip_abduction_left_joint,RS03,0.112557,0.000000,-5.563876,0.0000,0.0000,0.112557,-2.447241,6.420692,34.00
4.512000,torque-chirp,hip_abduction_left_joint,RS03,0.089164,0.000000,-7.043966,0.0000,0.0000,0.089164,-2.953232,2.275120,34.00
4.519993,torque-chirp,hip_abduction_left_joint,RS03,0.063470,0.000000,-8.010776,0.0000,0.0000,0.063470,-3.403679,0.028381,34.00
4.527995,torque-chirp,hip_abduction_left_joint,RS03,0.036241,0.000000,-8.395013,0.0000,0.0000,0.036241,-3.480583,-1.449303,34.00
4.535992,torque-chirp,hip_abduction_left_joint,RS03,0.003643,0.000000,-8.165538,0.0000,0.0000,0.003643,-4.505379,-2.271458,34.00
4.543993,torque-chirp,hip_abduction_left_joint,RS03,-0.035474,0.000000,-7.336978,0.0000,0.0000,-0.035474,-5.121843,-2.875713,34.00
4.551991,torque-chirp,hip_abduction_left_joint,RS03,-0.079576,0.000000,-5.968791,0.0000,0.0000,-0.079576,-5.553979,-5.203022,34.00
4.560311,torque-chirp,hip_abduction_left_joint,RS03,-0.117543,0.000000,-4.079674,0.0000,0.0000,-0.117543,-4.251469,-10.626686,34.00
4.568006,torque-chirp,hip_abduction_left_joint,RS03,-0.149374,0.000000,-2.036892,0.0000,0.0000,-0.149374,-3.736935,-9.449303,34.00
4.576000,torque-chirp,hip_abduction_left_joint,RS03,-0.168549,0.000000,0.232971,0.0000,0.0000,-0.168549,-1.410238,-13.928127,34.00
4.587990,torque-chirp,hip_abduction_left_joint,RS03,-0.170850,0.000000,3.557528,0.0000,0.0000,-0.170850,0.372623,-9.379723,34.00
4.595997,torque-chirp,hip_abduction_left_joint,RS03,-0.160111,0.000000,5.483010,0.0000,0.0000,-0.160111,1.883268,-8.297550,34.00
4.603993,torque-chirp,hip_abduction_left_joint,RS03,-0.141320,0.000000,6.999549,0.0000,0.0000,-0.141320,2.553444,-3.201649,34.00
4.611992,torque-chirp,hip_abduction_left_joint,RS03,-0.117543,0.000000,7.995519,0.0000,0.0000,-0.117543,3.154650,-1.094074,34.00
4.619993,torque-chirp,hip_abduction_left_joint,RS03,-0.089931,0.000000,8.394249,0.0000,0.0000,-0.089931,3.593500,0.552071,34.00
4.628149,torque-chirp,hip_abduction_left_joint,RS03,-0.058867,0.000000,8.152769,0.0000,0.0000,-0.058867,4.189213,2.428928,34.00
4.635997,torque-chirp,hip_abduction_left_joint,RS03,-0.021284,0.000000,7.318142,0.0000,0.0000,-0.021284,5.148699,2.886700,34.00
4.643994,torque-chirp,hip_abduction_left_joint,RS03,0.022434,0.000000,5.921153,0.0000,0.0000,0.022434,5.730984,3.342640,34.00
4.651992,torque-chirp,hip_abduction_left_joint,RS03,0.062703,0.000000,4.075687,0.0000,0.0000,0.062703,4.250248,10.822617,34.00
4.659990,torque-chirp,hip_abduction_left_joint,RS03,0.092999,0.000000,1.919976,0.0000,0.0000,0.092999,3.779049,8.497139,34.00
4.667992,torque-chirp,hip_abduction_left_joint,RS03,0.119077,0.000000,-0.384571,0.0000,0.0000,0.119077,2.518044,10.372169,34.00
4.675991,torque-chirp,hip_abduction_left_joint,RS03,0.128664,0.000000,-2.661808,0.0000,0.0000,0.128664,0.387882,12.340576,34.00
4.683991,torque-chirp,hip_abduction_left_joint,RS03,0.124446,0.000000,-4.738853,0.0000,0.0000,0.124446,-1.003738,8.954910,34.00
4.691990,torque-chirp,hip_abduction_left_joint,RS03,0.108723,0.000000,-6.456102,0.0000,0.0000,0.108723,-2.524757,6.536049,34.00
4.699988,torque-chirp,hip_abduction_left_joint,RS03,0.085329,0.000000,-7.681343,0.0000,0.0000,0.085329,-3.158312,2.005951,34.00
4.707992,torque-chirp,hip_abduction_left_joint,RS03,0.058868,0.000000,-8.319360,0.0000,0.0000,0.058868,-3.482414,-0.434883,34.00
4.715991,torque-chirp,hip_abduction_left_joint,RS03,0.030871,0.000000,-8.318427,0.0000,0.0000,0.030871,-3.822996,-1.828339,34.00
4.723990,torque-chirp,hip_abduction_left_joint,RS03,-0.003260,0.000000,-7.677138,0.0000,0.0000,-0.003260,-4.644541,-2.659645,34.00
4.731992,torque-chirp,hip_abduction_left_joint,RS03,-0.043528,0.000000,-6.442267,0.0000,0.0000,-0.043528,-5.329366,-3.284046,34.00
4.739993,torque-chirp,hip_abduction_left_joint,RS03,-0.086864,0.000000,-4.707856,0.0000,0.0000,-0.086864,-5.134050,-7.519341,34.00
4.747990,torque-chirp,hip_abduction_left_joint,RS03,-0.120227,0.000000,-2.607715,0.0000,0.0000,-0.120227,-3.894407,-9.271690,34.00
4.755990,torque-chirp,hip_abduction_left_joint,RS03,-0.148990,0.000000,-0.302294,0.0000,0.0000,-0.148990,-2.976425,-10.379490,34.00
4.763988,torque-chirp,hip_abduction_left_joint,RS03,-0.160495,0.000000,2.028730,0.0000,0.0000,-0.160495,-0.439766,-14.056305,34.00
4.771990,torque-chirp,hip_abduction_left_joint,RS03,-0.158194,0.000000,4.204767,0.0000,0.0000,-0.158194,0.730297,-8.885330,34.00
4.779989,torque-chirp,hip_abduction_left_joint,RS03,-0.143621,0.000000,6.053782,0.0000,0.0000,-0.143621,2.540016,-7.735409,34.00
4.787992,torque-chirp,hip_abduction_left_joint,RS03,-0.119077,0.000000,7.431197,0.0000,0.0000,-0.119077,3.421379,-3.525749,34.00
4.795989,torque-chirp,hip_abduction_left_joint,RS03,-0.089931,0.000000,8.225952,0.0000,0.0000,-0.089931,3.875486,-0.997025,34.00
4.803989,torque-chirp,hip_abduction_left_joint,RS03,-0.056950,0.000000,8.374735,0.0000,0.0000,-0.056950,4.336309,0.788284,34.00
4.811991,torque-chirp,hip_abduction_left_joint,RS03,-0.019366,0.000000,7.863210,0.0000,0.0000,-0.019366,4.901503,2.163425,34.00
4.819990,torque-chirp,hip_abduction_left_joint,RS03,0.024352,0.000000,6.730152,0.0000,0.0000,0.024352,5.878693,2.692608,34.00
4.828023,torque-chirp,hip_abduction_left_joint,RS03,0.074592,0.000000,5.055154,0.0000,0.0000,0.074592,6.398108,3.804073,34.00
4.835991,torque-chirp,hip_abduction_left_joint,RS03,0.117927,0.000000,2.991998,0.0000,0.0000,0.117927,4.672009,11.401230,34.00
4.843993,torque-chirp,hip_abduction_left_joint,RS03,0.152059,0.000000,0.680740,0.0000,0.0000,0.152059,4.280766,8.766312,34.00
4.851991,torque-chirp,hip_abduction_left_joint,RS03,0.180054,0.000000,-1.685954,0.0000,0.0000,0.180054,2.745708,10.666977,34.00
4.859988,torque-chirp,hip_abduction_left_joint,RS03,0.189641,0.000000,-3.920532,0.0000,0.0000,0.189641,0.273136,11.696037,34.00
4.868007,torque-chirp,hip_abduction_left_joint,RS03,0.184273,0.000000,-5.848400,0.0000,0.0000,0.184273,-1.169146,8.368965,34.00
4.875999,torque-chirp,hip_abduction_left_joint,RS03,0.167015,0.000000,-7.303374,0.0000,0.0000,0.167015,-2.704205,5.624168,34.00
4.883993,torque-chirp,hip_abduction_left_joint,RS03,0.141319,0.000000,-8.174119,0.0000,0.0000,0.141319,-3.329824,1.683685,34.00
4.891993,torque-chirp,hip_abduction_left_joint,RS03,0.113324,0.000000,-8.388493,0.0000,0.0000,0.113324,-3.487297,-0.623486,34.00
4.899992,torque-chirp,hip_abduction_left_joint,RS03,0.082644,0.000000,-7.926352,0.0000,0.0000,0.082644,-4.179445,-2.233006,34.00
4.907990,torque-chirp,hip_abduction_left_joint,RS03,0.045061,0.000000,-6.822881,0.0000,0.0000,0.045061,-4.975357,-2.818951,34.00
4.915993,torque-chirp,hip_abduction_left_joint,RS03,0.002493,0.000000,-5.164907,0.0000,0.0000,0.002493,-5.696193,-3.252918,34.00
4.923989,torque-chirp,hip_abduction_left_joint,RS03,-0.038925,0.000000,-3.087041,0.0000,0.0000,-0.038925,-4.383307,-9.899746,34.00
4.931990,torque-chirp,hip_abduction_left_joint,RS03,-0.070756,0.000000,-0.754862,0.0000,0.0000,-0.070756,-3.856565,-8.105289,34.00
4.939991,torque-chirp,hip_abduction_left_joint,RS03,-0.093383,0.000000,1.641427,0.0000,0.0000,-0.093383,-1.731289,-12.327766,34.00
4.947992,torque-chirp,hip_abduction_left_joint,RS03,-0.096834,0.000000,3.905854,0.0000,0.0000,-0.096834,0.420845,-11.622799,34.00
4.955989,torque-chirp,hip_abduction_left_joint,RS03,-0.089547,0.000000,5.851810,0.0000,0.0000,-0.089547,1.602501,-8.299381,34.00
4.963992,torque-chirp,hip_abduction_left_joint,RS03,-0.067688,0.000000,7.321011,0.0000,0.0000,-0.067688,3.308460,-5.589378,34.00
4.971988,torque-chirp,hip_abduction_left_joint,RS03,-0.038542,0.000000,8.188673,0.0000,0.0000,-0.038542,3.836424,-1.659878,34.00
4.979989,torque-chirp,hip_abduction_left_joint,RS03,-0.004410,0.000000,8.383136,0.0000,0.0000,-0.004410,4.378424,-0.026550,34.00
4.987990,torque-chirp,hip_abduction_left_joint,RS03,0.033556,0.000000,7.885361,0.0000,0.0000,0.033556,4.958267,1.753265,34.00
4.995993,torque-chirp,hip_abduction_left_joint,RS03,0.076892,0.000000,6.734316,0.0000,0.0000,0.076892,5.809719,2.833599,34.00
5.003990,torque-chirp,hip_abduction_left_joint,RS03,0.127131,0.000000,5.024682,0.0000,0.0000,0.127131,6.511024,2.732891,34.00
5.011988,torque-chirp,hip_abduction_left_joint,RS03,0.179287,0.000000,2.895703,0.0000,0.0000,0.179287,5.909821,7.993591,34.00
5.019991,torque-chirp,hip_abduction_left_joint,RS03,0.217253,0.000000,0.522129,0.0000,0.0000,0.217253,4.227665,11.185165,34.00
5.027989,torque-chirp,hip_abduction_left_joint,RS03,0.250236,0.000000,-1.895723,0.0000,0.0000,0.250236,3.821774,8.015564,34.00
5.035991,torque-chirp,hip_abduction_left_joint,RS03,0.269027,0.000000,-4.158941,0.0000,0.0000,0.269027,1.254597,12.042114,34.00
5.043991,torque-chirp,hip_abduction_left_joint,RS03,0.268259,0.000000,-6.075222,0.0000,0.0000,0.268259,-0.780346,9.610443,34.00
5.051992,torque-chirp,hip_abduction_left_joint,RS03,0.254454,0.000000,-7.483709,0.0000,0.0000,0.254454,-2.358130,6.818039,34.00
5.059992,torque-chirp,hip_abduction_left_joint,RS03,0.228758,0.000000,-8.263852,0.0000,0.0000,0.228758,-3.666742,2.591900,34.00
5.067990,torque-chirp,hip_abduction_left_joint,RS03,0.198078,0.000000,-8.348241,0.0000,0.0000,0.198078,-3.988403,-0.290226,34.00
5.075991,torque-chirp,hip_abduction_left_joint,RS03,0.165865,0.000000,-7.727615,0.0000,0.0000,0.165865,-4.195316,-2.113983,34.00
5.083991,torque-chirp,hip_abduction_left_joint,RS03,0.127897,0.000000,-6.452263,0.0000,0.0000,0.127897,-5.255512,-2.791485,34.00
5.091990,torque-chirp,hip_abduction_left_joint,RS03,0.083796,0.000000,-4.628541,0.0000,0.0000,0.083796,-5.942168,-3.143051,34.00
5.099990,torque-chirp,hip_abduction_left_joint,RS03,0.038541,0.000000,-2.409761,0.0000,0.0000,0.038541,-5.167009,-7.052414,34.00
5.107991,torque-chirp,hip_abduction_left_joint,RS03,0.004026,0.000000,0.016964,0.0000,0.0000,0.004026,-4.094605,-8.506294,34.00
5.115991,torque-chirp,hip_abduction_left_joint,RS03,-0.023585,0.000000,2.444267,0.0000,0.0000,-0.023585,-2.548563,-10.289768,34.00
5.123990,torque-chirp,hip_abduction_left_joint,RS03,-0.030489,0.000000,4.664974,0.0000,0.0000,-0.030489,0.061951,-11.886475,34.00
5.132071,torque-chirp,hip_abduction_left_joint,RS03,-0.024352,0.000000,6.504131,0.0000,0.0000,-0.024352,1.421835,-7.032272,34.00
5.139997,torque-chirp,hip_abduction_left_joint,RS03,-0.005177,0.000000,7.757203,0.0000,0.0000,-0.005177,3.019150,-5.809109,34.00
5.148006,torque-chirp,hip_abduction_left_joint,RS03,0.023969,0.000000,8.358923,0.0000,0.0000,0.023969,3.855955,-1.817352,34.00
5.155994,torque-chirp,hip_abduction_left_joint,RS03,0.057334,0.000000,8.240201,0.0000,0.0000,0.057334,4.340582,-0.010071,34.00
5.163994,torque-chirp,hip_abduction_left_joint,RS03,0.094916,0.000000,7.409937,0.0000,0.0000,0.094916,4.893568,1.652557,34.00
5.171992,torque-chirp,hip_abduction_left_joint,RS03,0.137868,0.000000,5.937994,0.0000,0.0000,0.137868,5.718777,2.547947,34.00
5.180018,torque-chirp,hip_abduction_left_joint,RS03,0.187341,0.000000,3.941879,0.0000,0.0000,0.187341,6.382849,2.798809,34.00
5.187994,torque-chirp,hip_abduction_left_joint,RS03,0.238729,0.000000,1.614250,0.0000,0.0000,0.238729,5.850613,6.688026,34.00
5.195992,torque-chirp,hip_abduction_left_joint,RS03,0.275546,0.000000,-0.861979,0.0000,0.0000,0.275546,3.932249,10.496681,34.00
5.203992,torque-chirp,hip_abduction_left_joint,RS03,0.305075,0.000000,-3.266219,0.0000,0.0000,0.305075,3.473259,7.204391,34.00
5.211994,torque-chirp,hip_abduction_left_joint,RS03,0.319648,0.000000,-5.387544,0.0000,0.0000,0.319648,0.664377,11.338974,34.00
5.219992,torque-chirp,hip_abduction_left_joint,RS03,0.314662,0.000000,-7.038282,0.0000,0.0000,0.314662,-1.365683,9.083084,34.00
5.227992,torque-chirp,hip_abduction_left_joint,RS03,0.294721,0.000000,-8.073054,0.0000,0.0000,0.294721,-3.196156,5.827415,34.00
5.235994,torque-chirp,hip_abduction_left_joint,RS03,0.263658,0.000000,-8.398655,0.0000,0.0000,0.263658,-4.198978,1.927216,34.00
5.243991,torque-chirp,hip_abduction_left_joint,RS03,0.227991,0.000000,-7.984368,0.0000,0.0000,0.227991,-4.526131,-0.590527,34.00
5.251991,torque-chirp,hip_abduction_left_joint,RS03,0.189258,0.000000,-6.864476,0.0000,0.0000,0.189258,-5.114518,-2.309910,34.00
5.259995,torque-chirp,hip_abduction_left_joint,RS03,0.145538,0.000000,-5.135154,0.0000,0.0000,0.145538,-5.951324,-2.405125,34.00
5.267991,torque-chirp,hip_abduction_left_joint,RS03,0.095683,0.000000,-2.950407,0.0000,0.0000,0.095683,-6.368200,-2.980087,34.00
5.275991,torque-chirp,hip_abduction_left_joint,RS03,0.048129,0.000000,-0.500284,0.0000,0.0000,0.048129,-5.257343,-8.502632,34.00
5.283991,torque-chirp,hip_abduction_left_joint,RS03,0.012847,0.000000,1.996563,0.0000,0.0000,0.012847,-4.162355,-8.011902,34.00
5.291993,torque-chirp,hip_abduction_left_joint,RS03,-0.011697,0.000000,4.318312,0.0000,0.0000,-0.011697,-2.039520,-11.439690,34.00
5.299991,torque-chirp,hip_abduction_left_joint,RS03,-0.014765,0.000000,6.255112,0.0000,0.0000,-0.014765,0.414131,-10.372166,34.00
5.307992,torque-chirp,hip_abduction_left_joint,RS03,-0.005561,0.000000,7.634420,0.0000,0.0000,-0.005561,1.762417,-5.860378,34.00
5.315992,torque-chirp,hip_abduction_left_joint,RS03,0.017066,0.000000,8.329742,0.0000,0.0000,0.017066,3.383537,-3.948730,34.00
5.323991,torque-chirp,hip_abduction_left_joint,RS03,0.047361,0.000000,8.276609,0.0000,0.0000,0.047361,4.037231,-0.368965,34.00
5.331993,torque-chirp,hip_abduction_left_joint,RS03,0.080344,0.000000,7.477419,0.0000,0.0000,0.080344,4.280155,1.451134,34.00
5.340246,torque-chirp,hip_abduction_left_joint,RS03,0.120227,0.000000,5.946042,0.0000,0.0000,0.120227,5.033340,2.300755,34.00
5.348021,torque-chirp,hip_abduction_left_joint,RS03,0.163180,0.000000,3.975435,0.0000,0.0000,0.163180,5.983063,2.419773,34.00
5.356007,torque-chirp,hip_abduction_left_joint,RS03,0.212268,0.000000,1.596490,0.0000,0.0000,0.212268,6.357824,3.214466,34.00
5.364023,torque-chirp,hip_abduction_left_joint,RS03,0.253304,0.000000,-0.938844,0.0000,0.0000,0.253304,4.141605,10.168922,34.00
5.372007,torque-chirp,hip_abduction_left_joint,RS03,0.282449,0.000000,-3.381360,0.0000,0.0000,0.282449,3.312122,7.733574,34.00
5.379998,torque-chirp,hip_abduction_left_joint,RS03,0.302007,0.000000,-5.520904,0.0000,0.0000,0.302007,1.425497,8.804764,34.00
5.387994,torque-chirp,hip_abduction_left_joint,RS03,0.301240,0.000000,-7.159947,0.0000,0.0000,0.301240,-0.929886,8.392769,34.00
5.395991,torque-chirp,hip_abduction_left_joint,RS03,0.284367,0.000000,-8.145902,0.0000,0.0000,0.284367,-2.957504,6.556190,34.00
5.403990,torque-chirp,hip_abduction_left_joint,RS03,0.254070,0.000000,-8.386140,0.0000,0.0000,0.254070,-4.252689,3.324329,34.00
5.411991,torque-chirp,hip_abduction_left_joint,RS03,0.216103,0.000000,-7.855855,0.0000,0.0000,0.216103,-4.996109,0.557564,34.00
5.419990,torque-chirp,hip_abduction_left_joint,RS03,0.176219,0.000000,-6.601951,0.0000,0.0000,0.176219,-4.959487,-1.548183,34.00
5.427992,torque-chirp,hip_abduction_left_joint,RS03,0.131732,0.000000,-4.737041,0.0000,0.0000,0.131732,-5.841459,-2.538795,34.00
5.435993,torque-chirp,hip_abduction_left_joint,RS03,0.081494,0.000000,-2.432425,0.0000,0.0000,0.081494,-6.476234,-2.575417,34.00
5.443991,torque-chirp,hip_abduction_left_joint,RS03,0.029337,0.000000,0.098652,0.0000,0.0000,0.029337,-6.239414,-4.415657,34.00
5.451990,torque-chirp,hip_abduction_left_joint,RS03,-0.010546,0.000000,2.623636,0.0000,0.0000,-0.010546,-4.470588,-8.586864,34.00
5.459990,torque-chirp,hip_abduction_left_joint,RS03,-0.040460,0.000000,4.906882,0.0000,0.0000,-0.040460,-3.140001,-7.958801,34.00
5.467994,torque-chirp,hip_abduction_left_joint,RS03,-0.050430,0.000000,6.736152,0.0000,0.0000,-0.050430,-0.107729,-11.320667,34.00
5.475988,torque-chirp,hip_abduction_left_joint,RS03,-0.043528,0.000000,7.936687,0.0000,0.0000,-0.043528,1.391317,-6.363926,34.00
5.488010,torque-chirp,hip_abduction_left_joint,RS03,-0.010546,0.000000,8.331308,0.0000,0.0000,-0.010546,3.585566,-2.623024,34.00
5.496007,torque-chirp,hip_abduction_left_joint,RS03,0.020134,0.000000,7.616151,0.0000,0.0000,0.020134,3.967649,-0.171207,34.00
5.504004,torque-chirp,hip_abduction_left_joint,RS03,0.054266,0.000000,6.185012,0.0000,0.0000,0.054266,4.433966,1.398033,34.00
5.511995,torque-chirp,hip_abduction_left_joint,RS03,0.093383,0.000000,4.172125,0.0000,0.0000,0.093383,5.264057,2.139622,34.00
5.519992,torque-chirp,hip_abduction_left_joint,RS03,0.137868,0.000000,1.762741,0.0000,0.0000,0.137868,5.821316,2.438084,34.00
5.527990,torque-chirp,hip_abduction_left_joint,RS03,0.183505,0.000000,-0.815728,0.0000,0.0000,0.183505,5.383076,4.994278,34.00
5.535990,torque-chirp,hip_abduction_left_joint,RS03,0.216486,0.000000,-3.320262,0.0000,0.0000,0.216486,3.540400,8.400093,34.00
5.543990,torque-chirp,hip_abduction_left_joint,RS03,0.241030,0.000000,-5.511930,0.0000,0.0000,0.241030,2.557716,6.296173,34.00
5.551991,torque-chirp,hip_abduction_left_joint,RS03,0.249084,0.000000,-7.181520,0.0000,0.0000,0.249084,-0.093691,9.031815,34.00
5.559991,torque-chirp,hip_abduction_left_joint,RS03,0.238729,0.000000,-8.168450,0.0000,0.0000,0.238729,-1.904631,6.415199,34.00
5.567990,torque-chirp,hip_abduction_left_joint,RS03,0.214185,0.000000,-8.376431,0.0000,0.0000,0.214185,-3.672846,4.082397,34.00
5.575989,torque-chirp,hip_abduction_left_joint,RS03,0.179287,0.000000,-7.783653,0.0000,0.0000,0.179287,-4.621347,1.110550,34.00
5.583988,torque-chirp,hip_abduction_left_joint,RS03,0.140169,0.000000,-6.444501,0.0000,0.0000,0.140169,-5.078507,-0.544746,34.00
5.591988,torque-chirp,hip_abduction_left_joint,RS03,0.098368,0.000000,-4.485287,0.0000,0.0000,0.098368,-5.563134,-2.102997,34.00
5.599989,torque-chirp,hip_abduction_left_joint,RS03,0.050815,0.000000,-2.092490,0.0000,0.0000,0.050815,-6.176547,-2.238499,34.00
5.607990,torque-chirp,hip_abduction_left_joint,RS03,-0.000192,0.000000,0.504427,0.0000,0.0000,-0.000192,-6.385290,-1.967499,34.00
5.615990,torque-chirp,hip_abduction_left_joint,RS03,-0.047362,0.000000,3.054476,0.0000,0.0000,-0.047362,-5.173113,-6.830853,34.00
5.623988,torque-chirp,hip_abduction_left_joint,RS03,-0.079960,0.000000,5.311246,0.0000,0.0000,-0.079960,-3.671015,-6.949875,34.00
5.631988,torque-chirp,hip_abduction_left_joint,RS03,-0.099519,0.000000,7.055577,0.0000,0.0000,-0.099519,-1.466393,-7.819637,34.00
5.639988,torque-chirp,hip_abduction_left_joint,RS03,-0.098368,0.000000,8.116406,0.0000,0.0000,-0.098368,0.975662,-7.321583,34.00
5.648077,torque-chirp,hip_abduction_left_joint,RS03,-0.084179,0.000000,8.386731,0.0000,0.0000,-0.084179,2.435036,-3.631950,34.00
5.655998,torque-chirp,hip_abduction_left_joint,RS03,-0.059634,0.000000,7.841481,0.0000,0.0000,-0.059634,3.498283,-1.130695,34.00
5.663991,torque-chirp,hip_abduction_left_joint,RS03,-0.028571,0.000000,6.529704,0.0000,0.0000,-0.028571,3.961546,0.832230,34.00
5.671987,torque-chirp,hip_abduction_left_joint,RS03,0.005561,0.000000,4.578035,0.0000,0.0000,0.005561,4.553596,2.135960,34.00
5.679990,torque-chirp,hip_abduction_left_joint,RS03,0.045061,0.000000,2.173743,0.0000,0.0000,0.045061,5.254902,2.267796,34.00
5.687988,torque-chirp,hip_abduction_left_joint,RS03,0.088014,0.000000,-0.444740,0.0000,0.0000,0.088014,5.464867,1.810028,34.00
5.695988,torque-chirp,hip_abduction_left_joint,RS03,0.129047,0.000000,-3.022641,0.0000,0.0000,0.129047,4.519417,5.038223,34.00
5.703988,torque-chirp,hip_abduction_left_joint,RS03,0.156661,0.000000,-5.304649,0.0000,0.0000,0.156661,2.995956,5.728539,34.00
5.711988,torque-chirp,hip_abduction_left_joint,RS03,0.176219,0.000000,-7.064853,0.0000,0.0000,0.176219,1.698940,5.466698,34.00
5.719987,torque-chirp,hip_abduction_left_joint,RS03,0.176986,0.000000,-8.127124,0.0000,0.0000,0.176986,-0.925613,6.695351,34.00
5.727988,torque-chirp,hip_abduction_left_joint,RS03,0.162797,0.000000,-8.384509,0.0000,0.0000,0.162797,-2.450903,3.650265,34.00
5.735989,torque-chirp,hip_abduction_left_joint,RS03,0.135950,0.000000,-7.808837,0.0000,0.0000,0.135950,-3.846800,2.110325,34.00
5.743989,torque-chirp,hip_abduction_left_joint,RS03,0.101436,0.000000,-6.455163,0.0000,0.0000,0.101436,-4.454108,0.048523,34.00
5.751987,torque-chirp,hip_abduction_left_joint,RS03,0.063853,0.000000,-4.456948,0.0000,0.0000,0.063853,-4.767834,-1.564663,34.00
5.759988,torque-chirp,hip_abduction_left_joint,RS03,0.022818,0.000000,-2.010934,0.0000,0.0000,0.022818,-5.339742,-2.196381,34.00
5.767987,torque-chirp,hip_abduction_left_joint,RS03,-0.023201,0.000000,0.638206,0.0000,0.0000,-0.023201,-5.942168,-1.819183,34.00
5.775988,torque-chirp,hip_abduction_left_joint,RS03,-0.069221,0.000000,3.226154,0.0000,0.0000,-0.069221,-5.610743,-1.648891,34.00
5.783988,torque-chirp,hip_abduction_left_joint,RS03,-0.107955,0.000000,5.492343,0.0000,0.0000,-0.107955,-3.978638,-5.682762,34.00
5.795985,torque-chirp,hip_abduction_left_joint,RS03,-0.140170,0.000000,7.800593,0.0000,0.0000,-0.140170,-1.661097,-4.712292,34.00
5.803988,torque-chirp,hip_abduction_left_joint,RS03,-0.142854,0.000000,8.384502,0.0000,0.0000,-0.142854,0.664988,-6.281528,34.00
5.811987,torque-chirp,hip_abduction_left_joint,RS03,-0.130583,0.000000,8.120472,0.0000,0.0000,-0.130583,1.955902,-2.458225,34.00
5.820023,torque-chirp,hip_abduction_left_joint,RS03,-0.109489,0.000000,7.026748,0.0000,0.0000,-0.109489,3.220570,-0.826736,34.00
5.827995,torque-chirp,hip_abduction_left_joint,RS03,-0.081111,0.000000,5.228858,0.0000,0.0000,-0.081111,3.704586,0.262764,34.00
5.835991,torque-chirp,hip_abduction_left_joint,RS03,-0.049280,0.000000,2.893436,0.0000,0.0000,-0.049280,4.178226,1.149002,34.00
5.843989,torque-chirp,hip_abduction_left_joint,RS03,-0.013614,0.000000,0.260842,0.0000,0.0000,-0.013614,4.750744,1.341270,34.00
5.851990,torque-chirp,hip_abduction_left_joint,RS03,0.025119,0.000000,-2.401651,0.0000,0.0000,0.025119,4.903944,1.194786,34.00
5.859989,torque-chirp,hip_abduction_left_joint,RS03,0.063470,0.000000,-4.820556,0.0000,0.0000,0.063470,4.448614,1.350426,34.00
5.867989,torque-chirp,hip_abduction_left_joint,RS03,0.090698,0.000000,-6.747766,0.0000,0.0000,0.090698,2.686502,4.470589,34.00
5.875990,torque-chirp,hip_abduction_left_joint,RS03,0.106421,0.000000,-7.984015,0.0000,0.0000,0.106421,1.485924,2.670635,34.00
5.883991,torque-chirp,hip_abduction_left_joint,RS03,0.110640,0.000000,-8.399837,0.0000,0.0000,0.110640,-0.365301,3.210804,34.00
5.891991,torque-chirp,hip_abduction_left_joint,RS03,0.098751,0.000000,-7.950279,0.0000,0.0000,0.098751,-1.977264,2.090179,34.00
5.899990,torque-chirp,hip_abduction_left_joint,RS03,0.077660,0.000000,-6.679612,0.0000,0.0000,0.077660,-2.883650,0.531929,34.00
5.907991,torque-chirp,hip_abduction_left_joint,RS03,0.050431,0.000000,-4.716326,0.0000,0.0000,0.050431,-3.755245,-0.821243,34.00
5.915988,torque-chirp,hip_abduction_left_joint,RS03,0.018600,0.000000,-2.263769,0.0000,0.0000,0.018600,-4.098268,-1.659878,34.00
5.923991,torque-chirp,hip_abduction_left_joint,RS03,-0.017066,0.000000,0.427684,0.0000,0.0000,-0.017066,-4.648203,-1.584805,34.00
5.932027,torque-chirp,hip_abduction_left_joint,RS03,-0.054648,0.000000,3.087801,0.0000,0.0000,-0.054648,-4.714122,-1.101398,34.00
5.940022,torque-chirp,hip_abduction_left_joint,RS03,-0.092232,0.000000,5.414663,0.0000,0.0000,-0.092232,-4.666514,-0.678417,34.00
5.948008,torque-chirp,hip_abduction_left_joint,RS03,-0.124830,0.000000,7.177656,0.0000,0.0000,-0.124830,-3.566645,-1.745937,34.00
5.955997,torque-chirp,hip_abduction_left_joint,RS03,-0.142854,0.000000,8.194265,0.0000,0.0000,-0.142854,-1.503624,-2.769512,34.00
5.963995,torque-chirp,hip_abduction_left_joint,RS03,-0.150141,0.000000,8.355148,0.0000,0.0000,-0.150141,-0.491646,-1.507896,34.00
5.971992,torque-chirp,hip_abduction_left_joint,RS03,-0.146689,0.000000,7.639581,0.0000,0.0000,-0.146689,1.155718,-1.225910,34.00
5.979991,torque-chirp,hip_abduction_left_joint,RS03,-0.130198,0.000000,6.120045,0.0000,0.0000,-0.130198,2.529030,-0.066833,34.00
5.987991,torque-chirp,hip_abduction_left_joint,RS03,-0.106805,0.000000,3.954228,0.0000,0.0000,-0.106805,3.182726,0.738846,34.00
5.995989,torque-chirp,hip_abduction_left_joint,RS03,-0.079960,0.000000,1.369324,0.0000,0.0000,-0.079960,3.501945,1.238731,34.00
6.003991,torque-chirp,hip_abduction_left_joint,RS03,-0.049664,0.000000,-1.363576,0.0000,0.0000,-0.049664,3.886473,0.810257,34.00
6.011992,torque-chirp,hip_abduction_left_joint,RS03,-0.017066,0.000000,-3.954065,0.0000,0.0000,-0.017066,4.111084,0.564888,34.00
6.019991,torque-chirp,hip_abduction_left_joint,RS03,0.014765,0.000000,-6.126762,0.0000,0.0000,0.014765,3.898069,0.244453,34.00
6.027990,torque-chirp,hip_abduction_left_joint,RS03,0.043143,0.000000,-7.649968,0.0000,0.0000,0.043143,3.290150,0.233459,34.00
6.035989,torque-chirp,hip_abduction_left_joint,RS03,0.062320,0.000000,-8.359778,0.0000,0.0000,0.062320,1.654995,0.544746,34.00
6.043991,torque-chirp,hip_abduction_left_joint,RS03,0.068456,0.000000,-8.178102,0.0000,0.0000,0.068456,0.278629,0.334175,34.00
6.051989,torque-chirp,hip_abduction_left_joint,RS03,0.066154,0.000000,-7.122051,0.0000,0.0000,0.066154,-0.632639,-0.581367,34.00
6.059988,torque-chirp,hip_abduction_left_joint,RS03,0.055416,0.000000,-5.302581,0.0000,0.0000,0.055416,-1.763638,-1.127033,34.00
6.067990,torque-chirp,hip_abduction_left_joint,RS03,0.038157,0.000000,-2.911148,0.0000,0.0000,0.038157,-2.413671,-1.430992,34.00
6.075991,torque-chirp,hip_abduction_left_joint,RS03,0.015148,0.000000,-0.205524,0.0000,0.0000,0.015148,-3.092394,-1.606777,34.00
6.083991,torque-chirp,hip_abduction_left_joint,RS03,-0.010162,0.000000,2.524771,0.0000,0.0000,-0.010162,-3.342642,-1.268024,34.00
6.091989,torque-chirp,hip_abduction_left_joint,RS03,-0.037392,0.000000,4.984343,0.0000,0.0000,-0.037392,-3.462883,-0.348820,34.00
6.099989,torque-chirp,hip_abduction_left_joint,RS03,-0.063086,0.000000,6.907992,0.0000,0.0000,-0.063086,-2.952011,0.209656,34.00
6.107989,torque-chirp,hip_abduction_left_joint,RS03,-0.083796,0.000000,8.085348,0.0000,0.0000,-0.083796,-2.245823,0.088806,34.00
6.115989,torque-chirp,hip_abduction_left_joint,RS03,-0.096451,0.000000,8.386656,0.0000,0.0000,-0.096451,-0.966507,0.722366,34.00
6.123990,torque-chirp,hip_abduction_left_joint,RS03,-0.098368,0.000000,7.776642,0.0000,0.0000,-0.098368,0.306095,1.006180,34.00
6.131991,torque-chirp,hip_abduction_left_joint,RS03,-0.092615,0.000000,6.319162,0.0000,0.0000,-0.092615,1.102617,1.469444,34.00
6.139990,torque-chirp,hip_abduction_left_joint,RS03,-0.079576,0.000000,4.171828,0.0000,0.0000,-0.079576,2.084686,1.573814,34.00
6.147989,torque-chirp,hip_abduction_left_joint,RS03,-0.060401,0.000000,1.566802,0.0000,0.0000,-0.060401,2.762798,1.872284,34.00
6.155989,torque-chirp,hip_abduction_left_joint,RS03,-0.036241,0.000000,-1.212623,0.0000,0.0000,-0.036241,3.247425,1.407188,34.00
6.164047,torque-chirp,hip_abduction_left_joint,RS03,-0.009396,0.000000,-3.879021,0.0000,0.0000,-0.009396,3.326160,0.478828,34.00
6.171997,torque-chirp,hip_abduction_left_joint,RS03,0.017449,0.000000,-6.089823,0.0000,0.0000,0.017449,3.302357,0.103455,34.00
6.179990,torque-chirp,hip_abduction_left_joint,RS03,0.041609,0.000000,-7.646744,0.0000,0.0000,0.041609,2.738384,-0.061340,34.00
6.187988,torque-chirp,hip_abduction_left_joint,RS03,0.060402,0.000000,-8.363570,0.0000,0.0000,0.060402,2.006561,-1.112385,34.00
6.195989,torque-chirp,hip_abduction_left_joint,RS03,0.071140,0.000000,-8.157513,0.0000,0.0000,0.071140,0.812084,-0.918289,34.00
6.203986,torque-chirp,hip_abduction_left_joint,RS03,0.071524,0.000000,-7.049213,0.0000,0.0000,0.071524,-0.364080,-1.099567,34.00
6.211988,torque-chirp,hip_abduction_left_joint,RS03,0.063853,0.000000,-5.157642,0.0000,0.0000,0.063853,-1.413900,-1.985809,34.00
6.219988,torque-chirp,hip_abduction_left_joint,RS03,0.049664,0.000000,-2.692307,0.0000,0.0000,0.049664,-2.087740,-2.033417,34.00
6.227988,torque-chirp,hip_abduction_left_joint,RS03,0.030105,0.000000,0.074792,0.0000,0.0000,0.030105,-2.702374,-1.474937,34.00
6.235986,torque-chirp,hip_abduction_left_joint,RS03,0.006711,0.000000,2.835015,0.0000,0.0000,0.006711,-2.958115,-0.819408,34.00
6.243990,torque-chirp,hip_abduction_left_joint,RS03,-0.017449,0.000000,5.283361,0.0000,0.0000,-0.017449,-2.951401,-0.634472,34.00
6.251992,torque-chirp,hip_abduction_left_joint,RS03,-0.039309,0.000000,7.141683,0.0000,0.0000,-0.039309,-2.638895,-0.028381,34.00
6.259992,torque-chirp,hip_abduction_left_joint,RS03,-0.055799,0.000000,8.201069,0.0000,0.0000,-0.055799,-1.664759,0.090637,34.00
6.267988,torque-chirp,hip_abduction_left_joint,RS03,-0.063086,0.000000,8.341110,0.0000,0.0000,-0.063086,-0.396429,0.610664,34.00
6.275990,torque-chirp,hip_abduction_left_joint,RS03,-0.060401,0.000000,7.543537,0.0000,0.0000,-0.060401,0.658884,1.117874,34.00
6.283988,torque-chirp,hip_abduction_left_joint,RS03,-0.049664,0.000000,5.895947,0.0000,0.0000,-0.049664,1.742886,0.920120,34.00
6.291988,torque-chirp,hip_abduction_left_joint,RS03,-0.032022,0.000000,3.581492,0.0000,0.0000,-0.032022,2.594950,1.777069,34.00
6.299988,torque-chirp,hip_abduction_left_joint,RS03,-0.008245,0.000000,0.860315,0.0000,0.0000,-0.008245,3.154650,1.409019,34.00
6.307991,torque-chirp,hip_abduction_left_joint,RS03,0.019750,0.000000,-1.961509,0.0000,0.0000,0.019750,3.607538,0.791946,34.00
6.315989,torque-chirp,hip_abduction_left_joint,RS03,0.049280,0.000000,-4.561963,0.0000,0.0000,0.049280,3.601435,0.592354,34.00
6.323987,torque-chirp,hip_abduction_left_joint,RS03,0.078426,0.000000,-6.646308,0.0000,0.0000,0.078426,3.604486,0.341499,34.00
6.331991,torque-chirp,hip_abduction_left_joint,RS03,0.103737,0.000000,-7.976915,0.0000,0.0000,0.103737,3.034409,-0.209660,34.00
6.339997,torque-chirp,hip_abduction_left_joint,RS03,0.121378,0.000000,-8.398162,0.0000,0.0000,0.121378,1.613487,-0.530098,34.00
6.347990,torque-chirp,hip_abduction_left_joint,RS03,0.127897,0.000000,-7.860565,0.0000,0.0000,0.127897,0.271915,-0.872513,34.00
6.355990,torque-chirp,hip_abduction_left_joint,RS03,0.125979,0.000000,-6.423006,0.0000,0.0000,0.125979,-0.562447,-1.447472,34.00
6.363988,torque-chirp,hip_abduction_left_joint,RS03,0.117159,0.000000,-4.248496,0.0000,0.0000,0.117159,-1.515831,-1.694668,34.00
6.371991,torque-chirp,hip_abduction_left_joint,RS03,0.102203,0.000000,-1.582445,0.0000,0.0000,0.102203,-2.167698,-1.581142,34.00
6.380047,torque-chirp,hip_abduction_left_joint,RS03,0.082261,0.000000,1.286359,0.0000,0.0000,0.082261,-2.712139,-1.365074,34.00
6.388050,torque-chirp,hip_abduction_left_joint,RS03,0.060019,0.000000,3.990872,0.0000,0.0000,0.060019,-2.908064,-0.954910,34.00
6.396036,torque-chirp,hip_abduction_left_joint,RS03,0.037774,0.000000,6.232406,0.0000,0.0000,0.037774,-2.693216,0.035706,34.00
6.404017,torque-chirp,hip_abduction_left_joint,RS03,0.017833,0.000000,7.757048,0.0000,0.0000,0.017833,-2.309912,0.174866,34.00
6.416003,torque-chirp,hip_abduction_left_joint,RS03,0.000575,0.000000,8.340728,0.0000,0.0000,0.000575,-0.786449,0.993362,34.00
6.423995,torque-chirp,hip_abduction_left_joint,RS03,-0.000958,0.000000,7.522886,0.0000,0.0000,-0.000958,0.331730,1.430992,34.00
6.431991,torque-chirp,hip_abduction_left_joint,RS03,0.005561,0.000000,5.829659,0.0000,0.0000,0.005561,1.166094,1.985809,34.00
6.443990,torque-chirp,hip_abduction_left_joint,RS03,0.028187,0.000000,2.096161,0.0000,0.0000,0.028187,2.451515,1.982147,34.00
6.451993,torque-chirp,hip_abduction_left_joint,RS03,0.051198,0.000000,-0.767622,0.0000,0.0000,0.051198,3.146105,1.496910,34.00
6.460259,torque-chirp,hip_abduction_left_joint,RS03,0.078810,0.000000,-3.630273,0.0000,0.0000,0.078810,3.490959,1.084915,34.00
6.468019,torque-chirp,hip_abduction_left_joint,RS03,0.105271,0.000000,-5.912302,0.0000,0.0000,0.105271,3.514763,0.504463,34.00
6.476004,torque-chirp,hip_abduction_left_joint,RS03,0.130582,0.000000,-7.577847,0.0000,0.0000,0.130582,2.978867,-0.493477,34.00
6.483998,torque-chirp,hip_abduction_left_joint,RS03,0.149758,0.000000,-8.356723,0.0000,0.0000,0.149758,1.956512,-0.647289,34.00
6.496015,torque-chirp,hip_abduction_left_joint,RS03,0.162414,0.000000,-7.680393,0.0000,0.0000,0.162414,0.127260,-1.006180,34.00
6.504025,torque-chirp,hip_abduction_left_joint,RS03,0.159346,0.000000,-6.071447,0.0000,0.0000,0.159346,-0.719311,-1.581142,34.00
6.512022,torque-chirp,hip_abduction_left_joint,RS03,0.149374,0.000000,-3.744613,0.0000,0.0000,0.149374,-1.661707,-1.755093,34.00
6.520004,torque-chirp,hip_abduction_left_joint,RS03,0.133266,0.000000,-0.977813,0.0000,0.0000,0.133266,-2.284885,-1.643398,34.00
6.527994,torque-chirp,hip_abduction_left_joint,RS03,0.112941,0.000000,1.909717,0.0000,0.0000,0.112941,-2.684671,-1.075764,34.00
6.535995,torque-chirp,hip_abduction_left_joint,RS03,0.090315,0.000000,4.576348,0.0000,0.0000,0.090315,-2.798199,-0.927444,34.00
6.543993,torque-chirp,hip_abduction_left_joint,RS03,0.068456,0.000000,6.699075,0.0000,0.0000,0.068456,-2.631571,0.101624,34.00
6.551993,torque-chirp,hip_abduction_left_joint,RS03,0.050048,0.000000,8.024257,0.0000,0.0000,0.050048,-2.016327,0.330513,34.00
6.559988,torque-chirp,hip_abduction_left_joint,RS03,0.038157,0.000000,8.390635,0.0000,0.0000,0.038157,-1.132524,1.224083,34.00
6.567990,torque-chirp,hip_abduction_left_joint,RS03,0.034706,0.000000,7.752114,0.0000,0.0000,0.034706,0.017395,1.451134,34.00
6.575990,torque-chirp,hip_abduction_left_joint,RS03,0.039309,0.000000,6.182741,0.0000,0.0000,0.039309,0.870071,2.161594,34.00
6.583990,torque-chirp,hip_abduction_left_joint,RS03,0.050815,0.000000,3.868513,0.0000,0.0000,0.050815,1.932707,1.749603,34.00
6.591990,torque-chirp,hip_abduction_left_joint,RS03,0.069222,0.000000,1.086369,0.0000,0.0000,0.069222,2.539406,2.059052,34.00
6.599989,torque-chirp,hip_abduction_left_joint,RS03,0.091848,0.000000,-1.828692,0.0000,0.0000,0.091848,3.094835,1.000687,34.00
6.607988,torque-chirp,hip_abduction_left_joint,RS03,0.116776,0.000000,-4.525238,0.0000,0.0000,0.116776,3.183947,0.817581,34.00
6.615989,torque-chirp,hip_abduction_left_joint,RS03,0.141703,0.000000,-6.676552,0.0000,0.0000,0.141703,3.080187,0.403755,34.00
6.627987,torque-chirp,hip_abduction_left_joint,RS03,0.170083,0.000000,-8.332460,0.0000,0.0000,0.170083,1.931486,-0.336002,34.00
6.635990,torque-chirp,hip_abduction_left_joint,RS03,0.180054,0.000000,-8.190520,0.0000,0.0000,0.180054,0.769970,-0.240788,34.00
6.643989,torque-chirp,hip_abduction_left_joint,RS03,0.179670,0.000000,-7.051060,0.0000,0.0000,0.179670,-0.540474,-0.964066,34.00
6.651989,torque-chirp,hip_abduction_left_joint,RS03,0.172001,0.000000,-5.050400,0.0000,0.0000,0.172001,-1.398642,-1.544521,34.00
6.659989,torque-chirp,hip_abduction_left_joint,RS03,0.157428,0.000000,-2.430789,0.0000,0.0000,0.157428,-2.160374,-1.846649,34.00
6.667989,torque-chirp,hip_abduction_left_joint,RS03,0.137868,0.000000,0.488327,0.0000,0.0000,0.137868,-2.767071,-1.354088,34.00
6.675988,torque-chirp,hip_abduction_left_joint,RS03,0.114091,0.000000,3.349879,0.0000,0.0000,0.114091,-3.003891,-0.892654,34.00
6.683988,torque-chirp,hip_abduction_left_joint,RS03,0.089931,0.000000,5.802407,0.0000,0.0000,0.089931,-2.951401,-0.617992,34.00
6.692089,torque-chirp,hip_abduction_left_joint,RS03,0.068072,0.000000,7.559543,0.0000,0.0000,0.068072,-2.445410,0.325020,34.00
6.700000,torque-chirp,hip_abduction_left_joint,RS03,0.051581,0.000000,8.356250,0.0000,0.0000,0.051581,-1.711758,0.473335,34.00
6.707991,torque-chirp,hip_abduction_left_joint,RS03,0.043527,0.000000,8.137235,0.0000,0.0000,0.043527,-0.552071,1.343102,34.00
6.715992,torque-chirp,hip_abduction_left_joint,RS03,0.044293,0.000000,6.911930,0.0000,0.0000,0.044293,0.459908,1.650726,34.00
6.723986,torque-chirp,hip_abduction_left_joint,RS03,0.052348,0.000000,4.831338,0.0000,0.0000,0.052348,1.494469,1.573814,34.00
6.731989,torque-chirp,hip_abduction_left_joint,RS03,0.067688,0.000000,2.147215,0.0000,0.0000,0.067688,2.167698,2.007782,34.00
6.739987,torque-chirp,hip_abduction_left_joint,RS03,0.088014,0.000000,-0.804289,0.0000,0.0000,0.088014,2.759136,1.141678,34.00
6.747988,torque-chirp,hip_abduction_left_joint,RS03,0.111791,0.000000,-3.658836,0.0000,0.0000,0.111791,3.080797,1.127029,34.00
6.755986,torque-chirp,hip_abduction_left_joint,RS03,0.135950,0.000000,-6.058986,0.0000,0.0000,0.135950,2.989853,0.169373,34.00
6.763988,torque-chirp,hip_abduction_left_joint,RS03,0.157811,0.000000,-7.705075,0.0000,0.0000,0.157811,2.481422,-0.414742,34.00
6.771988,torque-chirp,hip_abduction_left_joint,RS03,0.173151,0.000000,-8.387769,0.0000,0.0000,0.173151,1.591515,-0.456856,34.00
6.779986,torque-chirp,hip_abduction_left_joint,RS03,0.179287,0.000000,-8.020074,0.0000,0.0000,0.179287,0.171206,-0.504463,34.00
6.787986,torque-chirp,hip_abduction_left_joint,RS03,0.175452,0.000000,-6.645186,0.0000,0.0000,0.175452,-0.905472,-1.048294,34.00
6.795986,torque-chirp,hip_abduction_left_joint,RS03,0.164330,0.000000,-4.433437,0.0000,0.0000,0.164330,-1.781338,-2.004120,34.00
6.803987,torque-chirp,hip_abduction_left_joint,RS03,0.146688,0.000000,-1.661235,0.0000,0.0000,0.146688,-2.551615,-1.584805,34.00
6.812010,torque-chirp,hip_abduction_left_joint,RS03,0.124063,0.000000,1.330989,0.0000,0.0000,0.124063,-3.040512,-1.551846,34.00
6.819988,torque-chirp,hip_abduction_left_joint,RS03,0.098751,0.000000,4.141995,0.0000,0.0000,0.098751,-3.324331,-0.678417,34.00
6.827990,torque-chirp,hip_abduction_left_joint,RS03,0.073057,0.000000,6.439323,0.0000,0.0000,0.073057,-3.078354,0.030212,34.00
6.835988,torque-chirp,hip_abduction_left_joint,RS03,0.050815,0.000000,7.921135,0.0000,0.0000,0.050815,-2.572977,0.097961,34.00
6.843987,torque-chirp,hip_abduction_left_joint,RS03,0.034706,0.000000,8.398472,0.0000,0.0000,0.034706,-1.644617,1.108719,34.00
6.851988,torque-chirp,hip_abduction_left_joint,RS03,0.027037,0.000000,7.807572,0.0000,0.0000,0.027037,-0.469063,1.149002,34.00
6.859986,torque-chirp,hip_abduction_left_joint,RS03,0.028570,0.000000,6.221697,0.0000,0.0000,0.028570,0.448921,1.641571,34.00
6.867988,torque-chirp,hip_abduction_left_joint,RS03,0.037007,0.000000,3.839548,0.0000,0.0000,0.037007,1.351645,2.062714,34.00
6.875987,torque-chirp,hip_abduction_left_joint,RS03,0.051965,0.000000,0.965092,0.0000,0.0000,0.051965,2.140842,1.528038,34.00
6.883986,torque-chirp,hip_abduction_left_joint,RS03,0.071524,0.000000,-2.035168,0.0000,0.0000,0.071524,2.528419,1.361412,34.00
6.891988,torque-chirp,hip_abduction_left_joint,RS03,0.093766,0.000000,-4.777761,0.0000,0.0000,0.093766,2.888531,0.367134,34.00
6.899987,torque-chirp,hip_abduction_left_joint,RS03,0.114859,0.000000,-6.907367,0.0000,0.0000,0.114859,2.546120,0.251778,34.00
6.907987,torque-chirp,hip_abduction_left_joint,RS03,0.132499,0.000000,-8.150067,0.0000,0.0000,0.132499,1.856413,-0.704052,34.00
6.915987,torque-chirp,hip_abduction_left_joint,RS03,0.143237,0.000000,-8.343015,0.0000,0.0000,0.143237,0.977493,-0.786449,34.00
6.923986,torque-chirp,hip_abduction_left_joint,RS03,0.144771,0.000000,-7.458627,0.0000,0.0000,0.144771,-0.315250,-1.150837,34.00
6.931990,torque-chirp,hip_abduction_left_joint,RS03,0.137101,0.000000,-5.607849,0.0000,0.0000,0.137101,-1.189287,-1.680019,34.00
6.939986,torque-chirp,hip_abduction_left_joint,RS03,0.122911,0.000000,-3.030795,0.0000,0.0000,0.122911,-2.159153,-1.921722,34.00
6.947987,torque-chirp,hip_abduction_left_joint,RS03,0.102203,0.000000,-0.057118,0.0000,0.0000,0.102203,-2.720684,-1.420006,34.00
6.955988,torque-chirp,hip_abduction_left_joint,RS03,0.078043,0.000000,2.926739,0.0000,0.0000,0.078043,-3.105822,-0.965897,34.00
6.963987,torque-chirp,hip_abduction_left_joint,RS03,0.052732,0.000000,5.531065,0.0000,0.0000,0.052732,-3.144884,-0.612499,34.00
6.971987,torque-chirp,hip_abduction_left_joint,RS03,0.028954,0.000000,7.416194,0.0000,0.0000,0.028954,-2.724346,-0.054016,34.00
6.979989,torque-chirp,hip_abduction_left_joint,RS03,0.009779,0.000000,8.334215,0.0000,0.0000,0.009779,-1.949799,0.729691,34.00
6.987988,torque-chirp,hip_abduction_left_joint,RS03,-0.001342,0.000000,8.162065,0.0000,0.0000,-0.001342,-0.802929,1.244225,34.00
6.995987,torque-chirp,hip_abduction_left_joint,RS03,-0.003260,0.000000,6.920125,0.0000,0.0000,-0.003260,0.212099,1.451134,34.00
7.003988,torque-chirp,hip_abduction_left_joint,RS03,0.002110,0.000000,4.768401,0.0000,0.0000,0.002110,0.873123,1.991302,34.00
7.011986,torque-chirp,hip_abduction_left_joint,RS03,0.013998,0.000000,1.989033,0.0000,0.0000,0.013998,1.914396,1.736786,34.00
7.019989,torque-chirp,hip_abduction_left_joint,RS03,0.031255,0.000000,-1.056672,0.0000,0.0000,0.031255,2.364843,1.333946,34.00
7.027990,torque-chirp,hip_abduction_left_joint,RS03,0.051965,0.000000,-3.964258,0.0000,0.0000,0.051965,2.745098,0.574043,34.00
7.035989,torque-chirp,hip_abduction_left_joint,RS03,0.072674,0.000000,-6.349794,0.0000,0.0000,0.072674,2.528419,0.420235,34.00
7.043987,torque-chirp,hip_abduction_left_joint,RS03,0.091082,0.000000,-7.896772,0.0000,0.0000,0.091082,2.065155,-0.672924,34.00
7.051986,torque-chirp,hip_abduction_left_joint,RS03,0.103737,0.000000,-8.398592,0.0000,0.0000,0.103737,1.111773,-0.826736,34.00
7.059988,torque-chirp,hip_abduction_left_joint,RS03,0.107955,0.000000,-7.785209,0.0000,0.0000,0.107955,0.038757,-1.112385,34.00
7.067987,torque-chirp,hip_abduction_left_joint,RS03,0.102970,0.000000,-6.136109,0.0000,0.0000,0.102970,-1.012283,-1.634243,34.00
7.075985,torque-chirp,hip_abduction_left_joint,RS03,0.091082,0.000000,-3.669084,0.0000,0.0000,0.091082,-1.835659,-2.156097,34.00
7.083989,torque-chirp,hip_abduction_left_joint,RS03,0.072290,0.000000,-0.708275,0.0000,0.0000,0.072290,-2.751812,-1.582973,34.00
7.091989,torque-chirp,hip_abduction_left_joint,RS03,0.049280,0.000000,2.348161,0.0000,0.0000,0.049280,-3.033188,-1.491417,34.00
7.099989,torque-chirp,hip_abduction_left_joint,RS03,0.024352,0.000000,5.092860,0.0000,0.0000,0.024352,-3.154039,-0.843216,34.00
7.107987,torque-chirp,hip_abduction_left_joint,RS03,0.000575,0.000000,7.156286,0.0000,0.0000,0.000575,-2.850689,0.180359,34.00
7.115987,torque-chirp,hip_abduction_left_joint,RS03,-0.018983,0.000000,8.260483,0.0000,0.0000,-0.018983,-2.132906,0.372627,34.00
7.123988,torque-chirp,hip_abduction_left_joint,RS03,-0.030872,0.000000,8.254377,0.0000,0.0000,-0.030872,-0.981766,1.099564,34.00
7.131987,torque-chirp,hip_abduction_left_joint,RS03,-0.034324,0.000000,7.136100,0.0000,0.0000,-0.034324,0.076599,1.544518,34.00
7.139987,torque-chirp,hip_abduction_left_joint,RS03,-0.029721,0.000000,5.053668,0.0000,0.0000,-0.029721,0.910965,2.073700,34.00
7.147988,torque-chirp,hip_abduction_left_joint,RS03,-0.018216,0.000000,2.286111,0.0000,0.0000,-0.018216,1.647671,1.553673,34.00
7.155987,torque-chirp,hip_abduction_left_joint,RS03,-0.001342,0.000000,-0.792360,0.0000,0.0000,-0.001342,2.340429,1.672699,34.00
7.163989,torque-chirp,hip_abduction_left_joint,RS03,0.018983,0.000000,-3.766738,0.0000,0.0000,0.018983,2.628519,0.491646,34.00
7.171988,torque-chirp,hip_abduction_left_joint,RS03,0.040075,0.000000,-6.230809,0.0000,0.0000,0.040075,2.679789,0.531929,34.00
7.179988,torque-chirp,hip_abduction_left_joint,RS03,0.059252,0.000000,-7.849566,0.0000,0.0000,0.059252,2.212864,-0.647289,34.00
7.187990,torque-chirp,hip_abduction_left_joint,RS03,0.072674,0.000000,-8.399770,0.0000,0.0000,0.072674,1.368734,-0.799267,34.00
7.195988,torque-chirp,hip_abduction_left_joint,RS03,0.077660,0.000000,-7.803977,0.0000,0.0000,0.077660,0.160219,-1.225910,34.00
7.204039,torque-chirp,hip_abduction_left_joint,RS03,0.073824,0.000000,-6.127071,0.0000,0.0000,0.073824,-0.890821,-1.738613,34.00
7.211997,torque-chirp,hip_abduction_left_joint,RS03,0.062703,0.000000,-3.632356,0.0000,0.0000,0.062703,-1.868010,-2.156097,34.00
7.219992,torque-chirp,hip_abduction_left_joint,RS03,0.044677,0.000000,-0.627888,0.0000,0.0000,0.044677,-2.450293,-1.694668,34.00
7.227991,torque-chirp,hip_abduction_left_joint,RS03,0.022434,0.000000,2.466312,0.0000,0.0000,0.022434,-2.980698,-1.361412,34.00
7.235991,torque-chirp,hip_abduction_left_joint,RS03,-0.001342,0.000000,5.223872,0.0000,0.0000,-0.001342,-3.017929,-0.357979,34.00
7.243989,torque-chirp,hip_abduction_left_joint,RS03,-0.023969,0.000000,7.263602,0.0000,0.0000,-0.023969,-2.547342,-0.008240,34.00
7.251990,torque-chirp,hip_abduction_left_joint,RS03,-0.042377,0.000000,8.302596,0.0000,0.0000,-0.042377,-1.943085,0.451363,34.00
7.259990,torque-chirp,hip_abduction_left_joint,RS03,-0.053115,0.000000,8.194561,0.0000,0.0000,-0.053115,-0.831617,0.705887,34.00
7.267992,torque-chirp,hip_abduction_left_joint,RS03,-0.054265,0.000000,6.951121,0.0000,0.0000,-0.054265,0.271305,1.218590,34.00
7.275991,torque-chirp,hip_abduction_left_joint,RS03,-0.047362,0.000000,4.743115,0.0000,0.0000,-0.047362,1.072710,1.753265,34.00
7.283989,torque-chirp,hip_abduction_left_joint,RS03,-0.033557,0.000000,1.875107,0.0000,0.0000,-0.033557,1.978485,2.154270,34.00
7.291991,torque-chirp,hip_abduction_left_joint,RS03,-0.014381,0.000000,-1.257040,0.0000,0.0000,-0.014381,2.750591,0.931107,34.00
7.299991,torque-chirp,hip_abduction_left_joint,RS03,0.007478,0.000000,-4.216054,0.0000,0.0000,0.007478,2.862896,0.995193,34.00
7.307990,torque-chirp,hip_abduction_left_joint,RS03,0.029721,0.000000,-6.588533,0.0000,0.0000,0.029721,2.741436,0.063171,34.00
7.315992,torque-chirp,hip_abduction_left_joint,RS03,0.049280,0.000000,-8.042289,0.0000,0.0000,0.049280,2.330664,-0.544746,34.00
7.323992,torque-chirp,hip_abduction_left_joint,RS03,0.063087,0.000000,-8.370656,0.0000,0.0000,0.063087,1.352255,-1.225910,34.00
7.331989,torque-chirp,hip_abduction_left_joint,RS03,0.067688,0.000000,-7.525816,0.0000,0.0000,0.067688,-0.015564,-1.170979,34.00
7.339991,torque-chirp,hip_abduction_left_joint,RS03,0.063853,0.000000,-5.622862,0.0000,0.0000,0.063853,-0.978104,-1.819183,34.00
7.347990,torque-chirp,hip_abduction_left_joint,RS03,0.052732,0.000000,-2.927792,0.0000,0.0000,0.052732,-1.750210,-1.907074,34.00
7.355990,torque-chirp,hip_abduction_left_joint,RS03,0.035857,0.000000,0.182232,0.0000,0.0000,0.035857,-2.424658,-1.379723,34.00
7.364038,torque-chirp,hip_abduction_left_joint,RS03,0.014765,0.000000,3.286039,0.0000,0.0000,0.014765,-2.687113,-1.286335,34.00
7.372019,torque-chirp,hip_abduction_left_joint,RS03,-0.007094,0.000000,5.903609,0.0000,0.0000,-0.007094,-2.710308,-0.489815,34.00
7.380005,torque-chirp,hip_abduction_left_joint,RS03,-0.027421,0.000000,7.692064,0.0000,0.0000,-0.027421,-2.302586,0.356148,34.00
7.388245,torque-chirp,hip_abduction_left_joint,RS03,-0.042761,0.000000,8.397733,0.0000,0.0000,-0.042761,-1.587852,0.720535,34.00
7.396022,torque-chirp,hip_abduction_left_joint,RS03,-0.049664,0.000000,7.903940,0.0000,0.0000,-0.049664,-0.472725,1.061111,34.00
7.404006,torque-chirp,hip_abduction_left_joint,RS03,-0.047746,0.000000,6.292191,0.0000,0.0000,-0.047746,0.665598,1.676361,34.00
7.412000,torque-chirp,hip_abduction_left_joint,RS03,-0.038925,0.000000,3.782588,0.0000,0.0000,-0.038925,1.547569,1.989471,34.00
7.419996,torque-chirp,hip_abduction_left_joint,RS03,-0.023585,0.000000,0.731655,0.0000,0.0000,-0.023585,2.348974,1.914398,34.00
7.427994,torque-chirp,hip_abduction_left_joint,RS03,-0.003260,0.000000,-2.426922,0.0000,0.0000,-0.003260,2.597391,1.275352,34.00
7.435994,torque-chirp,hip_abduction_left_joint,RS03,0.018983,0.000000,-5.241495,0.0000,0.0000,0.018983,2.825665,0.235298,34.00
7.443991,torque-chirp,hip_abduction_left_joint,RS03,0.040075,0.000000,-7.305769,0.0000,0.0000,0.040075,2.475929,0.284737,34.00
7.451992,torque-chirp,hip_abduction_left_joint,RS03,0.057334,0.000000,-8.323833,0.0000,0.0000,0.057334,1.847258,-0.954910,34.00
7.459990,torque-chirp,hip_abduction_left_joint,RS03,0.068072,0.000000,-8.145491,0.0000,0.0000,0.068072,0.854809,-1.083088,34.00
7.467989,torque-chirp,hip_abduction_left_joint,RS03,0.069222,0.000000,-6.794065,0.0000,0.0000,0.069222,-0.366522,-1.377892,34.00
7.475990,torque-chirp,hip_abduction_left_joint,RS03,0.062703,0.000000,-4.461074,0.0000,0.0000,0.062703,-1.105059,-2.106659,34.00
7.483988,torque-chirp,hip_abduction_left_joint,RS03,0.048896,0.000000,-1.482845,0.0000,0.0000,0.048896,-1.927216,-1.974823,34.00
7.492017,torque-chirp,hip_abduction_left_joint,RS03,0.030105,0.000000,1.724413,0.0000,0.0000,0.030105,-2.497292,-1.275349,34.00
7.500015,torque-chirp,hip_abduction_left_joint,RS03,0.008629,0.000000,4.671813,0.0000,0.0000,0.008629,-2.737164,-0.678417,34.00
7.508001,torque-chirp,hip_abduction_left_joint,RS03,-0.012464,0.000000,6.940982,0.0000,0.0000,-0.012464,-2.452734,-0.444038,34.00
7.515998,torque-chirp,hip_abduction_left_joint,RS03,-0.029721,0.000000,8.207137,0.0000,0.0000,-0.029721,-1.831387,0.793777,34.00
7.523992,torque-chirp,hip_abduction_left_joint,RS03,-0.040843,0.000000,8.280293,0.0000,0.0000,-0.040843,-0.816967,1.119705,34.00
7.531991,torque-chirp,hip_abduction_left_joint,RS03,-0.042761,0.000000,7.146594,0.0000,0.0000,-0.042761,0.215151,1.335777,34.00
7.539990,torque-chirp,hip_abduction_left_joint,RS03,-0.037392,0.000000,4.968235,0.0000,0.0000,-0.037392,1.009842,2.212864,34.00
7.547987,torque-chirp,hip_abduction_left_joint,RS03,-0.025120,0.000000,2.062464,0.0000,0.0000,-0.025120,1.943083,2.084686,34.00
7.555988,torque-chirp,hip_abduction_left_joint,RS03,-0.007094,0.000000,-1.148624,0.0000,0.0000,-0.007094,2.478371,1.319298,34.00
7.563989,torque-chirp,hip_abduction_left_joint,RS03,0.014381,0.000000,-4.193900,0.0000,0.0000,0.014381,2.738384,0.751663,34.00
7.571990,torque-chirp,hip_abduction_left_joint,RS03,0.035857,0.000000,-6.624893,0.0000,0.0000,0.035857,2.688334,0.438545,34.00
7.579989,torque-chirp,hip_abduction_left_joint,RS03,0.055416,0.000000,-8.082047,0.0000,0.0000,0.055416,2.129856,-0.823074,34.00
7.587988,torque-chirp,hip_abduction_left_joint,RS03,0.068456,0.000000,-8.348908,0.0000,0.0000,0.068456,1.206379,-0.943924,34.00
7.595989,torque-chirp,hip_abduction_left_joint,RS03,0.074208,0.000000,-7.383222,0.0000,0.0000,0.074208,0.241398,-1.471275,34.00
7.603990,torque-chirp,hip_abduction_left_joint,RS03,0.070373,0.000000,-5.324833,0.0000,0.0000,0.070373,-0.888990,-1.784393,34.00
7.611987,torque-chirp,hip_abduction_left_joint,RS03,0.059635,0.000000,-2.477226,0.0000,0.0000,0.059635,-1.697109,-2.081024,34.00
7.619988,torque-chirp,hip_abduction_left_joint,RS03,0.042760,0.000000,0.741060,0.0000,0.0000,0.042760,-2.149387,-1.366905,34.00
7.627988,torque-chirp,hip_abduction_left_joint,RS03,0.022434,0.000000,3.851284,0.0000,0.0000,0.022434,-2.743877,-1.150837,34.00
7.635989,torque-chirp,hip_abduction_left_joint,RS03,0.001342,0.000000,6.390836,0.0000,0.0000,0.001342,-2.424658,-0.039368,34.00
7.643995,torque-chirp,hip_abduction_left_joint,RS03,-0.016682,0.000000,7.980526,0.0000,0.0000,-0.016682,-2.076754,0.006409,34.00
7.651995,torque-chirp,hip_abduction_left_joint,RS03,-0.028955,0.000000,8.378551,0.0000,0.0000,-0.028955,-1.137407,1.086746,34.00
7.659987,torque-chirp,hip_abduction_left_joint,RS03,-0.032406,0.000000,7.525935,0.0000,0.0000,-0.032406,0.027771,1.443810,34.00
7.667988,torque-chirp,hip_abduction_left_joint,RS03,-0.028188,0.000000,5.545410,0.0000,0.0000,-0.028188,0.764477,2.055389,34.00
7.675989,torque-chirp,hip_abduction_left_joint,RS03,-0.017066,0.000000,2.731943,0.0000,0.0000,-0.017066,1.695889,1.548180,34.00
7.683988,torque-chirp,hip_abduction_left_joint,RS03,0.000192,0.000000,-0.493414,0.0000,0.0000,0.000192,2.440529,1.903412,34.00
7.691988,torque-chirp,hip_abduction_left_joint,RS03,0.021284,0.000000,-3.647083,0.0000,0.0000,0.021284,2.732279,0.592354,34.00
7.699989,torque-chirp,hip_abduction_left_joint,RS03,0.043527,0.000000,-6.254194,0.0000,0.0000,0.043527,2.756084,0.509956,34.00
7.707988,torque-chirp,hip_abduction_left_joint,RS03,0.064237,0.000000,-7.918983,0.0000,0.0000,0.064237,2.500954,-0.491646,34.00
7.716063,torque-chirp,hip_abduction_left_joint,RS03,0.079193,0.000000,-8.387337,0.0000,0.0000,0.079193,1.464560,-0.905472,34.00
7.723999,torque-chirp,hip_abduction_left_joint,RS03,0.086096,0.000000,-7.588068,0.0000,0.0000,0.086096,0.404976,-1.896088,34.00
7.731991,torque-chirp,hip_abduction_left_joint,RS03,0.084946,0.000000,-5.638983,0.0000,0.0000,0.084946,-0.527657,-2.159760,34.00
7.739990,torque-chirp,hip_abduction_left_joint,RS03,0.076892,0.000000,-2.831889,0.0000,0.0000,0.076892,-1.434042,-1.773407,34.00
7.747988,torque-chirp,hip_abduction_left_joint,RS03,0.062320,0.000000,0.407353,0.0000,0.0000,0.062320,-2.151829,-1.773407,34.00
7.755988,torque-chirp,hip_abduction_left_joint,RS03,0.043527,0.000000,3.587460,0.0000,0.0000,0.043527,-2.369116,-0.878006,34.00
7.763987,torque-chirp,hip_abduction_left_joint,RS03,0.023969,0.000000,6.223089,0.0000,0.0000,0.023969,-2.434423,-0.557564,34.00
7.771986,torque-chirp,hip_abduction_left_joint,RS03,0.006711,0.000000,7.910291,0.0000,0.0000,0.006711,-1.924164,0.535591,34.00
7.779987,torque-chirp,hip_abduction_left_joint,RS03,-0.005177,0.000000,8.389259,0.0000,0.0000,-0.005177,-1.191729,1.136185,34.00
7.787987,torque-chirp,hip_abduction_left_joint,RS03,-0.009012,0.000000,7.583632,0.0000,0.0000,-0.009012,0.036926,1.176476,34.00
7.795989,torque-chirp,hip_abduction_left_joint,RS03,-0.004794,0.000000,5.613421,0.0000,0.0000,-0.004794,0.857250,1.910736,34.00
7.803993,torque-chirp,hip_abduction_left_joint,RS03,0.006711,0.000000,2.778176,0.0000,0.0000,0.006711,1.747768,2.216526,34.00
7.811986,torque-chirp,hip_abduction_left_joint,RS03,0.024352,0.000000,-0.482432,0.0000,0.0000,0.024352,2.536964,1.396202,34.00
7.819986,torque-chirp,hip_abduction_left_joint,RS03,0.045444,0.000000,-3.673982,0.0000,0.0000,0.045444,2.638895,1.279015,34.00
7.827989,torque-chirp,hip_abduction_left_joint,RS03,0.068072,0.000000,-6.301218,0.0000,0.0000,0.068072,2.718851,0.390938,34.00
7.835986,torque-chirp,hip_abduction_left_joint,RS03,0.088397,0.000000,-7.955237,0.0000,0.0000,0.088397,2.278784,-0.522774,34.00
7.843986,torque-chirp,hip_abduction_left_joint,RS03,0.103354,0.000000,-8.379877,0.0000,0.0000,0.103354,1.360800,-0.801098,34.00
7.851986,torque-chirp,hip_abduction_left_joint,RS03,0.109489,0.000000,-7.505801,0.0000,0.0000,0.109489,0.234684,-1.229572,34.00
7.859986,torque-chirp,hip_abduction_left_joint,RS03,0.106805,0.000000,-5.465570,0.0000,0.0000,0.106805,-0.608225,-1.573818,34.00
7.867987,torque-chirp,hip_abduction_left_joint,RS03,0.096834,0.000000,-2.574244,0.0000,0.0000,0.096834,-1.603113,-2.048065,34.00
7.875987,torque-chirp,hip_abduction_left_joint,RS03,0.080728,0.000000,0.720162,0.0000,0.0000,0.080728,-2.268406,-1.502403,34.00
7.883986,torque-chirp,hip_abduction_left_joint,RS03,0.061169,0.000000,3.904419,0.0000,0.0000,0.061169,-2.626688,-1.165485,34.00
7.891987,torque-chirp,hip_abduction_left_joint,RS03,0.040459,0.000000,6.481540,0.0000,0.0000,0.040459,-2.550394,0.101624,34.00
7.899986,torque-chirp,hip_abduction_left_joint,RS03,0.022434,0.000000,8.046100,0.0000,0.0000,0.022434,-2.029755,0.079651,34.00
7.907988,torque-chirp,hip_abduction_left_joint,RS03,0.009779,0.000000,8.351693,0.0000,0.0000,0.009779,-1.128862,1.218590,34.00
7.915987,torque-chirp,hip_abduction_left_joint,RS03,0.005944,0.000000,7.347112,0.0000,0.0000,0.005944,-0.047915,1.676361,34.00
7.923986,torque-chirp,hip_abduction_left_joint,RS03,0.009396,0.000000,5.187576,0.0000,0.0000,0.009396,0.953690,2.117649,34.00
7.931986,torque-chirp,hip_abduction_left_joint,RS03,0.020517,0.000000,2.210036,0.0000,0.0000,0.020517,1.803312,1.789886,34.00
7.939987,torque-chirp,hip_abduction_left_joint,RS03,0.037391,0.000000,-1.117954,0.0000,0.0000,0.037391,2.273901,1.577477,34.00
7.947986,torque-chirp,hip_abduction_left_joint,RS03,0.057717,0.000000,-4.271453,0.0000,0.0000,0.057717,2.566261,0.612495,34.00
7.955986,torque-chirp,hip_abduction_left_joint,RS03,0.078426,0.000000,-6.752765,0.0000,0.0000,0.078426,2.566872,0.407417,34.00
7.963986,torque-chirp,hip_abduction_left_joint,RS03,0.096451,0.000000,-8.166439,0.0000,0.0000,0.096451,2.043793,-0.661938,34.00
7.971988,torque-chirp,hip_abduction_left_joint,RS03,0.107955,0.000000,-8.286462,0.0000,0.0000,0.107955,1.065386,-0.883499,34.00
7.979987,torque-chirp,hip_abduction_left_joint,RS03,0.111407,0.000000,-7.091140,0.0000,0.0000,0.111407,-0.174257,-1.387047,34.00
7.987987,torque-chirp,hip_abduction_left_joint,RS03,0.106038,0.000000,-4.767160,0.0000,0.0000,0.106038,-1.011063,-1.786224,34.00
7.995991,torque-chirp,hip_abduction_left_joint,RS03,0.093766,0.000000,-1.680766,0.0000,0.0000,0.093766,-1.975433,-1.934540,34.00
