t_s,maneuver,joint,model,cmd_pos,cmd_vel,cmd_tau,cmd_kp,cmd_kd,fb_pos,fb_vel,fb_tau,fb_temp
0.000001,torque-chirp,knee_flexion_right_joint,RS04,-0.013998,0.000000,0.000091,0.0000,0.0000,-0.013998,-0.020828,-0.001831,29.00
0.008195,torque-chirp,knee_flexion_right_joint,RS04,-0.013614,0.000000,1.293528,0.0000,0.0000,-0.013614,0.046463,-0.001831,29.00
0.016019,torque-chirp,knee_flexion_right_joint,RS04,-0.013614,0.000000,2.502111,0.0000,0.0000,-0.013614,-0.053330,0.016479,29.00
0.024005,torque-chirp,knee_flexion_right_joint,RS04,-0.013230,0.000000,3.681100,0.0000,0.0000,-0.013230,0.105516,0.496231,29.00
0.032004,torque-chirp,knee_flexion_right_joint,RS04,-0.012080,0.000000,4.779506,0.0000,0.0000,-0.012080,0.165483,0.986954,29.00
0.040002,torque-chirp,knee_flexion_right_joint,RS04,-0.009779,0.000000,5.769691,0.0000,0.0000,-0.009779,0.389791,1.470367,29.00
0.048006,torque-chirp,knee_flexion_right_joint,RS04,-0.005561,0.000000,6.628775,0.0000,0.0000,-0.005561,0.709315,2.316315,29.00
0.056004,torque-chirp,knee_flexion_right_joint,RS04,0.002110,0.000000,7.335225,0.0000,0.0000,0.002110,1.173494,3.557800,29.00
0.064004,torque-chirp,knee_flexion_right_joint,RS04,0.012847,0.000000,7.872384,0.0000,0.0000,0.012847,1.446325,4.517281,29.00
0.072002,torque-chirp,knee_flexion_right_joint,RS04,0.027037,0.000000,8.226824,0.0000,0.0000,0.027037,2.018082,4.000916,29.00
0.080005,torque-chirp,knee_flexion_right_joint,RS04,0.045828,0.000000,8.389429,0.0000,0.0000,0.045828,2.479515,5.231407,29.00
0.088002,torque-chirp,knee_flexion_right_joint,RS04,0.068839,0.000000,8.355306,0.0000,0.0000,0.068839,3.113070,5.465782,29.00
0.096001,torque-chirp,knee_flexion_right_joint,RS04,0.096067,0.000000,8.124366,0.0000,0.0000,0.096067,3.665598,5.150826,29.00
0.104002,torque-chirp,knee_flexion_right_joint,RS04,0.128664,0.000000,7.701047,0.0000,0.0000,0.128664,4.333029,5.099556,29.00
0.112001,torque-chirp,knee_flexion_right_joint,RS04,0.165865,0.000000,7.094492,0.0000,0.0000,0.165865,4.900663,5.238731,29.00
0.120004,torque-chirp,knee_flexion_right_joint,RS04,0.207282,0.000000,6.317969,0.0000,0.0000,0.207282,5.330509,5.055611,29.00
0.128002,torque-chirp,knee_flexion_right_joint,RS04,0.252536,0.000000,5.389874,0.0000,0.0000,0.252536,5.846876,4.645454,29.00
0.136001,torque-chirp,knee_flexion_right_joint,RS04,0.300857,0.000000,4.331138,0.0000,0.0000,0.300857,6.166401,4.682076,29.00
0.144001,torque-chirp,knee_flexion_right_joint,RS04,0.351480,0.000000,3.166481,0.0000,0.0000,0.351480,6.426872,3.931335,29.00
0.152004,torque-chirp,knee_flexion_right_joint,RS04,0.404402,0.000000,1.923397,0.0000,0.0000,0.404402,6.653009,3.407654,29.00
0.160002,torque-chirp,knee_flexion_right_joint,RS04,0.457709,0.000000,0.632413,0.0000,0.0000,0.457709,6.754177,2.532394,29.00
0.168002,torque-chirp,knee_flexion_right_joint,RS04,0.512165,0.000000,-0.676212,0.0000,0.0000,0.512165,6.706568,2.305328,29.00
0.176004,torque-chirp,knee_flexion_right_joint,RS04,0.565856,0.000000,-1.970816,0.0000,0.0000,0.565856,6.656214,1.298233,29.00
0.184002,torque-chirp,knee_flexion_right_joint,RS04,0.618395,0.000000,-3.218813,0.0000,0.0000,0.618395,6.538567,0.631729,29.00
0.192004,torque-chirp,knee_flexion_right_joint,RS04,0.669018,0.000000,-4.390401,0.0000,0.0000,0.669018,6.306021,0.488907,29.00
0.200003,torque-chirp,knee_flexion_right_joint,RS04,0.717339,0.000000,-5.455733,0.0000,0.0000,0.717339,5.957657,-0.089722,29.00
0.208003,torque-chirp,knee_flexion_right_joint,RS04,0.762592,0.000000,-6.388452,0.0000,0.0000,0.762592,5.614328,-0.851456,29.00
0.216051,torque-chirp,knee_flexion_right_joint,RS04,0.805161,0.000000,-7.168770,0.0000,0.0000,0.805161,5.152437,-0.943008,29.00
0.224072,torque-chirp,knee_flexion_right_joint,RS04,0.843512,0.000000,-7.768762,0.0000,0.0000,0.843512,4.484550,-1.961090,29.00
0.232059,torque-chirp,knee_flexion_right_joint,RS04,0.876108,0.000000,-8.174096,0.0000,0.0000,0.876108,3.804302,-2.744797,29.00
0.240013,torque-chirp,knee_flexion_right_joint,RS04,0.902953,0.000000,-8.376304,0.0000,0.0000,0.902953,3.080566,-3.499199,29.00
0.248006,torque-chirp,knee_flexion_right_joint,RS04,0.923661,0.000000,-8.370952,0.0000,0.0000,0.923661,2.425041,-4.539253,29.00
0.256001,torque-chirp,knee_flexion_right_joint,RS04,0.939003,0.000000,-8.155651,0.0000,0.0000,0.939003,1.715954,-4.466011,29.00
0.267999,torque-chirp,knee_flexion_right_joint,RS04,0.949740,0.000000,-7.449590,0.0000,0.0000,0.949740,0.431450,-4.495308,29.00
0.279999,torque-chirp,knee_flexion_right_joint,RS04,0.947824,0.000000,-6.318436,0.0000,0.0000,0.947824,-0.569695,-4.813911,29.00
0.292001,torque-chirp,knee_flexion_right_joint,RS04,0.934017,0.000000,-4.823620,0.0000,0.0000,0.934017,-1.609292,-3.953308,29.00
0.300000,torque-chirp,knee_flexion_right_joint,RS04,0.919443,0.000000,-3.665890,0.0000,0.0000,0.919443,-1.918288,-4.191345,29.00
0.308002,torque-chirp,knee_flexion_right_joint,RS04,0.901419,0.000000,-2.411741,0.0000,0.0000,0.901419,-2.373770,-2.682541,29.00
0.316000,torque-chirp,knee_flexion_right_joint,RS04,0.880326,0.000000,-1.094466,0.0000,0.0000,0.880326,-2.679103,-2.319984,29.00
0.324001,torque-chirp,knee_flexion_right_joint,RS04,0.857700,0.000000,0.253775,0.0000,0.0000,0.857700,-2.917144,-1.887848,29.00
0.332000,torque-chirp,knee_flexion_right_joint,RS04,0.833539,0.000000,1.597106,0.0000,0.0000,0.833539,-3.050813,-0.737930,29.00
0.340000,torque-chirp,knee_flexion_right_joint,RS04,0.808228,0.000000,2.901155,0.0000,0.0000,0.808228,-3.154727,0.089722,29.00
0.351997,torque-chirp,knee_flexion_right_joint,RS04,0.769112,0.000000,4.708890,0.0000,0.0000,0.769112,-3.265507,0.653702,29.00
0.360001,torque-chirp,knee_flexion_right_joint,RS04,0.743034,0.000000,5.769584,0.0000,0.0000,0.743034,-3.153811,1.063858,29.00
0.368007,torque-chirp,knee_flexion_right_joint,RS04,0.718489,0.000000,6.680545,0.0000,0.0000,0.718489,-2.992218,1.807281,29.00
0.376006,torque-chirp,knee_flexion_right_joint,RS04,0.696630,0.000000,7.416186,0.0000,0.0000,0.696630,-2.586633,3.173264,29.00
0.384005,torque-chirp,knee_flexion_right_joint,RS04,0.678605,0.000000,7.957246,0.0000,0.0000,0.678605,-2.072099,3.891052,29.00
0.392003,torque-chirp,knee_flexion_right_joint,RS04,0.664416,0.000000,8.288430,0.0000,0.0000,0.664416,-1.635843,5.029976,29.00
0.400003,torque-chirp,knee_flexion_right_joint,RS04,0.654445,0.000000,8.400001,0.0000,0.0000,0.654445,-1.070039,5.033638,29.00
0.408001,torque-chirp,knee_flexion_right_joint,RS04,0.649460,0.000000,8.287971,0.0000,0.0000,0.649460,-0.360952,5.161827,29.00
0.416000,torque-chirp,knee_flexion_right_joint,RS04,0.649460,0.000000,7.954258,0.0000,0.0000,0.649460,0.141680,5.407188,29.00
0.424001,torque-chirp,knee_flexion_right_joint,RS04,0.653295,0.000000,7.406678,0.0000,0.0000,0.653295,0.615472,5.784386,29.00
0.432001,torque-chirp,knee_flexion_right_joint,RS04,0.661732,0.000000,6.659176,0.0000,0.0000,0.661732,1.292973,5.224083,29.00
0.440001,torque-chirp,knee_flexion_right_joint,RS04,0.674770,0.000000,5.730758,0.0000,0.0000,0.674770,1.777752,4.839546,29.00
0.448000,torque-chirp,knee_flexion_right_joint,RS04,0.690877,0.000000,4.646206,0.0000,0.0000,0.690877,2.242847,4.085144,29.00
0.455999,torque-chirp,knee_flexion_right_joint,RS04,0.710052,0.000000,3.433781,0.0000,0.0000,0.710052,2.451591,4.345161,29.00
0.463999,torque-chirp,knee_flexion_right_joint,RS04,0.730761,0.000000,2.126009,0.0000,0.0000,0.730761,2.606775,3.546814,29.00
0.472001,torque-chirp,knee_flexion_right_joint,RS04,0.752238,0.000000,0.757710,0.0000,0.0000,0.752238,2.684139,2.799728,29.00
0.480001,torque-chirp,knee_flexion_right_joint,RS04,0.774481,0.000000,-0.633003,0.0000,0.0000,0.774481,2.764248,2.488449,29.00
0.487997,torque-chirp,knee_flexion_right_joint,RS04,0.795957,0.000000,-2.007694,0.0000,0.0000,0.795957,2.662624,1.415436,29.00
0.496001,torque-chirp,knee_flexion_right_joint,RS04,0.817048,0.000000,-3.330367,0.0000,0.0000,0.817048,2.541315,0.565811,29.00
0.504001,torque-chirp,knee_flexion_right_joint,RS04,0.837759,0.000000,-4.562395,0.0000,0.0000,0.837759,2.484550,0.675674,29.00
0.512002,torque-chirp,knee_flexion_right_joint,RS04,0.856550,0.000000,-5.669984,0.0000,0.0000,0.856550,2.285879,-0.840469,29.00
0.520007,torque-chirp,knee_flexion_right_joint,RS04,0.872657,0.000000,-6.621878,0.0000,0.0000,0.872657,1.875715,-0.525520,29.00
0.528142,torque-chirp,knee_flexion_right_joint,RS04,0.884929,0.000000,-7.401120,0.0000,0.0000,0.884929,1.344242,-2.005035,29.00
0.536013,torque-chirp,knee_flexion_right_joint,RS04,0.892598,0.000000,-7.952637,0.0000,0.0000,0.892598,0.778440,-2.931564,29.00
0.544004,torque-chirp,knee_flexion_right_joint,RS04,0.896050,0.000000,-8.292373,0.0000,0.0000,0.896050,0.225452,-3.788513,29.00
0.552002,torque-chirp,knee_flexion_right_joint,RS04,0.894899,0.000000,-8.399751,0.0000,0.0000,0.894899,-0.288167,-4.630806,29.00
0.560000,torque-chirp,knee_flexion_right_joint,RS04,0.889147,0.000000,-8.270350,0.0000,0.0000,0.889147,-0.918059,-5.172806,29.00
0.568000,torque-chirp,knee_flexion_right_joint,RS04,0.878793,0.000000,-7.906583,0.0000,0.0000,0.878793,-1.606545,-4.531929,29.00
0.576002,torque-chirp,knee_flexion_right_joint,RS04,0.861919,0.000000,-7.317673,0.0000,0.0000,0.861919,-2.332113,-4.890816,29.00
0.584004,torque-chirp,knee_flexion_right_joint,RS04,0.840827,0.000000,-6.519369,0.0000,0.0000,0.840827,-2.892424,-4.575874,29.00
0.592003,torque-chirp,knee_flexion_right_joint,RS04,0.815131,0.000000,-5.534036,0.0000,0.0000,0.815131,-3.402380,-4.520943,29.00
0.600002,torque-chirp,knee_flexion_right_joint,RS04,0.784451,0.000000,-4.388618,0.0000,0.0000,0.784451,-3.998398,-3.942322,29.00
0.608001,torque-chirp,knee_flexion_right_joint,RS04,0.750320,0.000000,-3.115582,0.0000,0.0000,0.750320,-4.386129,-3.480888,29.00
0.615999,torque-chirp,knee_flexion_right_joint,RS04,0.713120,0.000000,-1.751029,0.0000,0.0000,0.713120,-4.685054,-2.807053,29.00
0.624000,torque-chirp,knee_flexion_right_joint,RS04,0.674004,0.000000,-0.333386,0.0000,0.0000,0.674004,-5.027009,-1.682770,29.00
0.632001,torque-chirp,knee_flexion_right_joint,RS04,0.632968,0.000000,1.095817,0.0000,0.0000,0.632968,-5.265049,-0.906387,29.00
0.640001,torque-chirp,knee_flexion_right_joint,RS04,0.590400,0.000000,2.495335,0.0000,0.0000,0.590400,-5.324559,-1.071182,29.00
0.648001,torque-chirp,knee_flexion_right_joint,RS04,0.547065,0.000000,3.824006,0.0000,0.0000,0.547065,-5.433509,-0.115356,29.00
0.655999,torque-chirp,knee_flexion_right_joint,RS04,0.504496,0.000000,5.042496,0.0000,0.0000,0.504496,-5.367590,0.807510,29.00
0.664001,torque-chirp,knee_flexion_right_joint,RS04,0.461927,0.000000,6.115488,0.0000,0.0000,0.461927,-5.280155,0.811172,29.00
0.672001,torque-chirp,knee_flexion_right_joint,RS04,0.421275,0.000000,7.009885,0.0000,0.0000,0.421275,-4.900664,1.763336,29.00
0.680000,torque-chirp,knee_flexion_right_joint,RS04,0.384459,0.000000,7.698595,0.0000,0.0000,0.384459,-4.467155,2.924240,29.00
0.687999,torque-chirp,knee_flexion_right_joint,RS04,0.351863,0.000000,8.160670,0.0000,0.0000,0.351863,-3.896315,3.693298,29.00
0.696001,torque-chirp,knee_flexion_right_joint,RS04,0.324249,0.000000,8.381322,0.0000,0.0000,0.324249,-3.206913,4.169373,29.00
0.704001,torque-chirp,knee_flexion_right_joint,RS04,0.301623,0.000000,8.352777,0.0000,0.0000,0.301623,-2.600366,4.740669,29.00
0.711999,torque-chirp,knee_flexion_right_joint,RS04,0.284750,0.000000,8.075006,0.0000,0.0000,0.284750,-1.742504,4.088806,29.00
0.720000,torque-chirp,knee_flexion_right_joint,RS04,0.273628,0.000000,7.554982,0.0000,0.0000,0.273628,-1.254978,4.912788,29.00
0.728000,torque-chirp,knee_flexion_right_joint,RS04,0.267492,0.000000,6.807527,0.0000,0.0000,0.267492,-0.638361,4.773628,29.00
0.736000,torque-chirp,knee_flexion_right_joint,RS04,0.267109,0.000000,5.853956,0.0000,0.0000,0.267109,0.170519,4.337837,29.00
0.743998,torque-chirp,knee_flexion_right_joint,RS04,0.270944,0.000000,4.722610,0.0000,0.0000,0.270944,0.591210,4.286568,29.00
0.751999,torque-chirp,knee_flexion_right_joint,RS04,0.277846,0.000000,3.446237,0.0000,0.0000,0.277846,0.958800,4.077820,29.00
0.763996,torque-chirp,knee_flexion_right_joint,RS04,0.292036,0.000000,1.345787,0.0000,0.0000,0.292036,1.396429,2.850998,29.00
0.771999,torque-chirp,knee_flexion_right_joint,RS04,0.304691,0.000000,-0.118218,0.0000,0.0000,0.304691,1.588236,2.730148,29.00
0.779998,torque-chirp,knee_flexion_right_joint,RS04,0.317347,0.000000,-1.580210,0.0000,0.0000,0.317347,1.659647,1.536285,29.00
0.787998,torque-chirp,knee_flexion_right_joint,RS04,0.330002,0.000000,-2.995669,0.0000,0.0000,0.330002,1.587778,0.741592,29.00
0.796001,torque-chirp,knee_flexion_right_joint,RS04,0.343041,0.000000,-4.321681,0.0000,0.0000,0.343041,1.509956,0.899063,29.00
0.803998,torque-chirp,knee_flexion_right_joint,RS04,0.353396,0.000000,-5.515244,0.0000,0.0000,0.353396,1.235752,-0.576790,29.00
0.811998,torque-chirp,knee_flexion_right_joint,RS04,0.361450,0.000000,-6.540312,0.0000,0.0000,0.361450,0.905242,-1.397118,29.00
0.819997,torque-chirp,knee_flexion_right_joint,RS04,0.366819,0.000000,-7.363927,0.0000,0.0000,0.366819,0.541772,-1.836578,29.00
0.827999,torque-chirp,knee_flexion_right_joint,RS04,0.368736,0.000000,-7.959736,0.0000,0.0000,0.368736,0.050125,-2.777756,29.00
0.835999,torque-chirp,knee_flexion_right_joint,RS04,0.366436,0.000000,-8.307827,0.0000,0.0000,0.366436,-0.408561,-4.158386,29.00
0.843998,torque-chirp,knee_flexion_right_joint,RS04,0.359532,0.000000,-8.396497,0.0000,0.0000,0.359532,-1.021057,-5.198441,29.00
0.852039,torque-chirp,knee_flexion_right_joint,RS04,0.347645,0.000000,-8.220278,0.0000,0.0000,0.347645,-1.774548,-5.008011,29.00
0.860023,torque-chirp,knee_flexion_right_joint,RS04,0.330385,0.000000,-7.786479,0.0000,0.0000,0.330385,-2.403067,-5.088577,29.00
0.868008,torque-chirp,knee_flexion_right_joint,RS04,0.308143,0.000000,-7.107213,0.0000,0.0000,0.308143,-2.988098,-4.791939,29.00
0.876005,torque-chirp,knee_flexion_right_joint,RS04,0.280914,0.000000,-6.201412,0.0000,0.0000,0.280914,-3.599679,-4.810249,29.00
0.884007,torque-chirp,knee_flexion_right_joint,RS04,0.248701,0.000000,-5.097009,0.0000,0.0000,0.248701,-4.256580,-4.224304,29.00
0.892009,torque-chirp,knee_flexion_right_joint,RS04,0.212651,0.000000,-3.828631,0.0000,0.0000,0.212651,-4.614100,-3.810486,29.00
0.900005,torque-chirp,knee_flexion_right_joint,RS04,0.173534,0.000000,-2.437401,0.0000,0.0000,0.173534,-4.975739,-3.202568,29.00
0.908002,torque-chirp,knee_flexion_right_joint,RS04,0.132499,0.000000,-0.966178,0.0000,0.0000,0.132499,-5.280155,-2.448158,29.00
0.916002,torque-chirp,knee_flexion_right_joint,RS04,0.089547,0.000000,0.538538,0.0000,0.0000,0.089547,-5.484322,-2.070953,29.00
0.924002,torque-chirp,knee_flexion_right_joint,RS04,0.045444,0.000000,2.028278,0.0000,0.0000,0.045444,-5.510414,-0.855118,29.00
0.932002,torque-chirp,knee_flexion_right_joint,RS04,0.001342,0.000000,3.454466,0.0000,0.0000,0.001342,-5.497597,-0.261848,29.00
0.940000,torque-chirp,knee_flexion_right_joint,RS04,-0.042761,0.000000,4.770494,0.0000,0.0000,-0.042761,-5.505836,-0.562141,29.00
0.947999,torque-chirp,knee_flexion_right_joint,RS04,-0.084946,0.000000,5.933828,0.0000,0.0000,-0.084946,-5.322728,0.455933,29.00
0.955999,torque-chirp,knee_flexion_right_joint,RS04,-0.125980,0.000000,6.905733,0.0000,0.0000,-0.125980,-5.014192,1.653473,29.00
0.968030,torque-chirp,knee_flexion_right_joint,RS04,-0.180054,0.000000,7.937319,0.0000,0.0000,-0.180054,-4.078508,2.345627,29.00
0.976023,torque-chirp,knee_flexion_right_joint,RS04,-0.210350,0.000000,8.302798,0.0000,0.0000,-0.210350,-3.471503,2.993820,29.00
0.984015,torque-chirp,knee_flexion_right_joint,RS04,-0.234511,0.000000,8.396440,0.0000,0.0000,-0.234511,-2.811856,4.136414,29.00
0.992007,torque-chirp,knee_flexion_right_joint,RS04,-0.252919,0.000000,8.214089,0.0000,0.0000,-0.252919,-2.035020,4.337837,29.00
1.000004,torque-chirp,knee_flexion_right_joint,RS04,-0.265958,0.000000,7.760276,0.0000,0.0000,-0.265958,-1.333715,4.854195,29.00
1.008003,torque-chirp,knee_flexion_right_joint,RS04,-0.272095,0.000000,7.048782,0.0000,0.0000,-0.272095,-0.472191,3.836121,29.00
1.016004,torque-chirp,knee_flexion_right_joint,RS04,-0.272478,0.000000,6.101759,0.0000,0.0000,-0.272478,0.106432,3.960632,29.00
1.024000,torque-chirp,knee_flexion_right_joint,RS04,-0.267875,0.000000,4.951118,0.0000,0.0000,-0.267875,0.814145,3.762878,29.00
1.032000,torque-chirp,knee_flexion_right_joint,RS04,-0.258671,0.000000,3.632745,0.0000,0.0000,-0.258671,1.279240,3.986267,29.00
1.040001,torque-chirp,knee_flexion_right_joint,RS04,-0.246783,0.000000,2.190898,0.0000,0.0000,-0.246783,1.565346,3.217209,29.00
1.048074,torque-chirp,knee_flexion_right_joint,RS04,-0.232594,0.000000,0.659629,0.0000,0.0000,-0.232594,1.925154,2.327301,29.00
1.056008,torque-chirp,knee_flexion_right_joint,RS04,-0.216103,0.000000,-0.869791,0.0000,0.0000,-0.216103,2.078966,1.631500,29.00
1.064001,torque-chirp,knee_flexion_right_joint,RS04,-0.199228,0.000000,-2.383188,0.0000,0.0000,-0.199228,2.142595,0.910049,29.00
1.071999,torque-chirp,knee_flexion_right_joint,RS04,-0.181588,0.000000,-3.818970,0.0000,0.0000,-0.181588,2.161821,0.379028,29.00
1.080000,torque-chirp,knee_flexion_right_joint,RS04,-0.164714,0.000000,-5.127554,0.0000,0.0000,-0.164714,2.111925,-0.071411,29.00
1.088000,torque-chirp,knee_flexion_right_joint,RS04,-0.149374,0.000000,-6.263046,0.0000,0.0000,-0.149374,1.882124,-0.986954,29.00
1.096000,torque-chirp,knee_flexion_right_joint,RS04,-0.136334,0.000000,-7.186357,0.0000,0.0000,-0.136334,1.500801,-2.213783,29.00
1.103999,torque-chirp,knee_flexion_right_joint,RS04,-0.126364,0.000000,-7.864762,0.0000,0.0000,-0.126364,1.014648,-2.883957,29.00
1.112000,torque-chirp,knee_flexion_right_joint,RS04,-0.121378,0.000000,-8.274179,0.0000,0.0000,-0.121378,0.404898,-3.762878,29.00
1.120000,torque-chirp,knee_flexion_right_joint,RS04,-0.121761,0.000000,-8.399338,0.0000,0.0000,-0.121761,-0.293660,-4.279236,29.00
1.128000,torque-chirp,knee_flexion_right_joint,RS04,-0.126747,0.000000,-8.234782,0.0000,0.0000,-0.126747,-0.909820,-4.883492,29.00
1.135998,torque-chirp,knee_flexion_right_joint,RS04,-0.137486,0.000000,-7.785179,0.0000,0.0000,-0.137486,-1.525063,-5.271683,29.00
1.143999,torque-chirp,knee_flexion_right_joint,RS04,-0.152825,0.000000,-7.064655,0.0000,0.0000,-0.152825,-2.126116,-4.832222,29.00
1.151998,torque-chirp,knee_flexion_right_joint,RS04,-0.172768,0.000000,-6.097477,0.0000,0.0000,-0.172768,-2.840695,-4.898140,29.00
1.159999,torque-chirp,knee_flexion_right_joint,RS04,-0.197311,0.000000,-4.916255,0.0000,0.0000,-0.197311,-3.280613,-3.934998,29.00
1.167998,torque-chirp,knee_flexion_right_joint,RS04,-0.225307,0.000000,-3.561589,0.0000,0.0000,-0.225307,-3.656900,-3.766541,29.00
1.175998,torque-chirp,knee_flexion_right_joint,RS04,-0.255987,0.000000,-2.080081,0.0000,0.0000,-0.255987,-3.877546,-3.440605,29.00
1.184000,torque-chirp,knee_flexion_right_joint,RS04,-0.287818,0.000000,-0.523181,0.0000,0.0000,-0.287818,-4.101397,-2.514076,29.00
1.191997,torque-chirp,knee_flexion_right_joint,RS04,-0.321182,0.000000,1.053298,0.0000,0.0000,-0.321182,-4.196156,-1.686432,29.00
1.199997,torque-chirp,knee_flexion_right_joint,RS04,-0.354163,0.000000,2.595262,0.0000,0.0000,-0.354163,-4.115587,-0.902725,29.00
1.207999,torque-chirp,knee_flexion_right_joint,RS04,-0.386761,0.000000,4.047510,0.0000,0.0000,-0.386761,-3.995651,-0.239876,29.00
1.215998,torque-chirp,knee_flexion_right_joint,RS04,-0.418591,0.000000,5.357318,0.0000,0.0000,-0.418591,-3.891279,0.104370,29.00
1.223999,torque-chirp,knee_flexion_right_joint,RS04,-0.448121,0.000000,6.478206,0.0000,0.0000,-0.448121,-3.576791,0.357056,29.00
1.231998,torque-chirp,knee_flexion_right_joint,RS04,-0.474966,0.000000,7.368933,0.0000,0.0000,-0.474966,-3.171664,0.785538,29.00
1.239996,torque-chirp,knee_flexion_right_joint,RS04,-0.497593,0.000000,7.996748,0.0000,0.0000,-0.497593,-2.636988,2.539719,29.00
1.247998,torque-chirp,knee_flexion_right_joint,RS04,-0.514850,0.000000,8.338407,0.0000,0.0000,-0.514850,-2.006180,3.590759,29.00
1.255997,torque-chirp,knee_flexion_right_joint,RS04,-0.527506,0.000000,8.380054,0.0000,0.0000,-0.527506,-1.275121,4.605171,29.00
1.263997,torque-chirp,knee_flexion_right_joint,RS04,-0.534409,0.000000,8.119166,0.0000,0.0000,-0.534409,-0.621424,4.136414,29.00
1.271998,torque-chirp,knee_flexion_right_joint,RS04,-0.534792,0.000000,7.563888,0.0000,0.0000,-0.534792,0.192493,4.425728,29.00
1.279997,torque-chirp,knee_flexion_right_joint,RS04,-0.529424,0.000000,6.733532,0.0000,0.0000,-0.529424,0.874570,5.000679,29.00
1.287997,torque-chirp,knee_flexion_right_joint,RS04,-0.519836,0.000000,5.656796,0.0000,0.0000,-0.519836,1.425268,4.704048,29.00
1.295997,torque-chirp,knee_flexion_right_joint,RS04,-0.506029,0.000000,4.372345,0.0000,0.0000,-0.506029,2.009384,3.561462,29.00
1.303996,torque-chirp,knee_flexion_right_joint,RS04,-0.487238,0.000000,2.926424,0.0000,0.0000,-0.487238,2.490501,3.297791,29.00
1.311997,torque-chirp,knee_flexion_right_joint,RS04,-0.465762,0.000000,1.370860,0.0000,0.0000,-0.465762,2.803616,2.671555,29.00
1.319997,torque-chirp,knee_flexion_right_joint,RS04,-0.442369,0.000000,-0.236947,0.0000,0.0000,-0.442369,2.973448,1.917145,29.00
1.327997,torque-chirp,knee_flexion_right_joint,RS04,-0.417825,0.000000,-1.838002,0.0000,0.0000,-0.417825,3.098877,1.419098,29.00
1.336000,torque-chirp,knee_flexion_right_joint,RS04,-0.392897,0.000000,-3.373749,0.0000,0.0000,-0.392897,3.048523,0.932022,29.00
1.343999,torque-chirp,knee_flexion_right_joint,RS04,-0.368353,0.000000,-4.785753,0.0000,0.0000,-0.368353,2.985807,-0.225220,29.00
1.351997,torque-chirp,knee_flexion_right_joint,RS04,-0.343809,0.000000,-6.021544,0.0000,0.0000,-0.343809,3.064545,-0.921036,29.00
1.359997,torque-chirp,knee_flexion_right_joint,RS04,-0.320415,0.000000,-7.034935,0.0000,0.0000,-0.320415,2.870907,-1.485008,29.00
1.367998,torque-chirp,knee_flexion_right_joint,RS04,-0.300090,0.000000,-7.786822,0.0000,0.0000,-0.300090,2.365530,-2.872971,29.00
1.376261,torque-chirp,knee_flexion_right_joint,RS04,-0.283599,0.000000,-8.257940,0.0000,0.0000,-0.283599,1.772717,-3.378349,29.00
1.384056,torque-chirp,knee_flexion_right_joint,RS04,-0.273245,0.000000,-8.399896,0.0000,0.0000,-0.273245,1.170748,-4.433044,29.00
1.392009,torque-chirp,knee_flexion_right_joint,RS04,-0.267491,0.000000,-8.235448,0.0000,0.0000,-0.267491,0.519798,-4.758980,29.00
1.400005,torque-chirp,knee_flexion_right_joint,RS04,-0.266725,0.000000,-7.760221,0.0000,0.0000,-0.266725,-0.177844,-4.905464,29.00
1.408003,torque-chirp,knee_flexion_right_joint,RS04,-0.270560,0.000000,-6.990754,0.0000,0.0000,-0.270560,-0.712520,-5.590294,29.00
1.416002,torque-chirp,knee_flexion_right_joint,RS04,-0.278614,0.000000,-5.955124,0.0000,0.0000,-0.278614,-1.176700,-5.128860,29.00
1.424000,torque-chirp,knee_flexion_right_joint,RS04,-0.290503,0.000000,-4.691820,0.0000,0.0000,-0.290503,-1.649118,-3.960632,29.00
1.432004,torque-chirp,knee_flexion_right_joint,RS04,-0.306226,0.000000,-3.246943,0.0000,0.0000,-0.306226,-2.077592,-4.520943,29.00
1.440000,torque-chirp,knee_flexion_right_joint,RS04,-0.323483,0.000000,-1.677516,0.0000,0.0000,-0.323483,-2.332113,-2.913254,29.00
1.448000,torque-chirp,knee_flexion_right_joint,RS04,-0.343425,0.000000,-0.041148,0.0000,0.0000,-0.343425,-2.541313,-2.843674,29.00
1.456003,torque-chirp,knee_flexion_right_joint,RS04,-0.363750,0.000000,1.599471,0.0000,0.0000,-0.363750,-2.571984,-1.506981,29.00
1.463998,torque-chirp,knee_flexion_right_joint,RS04,-0.383693,0.000000,3.179061,0.0000,0.0000,-0.383693,-2.503777,-0.950333,29.00
1.472004,torque-chirp,knee_flexion_right_joint,RS04,-0.403252,0.000000,4.639734,0.0000,0.0000,-0.403252,-2.400320,-0.668343,29.00
1.480001,torque-chirp,knee_flexion_right_joint,RS04,-0.421659,0.000000,5.921178,0.0000,0.0000,-0.421659,-2.194324,0.701309,29.00
1.488014,torque-chirp,knee_flexion_right_joint,RS04,-0.437766,0.000000,6.976236,0.0000,0.0000,-0.437766,-1.911422,0.609756,29.00
1.496001,torque-chirp,knee_flexion_right_joint,RS04,-0.449655,0.000000,7.758235,0.0000,0.0000,-0.449655,-1.254520,2.063629,29.00
1.504002,torque-chirp,knee_flexion_right_joint,RS04,-0.458475,0.000000,8.240022,0.0000,0.0000,-0.458475,-0.901579,3.729919,29.00
1.512001,torque-chirp,knee_flexion_right_joint,RS04,-0.462310,0.000000,8.399970,0.0000,0.0000,-0.462310,-0.246967,4.092468,29.00
1.520003,torque-chirp,knee_flexion_right_joint,RS04,-0.460776,0.000000,8.230653,0.0000,0.0000,-0.460776,0.386129,4.608833,29.00
1.532001,torque-chirp,knee_flexion_right_joint,RS04,-0.449271,0.000000,7.374925,0.0000,0.0000,-0.449271,1.336460,4.678413,29.00
1.540003,torque-chirp,knee_flexion_right_joint,RS04,-0.435082,0.000000,6.433837,0.0000,0.0000,-0.435082,1.999313,4.905464,29.00
1.548003,torque-chirp,knee_flexion_right_joint,RS04,-0.415907,0.000000,5.237399,0.0000,0.0000,-0.415907,2.540400,4.385445,29.00
1.556187,torque-chirp,knee_flexion_right_joint,RS04,-0.392513,0.000000,3.797119,0.0000,0.0000,-0.392513,3.129549,3.733582,29.00
1.564014,torque-chirp,knee_flexion_right_joint,RS04,-0.365668,0.000000,2.269388,0.0000,0.0000,-0.365668,3.498055,3.136642,29.00
1.572005,torque-chirp,knee_flexion_right_joint,RS04,-0.336139,0.000000,0.618785,0.0000,0.0000,-0.336139,3.840925,2.268707,29.00
1.580002,torque-chirp,knee_flexion_right_joint,RS04,-0.304691,0.000000,-1.059879,0.0000,0.0000,-0.304691,4.015793,1.261612,29.00
1.588004,torque-chirp,knee_flexion_right_joint,RS04,-0.272861,0.000000,-2.698947,0.0000,0.0000,-0.272861,3.972305,0.401001,29.00
1.596002,torque-chirp,knee_flexion_right_joint,RS04,-0.240264,0.000000,-4.231081,0.0000,0.0000,-0.240264,4.056536,-0.228882,29.00
1.603999,torque-chirp,knee_flexion_right_joint,RS04,-0.208432,0.000000,-5.594504,0.0000,0.0000,-0.208432,4.000229,-0.774551,29.00
1.612001,torque-chirp,knee_flexion_right_joint,RS04,-0.176986,0.000000,-6.734695,0.0000,0.0000,-0.176986,3.782330,-1.301903,29.00
1.620002,torque-chirp,knee_flexion_right_joint,RS04,-0.148223,0.000000,-7.603490,0.0000,0.0000,-0.148223,3.445868,-2.250404,29.00
1.627999,torque-chirp,knee_flexion_right_joint,RS04,-0.123296,0.000000,-8.164734,0.0000,0.0000,-0.123296,2.881895,-2.990158,29.00
1.636000,torque-chirp,knee_flexion_right_joint,RS04,-0.104120,0.000000,-8.394809,0.0000,0.0000,-0.104120,2.173267,-4.118103,29.00
1.643999,torque-chirp,knee_flexion_right_joint,RS04,-0.089931,0.000000,-8.282927,0.0000,0.0000,-0.089931,1.509956,-4.070496,29.00
1.652261,torque-chirp,knee_flexion_right_joint,RS04,-0.081494,0.000000,-7.812093,0.0000,0.0000,-0.081494,0.749141,-4.879829,29.00
1.660034,torque-chirp,knee_flexion_right_joint,RS04,-0.079193,0.000000,-7.056473,0.0000,0.0000,-0.079193,0.144884,-4.740669,29.00
1.668017,torque-chirp,knee_flexion_right_joint,RS04,-0.081494,0.000000,-5.994940,0.0000,0.0000,-0.081494,-0.495079,-5.106888,29.00
1.676007,torque-chirp,knee_flexion_right_joint,RS04,-0.088014,0.000000,-4.685063,0.0000,0.0000,-0.088014,-1.021057,-4.301208,29.00
1.684007,torque-chirp,knee_flexion_right_joint,RS04,-0.098751,0.000000,-3.178812,0.0000,0.0000,-0.098751,-1.473792,-3.700623,29.00
1.692003,torque-chirp,knee_flexion_right_joint,RS04,-0.112557,0.000000,-1.539964,0.0000,0.0000,-0.112557,-1.777294,-3.195244,29.00
1.700001,torque-chirp,knee_flexion_right_joint,RS04,-0.128282,0.000000,0.165238,0.0000,0.0000,-0.128282,-2.108721,-1.873199,29.00
1.708001,torque-chirp,knee_flexion_right_joint,RS04,-0.145538,0.000000,1.865741,0.0000,0.0000,-0.145538,-2.170520,-1.799957,29.00
1.716001,torque-chirp,knee_flexion_right_joint,RS04,-0.162413,0.000000,3.490792,0.0000,0.0000,-0.162413,-2.094072,-0.518196,29.00
1.724000,torque-chirp,knee_flexion_right_joint,RS04,-0.178904,0.000000,4.971633,0.0000,0.0000,-0.178904,-1.986954,-0.650032,29.00
1.732001,torque-chirp,knee_flexion_right_joint,RS04,-0.193860,0.000000,6.246506,0.0000,0.0000,-0.193860,-1.761730,0.968643,29.00
1.740001,torque-chirp,knee_flexion_right_joint,RS04,-0.206515,0.000000,7.260417,0.0000,0.0000,-0.206515,-1.447242,0.836807,29.00
1.748004,torque-chirp,knee_flexion_right_joint,RS04,-0.215336,0.000000,7.970076,0.0000,0.0000,-0.215336,-0.947814,2.642258,29.00
1.756001,torque-chirp,knee_flexion_right_joint,RS04,-0.221088,0.000000,8.343978,0.0000,0.0000,-0.221088,-0.495079,4.286568,29.00
1.764000,torque-chirp,knee_flexion_right_joint,RS04,-0.221856,0.000000,8.365622,0.0000,0.0000,-0.221856,0.141680,4.660103,29.00
1.772000,torque-chirp,knee_flexion_right_joint,RS04,-0.217636,0.000000,8.032580,0.0000,0.0000,-0.217636,0.722133,4.718697,29.00
1.780007,torque-chirp,knee_flexion_right_joint,RS04,-0.208049,0.000000,7.357064,0.0000,0.0000,-0.208049,1.433508,4.641792,29.00
1.788003,torque-chirp,knee_flexion_right_joint,RS04,-0.193093,0.000000,6.368278,0.0000,0.0000,-0.193093,2.101397,4.964058,29.00
1.796003,torque-chirp,knee_flexion_right_joint,RS04,-0.173918,0.000000,5.105936,0.0000,0.0000,-0.173918,2.552759,4.455025,29.00
1.804001,torque-chirp,knee_flexion_right_joint,RS04,-0.150524,0.000000,3.623872,0.0000,0.0000,-0.150524,3.155184,3.707947,29.00
1.812000,torque-chirp,knee_flexion_right_joint,RS04,-0.123679,0.000000,1.984190,0.0000,0.0000,-0.123679,3.524147,3.532166,29.00
1.819999,torque-chirp,knee_flexion_right_joint,RS04,-0.094916,0.000000,0.257417,0.0000,0.0000,-0.094916,3.726025,2.664230,29.00
1.828000,torque-chirp,knee_flexion_right_joint,RS04,-0.064620,0.000000,-1.483019,0.0000,0.0000,-0.064620,3.895857,1.602203,29.00
1.836001,torque-chirp,knee_flexion_right_joint,RS04,-0.033557,0.000000,-3.161286,0.0000,0.0000,-0.033557,3.977798,0.650040,29.00
1.844001,torque-chirp,knee_flexion_right_joint,RS04,-0.002493,0.000000,-4.704364,0.0000,0.0000,-0.002493,3.829481,-0.173950,29.00
1.852001,torque-chirp,knee_flexion_right_joint,RS04,0.027803,0.000000,-6.045051,0.0000,0.0000,0.027803,3.738842,-0.862442,29.00
1.860001,torque-chirp,knee_flexion_right_joint,RS04,0.056184,0.000000,-7.124069,0.0000,0.0000,0.056184,3.442663,-1.495995,29.00
1.868000,torque-chirp,knee_flexion_right_joint,RS04,0.081111,0.000000,-7.893463,0.0000,0.0000,0.081111,2.997253,-2.283363,29.00
1.875999,torque-chirp,knee_flexion_right_joint,RS04,0.101819,0.000000,-8.318434,0.0000,0.0000,0.101819,2.309225,-3.539490,29.00
1.884000,torque-chirp,knee_flexion_right_joint,RS04,0.116776,0.000000,-8.379188,0.0000,0.0000,0.116776,1.548409,-4.129089,29.00
1.891999,torque-chirp,knee_flexion_right_joint,RS04,0.126363,0.000000,-8.071712,0.0000,0.0000,0.126363,0.983520,-4.509956,29.00
1.899999,torque-chirp,knee_flexion_right_joint,RS04,0.130965,0.000000,-7.408231,0.0000,0.0000,0.130965,0.313803,-4.462349,29.00
1.908012,torque-chirp,knee_flexion_right_joint,RS04,0.129431,0.000000,-6.414906,0.0000,0.0000,0.129431,-0.368734,-4.652779,29.00
1.916008,torque-chirp,knee_flexion_right_joint,RS04,0.123679,0.000000,-5.138410,0.0000,0.0000,0.123679,-0.869535,-4.821236,29.00
1.924002,torque-chirp,knee_flexion_right_joint,RS04,0.114091,0.000000,-3.633111,0.0000,0.0000,0.114091,-1.323645,-3.645691,29.00
1.932045,torque-chirp,knee_flexion_right_joint,RS04,0.100669,0.000000,-1.954088,0.0000,0.0000,0.100669,-1.902723,-2.752121,29.00
1.940021,torque-chirp,knee_flexion_right_joint,RS04,0.084562,0.000000,-0.199782,0.0000,0.0000,0.084562,-2.066606,-2.484779,29.00
1.948010,torque-chirp,knee_flexion_right_joint,RS04,0.066921,0.000000,1.568202,0.0000,0.0000,0.066921,-2.317923,-1.701080,29.00
1.956006,torque-chirp,knee_flexion_right_joint,RS04,0.049664,0.000000,3.269523,0.0000,0.0000,0.049664,-2.149463,-1.019913,29.00
1.968022,torque-chirp,knee_flexion_right_joint,RS04,0.023585,0.000000,5.531673,0.0000,0.0000,0.023585,-2.118334,-0.715958,29.00
1.976024,torque-chirp,knee_flexion_right_joint,RS04,0.007478,0.000000,6.742081,0.0000,0.0000,0.007478,-2.005722,1.181046,29.00
1.984010,torque-chirp,knee_flexion_right_joint,RS04,-0.007094,0.000000,7.647525,0.0000,0.0000,-0.007094,-1.719615,1.411774,29.00
1.992006,torque-chirp,knee_flexion_right_joint,RS04,-0.017833,0.000000,8.209543,0.0000,0.0000,-0.017833,-1.205997,3.217209,29.00
2.000005,torque-chirp,knee_flexion_right_joint,RS04,-0.024352,0.000000,8.400001,0.0000,0.0000,-0.024352,-0.528038,4.143738,29.00
2.008003,torque-chirp,knee_flexion_right_joint,RS04,-0.025887,0.000000,8.208683,0.0000,0.0000,-0.025887,0.003891,4.898140,29.00
2.016004,torque-chirp,knee_flexion_right_joint,RS04,-0.022434,0.000000,7.642750,0.0000,0.0000,-0.022434,0.584344,5.297325,29.00
2.024003,torque-chirp,knee_flexion_right_joint,RS04,-0.014765,0.000000,6.727128,0.0000,0.0000,-0.014765,1.227968,4.942085,29.00
2.032003,torque-chirp,knee_flexion_right_joint,RS04,-0.000958,0.000000,5.502104,0.0000,0.0000,-0.000958,1.954910,4.235298,29.00
2.040002,torque-chirp,knee_flexion_right_joint,RS04,0.016682,0.000000,4.023152,0.0000,0.0000,0.016682,2.286337,4.231636,29.00
2.048003,torque-chirp,knee_flexion_right_joint,RS04,0.037007,0.000000,2.357077,0.0000,0.0000,0.037007,2.689175,3.784851,29.00
2.056002,torque-chirp,knee_flexion_right_joint,RS04,0.060019,0.000000,0.580644,0.0000,0.0000,0.060019,2.912565,2.700851,29.00
2.064003,torque-chirp,knee_flexion_right_joint,RS04,0.083796,0.000000,-1.224869,0.0000,0.0000,0.083796,3.003204,2.023346,29.00
2.072252,torque-chirp,knee_flexion_right_joint,RS04,0.108723,0.000000,-3.028538,0.0000,0.0000,0.108723,3.113527,1.558258,29.00
2.080009,torque-chirp,knee_flexion_right_joint,RS04,0.133266,0.000000,-4.591401,0.0000,0.0000,0.133266,3.083313,0.291138,29.00
2.088003,torque-chirp,knee_flexion_right_joint,RS04,0.157044,0.000000,-5.992966,0.0000,0.0000,0.157044,2.859005,-0.712296,29.00
2.096000,torque-chirp,knee_flexion_right_joint,RS04,0.179670,0.000000,-7.117162,0.0000,0.0000,0.179670,2.728542,-0.748917,29.00
2.104009,torque-chirp,knee_flexion_right_joint,RS04,0.199228,0.000000,-7.910868,0.0000,0.0000,0.199228,2.221333,-2.254066,29.00
2.112003,torque-chirp,knee_flexion_right_joint,RS04,0.213418,0.000000,-8.333330,0.0000,0.0000,0.213418,1.566719,-3.132988,29.00
2.120005,torque-chirp,knee_flexion_right_joint,RS04,0.221855,0.000000,-8.365067,0.0000,0.0000,0.221855,0.852139,-4.268250,29.00
2.128003,torque-chirp,knee_flexion_right_joint,RS04,0.225307,0.000000,-8.002924,0.0000,0.0000,0.225307,0.245594,-4.810249,29.00
2.136002,torque-chirp,knee_flexion_right_joint,RS04,0.224540,0.000000,-7.262586,0.0000,0.0000,0.224540,-0.341269,-5.154495,29.00
2.144005,torque-chirp,knee_flexion_right_joint,RS04,0.218404,0.000000,-6.177260,0.0000,0.0000,0.218404,-1.020599,-4.528267,29.00
2.152003,torque-chirp,knee_flexion_right_joint,RS04,0.207282,0.000000,-4.798362,0.0000,0.0000,0.207282,-1.688487,-3.707947,29.00
2.160003,torque-chirp,knee_flexion_right_joint,RS04,0.191942,0.000000,-3.189507,0.0000,0.0000,0.191942,-2.043717,-4.268250,29.00
2.168002,torque-chirp,knee_flexion_right_joint,RS04,0.173918,0.000000,-1.427074,0.0000,0.0000,0.173918,-2.427786,-2.499428,29.00
2.176002,torque-chirp,knee_flexion_right_joint,RS04,0.153210,0.000000,0.405556,0.0000,0.0000,0.153210,-2.621424,-2.360268,29.00
2.184002,torque-chirp,knee_flexion_right_joint,RS04,0.130965,0.000000,2.221035,0.0000,0.0000,0.130965,-2.790799,-1.411766,29.00
2.192004,torque-chirp,knee_flexion_right_joint,RS04,0.108723,0.000000,3.932314,0.0000,0.0000,0.108723,-2.788053,-0.020142,29.00
2.200000,torque-chirp,knee_flexion_right_joint,RS04,0.086864,0.000000,5.455308,0.0000,0.0000,0.086864,-2.664911,-0.466927,29.00
2.208005,torque-chirp,knee_flexion_right_joint,RS04,0.065771,0.000000,6.718683,0.0000,0.0000,0.065771,-2.533989,0.829483,29.00
2.216003,torque-chirp,knee_flexion_right_joint,RS04,0.046978,0.000000,7.657814,0.0000,0.0000,0.046978,-2.211262,2.191803,29.00
2.224003,torque-chirp,knee_flexion_right_joint,RS04,0.032022,0.000000,8.227541,0.0000,0.0000,0.032022,-1.681163,3.136642,29.00
2.232002,torque-chirp,knee_flexion_right_joint,RS04,0.021667,0.000000,8.398673,0.0000,0.0000,0.021667,-1.062715,3.975281,29.00
2.240072,torque-chirp,knee_flexion_right_joint,RS04,0.016682,0.000000,8.157744,0.0000,0.0000,0.016682,-0.391623,4.469673,29.00
2.248060,torque-chirp,knee_flexion_right_joint,RS04,0.017449,0.000000,7.520453,0.0000,0.0000,0.017449,0.308767,4.865181,29.00
2.256051,torque-chirp,knee_flexion_right_joint,RS04,0.023201,0.000000,6.515611,0.0000,0.0000,0.023201,0.972991,4.894478,29.00
2.264028,torque-chirp,knee_flexion_right_joint,RS04,0.034323,0.000000,5.194096,0.0000,0.0000,0.034323,1.581367,4.780952,29.00
2.272118,torque-chirp,knee_flexion_right_joint,RS04,0.049280,0.000000,3.593596,0.0000,0.0000,0.049280,1.938889,4.085144,29.00
2.280014,torque-chirp,knee_flexion_right_joint,RS04,0.066921,0.000000,1.854938,0.0000,0.0000,0.066921,2.403069,3.169601,29.00
2.288015,torque-chirp,knee_flexion_right_joint,RS04,0.087247,0.000000,0.000682,0.0000,0.0000,0.087247,2.615015,2.330963,29.00
2.296007,torque-chirp,knee_flexion_right_joint,RS04,0.108723,0.000000,-1.853513,0.0000,0.0000,0.108723,2.696957,2.136871,29.00
2.304017,torque-chirp,knee_flexion_right_joint,RS04,0.130198,0.000000,-3.622082,0.0000,0.0000,0.130198,2.766994,0.540176,29.00
2.312001,torque-chirp,knee_flexion_right_joint,RS04,0.151292,0.000000,-5.207618,0.0000,0.0000,0.151292,2.611811,0.126343,29.00
2.320009,torque-chirp,knee_flexion_right_joint,RS04,0.171618,0.000000,-6.540463,0.0000,0.0000,0.171618,2.421379,-0.071411,29.00
2.328019,torque-chirp,knee_flexion_right_joint,RS04,0.189641,0.000000,-7.548171,0.0000,0.0000,0.189641,2.076220,-1.909821,29.00
2.336000,torque-chirp,knee_flexion_right_joint,RS04,0.203831,0.000000,-8.177430,0.0000,0.0000,0.203831,1.687571,-2.495766,29.00
2.344005,torque-chirp,knee_flexion_right_joint,RS04,0.213418,0.000000,-8.399835,0.0000,0.0000,0.213418,0.851224,-3.550476,29.00
2.352003,torque-chirp,knee_flexion_right_joint,RS04,0.216869,0.000000,-8.200748,0.0000,0.0000,0.216869,0.183796,-4.535591,29.00
2.359999,torque-chirp,knee_flexion_right_joint,RS04,0.214568,0.000000,-7.589406,0.0000,0.0000,0.214568,-0.527580,-4.671089,29.00
2.368005,torque-chirp,knee_flexion_right_joint,RS04,0.207665,0.000000,-6.593695,0.0000,0.0000,0.207665,-1.128633,-4.231628,29.00
2.376001,torque-chirp,knee_flexion_right_joint,RS04,0.195010,0.000000,-5.264977,0.0000,0.0000,0.195010,-1.796979,-4.466011,29.00
2.384007,torque-chirp,knee_flexion_right_joint,RS04,0.178520,0.000000,-3.666492,0.0000,0.0000,0.178520,-2.193866,-3.975281,29.00
2.392004,torque-chirp,knee_flexion_right_joint,RS04,0.158961,0.000000,-1.881825,0.0000,0.0000,0.158961,-2.597619,-3.561462,29.00
2.400002,torque-chirp,knee_flexion_right_joint,RS04,0.135950,0.000000,0.000354,0.0000,0.0000,0.135950,-3.018769,-2.056305,29.00
2.407998,torque-chirp,knee_flexion_right_joint,RS04,0.111791,0.000000,1.884545,0.0000,0.0000,0.111791,-3.000000,-1.294579,29.00
2.416006,torque-chirp,knee_flexion_right_joint,RS04,0.087247,0.000000,3.676956,0.0000,0.0000,0.087247,-3.095217,-1.144424,29.00
2.424000,torque-chirp,knee_flexion_right_joint,RS04,0.063087,0.000000,5.280046,0.0000,0.0000,0.063087,-2.953307,-0.382698,29.00
2.431999,torque-chirp,knee_flexion_right_joint,RS04,0.040075,0.000000,6.615080,0.0000,0.0000,0.040075,-2.809110,1.089493,29.00
2.440009,torque-chirp,knee_flexion_right_joint,RS04,0.018600,0.000000,7.612716,0.0000,0.0000,0.018600,-2.586175,1.474030,29.00
2.448004,torque-chirp,knee_flexion_right_joint,RS04,0.000575,0.000000,8.217209,0.0000,0.0000,0.000575,-2.157245,3.125656,29.00
2.456000,torque-chirp,knee_flexion_right_joint,RS04,-0.012847,0.000000,8.398527,0.0000,0.0000,-0.012847,-1.412909,3.762878,29.00
2.464005,torque-chirp,knee_flexion_right_joint,RS04,-0.020517,0.000000,8.145167,0.0000,0.0000,-0.020517,-0.797208,4.824898,29.00
2.472003,torque-chirp,knee_flexion_right_joint,RS04,-0.023201,0.000000,7.469197,0.0000,0.0000,-0.023201,-0.123369,4.846870,29.00
2.480000,torque-chirp,knee_flexion_right_joint,RS04,-0.020517,0.000000,6.404599,0.0000,0.0000,-0.020517,0.566949,4.795601,29.00
2.488003,torque-chirp,knee_flexion_right_joint,RS04,-0.013614,0.000000,5.004057,0.0000,0.0000,-0.013614,1.095673,4.191345,29.00
2.496007,torque-chirp,knee_flexion_right_joint,RS04,-0.002493,0.000000,3.340223,0.0000,0.0000,-0.002493,1.636759,3.960632,29.00
2.503999,torque-chirp,knee_flexion_right_joint,RS04,0.012080,0.000000,1.502515,0.0000,0.0000,0.012080,1.952164,3.389343,29.00
2.512003,torque-chirp,knee_flexion_right_joint,RS04,0.028570,0.000000,-0.418678,0.0000,0.0000,0.028570,2.166857,1.979401,29.00
2.520001,torque-chirp,knee_flexion_right_joint,RS04,0.046978,0.000000,-2.318494,0.0000,0.0000,0.046978,2.242847,1.756012,29.00
2.528000,torque-chirp,knee_flexion_right_joint,RS04,0.064620,0.000000,-4.098422,0.0000,0.0000,0.064620,2.230946,0.591446,29.00
2.536003,torque-chirp,knee_flexion_right_joint,RS04,0.081878,0.000000,-5.664701,0.0000,0.0000,0.081878,2.160906,0.159302,29.00
2.544002,torque-chirp,knee_flexion_right_joint,RS04,0.097984,0.000000,-6.932312,0.0000,0.0000,0.097984,1.961319,-0.953995,29.00
2.552083,torque-chirp,knee_flexion_right_joint,RS04,0.112174,0.000000,-7.840816,0.0000,0.0000,0.112174,1.600138,-1.660797,29.00
2.560050,torque-chirp,knee_flexion_right_joint,RS04,0.122145,0.000000,-8.321527,0.0000,0.0000,0.122145,1.066376,-3.502861,29.00
2.568015,torque-chirp,knee_flexion_right_joint,RS04,0.127514,0.000000,-8.363262,0.0000,0.0000,0.127514,0.445183,-4.447693,29.00
2.576014,torque-chirp,knee_flexion_right_joint,RS04,0.127514,0.000000,-7.959972,0.0000,0.0000,0.127514,-0.241016,-4.707710,29.00
2.584133,torque-chirp,knee_flexion_right_joint,RS04,0.122911,0.000000,-7.115038,0.0000,0.0000,0.122911,-0.737240,-5.491417,29.00
2.592011,torque-chirp,knee_flexion_right_joint,RS04,0.113324,0.000000,-5.918267,0.0000,0.0000,0.113324,-1.401464,-4.202332,29.00
2.600001,torque-chirp,knee_flexion_right_joint,RS04,0.098751,0.000000,-4.388827,0.0000,0.0000,0.098751,-2.030900,-4.378113,29.00
2.608001,torque-chirp,knee_flexion_right_joint,RS04,0.080728,0.000000,-2.619603,0.0000,0.0000,0.080728,-2.359579,-3.722595,29.00
2.616001,torque-chirp,knee_flexion_right_joint,RS04,0.059635,0.000000,-0.707299,0.0000,0.0000,0.059635,-2.742275,-3.301445,29.00
2.624000,torque-chirp,knee_flexion_right_joint,RS04,0.037391,0.000000,1.245239,0.0000,0.0000,0.037391,-2.883726,-1.734039,29.00
2.631999,torque-chirp,knee_flexion_right_joint,RS04,0.013998,0.000000,3.132300,0.0000,0.0000,0.013998,-2.968872,-0.924698,29.00
2.640001,torque-chirp,knee_flexion_right_joint,RS04,-0.009779,0.000000,4.851898,0.0000,0.0000,-0.009779,-2.896086,-0.979630,29.00
2.647999,torque-chirp,knee_flexion_right_joint,RS04,-0.032789,0.000000,6.308478,0.0000,0.0000,-0.032789,-2.922637,0.437622,29.00
2.656001,torque-chirp,knee_flexion_right_joint,RS04,-0.053882,0.000000,7.423228,0.0000,0.0000,-0.053882,-2.551843,1.653473,29.00
2.663999,torque-chirp,knee_flexion_right_joint,RS04,-0.072289,0.000000,8.133157,0.0000,0.0000,-0.072289,-2.102770,2.265045,29.00
2.671999,torque-chirp,knee_flexion_right_joint,RS04,-0.085712,0.000000,8.398621,0.0000,0.0000,-0.085712,-1.469214,3.623718,29.00
2.679998,torque-chirp,knee_flexion_right_joint,RS04,-0.094533,0.000000,8.203493,0.0000,0.0000,-0.094533,-0.918059,5.011665,29.00
2.687999,torque-chirp,knee_flexion_right_joint,RS04,-0.097984,0.000000,7.556926,0.0000,0.0000,-0.097984,-0.196612,5.000679,29.00
2.696001,torque-chirp,knee_flexion_right_joint,RS04,-0.095300,0.000000,6.493036,0.0000,0.0000,-0.095300,0.509727,4.539253,29.00
2.704002,torque-chirp,knee_flexion_right_joint,RS04,-0.088397,0.000000,5.069304,0.0000,0.0000,-0.088397,1.074615,4.685738,29.00
2.711999,torque-chirp,knee_flexion_right_joint,RS04,-0.078043,0.000000,3.364237,0.0000,0.0000,-0.078043,1.496223,3.869080,29.00
2.720025,torque-chirp,knee_flexion_right_joint,RS04,-0.063469,0.000000,1.464141,0.0000,0.0000,-0.063469,1.966812,3.466248,29.00
2.728000,torque-chirp,knee_flexion_right_joint,RS04,-0.046979,0.000000,-0.507485,0.0000,0.0000,-0.046979,2.120623,2.169830,29.00
2.736002,torque-chirp,knee_flexion_right_joint,RS04,-0.028955,0.000000,-2.459273,0.0000,0.0000,-0.028955,2.312429,1.583893,29.00
2.744000,torque-chirp,knee_flexion_right_joint,RS04,-0.010930,0.000000,-4.275000,0.0000,0.0000,-0.010930,2.220417,0.188599,29.00
2.752003,torque-chirp,knee_flexion_right_joint,RS04,0.007094,0.000000,-5.854530,0.0000,0.0000,0.007094,2.188831,0.507217,29.00
2.760001,torque-chirp,knee_flexion_right_joint,RS04,0.023201,0.000000,-7.106658,0.0000,0.0000,0.023201,1.975967,-1.433739,29.00
2.768189,torque-chirp,knee_flexion_right_joint,RS04,0.037774,0.000000,-7.975956,0.0000,0.0000,0.037774,1.618906,-1.909821,29.00
2.776005,torque-chirp,knee_flexion_right_joint,RS04,0.047361,0.000000,-8.368466,0.0000,0.0000,0.047361,1.018311,-3.191582,29.00
2.784006,torque-chirp,knee_flexion_right_joint,RS04,0.051581,0.000000,-8.303827,0.0000,0.0000,0.051581,0.316549,-4.498970,29.00
2.792000,torque-chirp,knee_flexion_right_joint,RS04,0.050815,0.000000,-7.770235,0.0000,0.0000,0.050815,-0.314717,-5.084915,29.00
2.800004,torque-chirp,knee_flexion_right_joint,RS04,0.044677,0.000000,-6.795173,0.0000,0.0000,0.044677,-0.965667,-4.953079,29.00
2.808001,torque-chirp,knee_flexion_right_joint,RS04,0.033556,0.000000,-5.434281,0.0000,0.0000,0.033556,-1.688487,-4.520943,29.00
2.816000,torque-chirp,knee_flexion_right_joint,RS04,0.017833,0.000000,-3.762789,0.0000,0.0000,0.017833,-2.094072,-4.315857,29.00
2.824001,torque-chirp,knee_flexion_right_joint,RS04,-0.001342,0.000000,-1.874413,0.0000,0.0000,-0.001342,-2.543144,-3.561462,29.00
2.832000,torque-chirp,knee_flexion_right_joint,RS04,-0.022818,0.000000,0.122446,0.0000,0.0000,-0.022818,-2.779354,-2.323647,29.00
2.840000,torque-chirp,knee_flexion_right_joint,RS04,-0.045829,0.000000,2.114541,0.0000,0.0000,-0.045829,-2.858091,-1.986725,29.00
2.848001,torque-chirp,knee_flexion_right_joint,RS04,-0.068838,0.000000,3.987618,0.0000,0.0000,-0.068838,-2.839322,-0.946671,29.00
2.856002,torque-chirp,knee_flexion_right_joint,RS04,-0.091465,0.000000,5.633349,0.0000,0.0000,-0.091465,-2.724422,0.401001,29.00
2.863999,torque-chirp,knee_flexion_right_joint,RS04,-0.112941,0.000000,6.955698,0.0000,0.0000,-0.112941,-2.615931,0.324097,29.00
2.872001,torque-chirp,knee_flexion_right_joint,RS04,-0.132500,0.000000,7.878497,0.0000,0.0000,-0.132500,-2.333944,1.832916,29.00
2.880007,torque-chirp,knee_flexion_right_joint,RS04,-0.148223,0.000000,8.346532,0.0000,0.0000,-0.148223,-1.756237,2.850998,29.00
2.887999,torque-chirp,knee_flexion_right_joint,RS04,-0.158578,0.000000,8.331003,0.0000,0.0000,-0.158578,-1.075990,4.381783,29.00
2.896001,torque-chirp,knee_flexion_right_joint,RS04,-0.163946,0.000000,7.831582,0.0000,0.0000,-0.163946,-0.449760,4.894478,29.00
2.904050,torque-chirp,knee_flexion_right_joint,RS04,-0.163563,0.000000,6.868838,0.0000,0.0000,-0.163563,0.325247,4.817574,29.00
2.912007,torque-chirp,knee_flexion_right_joint,RS04,-0.158578,0.000000,5.517229,0.0000,0.0000,-0.158578,0.797208,5.172813,29.00
2.920000,torque-chirp,knee_flexion_right_joint,RS04,-0.149757,0.000000,3.837137,0.0000,0.0000,-0.149757,1.244450,4.308540,29.00
2.928002,torque-chirp,knee_flexion_right_joint,RS04,-0.137102,0.000000,1.928523,0.0000,0.0000,-0.137102,1.774090,3.191574,29.00
2.936003,torque-chirp,knee_flexion_right_joint,RS04,-0.121378,0.000000,-0.094645,0.0000,0.0000,-0.121378,2.027695,2.752121,29.00
2.944007,torque-chirp,knee_flexion_right_joint,RS04,-0.104120,0.000000,-2.115295,0.0000,0.0000,-0.104120,2.223621,1.203018,30.00
2.952003,torque-chirp,knee_flexion_right_joint,RS04,-0.086480,0.000000,-4.011185,0.0000,0.0000,-0.086480,2.313803,1.016251,29.00
2.960001,torque-chirp,knee_flexion_right_joint,RS04,-0.068838,0.000000,-5.673127,0.0000,0.0000,-0.068838,2.230488,-0.181274,29.00
2.968036,torque-chirp,knee_flexion_right_joint,RS04,-0.052348,0.000000,-7.006173,0.0000,0.0000,-0.052348,1.987411,-0.587776,29.00
2.976030,torque-chirp,knee_flexion_right_joint,RS04,-0.037775,0.000000,-7.918047,0.0000,0.0000,-0.037775,1.707256,-2.517738,29.00
2.984011,torque-chirp,knee_flexion_right_joint,RS04,-0.026653,0.000000,-8.360875,0.0000,0.0000,-0.026653,1.183565,-3.224541,29.00
2.992007,torque-chirp,knee_flexion_right_joint,RS04,-0.021284,0.000000,-8.308164,0.0000,0.0000,-0.021284,0.436485,-4.022888,29.00
3.000005,torque-chirp,knee_flexion_right_joint,RS04,-0.021667,0.000000,-7.760108,0.0000,0.0000,-0.021667,-0.210804,-4.671089,29.00
3.008007,torque-chirp,knee_flexion_right_joint,RS04,-0.027421,0.000000,-6.747147,0.0000,0.0000,-0.027421,-0.943236,-5.176468,29.00
3.016003,torque-chirp,knee_flexion_right_joint,RS04,-0.037775,0.000000,-5.330203,0.0000,0.0000,-0.037775,-1.498970,-4.806587,29.00
3.024017,torque-chirp,knee_flexion_right_joint,RS04,-0.052348,0.000000,-3.587763,0.0000,0.0000,-0.052348,-1.959945,-3.850769,29.00
3.031997,torque-chirp,knee_flexion_right_joint,RS04,-0.070373,0.000000,-1.635808,0.0000,0.0000,-0.070373,-2.404440,-3.444267,29.00
3.043999,torque-chirp,knee_flexion_right_joint,RS04,-0.101819,0.000000,1.449470,0.0000,0.0000,-0.101819,-2.825131,-2.378578,29.00
3.052001,torque-chirp,knee_flexion_right_joint,RS04,-0.125214,0.000000,3.425527,0.0000,0.0000,-0.125214,-2.987183,-0.990616,29.00
3.060002,torque-chirp,knee_flexion_right_joint,RS04,-0.147456,0.000000,5.195550,0.0000,0.0000,-0.147456,-2.689174,-0.745255,29.00
3.068003,torque-chirp,knee_flexion_right_joint,RS04,-0.168932,0.000000,6.652214,0.0000,0.0000,-0.168932,-2.521629,0.049438,29.00
3.076002,torque-chirp,knee_flexion_right_joint,RS04,-0.188107,0.000000,7.705299,0.0000,0.0000,-0.188107,-2.359579,1.788971,29.00
3.083999,torque-chirp,knee_flexion_right_joint,RS04,-0.204214,0.000000,8.289895,0.0000,0.0000,-0.204214,-1.903181,2.382248,29.00
3.092000,torque-chirp,knee_flexion_right_joint,RS04,-0.215336,0.000000,8.369142,0.0000,0.0000,-0.215336,-1.160220,3.759216,29.00
3.100144,torque-chirp,knee_flexion_right_joint,RS04,-0.221088,0.000000,7.923976,0.0000,0.0000,-0.221088,-0.472191,5.114204,29.00
3.108004,torque-chirp,knee_flexion_right_joint,RS04,-0.222623,0.000000,7.015949,0.0000,0.0000,-0.222623,0.035019,5.099556,29.00
3.116005,torque-chirp,knee_flexion_right_joint,RS04,-0.218404,0.000000,5.663713,0.0000,0.0000,-0.218404,0.689174,4.447701,29.00
3.124004,torque-chirp,knee_flexion_right_joint,RS04,-0.210350,0.000000,3.962106,0.0000,0.0000,-0.210350,1.262302,4.231636,29.00
3.132004,torque-chirp,knee_flexion_right_joint,RS04,-0.197311,0.000000,2.014160,0.0000,0.0000,-0.197311,1.759441,3.839783,29.00
3.140003,torque-chirp,knee_flexion_right_joint,RS04,-0.182355,0.000000,-0.060125,0.0000,0.0000,-0.182355,1.971390,2.649582,29.00
3.148003,torque-chirp,knee_flexion_right_joint,RS04,-0.165481,0.000000,-2.132925,0.0000,0.0000,-0.165481,2.205769,1.470367,29.00
3.156002,torque-chirp,knee_flexion_right_joint,RS04,-0.147456,0.000000,-4.075186,0.0000,0.0000,-0.147456,2.210804,0.558487,29.00
3.164002,torque-chirp,knee_flexion_right_joint,RS04,-0.129815,0.000000,-5.766165,0.0000,0.0000,-0.129815,2.192493,0.324097,29.00
3.172003,torque-chirp,knee_flexion_right_joint,RS04,-0.113324,0.000000,-7.099634,0.0000,0.0000,-0.113324,1.992447,-1.140762,29.00
3.180003,torque-chirp,knee_flexion_right_joint,RS04,-0.098751,0.000000,-7.991155,0.0000,0.0000,-0.098751,1.702221,-2.162514,29.00
3.188003,torque-chirp,knee_flexion_right_joint,RS04,-0.087630,0.000000,-8.383619,0.0000,0.0000,-0.087630,1.149691,-3.297783,29.00
3.196002,torque-chirp,knee_flexion_right_joint,RS04,-0.082644,0.000000,-8.251078,0.0000,0.0000,-0.082644,0.445641,-4.487984,30.00
3.204003,torque-chirp,knee_flexion_right_joint,RS04,-0.082644,0.000000,-7.600076,0.0000,0.0000,-0.082644,-0.244221,-5.084915,29.00
3.212003,torque-chirp,knee_flexion_right_joint,RS04,-0.087630,0.000000,-6.470337,0.0000,0.0000,-0.087630,-0.837033,-5.062943,29.00
3.220003,torque-chirp,knee_flexion_right_joint,RS04,-0.097984,0.000000,-4.931363,0.0000,0.0000,-0.097984,-1.507210,-3.993591,29.00
3.228003,torque-chirp,knee_flexion_right_joint,RS04,-0.111791,0.000000,-3.079471,0.0000,0.0000,-0.111791,-1.858320,-4.660103,29.00
3.236001,torque-chirp,knee_flexion_right_joint,RS04,-0.128665,0.000000,-1.031346,0.0000,0.0000,-0.128665,-2.244221,-3.059746,29.00
3.244002,torque-chirp,knee_flexion_right_joint,RS04,-0.147840,0.000000,1.084987,0.0000,0.0000,-0.147840,-2.391623,-2.367592,29.00
3.252068,torque-chirp,knee_flexion_right_joint,RS04,-0.168165,0.000000,3.150399,0.0000,0.0000,-0.168165,-2.556420,-1.287254,29.00
3.260024,torque-chirp,knee_flexion_right_joint,RS04,-0.188107,0.000000,4.990357,0.0000,0.0000,-0.188107,-2.523003,0.016479,29.00
3.268004,torque-chirp,knee_flexion_right_joint,RS04,-0.207282,0.000000,6.521440,0.0000,0.0000,-0.207282,-2.371023,-0.397346,29.00
3.276009,torque-chirp,knee_flexion_right_joint,RS04,-0.224156,0.000000,7.641656,0.0000,0.0000,-0.224156,-2.064317,1.756012,29.00
3.284004,torque-chirp,knee_flexion_right_joint,RS04,-0.238346,0.000000,8.272445,0.0000,0.0000,-0.238346,-1.584115,2.312653,29.00
3.292004,torque-chirp,knee_flexion_right_joint,RS04,-0.247550,0.000000,8.373410,0.0000,0.0000,-0.247550,-0.907530,3.473572,29.00
3.300001,torque-chirp,knee_flexion_right_joint,RS04,-0.251001,0.000000,7.936269,0.0000,0.0000,-0.251001,-0.219044,4.253609,29.00
3.308004,torque-chirp,knee_flexion_right_joint,RS04,-0.249468,0.000000,6.986759,0.0000,0.0000,-0.249468,0.393454,5.161827,29.00
3.316003,torque-chirp,knee_flexion_right_joint,RS04,-0.242564,0.000000,5.585876,0.0000,0.0000,-0.242564,1.026093,4.887154,29.00
3.324003,torque-chirp,knee_flexion_right_joint,RS04,-0.230676,0.000000,3.821983,0.0000,0.0000,-0.230676,1.716869,4.359810,29.00
3.331999,torque-chirp,knee_flexion_right_joint,RS04,-0.215719,0.000000,1.809895,0.0000,0.0000,-0.215719,1.963150,3.755554,29.00
3.340003,torque-chirp,knee_flexion_right_joint,RS04,-0.197695,0.000000,-0.324041,0.0000,0.0000,-0.197695,2.337606,2.587326,29.00
3.348001,torque-chirp,knee_flexion_right_joint,RS04,-0.178137,0.000000,-2.437204,0.0000,0.0000,-0.178137,2.453880,1.239639,29.00
3.356001,torque-chirp,knee_flexion_right_joint,RS04,-0.157810,0.000000,-4.394011,0.0000,0.0000,-0.157810,2.555506,1.177383,29.00
3.363998,torque-chirp,knee_flexion_right_joint,RS04,-0.137869,0.000000,-6.065077,0.0000,0.0000,-0.137869,2.473564,-0.540169,29.00
3.372003,torque-chirp,knee_flexion_right_joint,RS04,-0.118693,0.000000,-7.342035,0.0000,0.0000,-0.118693,2.285879,-0.774551,29.00
3.380001,torque-chirp,knee_flexion_right_joint,RS04,-0.101819,0.000000,-8.137835,0.0000,0.0000,-0.101819,1.992447,-2.594650,29.00
3.388001,torque-chirp,knee_flexion_right_joint,RS04,-0.089164,0.000000,-8.399817,0.0000,0.0000,-0.089164,1.369421,-3.100029,29.00
3.395997,torque-chirp,knee_flexion_right_joint,RS04,-0.082644,0.000000,-8.109323,0.0000,0.0000,-0.082644,0.535821,-4.469673,29.00
3.404002,torque-chirp,knee_flexion_right_joint,RS04,-0.081111,0.000000,-7.282931,0.0000,0.0000,-0.081111,-0.059739,-4.960403,29.00
3.412001,torque-chirp,knee_flexion_right_joint,RS04,-0.084946,0.000000,-5.975011,0.0000,0.0000,-0.084946,-0.708858,-4.447693,29.00
3.419999,torque-chirp,knee_flexion_right_joint,RS04,-0.093383,0.000000,-4.270408,0.0000,0.0000,-0.093383,-1.259556,-4.224304,29.00
3.427997,torque-chirp,knee_flexion_right_joint,RS04,-0.105655,0.000000,-2.281025,0.0000,0.0000,-0.105655,-1.640421,-4.345154,29.00
3.436000,torque-chirp,knee_flexion_right_joint,RS04,-0.119843,0.000000,-0.136903,0.0000,0.0000,-0.119843,-1.897688,-2.631271,29.00
3.444004,torque-chirp,knee_flexion_right_joint,RS04,-0.136719,0.000000,2.018571,0.0000,0.0000,-0.136719,-2.162280,-1.895172,29.00
3.452003,torque-chirp,knee_flexion_right_joint,RS04,-0.154359,0.000000,4.040368,0.0000,0.0000,-0.154359,-2.177386,-0.448616,29.00
3.460037,torque-chirp,knee_flexion_right_joint,RS04,-0.171617,0.000000,5.800582,0.0000,0.0000,-0.171617,-2.132982,-0.521858,29.00
3.468031,torque-chirp,knee_flexion_right_joint,RS04,-0.186957,0.000000,7.165085,0.0000,0.0000,-0.186957,-1.837720,0.895401,29.00
3.476022,torque-chirp,knee_flexion_right_joint,RS04,-0.199996,0.000000,8.050332,0.0000,0.0000,-0.199996,-1.512245,1.810944,29.00
3.484015,torque-chirp,knee_flexion_right_joint,RS04,-0.209200,0.000000,8.396312,0.0000,0.0000,-0.209200,-0.947814,3.118332,29.00
3.492009,torque-chirp,knee_flexion_right_joint,RS04,-0.213035,0.000000,8.177764,0.0000,0.0000,-0.213035,-0.250172,3.931335,29.00
3.500005,torque-chirp,knee_flexion_right_joint,RS04,-0.211500,0.000000,7.407460,0.0000,0.0000,-0.211500,0.424126,4.916451,29.00
3.508016,torque-chirp,knee_flexion_right_joint,RS04,-0.204214,0.000000,6.133141,0.0000,0.0000,-0.204214,1.171206,4.667427,29.00
3.516002,torque-chirp,knee_flexion_right_joint,RS04,-0.191942,0.000000,4.446686,0.0000,0.0000,-0.191942,1.723278,4.649117,29.00
3.524002,torque-chirp,knee_flexion_right_joint,RS04,-0.175836,0.000000,2.453979,0.0000,0.0000,-0.175836,2.205311,3.854431,29.00
3.532001,torque-chirp,knee_flexion_right_joint,RS04,-0.157043,0.000000,0.292699,0.0000,0.0000,-0.157043,2.486839,3.264816,29.00
3.540248,torque-chirp,knee_flexion_right_joint,RS04,-0.135951,0.000000,-1.956750,0.0000,0.0000,-0.135951,2.579767,1.690094,29.00
3.548021,torque-chirp,knee_flexion_right_joint,RS04,-0.114859,0.000000,-3.951764,0.0000,0.0000,-0.114859,2.631037,0.679337,29.00
3.556013,torque-chirp,knee_flexion_right_joint,RS04,-0.092999,0.000000,-5.737519,0.0000,0.0000,-0.092999,2.668118,0.613419,29.00
3.564004,torque-chirp,knee_flexion_right_joint,RS04,-0.072673,0.000000,-7.132382,0.0000,0.0000,-0.072673,2.642025,-1.331200,29.00
3.572000,torque-chirp,knee_flexion_right_joint,RS04,-0.053498,0.000000,-8.040127,0.0000,0.0000,-0.053498,2.223621,-1.712067,29.00
3.580005,torque-chirp,knee_flexion_right_joint,RS04,-0.038542,0.000000,-8.396100,0.0000,0.0000,-0.038542,1.673838,-3.660339,29.00
3.588002,torque-chirp,knee_flexion_right_joint,RS04,-0.028188,0.000000,-8.173347,0.0000,0.0000,-0.028188,1.095673,-4.008240,29.00
3.596039,torque-chirp,knee_flexion_right_joint,RS04,-0.023969,0.000000,-7.380970,0.0000,0.0000,-0.023969,0.252918,-4.107117,29.00
3.604116,torque-chirp,knee_flexion_right_joint,RS04,-0.025887,0.000000,-6.064742,0.0000,0.0000,-0.025887,-0.429160,-4.817574,29.00
3.612017,torque-chirp,knee_flexion_right_joint,RS04,-0.032406,0.000000,-4.360450,0.0000,0.0000,-0.032406,-1.118563,-4.385437,29.00
3.620021,torque-chirp,knee_flexion_right_joint,RS04,-0.042761,0.000000,-2.331660,0.0000,0.0000,-0.042761,-1.480201,-4.198669,29.00
3.628011,torque-chirp,knee_flexion_right_joint,RS04,-0.055416,0.000000,-0.142392,0.0000,0.0000,-0.055416,-1.720073,-2.905930,29.00
3.636006,torque-chirp,knee_flexion_right_joint,RS04,-0.069988,0.000000,2.060121,0.0000,0.0000,-0.069988,-1.893110,-2.045319,29.00
3.644015,torque-chirp,knee_flexion_right_joint,RS04,-0.085329,0.000000,4.124512,0.0000,0.0000,-0.085329,-1.932021,-0.628059,29.00
3.652006,torque-chirp,knee_flexion_right_joint,RS04,-0.101436,0.000000,5.897693,0.0000,0.0000,-0.101436,-1.979172,-0.210571,29.00
3.660003,torque-chirp,knee_flexion_right_joint,RS04,-0.116009,0.000000,7.260724,0.0000,0.0000,-0.116009,-1.693065,0.873428,29.00
3.668005,torque-chirp,knee_flexion_right_joint,RS04,-0.128665,0.000000,8.115619,0.0000,0.0000,-0.128665,-1.392767,2.345627,29.00
3.676003,torque-chirp,knee_flexion_right_joint,RS04,-0.137102,0.000000,8.399889,0.0000,0.0000,-0.137102,-0.809567,3.165939,29.00
3.684004,torque-chirp,knee_flexion_right_joint,RS04,-0.139402,0.000000,8.092090,0.0000,0.0000,-0.139402,-0.075303,3.689636,29.00
3.692003,torque-chirp,knee_flexion_right_joint,RS04,-0.136334,0.000000,7.212461,0.0000,0.0000,-0.136334,0.604943,5.106880,29.00
3.700050,torque-chirp,knee_flexion_right_joint,RS04,-0.127898,0.000000,5.811841,0.0000,0.0000,-0.127898,1.222475,4.711372,29.00
3.708023,torque-chirp,knee_flexion_right_joint,RS04,-0.116009,0.000000,4.011181,0.0000,0.0000,-0.116009,1.657816,4.275581,29.00
3.716016,torque-chirp,knee_flexion_right_joint,RS04,-0.099902,0.000000,1.920517,0.0000,0.0000,-0.099902,2.182880,3.363708,29.00
3.724008,torque-chirp,knee_flexion_right_joint,RS04,-0.081111,0.000000,-0.308458,0.0000,0.0000,-0.081111,2.356833,2.850998,29.00
3.732003,torque-chirp,knee_flexion_right_joint,RS04,-0.060784,0.000000,-2.518565,0.0000,0.0000,-0.060784,2.636990,1.741364,29.00
3.740000,torque-chirp,knee_flexion_right_joint,RS04,-0.039693,0.000000,-4.551086,0.0000,0.0000,-0.039693,2.646603,-0.045776,29.00
3.748003,torque-chirp,knee_flexion_right_joint,RS04,-0.018600,0.000000,-6.260933,0.0000,0.0000,-0.018600,2.511101,0.239868,29.00
3.756001,torque-chirp,knee_flexion_right_joint,RS04,0.000958,0.000000,-7.522680,0.0000,0.0000,0.000958,2.333944,-0.895401,29.00
3.764003,torque-chirp,knee_flexion_right_joint,RS04,0.017833,0.000000,-8.245409,0.0000,0.0000,0.017833,1.953537,-2.481117,29.00
3.772001,torque-chirp,knee_flexion_right_joint,RS04,0.030488,0.000000,-8.375120,0.0000,0.0000,0.030488,1.436255,-3.766541,29.00
3.780004,torque-chirp,knee_flexion_right_joint,RS04,0.038157,0.000000,-7.900757,0.0000,0.0000,0.038157,0.681849,-4.414734,29.00
3.788003,torque-chirp,knee_flexion_right_joint,RS04,0.039692,0.000000,-6.855402,0.0000,0.0000,0.039692,-0.083085,-4.484322,29.00
3.796002,torque-chirp,knee_flexion_right_joint,RS04,0.035857,0.000000,-5.312831,0.0000,0.0000,0.035857,-0.673151,-4.312195,29.00
3.803999,torque-chirp,knee_flexion_right_joint,RS04,0.028187,0.000000,-3.384494,0.0000,0.0000,0.028187,-1.088350,-4.696724,29.00
3.811999,torque-chirp,knee_flexion_right_joint,RS04,0.017833,0.000000,-1.207597,0.0000,0.0000,0.017833,-1.455482,-3.825134,29.00
3.820001,torque-chirp,knee_flexion_right_joint,RS04,0.004410,0.000000,1.059626,0.0000,0.0000,0.004410,-1.734264,-2.063629,30.00
3.828003,torque-chirp,knee_flexion_right_joint,RS04,-0.010546,0.000000,3.251658,0.0000,0.0000,-0.010546,-1.950789,-1.565575,29.00
3.835999,torque-chirp,knee_flexion_right_joint,RS04,-0.026270,0.000000,5.206588,0.0000,0.0000,-0.026270,-1.962691,0.199585,29.00
3.843999,torque-chirp,knee_flexion_right_joint,RS04,-0.041226,0.000000,6.783363,0.0000,0.0000,-0.041226,-1.810712,-0.214233,29.00
3.852001,torque-chirp,knee_flexion_right_joint,RS04,-0.054265,0.000000,7.864282,0.0000,0.0000,-0.054265,-1.490272,2.001373,29.00
3.859999,torque-chirp,knee_flexion_right_joint,RS04,-0.064237,0.000000,8.368087,0.0000,0.0000,-0.064237,-1.071412,3.026779,29.00
3.867998,torque-chirp,knee_flexion_right_joint,RS04,-0.069605,0.000000,8.256752,0.0000,0.0000,-0.069605,-0.450218,3.847107,29.00
3.875998,torque-chirp,knee_flexion_right_joint,RS04,-0.069221,0.000000,7.536579,0.0000,0.0000,-0.069221,0.309225,4.715034,29.00
3.884001,torque-chirp,knee_flexion_right_joint,RS04,-0.063852,0.000000,6.258551,0.0000,0.0000,-0.063852,0.930877,5.341270,30.00
3.892001,torque-chirp,knee_flexion_right_joint,RS04,-0.054648,0.000000,4.516410,0.0000,0.0000,-0.054648,1.324100,4.744331,29.00
3.899998,torque-chirp,knee_flexion_right_joint,RS04,-0.041226,0.000000,2.438917,0.0000,0.0000,-0.041226,1.842756,3.656677,29.00
3.908000,torque-chirp,knee_flexion_right_joint,RS04,-0.023969,0.000000,0.177153,0.0000,0.0000,-0.023969,2.209888,3.393005,29.00
3.916001,torque-chirp,knee_flexion_right_joint,RS04,-0.006328,0.000000,-2.099890,0.0000,0.0000,-0.006328,2.236439,1.444733,29.00
3.924002,torque-chirp,knee_flexion_right_joint,RS04,0.013230,0.000000,-4.221981,0.0000,0.0000,0.013230,2.412682,1.129776,29.00
3.932002,torque-chirp,knee_flexion_right_joint,RS04,0.032405,0.000000,-6.030698,0.0000,0.0000,0.032405,2.383841,-0.049438,29.00
3.940001,torque-chirp,knee_flexion_right_joint,RS04,0.050048,0.000000,-7.389568,0.0000,0.0000,0.050048,2.118334,-0.818497,29.00
3.948000,torque-chirp,knee_flexion_right_joint,RS04,0.065771,0.000000,-8.195941,0.0000,0.0000,0.065771,1.853285,-2.224770,29.00
3.956014,torque-chirp,knee_flexion_right_joint,RS04,0.077276,0.000000,-8.387516,0.0000,0.0000,0.077276,1.246738,-3.158623,30.00
3.964039,torque-chirp,knee_flexion_right_joint,RS04,0.083412,0.000000,-7.945065,0.0000,0.0000,0.083412,0.530786,-4.264587,29.00
3.972025,torque-chirp,knee_flexion_right_joint,RS04,0.083412,0.000000,-6.906154,0.0000,0.0000,0.083412,-0.197528,-4.854195,29.00
3.980012,torque-chirp,knee_flexion_right_joint,RS04,0.078810,0.000000,-5.346597,0.0000,0.0000,0.078810,-0.796750,-4.942093,29.00
3.988004,torque-chirp,knee_flexion_right_joint,RS04,0.069606,0.000000,-3.381072,0.0000,0.0000,0.069606,-1.322729,-3.726257,29.00
3.996002,torque-chirp,knee_flexion_right_joint,RS04,0.057334,0.000000,-1.156563,0.0000,0.0000,0.057334,-1.612040,-4.015564,29.00
4.004003,torque-chirp,knee_flexion_right_joint,RS04,0.042760,0.000000,1.158620,0.0000,0.0000,0.042760,-1.943007,-1.803619,29.00
4.012001,torque-chirp,knee_flexion_right_joint,RS04,0.026269,0.000000,3.386727,0.0000,0.0000,0.026269,-2.097734,-1.583885,29.00
4.019998,torque-chirp,knee_flexion_right_joint,RS04,0.009396,0.000000,5.359063,0.0000,0.0000,0.009396,-2.096819,0.272827,29.00
4.028000,torque-chirp,knee_flexion_right_joint,RS04,-0.007094,0.000000,6.925084,0.0000,0.0000,-0.007094,-2.032273,-0.078735,29.00
4.036000,torque-chirp,knee_flexion_right_joint,RS04,-0.021667,0.000000,7.962488,0.0000,0.0000,-0.021667,-1.766308,2.136871,29.00
4.044003,torque-chirp,knee_flexion_right_joint,RS04,-0.033174,0.000000,8.390969,0.0000,0.0000,-0.033174,-1.245823,3.224533,29.00
4.052001,torque-chirp,knee_flexion_right_joint,RS04,-0.039309,0.000000,8.175871,0.0000,0.0000,-0.039309,-0.526207,3.601746,29.00
4.060001,torque-chirp,knee_flexion_right_joint,RS04,-0.039693,0.000000,7.331975,0.0000,0.0000,-0.039693,0.195698,4.469673,29.00
4.068001,torque-chirp,knee_flexion_right_joint,RS04,-0.034324,0.000000,5.922835,0.0000,0.0000,-0.034324,0.893340,4.495308,30.00
4.076001,torque-chirp,knee_flexion_right_joint,RS04,-0.025120,0.000000,4.055442,0.0000,0.0000,-0.025120,1.339664,5.070259,29.00
4.084001,torque-chirp,knee_flexion_right_joint,RS04,-0.012464,0.000000,1.873090,0.0000,0.0000,-0.012464,1.717785,3.546814,29.00
4.092001,torque-chirp,knee_flexion_right_joint,RS04,0.002876,0.000000,-0.456322,0.0000,0.0000,0.002876,2.097277,2.861984,29.00
4.100002,torque-chirp,knee_flexion_right_joint,RS04,0.020134,0.000000,-2.752626,0.0000,0.0000,0.020134,2.224995,1.203018,29.00
4.108081,torque-chirp,knee_flexion_right_joint,RS04,0.038541,0.000000,-4.855743,0.0000,0.0000,0.038541,2.355459,0.928360,29.00
4.116008,torque-chirp,knee_flexion_right_joint,RS04,0.056184,0.000000,-6.547315,0.0000,0.0000,0.056184,2.126574,-0.595100,29.00
4.124003,torque-chirp,knee_flexion_right_joint,RS04,0.072674,0.000000,-7.746816,0.0000,0.0000,0.072674,1.871595,-0.620735,29.00
4.132002,torque-chirp,knee_flexion_right_joint,RS04,0.085329,0.000000,-8.343064,0.0000,0.0000,0.085329,1.386358,-2.642258,29.00
4.140001,torque-chirp,knee_flexion_right_joint,RS04,0.093766,0.000000,-8.287053,0.0000,0.0000,0.093766,0.836576,-4.019226,30.00
4.148002,torque-chirp,knee_flexion_right_joint,RS04,0.097218,0.000000,-7.581201,0.0000,0.0000,0.097218,0.224537,-4.539253,29.00
4.156001,torque-chirp,knee_flexion_right_joint,RS04,0.096067,0.000000,-6.279516,0.0000,0.0000,0.096067,-0.353628,-5.106888,29.00
4.163999,torque-chirp,knee_flexion_right_joint,RS04,0.090698,0.000000,-4.483047,0.0000,0.0000,0.090698,-0.803159,-4.923782,29.00
4.172000,torque-chirp,knee_flexion_right_joint,RS04,0.081111,0.000000,-2.331043,0.0000,0.0000,0.081111,-1.359350,-3.755554,29.00
4.180001,torque-chirp,knee_flexion_right_joint,RS04,0.068456,0.000000,0.006988,0.0000,0.0000,0.068456,-1.654612,-2.638596,29.00
4.188000,torque-chirp,knee_flexion_right_joint,RS04,0.054649,0.000000,2.345883,0.0000,0.0000,0.054649,-1.858778,-2.063629,30.00
4.195999,torque-chirp,knee_flexion_right_joint,RS04,0.038925,0.000000,4.500976,0.0000,0.0000,0.038925,-1.965439,-0.192261,29.00
4.203999,torque-chirp,knee_flexion_right_joint,RS04,0.023585,0.000000,6.300969,0.0000,0.0000,0.023585,-1.890821,-0.617073,29.00
4.211999,torque-chirp,knee_flexion_right_joint,RS04,0.009012,0.000000,7.601505,0.0000,0.0000,0.009012,-1.637674,1.657135,29.00
4.220000,torque-chirp,knee_flexion_right_joint,RS04,-0.002876,0.000000,8.297626,0.0000,0.0000,-0.002876,-1.390020,2.221100,29.00
4.228000,torque-chirp,knee_flexion_right_joint,RS04,-0.010162,0.000000,8.332134,0.0000,0.0000,-0.010162,-0.730830,3.616394,29.00
4.236021,torque-chirp,knee_flexion_right_joint,RS04,-0.011697,0.000000,7.698131,0.0000,0.0000,-0.011697,-0.012131,4.433052,29.00
4.244027,torque-chirp,knee_flexion_right_joint,RS04,-0.008629,0.000000,6.446783,0.0000,0.0000,-0.008629,0.625543,4.509956,29.00
4.252007,torque-chirp,knee_flexion_right_joint,RS04,0.000192,0.000000,4.682658,0.0000,0.0000,0.000192,1.273289,4.520943,29.00
4.260049,torque-chirp,knee_flexion_right_joint,RS04,0.012464,0.000000,2.525326,0.0000,0.0000,0.012464,1.635843,4.597847,29.00
4.268061,torque-chirp,knee_flexion_right_joint,RS04,0.027037,0.000000,0.169485,0.0000,0.0000,0.027037,1.976883,2.605637,29.00
4.276098,torque-chirp,knee_flexion_right_joint,RS04,0.044293,0.000000,-2.209322,0.0000,0.0000,0.044293,2.272144,2.210114,29.00
4.284046,torque-chirp,knee_flexion_right_joint,RS04,0.061936,0.000000,-4.387546,0.0000,0.0000,0.061936,2.238728,0.346069,29.00
4.292027,torque-chirp,knee_flexion_right_joint,RS04,0.079960,0.000000,-6.223539,0.0000,0.0000,0.079960,2.193409,0.415649,29.00
4.300048,torque-chirp,knee_flexion_right_joint,RS04,0.096834,0.000000,-7.564235,0.0000,0.0000,0.096834,1.953537,-1.206688,30.00
4.308005,torque-chirp,knee_flexion_right_joint,RS04,0.110640,0.000000,-8.285363,0.0000,0.0000,0.110640,1.557564,-1.594872,29.00
4.316031,torque-chirp,knee_flexion_right_joint,RS04,0.119843,0.000000,-8.337783,0.0000,0.0000,0.119843,0.886474,-3.711609,29.00
4.323999,torque-chirp,knee_flexion_right_joint,RS04,0.123679,0.000000,-7.713357,0.0000,0.0000,0.123679,0.286335,-4.967728,29.00
4.331998,torque-chirp,knee_flexion_right_joint,RS04,0.123295,0.000000,-6.457609,0.0000,0.0000,0.123295,-0.289083,-5.176468,29.00
4.340005,torque-chirp,knee_flexion_right_joint,RS04,0.118310,0.000000,-4.671044,0.0000,0.0000,0.118310,-0.807736,-5.037308,29.00
4.348006,torque-chirp,knee_flexion_right_joint,RS04,0.109106,0.000000,-2.501099,0.0000,0.0000,0.109106,-1.353857,-3.455254,29.00
4.356002,torque-chirp,knee_flexion_right_joint,RS04,0.096834,0.000000,-0.125774,0.0000,0.0000,0.096834,-1.699016,-3.195244,29.00
4.364001,torque-chirp,knee_flexion_right_joint,RS04,0.083028,0.000000,2.262829,0.0000,0.0000,0.083028,-1.836804,-1.796295,29.00
4.372002,torque-chirp,knee_flexion_right_joint,RS04,0.067305,0.000000,4.467884,0.0000,0.0000,0.067305,-2.010300,-0.631721,29.00
4.380002,torque-chirp,knee_flexion_right_joint,RS04,0.051581,0.000000,6.305601,0.0000,0.0000,0.051581,-1.918288,-0.170288,29.00
4.388003,torque-chirp,knee_flexion_right_joint,RS04,0.036624,0.000000,7.624320,0.0000,0.0000,0.036624,-1.787824,1.342178,29.00
4.396006,torque-chirp,knee_flexion_right_joint,RS04,0.024735,0.000000,8.312731,0.0000,0.0000,0.024735,-1.333258,2.056305,30.00
4.404005,torque-chirp,knee_flexion_right_joint,RS04,0.017066,0.000000,8.312197,0.0000,0.0000,0.017066,-0.804074,3.902039,29.00
4.412001,torque-chirp,knee_flexion_right_joint,RS04,0.014765,0.000000,7.621711,0.0000,0.0000,0.014765,-0.083085,4.667427,29.00
4.420001,torque-chirp,knee_flexion_right_joint,RS04,0.016298,0.000000,6.296322,0.0000,0.0000,0.016298,0.469902,5.403526,29.00
4.428001,torque-chirp,knee_flexion_right_joint,RS04,0.023201,0.000000,4.445018,0.0000,0.0000,0.023201,1.087433,4.586861,29.00
4.436002,torque-chirp,knee_flexion_right_joint,RS04,0.035089,0.000000,2.220774,0.0000,0.0000,0.035089,1.680704,4.187683,29.00
4.444001,torque-chirp,knee_flexion_right_joint,RS04,0.048896,0.000000,-0.190677,0.0000,0.0000,0.048896,1.768139,3.275803,29.00
4.452003,torque-chirp,knee_flexion_right_joint,RS04,0.064237,0.000000,-2.588736,0.0000,0.0000,0.064237,2.019913,1.752350,30.00
4.460002,torque-chirp,knee_flexion_right_joint,RS04,0.080344,0.000000,-4.771010,0.0000,0.0000,0.080344,1.995651,1.012589,29.00
4.468002,torque-chirp,knee_flexion_right_joint,RS04,0.096451,0.000000,-6.554242,0.0000,0.0000,0.096451,1.934769,-0.393684,29.00
4.476001,torque-chirp,knee_flexion_right_joint,RS04,0.111023,0.000000,-7.786836,0.0000,0.0000,0.111023,1.646830,-0.499886,29.00
4.484002,torque-chirp,knee_flexion_right_joint,RS04,0.122145,0.000000,-8.363801,0.0000,0.0000,0.122145,1.264591,-2.865646,29.00
4.492002,torque-chirp,knee_flexion_right_joint,RS04,0.129431,0.000000,-8.234379,0.0000,0.0000,0.129431,0.811399,-4.162048,29.00
4.500001,torque-chirp,knee_flexion_right_joint,RS04,0.132115,0.000000,-7.407948,0.0000,0.0000,0.132115,0.065691,-4.799263,29.00
4.508001,torque-chirp,knee_flexion_right_joint,RS04,0.129431,0.000000,-5.952761,0.0000,0.0000,0.129431,-0.488213,-5.128860,29.00
4.516001,torque-chirp,knee_flexion_right_joint,RS04,0.122528,0.000000,-3.990641,0.0000,0.0000,0.122528,-1.091097,-4.762642,29.00
4.524000,torque-chirp,knee_flexion_right_joint,RS04,0.111407,0.000000,-1.687591,0.0000,0.0000,0.111407,-1.471045,-3.631042,29.00
4.532001,torque-chirp,knee_flexion_right_joint,RS04,0.097601,0.000000,0.761632,0.0000,0.0000,0.097601,-1.809339,-2.964523,29.00
4.540000,torque-chirp,knee_flexion_right_joint,RS04,0.082644,0.000000,3.147389,0.0000,0.0000,0.082644,-1.925612,-1.488670,29.00
4.548000,torque-chirp,knee_flexion_right_joint,RS04,0.066921,0.000000,5.266336,0.0000,0.0000,0.066921,-1.993820,-0.463264,29.00
4.556001,torque-chirp,knee_flexion_right_joint,RS04,0.051198,0.000000,6.935912,0.0000,0.0000,0.051198,-1.898146,0.217896,29.00
4.564001,torque-chirp,knee_flexion_right_joint,RS04,0.037007,0.000000,8.011607,0.0000,0.0000,0.037007,-1.655069,1.906158,29.00
4.571999,torque-chirp,knee_flexion_right_joint,RS04,0.025886,0.000000,8.399487,0.0000,0.0000,0.025886,-1.168918,2.678879,30.00
4.580001,torque-chirp,knee_flexion_right_joint,RS04,0.020134,0.000000,8.064524,0.0000,0.0000,0.020134,-0.523460,3.726257,29.00
4.588000,torque-chirp,knee_flexion_right_joint,RS04,0.019750,0.000000,7.033880,0.0000,0.0000,0.019750,0.207600,4.542915,30.00
4.596000,torque-chirp,knee_flexion_right_joint,RS04,0.023969,0.000000,5.394633,0.0000,0.0000,0.023969,0.819180,4.726021,30.00
4.604002,torque-chirp,knee_flexion_right_joint,RS04,0.033556,0.000000,3.286769,0.0000,0.0000,0.033556,1.314487,4.502632,29.00
4.612001,torque-chirp,knee_flexion_right_joint,RS04,0.045828,0.000000,0.892843,0.0000,0.0000,0.045828,1.601511,3.931335,29.00
4.620090,torque-chirp,knee_flexion_right_joint,RS04,0.060019,0.000000,-1.608197,0.0000,0.0000,0.060019,1.896772,1.865875,29.00
4.628013,torque-chirp,knee_flexion_right_joint,RS04,0.076125,0.000000,-3.922270,0.0000,0.0000,0.076125,2.031357,1.668121,29.00
4.636002,torque-chirp,knee_flexion_right_joint,RS04,0.092615,0.000000,-5.917913,0.0000,0.0000,0.092615,2.025406,-0.313118,30.00
4.644000,torque-chirp,knee_flexion_right_joint,RS04,0.107955,0.000000,-7.401370,0.0000,0.0000,0.107955,1.854658,-0.009155,29.00
4.652001,torque-chirp,knee_flexion_right_joint,RS04,0.120611,0.000000,-8.239650,0.0000,0.0000,0.120611,1.374914,-2.147865,29.00
4.660000,torque-chirp,knee_flexion_right_joint,RS04,0.129815,0.000000,-8.356907,0.0000,0.0000,0.129815,0.909820,-3.488213,29.00
4.668000,torque-chirp,knee_flexion_right_joint,RS04,0.134033,0.000000,-7.741356,0.0000,0.0000,0.134033,0.335318,-4.422058,30.00
4.676003,torque-chirp,knee_flexion_right_joint,RS04,0.132882,0.000000,-6.444611,0.0000,0.0000,0.132882,-0.373312,-5.176468,29.00
4.684000,torque-chirp,knee_flexion_right_joint,RS04,0.127131,0.000000,-4.580605,0.0000,0.0000,0.127131,-0.852140,-5.308304,29.00
4.691999,torque-chirp,knee_flexion_right_joint,RS04,0.117543,0.000000,-2.311087,0.0000,0.0000,0.117543,-1.370794,-4.282898,30.00
4.700000,torque-chirp,knee_flexion_right_joint,RS04,0.105271,0.000000,0.164888,0.0000,0.0000,0.105271,-1.726939,-2.964523,29.00
4.708000,torque-chirp,knee_flexion_right_joint,RS04,0.091465,0.000000,2.628120,0.0000,0.0000,0.091465,-1.755779,-2.305336,29.00
4.716000,torque-chirp,knee_flexion_right_joint,RS04,0.076509,0.000000,4.860457,0.0000,0.0000,0.076509,-1.862898,-0.100708,29.00
4.724000,torque-chirp,knee_flexion_right_joint,RS04,0.060785,0.000000,6.663156,0.0000,0.0000,0.060785,-1.866560,-0.225220,29.00
4.732001,torque-chirp,knee_flexion_right_joint,RS04,0.046211,0.000000,7.875389,0.0000,0.0000,0.046211,-1.741131,1.745026,30.00
4.740001,torque-chirp,knee_flexion_right_joint,RS04,0.034323,0.000000,8.386960,0.0000,0.0000,0.034323,-1.328680,2.902267,29.00
4.748001,torque-chirp,knee_flexion_right_joint,RS04,0.027037,0.000000,8.151001,0.0000,0.0000,0.027037,-0.621424,3.546814,29.00
4.756001,torque-chirp,knee_flexion_right_joint,RS04,0.025886,0.000000,7.186543,0.0000,0.0000,0.025886,0.095903,4.268257,30.00
4.764000,torque-chirp,knee_flexion_right_joint,RS04,0.029721,0.000000,5.578421,0.0000,0.0000,0.029721,0.662623,5.253380,29.00
4.772000,torque-chirp,knee_flexion_right_joint,RS04,0.038157,0.000000,3.468876,0.0000,0.0000,0.038157,1.237125,4.356148,29.00
4.779999,torque-chirp,knee_flexion_right_joint,RS04,0.049280,0.000000,1.046364,0.0000,0.0000,0.049280,1.547951,3.700623,30.00
4.788001,torque-chirp,knee_flexion_right_joint,RS04,0.062703,0.000000,-1.472769,0.0000,0.0000,0.062703,1.713665,2.243073,29.00
4.795999,torque-chirp,knee_flexion_right_joint,RS04,0.078043,0.000000,-3.860382,0.0000,0.0000,0.078043,1.976883,1.642487,29.00
4.804002,torque-chirp,knee_flexion_right_joint,RS04,0.093766,0.000000,-5.902901,0.0000,0.0000,0.093766,1.953537,-0.331429,30.00
4.812000,torque-chirp,knee_flexion_right_joint,RS04,0.108339,0.000000,-7.412443,0.0000,0.0000,0.108339,1.781414,-0.001831,30.00
4.820005,torque-chirp,knee_flexion_right_joint,RS04,0.120611,0.000000,-8.252786,0.0000,0.0000,0.120611,1.451361,-2.301674,29.00
4.828000,torque-chirp,knee_flexion_right_joint,RS04,0.129431,0.000000,-8.344858,0.0000,0.0000,0.129431,0.894713,-3.510185,29.00
4.836000,torque-chirp,knee_flexion_right_joint,RS04,0.133266,0.000000,-7.679416,0.0000,0.0000,0.133266,0.245136,-4.198669,29.00
4.843999,torque-chirp,knee_flexion_right_joint,RS04,0.131732,0.000000,-6.314790,0.0000,0.0000,0.131732,-0.387504,-4.857857,30.00
4.852039,torque-chirp,knee_flexion_right_joint,RS04,0.125596,0.000000,-4.362951,0.0000,0.0000,0.125596,-0.988098,-4.938431,29.00
4.860026,torque-chirp,knee_flexion_right_joint,RS04,0.116009,0.000000,-2.023418,0.0000,0.0000,0.116009,-1.426184,-4.319519,29.00
4.868012,torque-chirp,knee_flexion_right_joint,RS04,0.103737,0.000000,0.502102,0.0000,0.0000,0.103737,-1.667887,-2.788742,29.00
4.876009,torque-chirp,knee_flexion_right_joint,RS04,0.089547,0.000000,2.987123,0.0000,0.0000,0.089547,-1.772717,-2.254066,29.00
4.884003,torque-chirp,knee_flexion_right_joint,RS04,0.074592,0.000000,5.199143,0.0000,0.0000,0.074592,-1.873884,-0.001831,30.00
4.892002,torque-chirp,knee_flexion_right_joint,RS04,0.059252,0.000000,6.937346,0.0000,0.0000,0.059252,-1.954452,-0.210571,30.00
4.900000,torque-chirp,knee_flexion_right_joint,RS04,0.045061,0.000000,8.038297,0.0000,0.0000,0.045061,-1.661020,2.092926,30.00
4.908001,torque-chirp,knee_flexion_right_joint,RS04,0.033939,0.000000,8.399549,0.0000,0.0000,0.033939,-1.184024,3.154953,29.00
4.916004,torque-chirp,knee_flexion_right_joint,RS04,0.027803,0.000000,7.985135,0.0000,0.0000,0.027803,-0.498741,3.766541,29.00
4.924004,torque-chirp,knee_flexion_right_joint,RS04,0.027420,0.000000,6.831910,0.0000,0.0000,0.027420,0.180134,4.506294,29.00
4.932002,torque-chirp,knee_flexion_right_joint,RS04,0.032405,0.000000,5.045355,0.0000,0.0000,0.032405,0.823300,4.605171,29.00
4.940001,torque-chirp,knee_flexion_right_joint,RS04,0.041225,0.000000,2.789022,0.0000,0.0000,0.041225,1.192720,4.978706,29.00
4.948000,torque-chirp,knee_flexion_right_joint,RS04,0.051965,0.000000,0.272030,0.0000,0.0000,0.051965,1.455023,3.572449,30.00
4.955999,torque-chirp,knee_flexion_right_joint,RS04,0.065388,0.000000,-2.272466,0.0000,0.0000,0.065388,1.738842,1.854889,29.00
4.964040,torque-chirp,knee_flexion_right_joint,RS04,0.080344,0.000000,-4.618336,0.0000,0.0000,0.080344,1.857862,1.148087,29.00
4.972036,torque-chirp,knee_flexion_right_joint,RS04,0.095300,0.000000,-6.521448,0.0000,0.0000,0.095300,1.806133,-0.419319,30.00
4.980032,torque-chirp,knee_flexion_right_joint,RS04,0.109106,0.000000,-7.816338,0.0000,0.0000,0.109106,1.602884,-0.448616,29.00
4.988011,torque-chirp,knee_flexion_right_joint,RS04,0.119460,0.000000,-8.380361,0.0000,0.0000,0.119460,1.134584,-2.587326,30.00
4.996005,torque-chirp,knee_flexion_right_joint,RS04,0.125596,0.000000,-8.161248,0.0000,0.0000,0.125596,0.602654,-3.872742,29.00
5.004003,torque-chirp,knee_flexion_right_joint,RS04,0.127131,0.000000,-7.175321,0.0000,0.0000,0.127131,-0.086747,-4.982376,29.00
5.012003,torque-chirp,knee_flexion_right_joint,RS04,0.124063,0.000000,-5.512691,0.0000,0.0000,0.124063,-0.551842,-5.421837,30.00
5.020001,torque-chirp,knee_flexion_right_joint,RS04,0.116009,0.000000,-3.329545,0.0000,0.0000,0.116009,-1.171206,-4.557564,30.00
5.028001,torque-chirp,knee_flexion_right_joint,RS04,0.104887,0.000000,-0.829870,0.0000,0.0000,0.104887,-1.635386,-3.382011,29.00
5.036000,torque-chirp,knee_flexion_right_joint,RS04,0.091465,0.000000,1.750223,0.0000,0.0000,0.091465,-1.666513,-2.971848,29.00
5.044001,torque-chirp,knee_flexion_right_joint,RS04,0.077276,0.000000,4.167022,0.0000,0.0000,0.077276,-1.815747,-0.551155,29.00
5.052000,torque-chirp,knee_flexion_right_joint,RS04,0.061936,0.000000,6.189445,0.0000,0.0000,0.061936,-1.944381,-0.569466,29.00
5.060002,torque-chirp,knee_flexion_right_joint,RS04,0.047361,0.000000,7.625915,0.0000,0.0000,0.047361,-1.754864,1.111465,29.00
5.068000,torque-chirp,knee_flexion_right_joint,RS04,0.034706,0.000000,8.336681,0.0000,0.0000,0.034706,-1.541084,2.411545,30.00
5.075998,torque-chirp,knee_flexion_right_joint,RS04,0.025886,0.000000,8.253226,0.0000,0.0000,0.025886,-0.846646,3.195236,30.00
5.084000,torque-chirp,knee_flexion_right_joint,RS04,0.023201,0.000000,7.381128,0.0000,0.0000,0.023201,-0.032273,4.253609,29.00
5.092002,torque-chirp,knee_flexion_right_joint,RS04,0.026269,0.000000,5.801621,0.0000,0.0000,0.026269,0.586633,4.575874,30.00
5.099997,torque-chirp,knee_flexion_right_joint,RS04,0.033556,0.000000,3.666558,0.0000,0.0000,0.033556,1.114443,4.678413,30.00
5.108000,torque-chirp,knee_flexion_right_joint,RS04,0.044677,0.000000,1.175909,0.0000,0.0000,0.044677,1.468300,4.074158,29.00
5.116000,torque-chirp,knee_flexion_right_joint,RS04,0.056951,0.000000,-1.428751,0.0000,0.0000,0.056951,1.649118,2.499435,30.00
5.123999,torque-chirp,knee_flexion_right_joint,RS04,0.071524,0.000000,-3.897937,0.0000,0.0000,0.071524,1.913710,1.598541,29.00
5.132000,torque-chirp,knee_flexion_right_joint,RS04,0.086480,0.000000,-5.993431,0.0000,0.0000,0.086480,1.888533,0.027466,29.00
5.140080,torque-chirp,knee_flexion_right_joint,RS04,0.101052,0.000000,-7.522985,0.0000,0.0000,0.101052,1.739758,-0.642708,30.00
5.148007,torque-chirp,knee_flexion_right_joint,RS04,0.113324,0.000000,-8.303813,0.0000,0.0000,0.113324,1.370337,-1.726715,29.00
5.156002,torque-chirp,knee_flexion_right_joint,RS04,0.120611,0.000000,-8.291420,0.0000,0.0000,0.120611,0.748225,-3.557800,30.00
5.164001,torque-chirp,knee_flexion_right_joint,RS04,0.123679,0.000000,-7.474501,0.0000,0.0000,0.123679,0.126574,-4.737007,29.00
5.172000,torque-chirp,knee_flexion_right_joint,RS04,0.121378,0.000000,-5.930547,0.0000,0.0000,0.121378,-0.441521,-5.011673,30.00
5.180002,torque-chirp,knee_flexion_right_joint,RS04,0.115242,0.000000,-3.807108,0.0000,0.0000,0.115242,-0.889219,-4.220642,30.00
5.188002,torque-chirp,knee_flexion_right_joint,RS04,0.104504,0.000000,-1.311088,0.0000,0.0000,0.104504,-1.543831,-3.283134,30.00
5.196001,torque-chirp,knee_flexion_right_joint,RS04,0.091465,0.000000,1.314765,0.0000,0.0000,0.091465,-1.656443,-3.242851,30.00
5.204002,torque-chirp,knee_flexion_right_joint,RS04,0.077660,0.000000,3.814310,0.0000,0.0000,0.077660,-1.746624,-0.913712,30.00
5.212002,torque-chirp,knee_flexion_right_joint,RS04,0.062703,0.000000,5.941888,0.0000,0.0000,0.062703,-1.877546,-0.730606,30.00
5.220002,torque-chirp,knee_flexion_right_joint,RS04,0.048512,0.000000,7.487794,0.0000,0.0000,0.048512,-1.803388,0.829483,29.00
5.228003,torque-chirp,knee_flexion_right_joint,RS04,0.035857,0.000000,8.298731,0.0000,0.0000,0.035857,-1.475623,2.232086,29.00
5.236020,torque-chirp,knee_flexion_right_joint,RS04,0.026269,0.000000,8.292147,0.0000,0.0000,0.026269,-0.882353,3.034103,29.00
5.244002,torque-chirp,knee_flexion_right_joint,RS04,0.023201,0.000000,7.469607,0.0000,0.0000,0.023201,-0.113756,4.279243,30.00
5.252002,torque-chirp,knee_flexion_right_joint,RS04,0.025886,0.000000,5.907667,0.0000,0.0000,0.025886,0.552300,4.271919,29.00
5.260001,torque-chirp,knee_flexion_right_joint,RS04,0.032789,0.000000,3.760352,0.0000,0.0000,0.032789,1.116732,4.378120,29.00
5.268002,torque-chirp,knee_flexion_right_joint,RS04,0.043143,0.000000,1.237914,0.0000,0.0000,0.043143,1.437628,4.066833,30.00
5.276001,torque-chirp,knee_flexion_right_joint,RS04,0.055416,0.000000,-1.408433,0.0000,0.0000,0.055416,1.573128,2.664230,29.00
5.284000,torque-chirp,knee_flexion_right_joint,RS04,0.069606,0.000000,-3.917018,0.0000,0.0000,0.069606,1.854200,1.444733,30.00
5.292000,torque-chirp,knee_flexion_right_joint,RS04,0.084179,0.000000,-6.037728,0.0000,0.0000,0.084179,1.820326,0.280151,29.00
5.300002,torque-chirp,knee_flexion_right_joint,RS04,0.098368,0.000000,-7.558122,0.0000,0.0000,0.098368,1.696726,-0.807510,30.00
5.308001,torque-chirp,knee_flexion_right_joint,RS04,0.110256,0.000000,-8.324539,0.0000,0.0000,0.110256,1.282444,-1.503319,30.00
5.316000,torque-chirp,knee_flexion_right_joint,RS04,0.117543,0.000000,-8.258925,0.0000,0.0000,0.117543,0.653926,-3.605408,30.00
5.324001,torque-chirp,knee_flexion_right_joint,RS04,0.119843,0.000000,-7.365731,0.0000,0.0000,0.119843,0.065233,-4.693062,30.00
5.332000,torque-chirp,knee_flexion_right_joint,RS04,0.117543,0.000000,-5.732965,0.0000,0.0000,0.117543,-0.506065,-5.337601,30.00
5.340000,torque-chirp,knee_flexion_right_joint,RS04,0.110256,0.000000,-3.522827,0.0000,0.0000,0.110256,-1.120852,-3.916687,29.00
5.348002,torque-chirp,knee_flexion_right_joint,RS04,0.098751,0.000000,-0.955489,0.0000,0.0000,0.098751,-1.593270,-3.616394,30.00
5.356000,torque-chirp,knee_flexion_right_joint,RS04,0.084946,0.000000,1.708874,0.0000,0.0000,0.084946,-1.672008,-2.759445,30.00
5.364002,torque-chirp,knee_flexion_right_joint,RS04,0.070373,0.000000,4.203843,0.0000,0.0000,0.070373,-1.913253,-0.972305,30.00
5.372002,torque-chirp,knee_flexion_right_joint,RS04,0.055416,0.000000,6.274892,0.0000,0.0000,0.055416,-1.871595,-0.895401,29.00
5.380034,torque-chirp,knee_flexion_right_joint,RS04,0.040842,0.000000,7.716342,0.0000,0.0000,0.040842,-1.760815,1.539948,30.00
5.388026,torque-chirp,knee_flexion_right_joint,RS04,0.027803,0.000000,8.368487,0.0000,0.0000,0.027803,-1.486609,2.144196,29.00
5.396014,torque-chirp,knee_flexion_right_joint,RS04,0.019366,0.000000,8.172880,0.0000,0.0000,0.019366,-0.784389,3.382019,29.00
5.404006,torque-chirp,knee_flexion_right_joint,RS04,0.016682,0.000000,7.147256,0.0000,0.0000,0.016682,-0.173724,4.608833,29.00
5.412002,torque-chirp,knee_flexion_right_joint,RS04,0.018600,0.000000,5.392586,0.0000,0.0000,0.018600,0.531701,4.436714,30.00
5.420002,torque-chirp,knee_flexion_right_joint,RS04,0.025502,0.000000,3.085659,0.0000,0.0000,0.025502,1.077362,3.711609,30.00
5.428000,torque-chirp,knee_flexion_right_joint,RS04,0.036624,0.000000,0.461734,0.0000,0.0000,0.036624,1.481117,3.762878,29.00
5.436000,torque-chirp,knee_flexion_right_joint,RS04,0.048512,0.000000,-2.211631,0.0000,0.0000,0.048512,1.478828,2.675217,29.00
5.444001,torque-chirp,knee_flexion_right_joint,RS04,0.060785,0.000000,-4.660595,0.0000,0.0000,0.060785,1.644083,0.488907,29.00
5.452002,torque-chirp,knee_flexion_right_joint,RS04,0.074208,0.000000,-6.632777,0.0000,0.0000,0.074208,1.720989,0.682999,30.00
5.460000,torque-chirp,knee_flexion_right_joint,RS04,0.086864,0.000000,-7.923333,0.0000,0.0000,0.086864,1.446783,-1.320213,30.00
5.468002,torque-chirp,knee_flexion_right_joint,RS04,0.096451,0.000000,-8.398929,0.0000,0.0000,0.096451,1.126802,-2.737473,30.00
5.475999,torque-chirp,knee_flexion_right_joint,RS04,0.102587,0.000000,-8.008202,0.0000,0.0000,0.102587,0.572442,-3.546814,29.00
5.484000,torque-chirp,knee_flexion_right_joint,RS04,0.102587,0.000000,-6.789365,0.0000,0.0000,0.102587,-0.258411,-4.301208,30.00
5.492001,torque-chirp,knee_flexion_right_joint,RS04,0.097601,0.000000,-4.866531,0.0000,0.0000,0.097601,-0.771114,-4.872505,29.00
5.500001,torque-chirp,knee_flexion_right_joint,RS04,0.088780,0.000000,-2.437986,0.0000,0.0000,0.088780,-1.216984,-4.846870,30.00
5.508000,torque-chirp,knee_flexion_right_joint,RS04,0.077276,0.000000,0.245336,0.0000,0.0000,0.077276,-1.547951,-2.971848,30.00
5.516001,torque-chirp,knee_flexion_right_joint,RS04,0.063087,0.000000,2.905583,0.0000,0.0000,0.063087,-1.835431,-2.213783,30.00
5.524001,torque-chirp,knee_flexion_right_joint,RS04,0.048896,0.000000,5.264790,0.0000,0.0000,0.048896,-1.813916,-0.730606,30.00
5.532001,torque-chirp,knee_flexion_right_joint,RS04,0.033939,0.000000,7.076818,0.0000,0.0000,0.033939,-1.872969,0.408325,29.00
5.540000,torque-chirp,knee_flexion_right_joint,RS04,0.020517,0.000000,8.150675,0.0000,0.0000,0.020517,-1.498970,1.173721,30.00
5.548000,torque-chirp,knee_flexion_right_joint,RS04,0.009779,0.000000,8.372653,0.0000,0.0000,0.009779,-1.236210,3.550476,30.00
5.556003,torque-chirp,knee_flexion_right_joint,RS04,0.003260,0.000000,7.717044,0.0000,0.0000,0.003260,-0.554131,4.129089,30.00
5.564000,torque-chirp,knee_flexion_right_joint,RS04,0.002493,0.000000,6.251649,0.0000,0.0000,0.002493,0.203022,4.832222,30.00
5.572001,torque-chirp,knee_flexion_right_joint,RS04,0.006328,0.000000,4.127475,0.0000,0.0000,0.006328,0.682765,5.176476,30.00
5.580001,torque-chirp,knee_flexion_right_joint,RS04,0.013614,0.000000,1.567180,0.0000,0.0000,0.013614,1.011444,4.000916,30.00
5.588001,torque-chirp,knee_flexion_right_joint,RS04,0.023201,0.000000,-1.160092,0.0000,0.0000,0.023201,1.254063,2.920578,29.00
5.595999,torque-chirp,knee_flexion_right_joint,RS04,0.034323,0.000000,-3.766489,0.0000,0.0000,0.034323,1.368048,1.737701,30.00
5.604000,torque-chirp,knee_flexion_right_joint,RS04,0.046211,0.000000,-5.977018,0.0000,0.0000,0.046211,1.479744,0.891739,29.00
5.611999,torque-chirp,knee_flexion_right_joint,RS04,0.057334,0.000000,-7.555958,0.0000,0.0000,0.057334,1.342869,-1.199364,30.00
5.620000,torque-chirp,knee_flexion_right_joint,RS04,0.066921,0.000000,-8.334593,0.0000,0.0000,0.066921,1.096130,-1.887848,30.00
5.628002,torque-chirp,knee_flexion_right_joint,RS04,0.072674,0.000000,-8.228047,0.0000,0.0000,0.072674,0.478600,-3.312431,30.00
5.636001,torque-chirp,knee_flexion_right_joint,RS04,0.072674,0.000000,-7.246079,0.0000,0.0000,0.072674,-0.216297,-4.293884,30.00
5.644000,torque-chirp,knee_flexion_right_joint,RS04,0.067305,0.000000,-5.491222,0.0000,0.0000,0.067305,-0.899748,-4.953079,30.00
5.652066,torque-chirp,knee_flexion_right_joint,RS04,0.058484,0.000000,-3.127607,0.0000,0.0000,0.058484,-1.316777,-4.857857,30.00
5.660008,torque-chirp,knee_flexion_right_joint,RS04,0.046211,0.000000,-0.465222,0.0000,0.0000,0.046211,-1.665598,-3.378349,30.00
5.668001,torque-chirp,knee_flexion_right_joint,RS04,0.031638,0.000000,2.265093,0.0000,0.0000,0.031638,-1.884871,-2.459145,30.00
5.676001,torque-chirp,knee_flexion_right_joint,RS04,0.015532,0.000000,4.756838,0.0000,0.0000,0.015532,-2.040055,-0.913712,30.00
5.684001,torque-chirp,knee_flexion_right_joint,RS04,-0.000575,0.000000,6.739966,0.0000,0.0000,-0.000575,-2.117418,-0.038452,30.00
5.692000,torque-chirp,knee_flexion_right_joint,RS04,-0.015915,0.000000,7.999367,0.0000,0.0000,-0.015915,-1.846418,1.089493,29.00
5.700001,torque-chirp,knee_flexion_right_joint,RS04,-0.028955,0.000000,8.398376,0.0000,0.0000,-0.028955,-1.483405,2.942551,30.00
5.707998,torque-chirp,knee_flexion_right_joint,RS04,-0.037008,0.000000,7.891995,0.0000,0.0000,-0.037008,-0.834744,3.858093,30.00
5.715999,torque-chirp,knee_flexion_right_joint,RS04,-0.038925,0.000000,6.532551,0.0000,0.0000,-0.038925,0.075304,4.136414,30.00
5.723999,torque-chirp,knee_flexion_right_joint,RS04,-0.035857,0.000000,4.465301,0.0000,0.0000,-0.035857,0.595788,4.550240,30.00
5.731999,torque-chirp,knee_flexion_right_joint,RS04,-0.028188,0.000000,1.912591,0.0000,0.0000,-0.028188,1.107117,4.011902,30.00
5.739999,torque-chirp,knee_flexion_right_joint,RS04,-0.018600,0.000000,-0.849378,0.0000,0.0000,-0.018600,1.307621,2.990158,29.00
5.747999,torque-chirp,knee_flexion_right_joint,RS04,-0.007094,0.000000,-3.520885,0.0000,0.0000,-0.007094,1.434423,1.254288,30.00
5.756000,torque-chirp,knee_flexion_right_joint,RS04,0.004794,0.000000,-5.811675,0.0000,0.0000,0.004794,1.556648,0.943008,30.00
5.763999,torque-chirp,knee_flexion_right_joint,RS04,0.016682,0.000000,-7.469942,0.0000,0.0000,0.016682,1.458227,-0.653694,29.00
5.772000,torque-chirp,knee_flexion_right_joint,RS04,0.027420,0.000000,-8.314317,0.0000,0.0000,0.027420,1.210573,-2.510414,29.00
5.780003,torque-chirp,knee_flexion_right_joint,RS04,0.034706,0.000000,-8.249789,0.0000,0.0000,0.034706,0.753718,-3.528503,30.00
5.788002,torque-chirp,knee_flexion_right_joint,RS04,0.036241,0.000000,-7.281792,0.0000,0.0000,0.036241,-0.069352,-4.096130,30.00
5.796002,torque-chirp,knee_flexion_right_joint,RS04,0.032789,0.000000,-5.514641,0.0000,0.0000,0.032789,-0.682307,-5.407188,29.00
5.804001,torque-chirp,knee_flexion_right_joint,RS04,0.025502,0.000000,-3.140549,0.0000,0.0000,0.025502,-1.082398,-4.821236,30.00
5.812000,torque-chirp,knee_flexion_right_joint,RS04,0.014381,0.000000,-0.419762,0.0000,0.0000,0.014381,-1.498970,-3.231865,29.00
5.820000,torque-chirp,knee_flexion_right_joint,RS04,0.000958,0.000000,2.350027,0.0000,0.0000,0.000958,-1.737469,-2.224770,29.00
5.828001,torque-chirp,knee_flexion_right_joint,RS04,-0.012847,0.000000,4.862462,0.0000,0.0000,-0.012847,-1.647745,-1.521629,29.00
5.836000,torque-chirp,knee_flexion_right_joint,RS04,-0.026653,0.000000,6.839134,0.0000,0.0000,-0.026653,-1.782330,0.364380,30.00
5.844002,torque-chirp,knee_flexion_right_joint,RS04,-0.040460,0.000000,8.060862,0.0000,0.0000,-0.040460,-1.653238,0.602432,30.00
5.852001,torque-chirp,knee_flexion_right_joint,RS04,-0.050814,0.000000,8.389782,0.0000,0.0000,-0.050814,-1.155643,3.034103,30.00
5.860000,torque-chirp,knee_flexion_right_joint,RS04,-0.057333,0.000000,7.788010,0.0000,0.0000,-0.057333,-0.562829,4.286568,29.00
5.867999,torque-chirp,knee_flexion_right_joint,RS04,-0.058867,0.000000,6.320484,0.0000,0.0000,-0.058867,0.122911,4.949409,30.00
5.876004,torque-chirp,knee_flexion_right_joint,RS04,-0.055799,0.000000,4.146513,0.0000,0.0000,-0.055799,0.571069,4.993355,30.00
5.883999,torque-chirp,knee_flexion_right_joint,RS04,-0.048897,0.000000,1.511823,0.0000,0.0000,-0.048897,1.031128,4.088806,30.00
5.891999,torque-chirp,knee_flexion_right_joint,RS04,-0.039309,0.000000,-1.295298,0.0000,0.0000,-0.039309,1.303959,2.459152,30.00
5.899999,torque-chirp,knee_flexion_right_joint,RS04,-0.027804,0.000000,-3.959436,0.0000,0.0000,-0.027804,1.457769,2.005035,30.00
5.907999,torque-chirp,knee_flexion_right_joint,RS04,-0.016682,0.000000,-6.182110,0.0000,0.0000,-0.016682,1.428473,0.631729,30.00
5.916001,torque-chirp,knee_flexion_right_joint,RS04,-0.005944,0.000000,-7.713659,0.0000,0.0000,-0.005944,1.285648,-1.353172,30.00
5.924002,torque-chirp,knee_flexion_right_joint,RS04,0.003643,0.000000,-8.379286,0.0000,0.0000,0.003643,1.077362,-1.909821,30.00
5.932001,torque-chirp,knee_flexion_right_joint,RS04,0.009012,0.000000,-8.102921,0.0000,0.0000,0.009012,0.377432,-3.184258,30.00
5.940001,torque-chirp,knee_flexion_right_joint,RS04,0.008245,0.000000,-6.913659,0.0000,0.0000,0.008245,-0.318379,-4.374451,30.00
5.947999,torque-chirp,knee_flexion_right_joint,RS04,0.002876,0.000000,-4.944098,0.0000,0.0000,0.002876,-0.946898,-4.407410,30.00
5.955999,torque-chirp,knee_flexion_right_joint,RS04,-0.007094,0.000000,-2.414486,0.0000,0.0000,-0.007094,-1.301213,-4.978714,30.00
5.964046,torque-chirp,knee_flexion_right_joint,RS04,-0.019366,0.000000,0.407031,0.0000,0.0000,-0.019366,-1.614328,-3.048759,30.00
5.972042,torque-chirp,knee_flexion_right_joint,RS04,-0.033940,0.000000,3.167107,0.0000,0.0000,-0.033940,-1.895399,-1.961090,30.00
5.980035,torque-chirp,knee_flexion_right_joint,RS04,-0.049280,0.000000,5.569308,0.0000,0.0000,-0.049280,-1.959945,-0.800186,30.00
5.988020,torque-chirp,knee_flexion_right_joint,RS04,-0.064620,0.000000,7.340079,0.0000,0.0000,-0.064620,-1.890821,0.481583,30.00
5.996013,torque-chirp,knee_flexion_right_joint,RS04,-0.078810,0.000000,8.280237,0.0000,0.0000,-0.078810,-1.613413,1.276260,30.00
6.004011,torque-chirp,knee_flexion_right_joint,RS04,-0.088780,0.000000,8.278695,0.0000,0.0000,-0.088780,-1.132753,3.521179,30.00
6.012006,torque-chirp,knee_flexion_right_joint,RS04,-0.094533,0.000000,7.333131,0.0000,0.0000,-0.094533,-0.479973,4.520943,29.00
6.020002,torque-chirp,knee_flexion_right_joint,RS04,-0.095300,0.000000,5.549581,0.0000,0.0000,-0.095300,0.120623,4.857857,30.00
6.028003,torque-chirp,knee_flexion_right_joint,RS04,-0.091465,0.000000,3.128211,0.0000,0.0000,-0.091465,0.747767,4.839546,30.00
6.036002,torque-chirp,knee_flexion_right_joint,RS04,-0.084562,0.000000,0.347195,0.0000,0.0000,-0.084562,0.945525,3.360046,30.00
6.044002,torque-chirp,knee_flexion_right_joint,RS04,-0.075358,0.000000,-2.475836,0.0000,0.0000,-0.075358,1.263218,1.873199,29.00
6.052002,torque-chirp,knee_flexion_right_joint,RS04,-0.064620,0.000000,-5.016484,0.0000,0.0000,-0.064620,1.352484,1.283585,30.00
6.060001,torque-chirp,knee_flexion_right_joint,RS04,-0.054265,0.000000,-6.980899,0.0000,0.0000,-0.054265,1.282902,0.401001,30.00
6.068001,torque-chirp,knee_flexion_right_joint,RS04,-0.044678,0.000000,-8.142018,0.0000,0.0000,-0.044678,1.079651,-1.737701,30.00
6.076001,torque-chirp,knee_flexion_right_joint,RS04,-0.037775,0.000000,-8.363643,0.0000,0.0000,-0.037775,0.764249,-3.301445,30.00
6.084002,torque-chirp,knee_flexion_right_joint,RS04,-0.034707,0.000000,-7.618055,0.0000,0.0000,-0.034707,0.135271,-4.173035,30.00
6.092001,torque-chirp,knee_flexion_right_joint,RS04,-0.036625,0.000000,-5.989615,0.0000,0.0000,-0.036625,-0.420005,-5.088577,30.00
6.100001,torque-chirp,knee_flexion_right_joint,RS04,-0.042377,0.000000,-3.665452,0.0000,0.0000,-0.042377,-0.883268,-4.993362,30.00
6.108003,torque-chirp,knee_flexion_right_joint,RS04,-0.051965,0.000000,-0.913093,0.0000,0.0000,-0.051965,-1.329138,-3.499199,30.00
6.116002,torque-chirp,knee_flexion_right_joint,RS04,-0.063852,0.000000,1.946415,0.0000,0.0000,-0.063852,-1.522774,-2.407875,30.00
6.124002,torque-chirp,knee_flexion_right_joint,RS04,-0.076892,0.000000,4.581846,0.0000,0.0000,-0.076892,-1.596475,-1.902496,30.00
6.132001,torque-chirp,knee_flexion_right_joint,RS04,-0.089931,0.000000,6.684056,0.0000,0.0000,-0.089931,-1.597390,0.272827,30.00
6.140002,torque-chirp,knee_flexion_right_joint,RS04,-0.102203,0.000000,8.007250,0.0000,0.0000,-0.102203,-1.547035,0.715958,30.00
6.148002,torque-chirp,knee_flexion_right_joint,RS04,-0.112174,0.000000,8.394316,0.0000,0.0000,-0.112174,-1.062715,2.389572,30.00
6.156064,torque-chirp,knee_flexion_right_joint,RS04,-0.117543,0.000000,7.789722,0.0000,0.0000,-0.117543,-0.490959,4.048523,30.00
6.164011,torque-chirp,knee_flexion_right_joint,RS04,-0.117927,0.000000,6.284273,0.0000,0.0000,-0.117927,0.113756,4.747993,30.00
6.172003,torque-chirp,knee_flexion_right_joint,RS04,-0.113708,0.000000,4.034190,0.0000,0.0000,-0.113708,0.749141,4.099792,30.00
6.180002,torque-chirp,knee_flexion_right_joint,RS04,-0.104887,0.000000,1.306962,0.0000,0.0000,-0.104887,1.249027,3.543152,30.00
6.188002,torque-chirp,knee_flexion_right_joint,RS04,-0.092999,0.000000,-1.576946,0.0000,0.0000,-0.092999,1.510872,3.286804,30.00
6.196001,torque-chirp,knee_flexion_right_joint,RS04,-0.080344,0.000000,-4.276362,0.0000,0.0000,-0.080344,1.540627,1.199356,30.00
6.204001,torque-chirp,knee_flexion_right_joint,RS04,-0.066920,0.000000,-6.472732,0.0000,0.0000,-0.066920,1.677958,0.324097,30.00
6.212000,torque-chirp,knee_flexion_right_joint,RS04,-0.053882,0.000000,-7.904246,0.0000,0.0000,-0.053882,1.575417,-0.459602,30.00
6.220039,torque-chirp,knee_flexion_right_joint,RS04,-0.043144,0.000000,-8.399975,0.0000,0.0000,-0.043144,1.158846,-2.905930,30.00
6.228260,torque-chirp,knee_flexion_right_joint,RS04,-0.035857,0.000000,-7.866312,0.0000,0.0000,-0.035857,0.679561,-4.176697,30.00
6.236030,torque-chirp,knee_flexion_right_joint,RS04,-0.033557,0.000000,-6.451784,0.0000,0.0000,-0.033557,0.030441,-4.729683,29.00
6.244013,torque-chirp,knee_flexion_right_joint,RS04,-0.036241,0.000000,-4.244348,0.0000,0.0000,-0.036241,-0.498741,-4.619820,30.00
6.252006,torque-chirp,knee_flexion_right_joint,RS04,-0.042377,0.000000,-1.528220,0.0000,0.0000,-0.042377,-0.883268,-4.411072,30.00
6.260010,torque-chirp,knee_flexion_right_joint,RS04,-0.051197,0.000000,1.376149,0.0000,0.0000,-0.051197,-1.239414,-2.840012,30.00
6.268002,torque-chirp,knee_flexion_right_joint,RS04,-0.061169,0.000000,4.114088,0.0000,0.0000,-0.061169,-1.345617,-1.338524,30.00
6.276000,torque-chirp,knee_flexion_right_joint,RS04,-0.071906,0.000000,6.363640,0.0000,0.0000,-0.071906,-1.358892,-1.056534,30.00
6.284086,torque-chirp,knee_flexion_right_joint,RS04,-0.081878,0.000000,7.863359,0.0000,0.0000,-0.081878,-1.204166,0.697647,30.00
6.292069,torque-chirp,knee_flexion_right_joint,RS04,-0.089931,0.000000,8.399417,0.0000,0.0000,-0.089931,-0.901121,2.847336,30.00
6.300062,torque-chirp,knee_flexion_right_joint,RS04,-0.094533,0.000000,7.928954,0.0000,0.0000,-0.094533,-0.359121,3.876404,30.00
6.308017,torque-chirp,knee_flexion_right_joint,RS04,-0.094150,0.000000,6.513681,0.0000,0.0000,-0.094150,0.276722,4.997017,30.00
6.316001,torque-chirp,knee_flexion_right_joint,RS04,-0.089547,0.000000,4.311460,0.0000,0.0000,-0.089547,0.731746,5.008003,30.00
6.324001,torque-chirp,knee_flexion_right_joint,RS04,-0.081494,0.000000,1.583567,0.0000,0.0000,-0.081494,1.193178,4.162048,30.00
6.332002,torque-chirp,knee_flexion_right_joint,RS04,-0.069605,0.000000,-1.338023,0.0000,0.0000,-0.069605,1.622568,2.719162,30.00
6.339999,torque-chirp,knee_flexion_right_joint,RS04,-0.056566,0.000000,-4.098499,0.0000,0.0000,-0.056566,1.640879,2.279694,30.00
6.351998,torque-chirp,knee_flexion_right_joint,RS04,-0.037775,0.000000,-7.222322,0.0000,0.0000,-0.037775,1.594645,-0.192261,30.00
6.360005,torque-chirp,knee_flexion_right_joint,RS04,-0.024736,0.000000,-8.256505,0.0000,0.0000,-0.024736,1.552528,-0.199585,30.00
6.368000,torque-chirp,knee_flexion_right_joint,RS04,-0.014765,0.000000,-8.285375,0.0000,0.0000,-0.014765,1.061340,-3.034103,30.00
6.376005,torque-chirp,knee_flexion_right_joint,RS04,-0.009396,0.000000,-7.304009,0.0000,0.0000,-0.009396,0.447014,-4.546577,30.00
6.384004,torque-chirp,knee_flexion_right_joint,RS04,-0.008629,0.000000,-5.430955,0.0000,0.0000,-0.008629,-0.163196,-5.084915,30.00
6.392005,torque-chirp,knee_flexion_right_joint,RS04,-0.012080,0.000000,-2.892262,0.0000,0.0000,-0.012080,-0.563745,-4.462349,30.00
6.400002,torque-chirp,knee_flexion_right_joint,RS04,-0.018983,0.000000,0.000816,0.0000,0.0000,-0.018983,-1.033418,-2.953537,30.00
6.408002,torque-chirp,knee_flexion_right_joint,RS04,-0.028955,0.000000,2.896923,0.0000,0.0000,-0.028955,-1.265050,-1.745026,30.00
6.416002,torque-chirp,knee_flexion_right_joint,RS04,-0.039693,0.000000,5.439138,0.0000,0.0000,-0.039693,-1.272832,-1.715729,30.00
6.424002,torque-chirp,knee_flexion_right_joint,RS04,-0.049664,0.000000,7.314603,0.0000,0.0000,-0.049664,-1.215153,0.155640,30.00
6.432002,torque-chirp,knee_flexion_right_joint,RS04,-0.058101,0.000000,8.291017,0.0000,0.0000,-0.058101,-1.007324,2.136871,30.00
6.440002,torque-chirp,knee_flexion_right_joint,RS04,-0.063852,0.000000,8.246044,0.0000,0.0000,-0.063852,-0.549095,3.242844,30.00
6.448002,torque-chirp,knee_flexion_right_joint,RS04,-0.065387,0.000000,7.183300,0.0000,0.0000,-0.065387,0.118334,4.403755,30.00
6.456001,torque-chirp,knee_flexion_right_joint,RS04,-0.061935,0.000000,5.232134,0.0000,0.0000,-0.061935,0.566033,4.927437,30.00
6.464003,torque-chirp,knee_flexion_right_joint,RS04,-0.054648,0.000000,2.630863,0.0000,0.0000,-0.054648,1.043488,4.747993,30.00
6.472002,torque-chirp,knee_flexion_right_joint,RS04,-0.044294,0.000000,-0.297167,0.0000,0.0000,-0.044294,1.395056,3.382019,30.00
6.480000,torque-chirp,knee_flexion_right_joint,RS04,-0.031639,0.000000,-3.190371,0.0000,0.0000,-0.031639,1.639963,2.180817,30.00
6.488002,torque-chirp,knee_flexion_right_joint,RS04,-0.017833,0.000000,-5.689556,0.0000,0.0000,-0.017833,1.690775,0.884415,30.00
6.496002,torque-chirp,knee_flexion_right_joint,RS04,-0.004794,0.000000,-7.481914,0.0000,0.0000,-0.004794,1.609751,-0.844131,30.00
6.504002,torque-chirp,knee_flexion_right_joint,RS04,0.007478,0.000000,-8.342661,0.0000,0.0000,0.007478,1.418859,-1.148087,30.00
6.512002,torque-chirp,knee_flexion_right_joint,RS04,0.015532,0.000000,-8.162531,0.0000,0.0000,0.015532,0.733119,-3.089043,30.00
6.520002,torque-chirp,knee_flexion_right_joint,RS04,0.018600,0.000000,-6.961880,0.0000,0.0000,0.018600,0.160906,-4.802925,30.00
6.528002,torque-chirp,knee_flexion_right_joint,RS04,0.017066,0.000000,-4.888948,0.0000,0.0000,0.017066,-0.380178,-5.165482,30.00
6.536002,torque-chirp,knee_flexion_right_joint,RS04,0.010930,0.000000,-2.201451,0.0000,0.0000,0.010930,-0.936828,-3.803162,30.00
6.544002,torque-chirp,knee_flexion_right_joint,RS04,0.000958,0.000000,0.764080,0.0000,0.0000,0.000958,-1.407415,-2.946213,30.00
6.552002,torque-chirp,knee_flexion_right_joint,RS04,-0.010546,0.000000,3.635504,0.0000,0.0000,-0.010546,-1.444495,-2.371254,30.00
6.560000,torque-chirp,knee_flexion_right_joint,RS04,-0.022818,0.000000,6.050539,0.0000,0.0000,-0.022818,-1.439918,-0.005493,30.00
6.568001,torque-chirp,knee_flexion_right_joint,RS04,-0.034707,0.000000,7.705581,0.0000,0.0000,-0.034707,-1.492103,0.481583,30.00
6.576001,torque-chirp,knee_flexion_right_joint,RS04,-0.045061,0.000000,8.388537,0.0000,0.0000,-0.045061,-1.177615,1.664459,30.00
6.584000,torque-chirp,knee_flexion_right_joint,RS04,-0.051197,0.000000,8.011647,0.0000,0.0000,-0.051197,-0.601739,3.667664,30.00
6.592000,torque-chirp,knee_flexion_right_joint,RS04,-0.052732,0.000000,6.620340,0.0000,0.0000,-0.052732,0.058365,4.773628,30.00
6.600000,torque-chirp,knee_flexion_right_joint,RS04,-0.049664,0.000000,4.388834,0.0000,0.0000,-0.049664,0.554132,5.377892,30.00
6.608001,torque-chirp,knee_flexion_right_joint,RS04,-0.042761,0.000000,1.598628,0.0000,0.0000,-0.042761,1.079193,4.000916,30.00
6.616000,torque-chirp,knee_flexion_right_joint,RS04,-0.031256,0.000000,-1.396492,0.0000,0.0000,-0.031256,1.527351,2.986496,30.00
6.624000,torque-chirp,knee_flexion_right_joint,RS04,-0.018983,0.000000,-4.215703,0.0000,0.0000,-0.018983,1.507668,1.968414,30.00
6.632001,torque-chirp,knee_flexion_right_joint,RS04,-0.007094,0.000000,-6.500055,0.0000,0.0000,-0.007094,1.414740,-0.086060,30.00
6.640000,torque-chirp,knee_flexion_right_joint,RS04,0.004794,0.000000,-7.955614,0.0000,0.0000,0.004794,1.482491,-0.466927,30.00
6.648000,torque-chirp,knee_flexion_right_joint,RS04,0.014765,0.000000,-8.395479,0.0000,0.0000,0.014765,1.066833,-2.177162,30.00
6.656002,torque-chirp,knee_flexion_right_joint,RS04,0.020134,0.000000,-7.760712,0.0000,0.0000,0.020134,0.411766,-3.891052,30.00
6.664003,torque-chirp,knee_flexion_right_joint,RS04,0.020901,0.000000,-6.130489,0.0000,0.0000,0.020901,-0.116961,-4.982376,30.00
6.672097,torque-chirp,knee_flexion_right_joint,RS04,0.017833,0.000000,-3.680360,0.0000,0.0000,0.017833,-0.652552,-5.099564,30.00
6.680014,torque-chirp,knee_flexion_right_joint,RS04,0.009396,0.000000,-0.811521,0.0000,0.0000,0.009396,-1.188601,-3.081718,30.00
6.688004,torque-chirp,knee_flexion_right_joint,RS04,-0.001726,0.000000,2.188614,0.0000,0.0000,-0.001726,-1.443580,-2.741135,30.00
6.696002,torque-chirp,knee_flexion_right_joint,RS04,-0.013230,0.000000,4.911564,0.0000,0.0000,-0.013230,-1.458686,-1.712067,30.00
6.704000,torque-chirp,knee_flexion_right_joint,RS04,-0.024736,0.000000,7.002797,0.0000,0.0000,-0.024736,-1.462348,0.309448,30.00
6.712001,torque-chirp,knee_flexion_right_joint,RS04,-0.035857,0.000000,8.191081,0.0000,0.0000,-0.035857,-1.241245,0.877090,30.00
6.720002,torque-chirp,knee_flexion_right_joint,RS04,-0.043911,0.000000,8.319736,0.0000,0.0000,-0.043911,-0.777981,2.660568,30.00
6.728001,torque-chirp,knee_flexion_right_joint,RS04,-0.047362,0.000000,7.370404,0.0000,0.0000,-0.047362,-0.197070,4.033875,30.00
6.736000,torque-chirp,knee_flexion_right_joint,RS04,-0.045829,0.000000,5.464330,0.0000,0.0000,-0.045829,0.437401,4.854195,30.00
6.744000,torque-chirp,knee_flexion_right_joint,RS04,-0.038925,0.000000,2.846255,0.0000,0.0000,-0.038925,0.985351,4.019226,30.00
6.752001,torque-chirp,knee_flexion_right_joint,RS04,-0.028188,0.000000,-0.143841,0.0000,0.0000,-0.028188,1.519112,3.473572,30.00
6.760000,torque-chirp,knee_flexion_right_joint,RS04,-0.015532,0.000000,-3.116876,0.0000,0.0000,-0.015532,1.530556,2.389572,30.00
6.768001,torque-chirp,knee_flexion_right_joint,RS04,-0.002876,0.000000,-5.685437,0.0000,0.0000,-0.002876,1.729229,0.525528,30.00
6.776002,torque-chirp,knee_flexion_right_joint,RS04,0.010162,0.000000,-7.512856,0.0000,0.0000,0.010162,1.668344,0.357056,30.00
6.784002,torque-chirp,knee_flexion_right_joint,RS04,0.021667,0.000000,-8.358102,0.0000,0.0000,0.021667,1.379950,-2.158852,30.00
6.792003,torque-chirp,knee_flexion_right_joint,RS04,0.030871,0.000000,-8.108670,0.0000,0.0000,0.030871,0.975738,-3.447929,30.00
6.800001,torque-chirp,knee_flexion_right_joint,RS04,0.034706,0.000000,-6.795435,0.0000,0.0000,0.034706,0.257496,-4.282898,30.00
6.808002,torque-chirp,knee_flexion_right_joint,RS04,0.033556,0.000000,-4.588086,0.0000,0.0000,0.033556,-0.410392,-5.008011,29.00
6.816001,torque-chirp,knee_flexion_right_joint,RS04,0.028187,0.000000,-1.776323,0.0000,0.0000,0.028187,-0.856260,-4.656441,30.00
6.824002,torque-chirp,knee_flexion_right_joint,RS04,0.019750,0.000000,1.272193,0.0000,0.0000,0.019750,-1.179904,-3.063408,30.00
6.832002,torque-chirp,knee_flexion_right_joint,RS04,0.009396,0.000000,4.154218,0.0000,0.0000,0.009396,-1.342871,-0.957657,30.00
6.840000,torque-chirp,knee_flexion_right_joint,RS04,-0.001342,0.000000,6.489223,0.0000,0.0000,-0.001342,-1.387274,-0.756241,30.00
6.848001,torque-chirp,knee_flexion_right_joint,RS04,-0.011313,0.000000,7.967943,0.0000,0.0000,-0.011313,-1.094759,0.236206,30.00
6.856035,torque-chirp,knee_flexion_right_joint,RS04,-0.019366,0.000000,8.391329,0.0000,0.0000,-0.019366,-0.799039,2.536057,30.00
6.864027,torque-chirp,knee_flexion_right_joint,RS04,-0.023585,0.000000,7.699138,0.0000,0.0000,-0.023585,-0.330282,4.140076,30.00
6.872013,torque-chirp,knee_flexion_right_joint,RS04,-0.023201,0.000000,5.987421,0.0000,0.0000,-0.023201,0.212635,5.081245,30.00
6.880007,torque-chirp,knee_flexion_right_joint,RS04,-0.018983,0.000000,3.478405,0.0000,0.0000,-0.018983,0.783475,4.700386,30.00
6.888004,torque-chirp,knee_flexion_right_joint,RS04,-0.010546,0.000000,0.503619,0.0000,0.0000,-0.010546,1.176241,3.854431,30.00
6.896004,torque-chirp,knee_flexion_right_joint,RS04,0.000575,0.000000,-2.541158,0.0000,0.0000,0.000575,1.519569,2.440842,30.00
6.903996,torque-chirp,knee_flexion_right_joint,RS04,0.012847,0.000000,-5.246000,0.0000,0.0000,0.012847,1.486610,1.550934,30.00
6.912002,torque-chirp,knee_flexion_right_joint,RS04,0.023969,0.000000,-7.255138,0.0000,0.0000,0.023969,1.473335,-0.514534,30.00
6.920003,torque-chirp,knee_flexion_right_joint,RS04,0.034706,0.000000,-8.292639,0.0000,0.0000,0.034706,1.236210,-1.126114,29.00
6.928003,torque-chirp,knee_flexion_right_joint,RS04,0.042377,0.000000,-8.218515,0.0000,0.0000,0.042377,0.788968,-2.583664,30.00
6.936004,torque-chirp,knee_flexion_right_joint,RS04,0.045061,0.000000,-7.040871,0.0000,0.0000,0.045061,0.028152,-3.986267,30.00
6.944002,torque-chirp,knee_flexion_right_joint,RS04,0.041993,0.000000,-4.916269,0.0000,0.0000,0.041993,-0.595788,-4.411072,30.00
6.952002,torque-chirp,knee_flexion_right_joint,RS04,0.035089,0.000000,-2.127949,0.0000,0.0000,0.035089,-1.071412,-3.905701,30.00
6.960001,torque-chirp,knee_flexion_right_joint,RS04,0.024352,0.000000,0.948387,0.0000,0.0000,0.024352,-1.443122,-3.480888,30.00
6.972024,torque-chirp,knee_flexion_right_joint,RS04,0.005177,0.000000,5.207529,0.0000,0.0000,0.005177,-1.720988,-1.459373,30.00
6.980015,torque-chirp,knee_flexion_right_joint,RS04,-0.008245,0.000000,7.236632,0.0000,0.0000,-0.008245,-1.665140,-1.250633,30.00
6.988010,torque-chirp,knee_flexion_right_joint,RS04,-0.021284,0.000000,8.289212,0.0000,0.0000,-0.021284,-1.607461,1.503326,30.00
6.996009,torque-chirp,knee_flexion_right_joint,RS04,-0.032022,0.000000,8.219320,0.0000,0.0000,-0.032022,-1.221104,2.938889,30.00
7.004009,torque-chirp,knee_flexion_right_joint,RS04,-0.038158,0.000000,7.033271,0.0000,0.0000,-0.038158,-0.426871,3.773865,30.00
7.012007,torque-chirp,knee_flexion_right_joint,RS04,-0.037775,0.000000,4.890399,0.0000,0.0000,-0.037775,0.275349,4.370796,30.00
7.020006,torque-chirp,knee_flexion_right_joint,RS04,-0.032789,0.000000,2.080352,0.0000,0.0000,-0.032789,0.752803,4.557564,30.00
7.028012,torque-chirp,knee_flexion_right_joint,RS04,-0.025503,0.000000,-1.017963,0.0000,0.0000,-0.025503,1.030212,3.737244,30.00
7.036009,torque-chirp,knee_flexion_right_joint,RS04,-0.016682,0.000000,-3.975968,0.0000,0.0000,-0.016682,1.134584,1.737701,30.00
7.044004,torque-chirp,knee_flexion_right_joint,RS04,-0.007094,0.000000,-6.392035,0.0000,0.0000,-0.007094,1.211489,0.005493,30.00
7.052001,torque-chirp,knee_flexion_right_joint,RS04,0.002110,0.000000,-7.936012,0.0000,0.0000,0.002110,1.114443,-0.620735,30.00
7.060002,torque-chirp,knee_flexion_right_joint,RS04,0.009779,0.000000,-8.393747,0.0000,0.0000,0.009779,0.870450,-1.840240,30.00
7.068002,torque-chirp,knee_flexion_right_joint,RS04,0.013230,0.000000,-7.699459,0.0000,0.0000,0.013230,0.182880,-3.458916,30.00
7.076001,torque-chirp,knee_flexion_right_joint,RS04,0.010930,0.000000,-5.946757,0.0000,0.0000,0.010930,-0.542229,-4.473335,30.00
7.084001,torque-chirp,knee_flexion_right_joint,RS04,0.003643,0.000000,-3.374165,0.0000,0.0000,0.003643,-1.114443,-4.260925,30.00
7.092000,torque-chirp,knee_flexion_right_joint,RS04,-0.007478,0.000000,-0.335316,0.0000,0.0000,-0.007478,-1.506752,-4.110779,30.00
7.099998,torque-chirp,knee_flexion_right_joint,RS04,-0.020901,0.000000,2.751327,0.0000,0.0000,-0.020901,-1.775921,-2.005035,30.00
7.108000,torque-chirp,knee_flexion_right_joint,RS04,-0.035857,0.000000,5.461164,0.0000,0.0000,-0.035857,-1.910964,-1.312889,30.00
7.116001,torque-chirp,knee_flexion_right_joint,RS04,-0.050047,0.000000,7.416485,0.0000,0.0000,-0.050047,-1.753948,-0.023804,30.00
7.124001,torque-chirp,knee_flexion_right_joint,RS04,-0.063086,0.000000,8.345208,0.0000,0.0000,-0.063086,-1.578622,1.697418,30.00
7.131999,torque-chirp,knee_flexion_right_joint,RS04,-0.073056,0.000000,8.116914,0.0000,0.0000,-0.073056,-1.025636,2.686203,30.00
7.139999,torque-chirp,knee_flexion_right_joint,RS04,-0.077660,0.000000,6.760919,0.0000,0.0000,-0.077660,-0.299153,3.894714,30.00
7.148001,torque-chirp,knee_flexion_right_joint,RS04,-0.076125,0.000000,4.462947,0.0000,0.0000,-0.076125,0.349051,4.487984,30.00
7.156000,torque-chirp,knee_flexion_right_joint,RS04,-0.070756,0.000000,1.542638,0.0000,0.0000,-0.070756,0.846646,4.297554,30.00
7.164001,torque-chirp,knee_flexion_right_joint,RS04,-0.061552,0.000000,-1.595344,0.0000,0.0000,-0.061552,1.230257,2.986496,30.00
7.171999,torque-chirp,knee_flexion_right_joint,RS04,-0.051197,0.000000,-4.511552,0.0000,0.0000,-0.051197,1.278782,1.777985,30.00
7.180077,torque-chirp,knee_flexion_right_joint,RS04,-0.040843,0.000000,-6.817567,0.0000,0.0000,-0.040843,1.320438,-0.239876,30.00
7.188009,torque-chirp,knee_flexion_right_joint,RS04,-0.030489,0.000000,-8.137566,0.0000,0.0000,-0.030489,1.332798,-0.811172,30.00
7.196003,torque-chirp,knee_flexion_right_joint,RS04,-0.022051,0.000000,-8.333578,0.0000,0.0000,-0.022051,0.871366,-2.316322,30.00
7.204002,torque-chirp,knee_flexion_right_joint,RS04,-0.018983,0.000000,-7.360538,0.0000,0.0000,-0.018983,0.160448,-3.711609,30.00
7.212002,torque-chirp,knee_flexion_right_joint,RS04,-0.021284,0.000000,-5.351833,0.0000,0.0000,-0.021284,-0.428702,-4.751656,30.00
7.219999,torque-chirp,knee_flexion_right_joint,RS04,-0.028188,0.000000,-2.589755,0.0000,0.0000,-0.028188,-0.987640,-4.498970,30.00
7.228001,torque-chirp,knee_flexion_right_joint,RS04,-0.038925,0.000000,0.540695,0.0000,0.0000,-0.038925,-1.425726,-4.019226,30.00
7.235999,torque-chirp,knee_flexion_right_joint,RS04,-0.051197,0.000000,3.595571,0.0000,0.0000,-0.051197,-1.669718,-1.770660,30.00
7.244000,torque-chirp,knee_flexion_right_joint,RS04,-0.064620,0.000000,6.145284,0.0000,0.0000,-0.064620,-1.609750,-0.631721,30.00
7.252022,torque-chirp,knee_flexion_right_joint,RS04,-0.077276,0.000000,7.829694,0.0000,0.0000,-0.077276,-1.507668,-0.214233,30.00
7.260001,torque-chirp,knee_flexion_right_joint,RS04,-0.087630,0.000000,8.399788,0.0000,0.0000,-0.087630,-1.317693,2.429855,30.00
7.267997,torque-chirp,knee_flexion_right_joint,RS04,-0.095683,0.000000,7.782104,0.0000,0.0000,-0.095683,-0.757839,3.781189,30.00
7.276000,torque-chirp,knee_flexion_right_joint,RS04,-0.097984,0.000000,6.057781,0.0000,0.0000,-0.097984,-0.067063,4.440376,30.00
7.284000,torque-chirp,knee_flexion_right_joint,RS04,-0.095300,0.000000,3.470878,0.0000,0.0000,-0.095300,0.432823,4.616158,30.00
7.292001,torque-chirp,knee_flexion_right_joint,RS04,-0.089547,0.000000,0.387594,0.0000,0.0000,-0.089547,0.824216,4.048523,30.00
7.299999,torque-chirp,knee_flexion_right_joint,RS04,-0.081878,0.000000,-2.751902,0.0000,0.0000,-0.081878,0.995421,2.484787,30.00
7.308000,torque-chirp,knee_flexion_right_joint,RS04,-0.073056,0.000000,-5.501350,0.0000,0.0000,-0.073056,1.190889,0.499893,30.00
7.316000,torque-chirp,knee_flexion_right_joint,RS04,-0.063469,0.000000,-7.465355,0.0000,0.0000,-0.063469,1.193636,0.261841,30.00
7.324001,torque-chirp,knee_flexion_right_joint,RS04,-0.055033,0.000000,-8.361810,0.0000,0.0000,-0.055033,0.953765,-1.034561,30.00
7.331998,torque-chirp,knee_flexion_right_joint,RS04,-0.050430,0.000000,-8.060059,0.0000,0.0000,-0.050430,0.363699,-3.180595,30.00
7.339999,torque-chirp,knee_flexion_right_joint,RS04,-0.050430,0.000000,-6.600932,0.0000,0.0000,-0.050430,-0.262074,-4.246277,30.00
7.348000,torque-chirp,knee_flexion_right_joint,RS04,-0.055416,0.000000,-4.191993,0.0000,0.0000,-0.055416,-0.859007,-4.616158,30.00
7.355999,torque-chirp,knee_flexion_right_joint,RS04,-0.065003,0.000000,-1.178307,0.0000,0.0000,-0.065003,-1.383612,-3.682312,30.00
7.363999,torque-chirp,knee_flexion_right_joint,RS04,-0.076892,0.000000,2.007146,0.0000,0.0000,-0.076892,-1.584573,-3.374687,30.00
7.371998,torque-chirp,knee_flexion_right_joint,RS04,-0.089931,0.000000,4.904786,0.0000,0.0000,-0.089931,-1.672923,-0.866104,30.00
7.379998,torque-chirp,knee_flexion_right_joint,RS04,-0.103354,0.000000,7.095483,0.0000,0.0000,-0.103354,-1.727855,-0.734268,30.00
7.388000,torque-chirp,knee_flexion_right_joint,RS04,-0.116009,0.000000,8.261388,0.0000,0.0000,-0.116009,-1.472877,1.071182,29.00
7.395999,torque-chirp,knee_flexion_right_joint,RS04,-0.125980,0.000000,8.230807,0.0000,0.0000,-0.125980,-1.111696,3.279465,30.00
7.403999,torque-chirp,knee_flexion_right_joint,RS04,-0.132116,0.000000,7.006417,0.0000,0.0000,-0.132116,-0.496910,4.019226,30.00
7.411999,torque-chirp,knee_flexion_right_joint,RS04,-0.131733,0.000000,4.763422,0.0000,0.0000,-0.131733,0.309225,4.476997,30.00
7.420000,torque-chirp,knee_flexion_right_joint,RS04,-0.127898,0.000000,1.825993,0.0000,0.0000,-0.127898,0.608605,4.513618,30.00
7.427999,torque-chirp,knee_flexion_right_joint,RS04,-0.121378,0.000000,-1.378542,0.0000,0.0000,-0.121378,0.914855,3.491882,30.00
7.435999,torque-chirp,knee_flexion_right_joint,RS04,-0.112557,0.000000,-4.384269,0.0000,0.0000,-0.112557,1.126802,1.353165,30.00
7.444003,torque-chirp,knee_flexion_right_joint,RS04,-0.103354,0.000000,-6.752993,0.0000,0.0000,-0.103354,1.173494,0.064087,30.00
7.452003,torque-chirp,knee_flexion_right_joint,RS04,-0.094533,0.000000,-8.134388,0.0000,0.0000,-0.094533,1.084686,-0.364388,30.00
7.460003,torque-chirp,knee_flexion_right_joint,RS04,-0.088397,0.000000,-8.325933,0.0000,0.0000,-0.088397,0.632409,-2.250404,30.00
7.468001,torque-chirp,knee_flexion_right_joint,RS04,-0.086864,0.000000,-7.297648,0.0000,0.0000,-0.086864,-0.059739,-3.971619,30.00
7.476001,torque-chirp,knee_flexion_right_joint,RS04,-0.090698,0.000000,-5.197895,0.0000,0.0000,-0.090698,-0.734493,-4.334167,30.00
7.484001,torque-chirp,knee_flexion_right_joint,RS04,-0.098751,0.000000,-2.332990,0.0000,0.0000,-0.098751,-1.207371,-4.729683,30.00
7.492002,torque-chirp,knee_flexion_right_joint,RS04,-0.109873,0.000000,0.877503,0.0000,0.0000,-0.109873,-1.475623,-3.905701,30.00
7.500001,torque-chirp,knee_flexion_right_joint,RS04,-0.122912,0.000000,3.960275,0.0000,0.0000,-0.122912,-1.742962,-1.254295,30.00
7.508002,torque-chirp,knee_flexion_right_joint,RS04,-0.136719,0.000000,6.460877,0.0000,0.0000,-0.136719,-1.686656,-1.104141,30.00
7.516001,torque-chirp,knee_flexion_right_joint,RS04,-0.149757,0.000000,8.008475,0.0000,0.0000,-0.149757,-1.553445,0.554825,30.00
7.524001,torque-chirp,knee_flexion_right_joint,RS04,-0.160878,0.000000,8.372805,0.0000,0.0000,-0.160878,-1.321356,2.433517,30.00
7.532001,torque-chirp,knee_flexion_right_joint,RS04,-0.168549,0.000000,7.497510,0.0000,0.0000,-0.168549,-0.691463,3.367371,30.00
7.540001,torque-chirp,knee_flexion_right_joint,RS04,-0.170082,0.000000,5.510038,0.0000,0.0000,-0.170082,0.149462,3.916687,30.00
7.547998,torque-chirp,knee_flexion_right_joint,RS04,-0.165864,0.000000,2.704352,0.0000,0.0000,-0.165864,0.704280,4.678413,30.00
7.556001,torque-chirp,knee_flexion_right_joint,RS04,-0.159345,0.000000,-0.507169,0.0000,0.0000,-0.159345,1.021515,3.964294,30.00
7.564001,torque-chirp,knee_flexion_right_joint,RS04,-0.150524,0.000000,-3.643793,0.0000,0.0000,-0.150524,1.143282,2.001373,30.00
7.572002,torque-chirp,knee_flexion_right_joint,RS04,-0.140553,0.000000,-6.239927,0.0000,0.0000,-0.140553,1.285648,0.086060,30.00
7.580000,torque-chirp,knee_flexion_right_joint,RS04,-0.130583,0.000000,-7.905750,0.0000,0.0000,-0.130583,1.212404,-0.499886,30.00
7.588001,torque-chirp,knee_flexion_right_joint,RS04,-0.122145,0.000000,-8.391757,0.0000,0.0000,-0.122145,0.913024,-1.719391,30.00
7.596000,torque-chirp,knee_flexion_right_joint,RS04,-0.117927,0.000000,-7.622809,0.0000,0.0000,-0.117927,0.304190,-3.539490,30.00
7.603999,torque-chirp,knee_flexion_right_joint,RS04,-0.118693,0.000000,-5.711695,0.0000,0.0000,-0.118693,-0.330740,-4.678413,30.00
7.612001,torque-chirp,knee_flexion_right_joint,RS04,-0.124447,0.000000,-2.941722,0.0000,0.0000,-0.124447,-0.919433,-4.147400,30.00
7.620000,torque-chirp,knee_flexion_right_joint,RS04,-0.134418,0.000000,0.270640,0.0000,0.0000,-0.134418,-1.391851,-3.953308,30.00
7.627999,torque-chirp,knee_flexion_right_joint,RS04,-0.145538,0.000000,3.444226,0.0000,0.0000,-0.145538,-1.454108,-2.642258,30.00
7.635999,torque-chirp,knee_flexion_right_joint,RS04,-0.157810,0.000000,6.101458,0.0000,0.0000,-0.157810,-1.514076,-0.181274,30.00
7.643999,torque-chirp,knee_flexion_right_joint,RS04,-0.170082,0.000000,7.840806,0.0000,0.0000,-0.170082,-1.475623,0.005493,30.00
7.651999,torque-chirp,knee_flexion_right_joint,RS04,-0.180054,0.000000,8.397559,0.0000,0.0000,-0.180054,-1.080110,1.609528,30.00
7.659998,torque-chirp,knee_flexion_right_joint,RS04,-0.186573,0.000000,7.685596,0.0000,0.0000,-0.186573,-0.627832,4.052185,30.00
7.668000,torque-chirp,knee_flexion_right_joint,RS04,-0.188107,0.000000,5.809771,0.0000,0.0000,-0.188107,0.013962,4.737007,30.00
7.676001,torque-chirp,knee_flexion_right_joint,RS04,-0.185423,0.000000,3.052289,0.0000,0.0000,-0.185423,0.566491,4.476997,30.00
7.684003,torque-chirp,knee_flexion_right_joint,RS04,-0.179287,0.000000,-0.170518,0.0000,0.0000,-0.179287,0.891051,3.301453,30.00
7.692498,torque-chirp,knee_flexion_right_joint,RS04,-0.169699,0.000000,-3.554290,0.0000,0.0000,-0.169699,1.294346,1.777985,30.00
7.700026,torque-chirp,knee_flexion_right_joint,RS04,-0.158961,0.000000,-6.062611,0.0000,0.0000,-0.158961,1.334171,1.536285,30.00
7.708008,torque-chirp,knee_flexion_right_joint,RS04,-0.148990,0.000000,-7.823881,0.0000,0.0000,-0.148990,1.195009,-0.573128,30.00
7.716004,torque-chirp,knee_flexion_right_joint,RS04,-0.140553,0.000000,-8.398264,0.0000,0.0000,-0.140553,0.928130,-2.440834,30.00
7.724005,torque-chirp,knee_flexion_right_joint,RS04,-0.134801,0.000000,-7.691245,0.0000,0.0000,-0.134801,0.466240,-3.861755,30.00
7.732003,torque-chirp,knee_flexion_right_joint,RS04,-0.133651,0.000000,-5.808606,0.0000,0.0000,-0.133651,-0.095903,-4.843208,30.00
7.740002,torque-chirp,knee_flexion_right_joint,RS04,-0.136719,0.000000,-3.036212,0.0000,0.0000,-0.136719,-0.455254,-5.355911,30.00
7.748003,torque-chirp,knee_flexion_right_joint,RS04,-0.142470,0.000000,0.204423,0.0000,0.0000,-0.142470,-0.841153,-4.180359,30.00
7.756001,torque-chirp,knee_flexion_right_joint,RS04,-0.150524,0.000000,3.413940,0.0000,0.0000,-0.150524,-1.121767,-2.056305,30.00
7.764002,torque-chirp,knee_flexion_right_joint,RS04,-0.159728,0.000000,6.102618,0.0000,0.0000,-0.159728,-1.227512,-0.397346,30.00
7.772046,torque-chirp,knee_flexion_right_joint,RS04,-0.169315,0.000000,7.859740,0.0000,0.0000,-0.169315,-1.110781,0.133667,30.00
7.780022,torque-chirp,knee_flexion_right_joint,RS04,-0.176219,0.000000,8.395339,0.0000,0.0000,-0.176219,-0.714808,1.316544,30.00
7.788012,torque-chirp,knee_flexion_right_joint,RS04,-0.179287,0.000000,7.641880,0.0000,0.0000,-0.179287,-0.121538,3.312439,30.00
7.796255,torque-chirp,knee_flexion_right_joint,RS04,-0.176986,0.000000,5.633067,0.0000,0.0000,-0.176986,0.533990,4.671089,30.00
7.804032,torque-chirp,knee_flexion_right_joint,RS04,-0.169699,0.000000,2.882120,0.0000,0.0000,-0.169699,1.113527,4.740669,30.00
7.812016,torque-chirp,knee_flexion_right_joint,RS04,-0.158578,0.000000,-0.378194,0.0000,0.0000,-0.158578,1.498055,4.125427,30.00
7.820014,torque-chirp,knee_flexion_right_joint,RS04,-0.145538,0.000000,-3.587837,0.0000,0.0000,-0.145538,1.636759,1.785309,30.00
7.828009,torque-chirp,knee_flexion_right_joint,RS04,-0.131350,0.000000,-6.241930,0.0000,0.0000,-0.131350,1.806133,0.921036,30.00
7.836010,torque-chirp,knee_flexion_right_joint,RS04,-0.117543,0.000000,-7.929690,0.0000,0.0000,-0.117543,1.655527,-0.349739,30.00
7.844004,torque-chirp,knee_flexion_right_joint,RS04,-0.105271,0.000000,-8.384609,0.0000,0.0000,-0.105271,1.453650,-2.605637,30.00
7.852002,torque-chirp,knee_flexion_right_joint,RS04,-0.095683,0.000000,-7.535053,0.0000,0.0000,-0.095683,0.992217,-3.605408,30.00
7.860002,torque-chirp,knee_flexion_right_joint,RS04,-0.091848,0.000000,-5.509659,0.0000,0.0000,-0.091848,0.219501,-3.924011,30.00
7.868001,torque-chirp,knee_flexion_right_joint,RS04,-0.093766,0.000000,-2.622917,0.0000,0.0000,-0.093766,-0.394370,-4.524605,30.00
7.876000,torque-chirp,knee_flexion_right_joint,RS04,-0.099135,0.000000,0.675542,0.0000,0.0000,-0.099135,-0.719844,-3.784851,30.00
7.884000,torque-chirp,knee_flexion_right_joint,RS04,-0.106038,0.000000,3.870181,0.0000,0.0000,-0.106038,-0.989014,-2.587326,30.00
7.892003,torque-chirp,knee_flexion_right_joint,RS04,-0.114475,0.000000,6.461329,0.0000,0.0000,-0.114475,-1.082398,-0.968643,30.00
7.900000,torque-chirp,knee_flexion_right_joint,RS04,-0.122145,0.000000,8.038316,0.0000,0.0000,-0.122145,-0.812314,1.279922,30.00
7.907999,torque-chirp,knee_flexion_right_joint,RS04,-0.128282,0.000000,8.354177,0.0000,0.0000,-0.128282,-0.657129,2.492111,30.00
7.916000,torque-chirp,knee_flexion_right_joint,RS04,-0.130966,0.000000,7.355628,0.0000,0.0000,-0.130966,-0.111467,4.118103,30.00
7.924006,torque-chirp,knee_flexion_right_joint,RS04,-0.128282,0.000000,5.196174,0.0000,0.0000,-0.128282,0.522087,4.879829,30.00
7.932008,torque-chirp,knee_flexion_right_joint,RS04,-0.122145,0.000000,2.216135,0.0000,0.0000,-0.122145,0.929046,4.601509,30.00
7.939999,torque-chirp,knee_flexion_right_joint,RS04,-0.112941,0.000000,-1.111433,0.0000,0.0000,-0.112941,1.342411,2.788742,30.00
7.947999,torque-chirp,knee_flexion_right_joint,RS04,-0.101052,0.000000,-4.268657,0.0000,0.0000,-0.101052,1.617533,1.543610,30.00
7.955999,torque-chirp,knee_flexion_right_joint,RS04,-0.088014,0.000000,-6.752130,0.0000,0.0000,-0.088014,1.594645,1.056534,30.00
7.963999,torque-chirp,knee_flexion_right_joint,RS04,-0.075742,0.000000,-8.166609,0.0000,0.0000,-0.075742,1.413824,-1.268944,30.00
7.976034,torque-chirp,knee_flexion_right_joint,RS04,-0.061935,0.000000,-7.839736,0.0000,0.0000,-0.061935,0.850766,-2.444496,30.00
7.984023,torque-chirp,knee_flexion_right_joint,RS04,-0.059251,0.000000,-6.040758,0.0000,0.0000,-0.059251,0.043259,-3.671326,30.00
7.992014,torque-chirp,knee_flexion_right_joint,RS04,-0.061169,0.000000,-3.281054,0.0000,0.0000,-0.061169,-0.479515,-4.791939,30.00
