t_s,maneuver,joint,model,cmd_pos,cmd_vel,cmd_tau,cmd_kp,cmd_kd,fb_pos,fb_vel,fb_tau,fb_temp
0.000001,torque-chirp,hip_abduction_right_joint,RS03,-0.001726,0.000000,0.000064,0.0000,0.0000,-0.001726,-0.079653,-0.000916,34.00
0.008063,torque-chirp,hip_abduction_right_joint,RS03,-0.001726,0.000000,0.850935,0.0000,0.0000,-0.001726,-0.049135,0.044861,34.00
0.016027,torque-chirp,hip_abduction_right_joint,RS03,-0.002110,0.000000,1.685300,0.0000,0.0000,-0.002110,-0.039980,0.059509,34.00
0.024019,torque-chirp,hip_abduction_right_joint,RS03,-0.001726,0.000000,2.507970,0.0000,0.0000,-0.001726,0.086977,0.297554,34.00
0.032018,torque-chirp,hip_abduction_right_joint,RS03,-0.000958,0.000000,3.307947,0.0000,0.0000,-0.000958,0.094912,0.650948,34.00
0.040064,torque-chirp,hip_abduction_right_joint,RS03,0.000575,0.000000,4.080475,0.0000,0.0000,0.000575,0.242008,1.101395,34.00
0.048018,torque-chirp,hip_abduction_right_joint,RS03,0.003260,0.000000,4.804100,0.0000,0.0000,0.003260,0.435493,1.482262,34.00
0.056020,torque-chirp,hip_abduction_right_joint,RS03,0.007862,0.000000,5.484106,0.0000,0.0000,0.007862,0.756542,1.756927,34.00
0.064024,torque-chirp,hip_abduction_right_joint,RS03,0.015532,0.000000,6.108308,0.0000,0.0000,0.015532,1.230793,2.238499,34.00
0.072019,torque-chirp,hip_abduction_right_joint,RS03,0.026269,0.000000,6.668945,0.0000,0.0000,0.026269,1.547569,2.758526,34.00
0.080018,torque-chirp,hip_abduction_right_joint,RS03,0.040842,0.000000,7.160457,0.0000,0.0000,0.040842,2.054169,2.886700,34.00
0.088018,torque-chirp,hip_abduction_right_joint,RS03,0.059635,0.000000,7.576590,0.0000,0.0000,0.059635,2.499123,3.723507,34.00
0.096018,torque-chirp,hip_abduction_right_joint,RS03,0.081494,0.000000,7.912163,0.0000,0.0000,0.081494,2.894028,4.313110,34.00
0.104017,torque-chirp,hip_abduction_right_joint,RS03,0.106038,0.000000,8.162858,0.0000,0.0000,0.106038,3.178453,5.246964,34.00
0.112016,torque-chirp,hip_abduction_right_joint,RS03,0.132882,0.000000,8.325146,0.0000,0.0000,0.132882,3.269398,6.453651,34.00
0.120013,torque-chirp,hip_abduction_right_joint,RS03,0.159346,0.000000,8.396534,0.0000,0.0000,0.159346,3.300526,7.656670,34.00
0.128013,torque-chirp,hip_abduction_right_joint,RS03,0.185423,0.000000,8.375448,0.0000,0.0000,0.185423,3.160753,8.189514,34.00
0.136016,torque-chirp,hip_abduction_right_joint,RS03,0.211117,0.000000,8.261229,0.0000,0.0000,0.211117,3.150988,9.165489,34.00
0.144013,torque-chirp,hip_abduction_right_joint,RS03,0.234510,0.000000,8.054541,0.0000,0.0000,0.234510,2.798809,9.359581,34.00
0.152014,torque-chirp,hip_abduction_right_joint,RS03,0.257138,0.000000,7.756690,0.0000,0.0000,0.257138,2.865337,8.863358,34.00
0.160014,torque-chirp,hip_abduction_right_joint,RS03,0.278997,0.000000,7.370363,0.0000,0.0000,0.278997,2.611429,8.947586,34.00
0.168015,torque-chirp,hip_abduction_right_joint,RS03,0.300857,0.000000,6.899150,0.0000,0.0000,0.300857,2.806744,7.799500,34.00
0.176012,torque-chirp,hip_abduction_right_joint,RS03,0.323483,0.000000,6.348109,0.0000,0.0000,0.323483,2.952621,6.790565,34.00
0.184013,torque-chirp,hip_abduction_right_joint,RS03,0.347645,0.000000,5.722262,0.0000,0.0000,0.347645,3.132067,6.321808,34.00
0.192013,torque-chirp,hip_abduction_right_joint,RS03,0.372955,0.000000,5.028636,0.0000,0.0000,0.372955,3.219959,5.814598,34.00
0.200015,torque-chirp,hip_abduction_right_joint,RS03,0.399799,0.000000,4.274446,0.0000,0.0000,0.399799,3.342640,4.996109,34.00
0.208015,torque-chirp,hip_abduction_right_joint,RS03,0.427411,0.000000,3.468405,0.0000,0.0000,0.427411,3.426262,4.585945,34.00
0.216015,torque-chirp,hip_abduction_right_joint,RS03,0.455025,0.000000,2.619358,0.0000,0.0000,0.455025,3.414665,4.402832,34.00
0.224015,torque-chirp,hip_abduction_right_joint,RS03,0.482253,0.000000,1.737089,0.0000,0.0000,0.482253,3.346302,4.023804,34.00
0.232014,torque-chirp,hip_abduction_right_joint,RS03,0.508714,0.000000,0.831732,0.0000,0.0000,0.508714,3.246204,3.650265,34.00
0.240012,torque-chirp,hip_abduction_right_joint,RS03,0.533641,0.000000,-0.085810,0.0000,0.0000,0.533641,2.994125,3.055164,34.00
0.248014,torque-chirp,hip_abduction_right_joint,RS03,0.555502,0.000000,-1.005354,0.0000,0.0000,0.555502,2.498512,2.941631,34.00
0.256014,torque-chirp,hip_abduction_right_joint,RS03,0.575060,0.000000,-1.915106,0.0000,0.0000,0.575060,2.198826,2.399632,34.00
0.264015,torque-chirp,hip_abduction_right_joint,RS03,0.590400,0.000000,-2.804056,0.0000,0.0000,0.590400,1.849699,2.145115,34.00
0.272014,torque-chirp,hip_abduction_right_joint,RS03,0.602288,0.000000,-3.661033,0.0000,0.0000,0.602288,1.308308,1.214928,34.00
0.280013,torque-chirp,hip_abduction_right_joint,RS03,0.610725,0.000000,-4.475497,0.0000,0.0000,0.610725,0.802319,1.051956,34.00
0.288013,torque-chirp,hip_abduction_right_joint,RS03,0.615327,0.000000,-5.236876,0.0000,0.0000,0.615327,0.358585,0.202332,34.00
0.296014,torque-chirp,hip_abduction_right_joint,RS03,0.615710,0.000000,-5.935495,0.0000,0.0000,0.615710,-0.185244,-0.420235,34.00
0.304013,torque-chirp,hip_abduction_right_joint,RS03,0.613026,0.000000,-6.561698,0.0000,0.0000,0.613026,-0.562447,-1.257038,34.00
0.312015,torque-chirp,hip_abduction_right_joint,RS03,0.606506,0.000000,-7.107526,0.0000,0.0000,0.606506,-1.036697,-2.181732,34.00
0.320015,torque-chirp,hip_abduction_right_joint,RS03,0.596152,0.000000,-7.564991,0.0000,0.0000,0.596152,-1.659266,-2.736553,34.00
0.328015,torque-chirp,hip_abduction_right_joint,RS03,0.580429,0.000000,-7.927734,0.0000,0.0000,0.580429,-2.304417,-2.670631,34.00
0.336015,torque-chirp,hip_abduction_right_joint,RS03,0.559337,0.000000,-8.190384,0.0000,0.0000,0.559337,-3.035629,-3.633785,34.00
0.344013,torque-chirp,hip_abduction_right_joint,RS03,0.533641,0.000000,-8.348723,0.0000,0.0000,0.533641,-3.441521,-4.580456,34.00
0.352013,torque-chirp,hip_abduction_right_joint,RS03,0.505262,0.000000,-8.399960,0.0000,0.0000,0.505262,-3.724728,-5.543602,34.00
0.360015,torque-chirp,hip_abduction_right_joint,RS03,0.475349,0.000000,-8.342486,0.0000,0.0000,0.475349,-3.835203,-6.380405,34.00
0.368014,torque-chirp,hip_abduction_right_joint,RS03,0.443520,0.000000,-8.176267,0.0000,0.0000,0.443520,-3.910276,-7.332569,34.00
0.376011,torque-chirp,hip_abduction_right_joint,RS03,0.411688,0.000000,-7.902656,0.0000,0.0000,0.411688,-3.944456,-7.784847,34.00
0.384014,torque-chirp,hip_abduction_right_joint,RS03,0.380241,0.000000,-7.524085,0.0000,0.0000,0.380241,-3.859617,-8.401924,34.00
0.392014,torque-chirp,hip_abduction_right_joint,RS03,0.349178,0.000000,-7.045115,0.0000,0.0000,0.349178,-3.711910,-8.475166,34.00
0.400014,torque-chirp,hip_abduction_right_joint,RS03,0.318881,0.000000,-6.471253,0.0000,0.0000,0.318881,-3.721066,-7.986267,34.00
0.408013,torque-chirp,hip_abduction_right_joint,RS03,0.288585,0.000000,-5.809419,0.0000,0.0000,0.288585,-3.756466,-7.295948,34.00
0.416014,torque-chirp,hip_abduction_right_joint,RS03,0.257905,0.000000,-5.067672,0.0000,0.0000,0.257905,-3.840086,-6.327305,34.00
0.424013,torque-chirp,hip_abduction_right_joint,RS03,0.226073,0.000000,-4.255635,0.0000,0.0000,0.226073,-4.103762,-5.245136,34.00
0.432014,torque-chirp,hip_abduction_right_joint,RS03,0.192709,0.000000,-3.383667,0.0000,0.0000,0.192709,-4.324101,-4.397346,34.00
0.440013,torque-chirp,hip_abduction_right_joint,RS03,0.158195,0.000000,-2.463361,0.0000,0.0000,0.158195,-4.422370,-3.628288,34.00
0.448014,torque-chirp,hip_abduction_right_joint,RS03,0.122145,0.000000,-1.506730,0.0000,0.0000,0.122145,-4.605478,-2.991074,34.00
0.456016,torque-chirp,hip_abduction_right_joint,RS03,0.085329,0.000000,-0.526776,0.0000,0.0000,0.085329,-4.472419,-2.482033,34.00
0.464013,torque-chirp,hip_abduction_right_joint,RS03,0.049280,0.000000,0.462415,0.0000,0.0000,0.049280,-4.446174,-2.157928,34.00
0.472014,torque-chirp,hip_abduction_right_joint,RS03,0.014381,0.000000,1.448223,0.0000,0.0000,0.014381,-4.299687,-1.875946,34.00
0.480013,torque-chirp,hip_abduction_right_joint,RS03,-0.017833,0.000000,2.415975,0.0000,0.0000,-0.017833,-3.793089,-1.685513,34.00
0.488014,torque-chirp,hip_abduction_right_joint,RS03,-0.046979,0.000000,3.352363,0.0000,0.0000,-0.046979,-3.478142,-1.247883,34.00
0.496014,torque-chirp,hip_abduction_right_joint,RS03,-0.071906,0.000000,4.243611,0.0000,0.0000,-0.071906,-2.952011,-1.024490,34.00
0.504134,torque-chirp,hip_abduction_right_joint,RS03,-0.093383,0.000000,5.088777,0.0000,0.0000,-0.093383,-2.566263,-0.508125,34.00
0.512072,torque-chirp,hip_abduction_right_joint,RS03,-0.111023,0.000000,5.844785,0.0000,0.0000,-0.111023,-2.006561,0.398262,34.00
0.520046,torque-chirp,hip_abduction_right_joint,RS03,-0.124830,0.000000,6.522840,0.0000,0.0000,-0.124830,-1.508507,0.973221,34.00
0.528031,torque-chirp,hip_abduction_right_joint,RS03,-0.133266,0.000000,7.109796,0.0000,0.0000,-0.133266,-0.727856,1.187462,34.00
0.536022,torque-chirp,hip_abduction_right_joint,RS03,-0.136334,0.000000,7.595788,0.0000,0.0000,-0.136334,-0.202946,1.718475,34.00
0.544019,torque-chirp,hip_abduction_right_joint,RS03,-0.134034,0.000000,7.972754,0.0000,0.0000,-0.134034,0.490425,2.480198,34.00
0.552016,torque-chirp,hip_abduction_right_joint,RS03,-0.125980,0.000000,8.233967,0.0000,0.0000,-0.125980,1.238728,2.905010,34.00
0.560014,torque-chirp,hip_abduction_right_joint,RS03,-0.112557,0.000000,8.374655,0.0000,0.0000,-0.112557,1.806974,4.003662,34.00
0.568014,torque-chirp,hip_abduction_right_joint,RS03,-0.095683,0.000000,8.391834,0.0000,0.0000,-0.095683,2.307470,4.454109,34.00
0.576015,torque-chirp,hip_abduction_right_joint,RS03,-0.074975,0.000000,8.284239,0.0000,0.0000,-0.074975,2.673075,6.085602,34.00
0.584016,torque-chirp,hip_abduction_right_joint,RS03,-0.053882,0.000000,8.052560,0.0000,0.0000,-0.053882,2.577248,7.460747,34.00
0.592016,torque-chirp,hip_abduction_right_joint,RS03,-0.034324,0.000000,7.699418,0.0000,0.0000,-0.034324,2.240330,8.905472,34.00
0.600014,torque-chirp,hip_abduction_right_joint,RS03,-0.015915,0.000000,7.229281,0.0000,0.0000,-0.015915,2.071259,9.379723,34.00
0.608018,torque-chirp,hip_abduction_right_joint,RS03,-0.001342,0.000000,6.648053,0.0000,0.0000,-0.001342,1.620201,10.033417,34.00
0.616020,torque-chirp,hip_abduction_right_joint,RS03,0.010162,0.000000,5.964074,0.0000,0.0000,0.010162,1.309528,8.896317,34.00
0.624018,torque-chirp,hip_abduction_right_joint,RS03,0.020134,0.000000,5.187531,0.0000,0.0000,0.020134,1.121538,8.240791,34.00
0.632020,torque-chirp,hip_abduction_right_joint,RS03,0.028954,0.000000,4.328769,0.0000,0.0000,0.028954,1.066607,7.043259,34.00
0.640016,torque-chirp,hip_abduction_right_joint,RS03,0.038157,0.000000,3.401824,0.0000,0.0000,0.038157,1.168535,5.344009,34.00
0.648015,torque-chirp,hip_abduction_right_joint,RS03,0.048512,0.000000,2.419403,0.0000,0.0000,0.048512,1.410849,3.954220,34.00
0.656013,torque-chirp,hip_abduction_right_joint,RS03,0.060019,0.000000,1.396903,0.0000,0.0000,0.060019,1.579918,3.324329,34.00
0.664014,torque-chirp,hip_abduction_right_joint,RS03,0.072290,0.000000,0.349765,0.0000,0.0000,0.072290,1.628136,2.324558,34.00
0.672014,torque-chirp,hip_abduction_right_joint,RS03,0.086096,0.000000,-0.705342,0.0000,0.0000,0.086096,1.872282,1.581139,34.00
0.680017,torque-chirp,hip_abduction_right_joint,RS03,0.099902,0.000000,-1.752090,0.0000,0.0000,0.099902,1.817350,1.249718,34.00
0.688017,torque-chirp,hip_abduction_right_joint,RS03,0.112941,0.000000,-2.773166,0.0000,0.0000,0.112941,1.600060,0.412910,34.00
0.696016,torque-chirp,hip_abduction_right_joint,RS03,0.125596,0.000000,-3.752067,0.0000,0.0000,0.125596,1.360189,0.400093,34.00
0.704015,torque-chirp,hip_abduction_right_joint,RS03,0.135183,0.000000,-4.673134,0.0000,0.0000,0.135183,1.233845,0.021057,34.00
0.712015,torque-chirp,hip_abduction_right_joint,RS03,0.141319,0.000000,-5.520997,0.0000,0.0000,0.141319,0.476387,-0.747997,34.00
0.720015,torque-chirp,hip_abduction_right_joint,RS03,0.143237,0.000000,-6.281241,0.0000,0.0000,0.143237,0.116274,-1.121540,34.00
0.728016,torque-chirp,hip_abduction_right_joint,RS03,0.140553,0.000000,-6.941097,0.0000,0.0000,0.140553,-0.480659,-1.661709,34.00
0.736015,torque-chirp,hip_abduction_right_joint,RS03,0.134417,0.000000,-7.488617,0.0000,0.0000,0.134417,-1.131304,-2.009613,34.00
0.744016,torque-chirp,hip_abduction_right_joint,RS03,0.123295,0.000000,-7.914372,0.0000,0.0000,0.123295,-1.763027,-2.460056,34.00
0.752016,torque-chirp,hip_abduction_right_joint,RS03,0.105655,0.000000,-8.210237,0.0000,0.0000,0.105655,-2.455786,-3.000229,34.00
0.760015,torque-chirp,hip_abduction_right_joint,RS03,0.082261,0.000000,-8.370422,0.0000,0.0000,0.082261,-3.143663,-3.496452,34.00
0.768015,torque-chirp,hip_abduction_right_joint,RS03,0.053883,0.000000,-8.391355,0.0000,0.0000,0.053883,-3.769894,-4.391853,34.00
0.776016,torque-chirp,hip_abduction_right_joint,RS03,0.021667,0.000000,-8.271649,0.0000,0.0000,0.021667,-4.127565,-5.131611,34.00
0.784015,torque-chirp,hip_abduction_right_joint,RS03,-0.012464,0.000000,-8.012413,0.0000,0.0000,-0.012464,-4.316777,-6.484779,34.00
0.792015,torque-chirp,hip_abduction_right_joint,RS03,-0.046979,0.000000,-7.617013,0.0000,0.0000,-0.046979,-4.252689,-7.647518,34.00
0.800016,torque-chirp,hip_abduction_right_joint,RS03,-0.079960,0.000000,-7.091179,0.0000,0.0000,-0.079960,-4.040895,-8.548409,34.00
0.808015,torque-chirp,hip_abduction_right_joint,RS03,-0.110640,0.000000,-6.443161,0.0000,0.0000,-0.110640,-3.663691,-8.936600,34.00
0.816015,torque-chirp,hip_abduction_right_joint,RS03,-0.138252,0.000000,-5.683061,0.0000,0.0000,-0.138252,-3.241322,-9.425499,34.00
0.824017,torque-chirp,hip_abduction_right_joint,RS03,-0.162796,0.000000,-4.823133,0.0000,0.0000,-0.162796,-2.946518,-8.486153,34.00
0.832015,torque-chirp,hip_abduction_right_joint,RS03,-0.184656,0.000000,-3.878087,0.0000,0.0000,-0.184656,-2.648661,-7.497368,34.00
0.840015,torque-chirp,hip_abduction_right_joint,RS03,-0.205364,0.000000,-2.863313,0.0000,0.0000,-0.205364,-2.526588,-6.517738,34.00
0.848017,torque-chirp,hip_abduction_right_joint,RS03,-0.224924,0.000000,-1.795913,0.0000,0.0000,-0.224924,-2.413061,-4.734264,34.00
0.856015,torque-chirp,hip_abduction_right_joint,RS03,-0.244865,0.000000,-0.695057,0.0000,0.0000,-0.244865,-2.547342,-3.531242,34.00
0.864015,torque-chirp,hip_abduction_right_joint,RS03,-0.265191,0.000000,0.420742,0.0000,0.0000,-0.265191,-2.574808,-2.222015,34.00
0.872016,torque-chirp,hip_abduction_right_joint,RS03,-0.286667,0.000000,1.531848,0.0000,0.0000,-0.286667,-2.488747,-1.031815,34.00
0.880014,torque-chirp,hip_abduction_right_joint,RS03,-0.308526,0.000000,2.617679,0.0000,0.0000,-0.308526,-2.856794,-0.784618,34.00
0.888038,torque-chirp,hip_abduction_right_joint,RS03,-0.330003,0.000000,3.662495,0.0000,0.0000,-0.330003,-2.698101,-0.055847,34.00
0.896017,torque-chirp,hip_abduction_right_joint,RS03,-0.349945,0.000000,4.638298,0.0000,0.0000,-0.349945,-2.400854,0.244453,34.00
0.904014,torque-chirp,hip_abduction_right_joint,RS03,-0.366435,0.000000,5.534968,0.0000,0.0000,-0.366435,-1.966888,0.828568,34.00
0.912015,torque-chirp,hip_abduction_right_joint,RS03,-0.379475,0.000000,6.333778,0.0000,0.0000,-0.379475,-1.280231,0.980545,34.00
0.920014,torque-chirp,hip_abduction_right_joint,RS03,-0.387912,0.000000,7.018987,0.0000,0.0000,-0.387912,-0.766918,1.734955,34.00
0.928015,torque-chirp,hip_abduction_right_joint,RS03,-0.390980,0.000000,7.577557,0.0000,0.0000,-0.390980,-0.037537,2.049896,34.00
0.936017,torque-chirp,hip_abduction_right_joint,RS03,-0.389062,0.000000,7.998296,0.0000,0.0000,-0.389062,0.506905,2.723736,34.00
0.944016,torque-chirp,hip_abduction_right_joint,RS03,-0.382159,0.000000,8.272356,0.0000,0.0000,-0.382159,1.069658,3.031353,34.00
0.952015,torque-chirp,hip_abduction_right_joint,RS03,-0.368736,0.000000,8.393839,0.0000,0.0000,-0.368736,1.977264,3.496449,34.00
0.960016,torque-chirp,hip_abduction_right_joint,RS03,-0.351479,0.000000,8.359459,0.0000,0.0000,-0.351479,2.358740,4.710457,34.00
0.968016,torque-chirp,hip_abduction_right_joint,RS03,-0.330386,0.000000,8.168812,0.0000,0.0000,-0.330386,2.779278,5.373306,34.00
0.976015,torque-chirp,hip_abduction_right_joint,RS03,-0.306993,0.000000,7.824475,0.0000,0.0000,-0.306993,2.858013,7.224533,34.00
0.984016,torque-chirp,hip_abduction_right_joint,RS03,-0.283599,0.000000,7.331800,0.0000,0.0000,-0.283599,3.040512,7.477226,34.00
0.992018,torque-chirp,hip_abduction_right_joint,RS03,-0.261739,0.000000,6.699106,0.0000,0.0000,-0.261739,2.561989,8.995193,34.00
1.000015,torque-chirp,hip_abduction_right_joint,RS03,-0.242948,0.000000,5.938126,0.0000,0.0000,-0.242948,2.275122,9.244225,34.00
1.008015,torque-chirp,hip_abduction_right_joint,RS03,-0.227224,0.000000,5.061811,0.0000,0.0000,-0.227224,1.964447,8.672928,34.00
1.016118,torque-chirp,hip_abduction_right_joint,RS03,-0.212651,0.000000,4.073426,0.0000,0.0000,-0.212651,1.537193,7.565117,34.00
1.024024,torque-chirp,hip_abduction_right_joint,RS03,-0.200379,0.000000,3.029279,0.0000,0.0000,-0.200379,1.578087,6.208282,34.00
1.032017,torque-chirp,hip_abduction_right_joint,RS03,-0.187724,0.000000,1.913068,0.0000,0.0000,-0.187724,1.557945,5.051041,34.00
1.040015,torque-chirp,hip_abduction_right_joint,RS03,-0.174685,0.000000,0.756771,0.0000,0.0000,-0.174685,1.661098,3.225452,34.00
1.048015,torque-chirp,hip_abduction_right_joint,RS03,-0.160111,0.000000,-0.417024,0.0000,0.0000,-0.160111,1.905851,2.139622,34.00
1.056016,torque-chirp,hip_abduction_right_joint,RS03,-0.145922,0.000000,-1.585410,0.0000,0.0000,-0.145922,1.780727,1.551842,34.00
1.064018,torque-chirp,hip_abduction_right_joint,RS03,-0.130966,0.000000,-2.725164,0.0000,0.0000,-0.130966,1.786221,0.561226,34.00
1.072016,torque-chirp,hip_abduction_right_joint,RS03,-0.116392,0.000000,-3.812999,0.0000,0.0000,-0.116392,1.857634,0.180359,34.00
1.080016,torque-chirp,hip_abduction_right_joint,RS03,-0.102970,0.000000,-4.827645,0.0000,0.0000,-0.102970,1.575035,-0.601513,34.00
1.088015,torque-chirp,hip_abduction_right_joint,RS03,-0.092232,0.000000,-5.748169,0.0000,0.0000,-0.092232,1.252155,-1.031815,34.00
1.096015,torque-chirp,hip_abduction_right_joint,RS03,-0.085329,0.000000,-6.555586,0.0000,0.0000,-0.085329,0.763866,-1.299156,34.00
1.104016,torque-chirp,hip_abduction_right_joint,RS03,-0.080728,0.000000,-7.232961,0.0000,0.0000,-0.080728,0.491035,-2.419773,34.00
1.112017,torque-chirp,hip_abduction_right_joint,RS03,-0.080344,0.000000,-7.765662,0.0000,0.0000,-0.080344,-0.086367,-3.174183,34.00
1.120018,torque-chirp,hip_abduction_right_joint,RS03,-0.082644,0.000000,-8.141990,0.0000,0.0000,-0.082644,-0.501411,-4.340584,34.00
1.128019,torque-chirp,hip_abduction_right_joint,RS03,-0.088014,0.000000,-8.353230,0.0000,0.0000,-0.088014,-0.684521,-5.419090,34.00
1.136014,torque-chirp,hip_abduction_right_joint,RS03,-0.094916,0.000000,-8.394077,0.0000,0.0000,-0.094916,-0.945755,-6.774090,34.00
1.144015,torque-chirp,hip_abduction_right_joint,RS03,-0.102970,0.000000,-8.262657,0.0000,0.0000,-0.102970,-1.026321,-7.001144,34.00
1.152016,torque-chirp,hip_abduction_right_joint,RS03,-0.112174,0.000000,-7.960537,0.0000,0.0000,-0.112174,-1.164263,-7.457085,34.00
1.160017,torque-chirp,hip_abduction_right_joint,RS03,-0.122145,0.000000,-7.492862,0.0000,0.0000,-0.122145,-1.163042,-7.691463,34.00
1.168016,torque-chirp,hip_abduction_right_joint,RS03,-0.130966,0.000000,-6.868510,0.0000,0.0000,-0.130966,-1.048904,-8.420235,34.00
1.176016,torque-chirp,hip_abduction_right_joint,RS03,-0.139787,0.000000,-6.099398,0.0000,0.0000,-0.139787,-1.020828,-7.665829,34.00
1.184015,torque-chirp,hip_abduction_right_joint,RS03,-0.148223,0.000000,-5.200885,0.0000,0.0000,-0.148223,-1.097734,-7.283131,34.00
1.192015,torque-chirp,hip_abduction_right_joint,RS03,-0.156277,0.000000,-4.190873,0.0000,0.0000,-0.156277,-1.063555,-5.973904,34.00
1.200014,torque-chirp,hip_abduction_right_joint,RS03,-0.165481,0.000000,-3.090221,0.0000,0.0000,-0.165481,-1.117876,-5.497826,34.00
1.208049,torque-chirp,hip_abduction_right_joint,RS03,-0.175069,0.000000,-1.916396,0.0000,0.0000,-0.175069,-1.141680,-4.296635,34.00
1.216026,torque-chirp,hip_abduction_right_joint,RS03,-0.185040,0.000000,-0.707832,0.0000,0.0000,-0.185040,-1.308920,-2.840923,34.00
1.224023,torque-chirp,hip_abduction_right_joint,RS03,-0.196928,0.000000,0.521349,0.0000,0.0000,-0.196928,-1.492027,-2.256809,34.00
1.232019,torque-chirp,hip_abduction_right_joint,RS03,-0.208817,0.000000,1.741637,0.0000,0.0000,-0.208817,-1.544518,-1.716640,34.00
1.240017,torque-chirp,hip_abduction_right_joint,RS03,-0.220321,0.000000,2.927176,0.0000,0.0000,-0.220321,-1.434652,-0.731518,34.00
1.248017,torque-chirp,hip_abduction_right_joint,RS03,-0.231060,0.000000,4.052067,0.0000,0.0000,-0.231060,-1.329672,-0.257267,34.00
1.256016,torque-chirp,hip_abduction_right_joint,RS03,-0.239496,0.000000,5.090767,0.0000,0.0000,-0.239496,-0.968948,0.160217,34.00
1.264016,torque-chirp,hip_abduction_right_joint,RS03,-0.244865,0.000000,6.020639,0.0000,0.0000,-0.244865,-0.559395,0.768143,34.00
1.272018,torque-chirp,hip_abduction_right_joint,RS03,-0.245632,0.000000,6.820353,0.0000,0.0000,-0.245632,0.086367,1.315636,34.00
1.280014,torque-chirp,hip_abduction_right_joint,RS03,-0.242564,0.000000,7.471028,0.0000,0.0000,-0.242564,0.562449,1.993134,34.00
1.288015,torque-chirp,hip_abduction_right_joint,RS03,-0.235278,0.000000,7.958146,0.0000,0.0000,-0.235278,1.197834,2.370335,34.00
1.296015,torque-chirp,hip_abduction_right_joint,RS03,-0.222239,0.000000,8.269430,0.0000,0.0000,-0.222239,1.872892,3.212635,34.00
1.304015,torque-chirp,hip_abduction_right_joint,RS03,-0.203447,0.000000,8.396935,0.0000,0.0000,-0.203447,2.706644,3.353626,34.00
1.312015,torque-chirp,hip_abduction_right_joint,RS03,-0.178520,0.000000,8.336718,0.0000,0.0000,-0.178520,3.382927,3.930416,34.00
1.320018,torque-chirp,hip_abduction_right_joint,RS03,-0.148606,0.000000,8.088872,0.0000,0.0000,-0.148606,3.924314,4.617073,34.00
1.328015,torque-chirp,hip_abduction_right_joint,RS03,-0.114475,0.000000,7.658206,0.0000,0.0000,-0.114475,4.408941,5.287247,34.00
1.336015,torque-chirp,hip_abduction_right_joint,RS03,-0.077276,0.000000,7.053067,0.0000,0.0000,-0.077276,4.656750,6.017853,34.00
1.344016,torque-chirp,hip_abduction_right_joint,RS03,-0.040076,0.000000,6.286072,0.0000,0.0000,-0.040076,4.623791,7.253830,34.00
1.352016,torque-chirp,hip_abduction_right_joint,RS03,-0.003643,0.000000,5.374131,0.0000,0.0000,-0.003643,4.584724,7.609062,34.00
1.360014,torque-chirp,hip_abduction_right_joint,RS03,0.030488,0.000000,4.337414,0.0000,0.0000,0.030488,4.098877,8.057678,34.00
1.368016,torque-chirp,hip_abduction_right_joint,RS03,0.061169,0.000000,3.198250,0.0000,0.0000,0.061169,3.639887,7.870911,34.00
1.376015,torque-chirp,hip_abduction_right_joint,RS03,0.088397,0.000000,1.983443,0.0000,0.0000,0.088397,3.279163,6.935226,34.00
1.384014,torque-chirp,hip_abduction_right_joint,RS03,0.111791,0.000000,0.720066,0.0000,0.0000,0.111791,2.809185,5.528954,34.00
1.392015,torque-chirp,hip_abduction_right_joint,RS03,0.133650,0.000000,-0.562721,0.0000,0.0000,0.133650,2.686502,4.142822,34.00
1.400015,torque-chirp,hip_abduction_right_joint,RS03,0.153976,0.000000,-1.834823,0.0000,0.0000,0.153976,2.513161,2.450901,34.00
1.408015,torque-chirp,hip_abduction_right_joint,RS03,0.173534,0.000000,-3.066157,0.0000,0.0000,0.173534,2.437477,1.297325,34.00
1.416016,torque-chirp,hip_abduction_right_joint,RS03,0.192326,0.000000,-4.227916,0.0000,0.0000,0.192326,2.327612,0.605171,34.00
1.424015,torque-chirp,hip_abduction_right_joint,RS03,0.210350,0.000000,-5.291547,0.0000,0.0000,0.210350,2.154881,-0.552071,34.00
1.432015,torque-chirp,hip_abduction_right_joint,RS03,0.226073,0.000000,-6.231666,0.0000,0.0000,0.226073,1.792934,-1.075764,34.00
1.440017,torque-chirp,hip_abduction_right_joint,RS03,0.237578,0.000000,-7.025155,0.0000,0.0000,0.237578,1.152666,-1.246052,34.00
1.448016,torque-chirp,hip_abduction_right_joint,RS03,0.244098,0.000000,-7.651705,0.0000,0.0000,0.244098,0.556955,-2.293430,34.00
1.456018,torque-chirp,hip_abduction_right_joint,RS03,0.246783,0.000000,-8.095710,0.0000,0.0000,0.246783,0.189516,-3.329823,34.00
1.464018,torque-chirp,hip_abduction_right_joint,RS03,0.245633,0.000000,-8.345087,0.0000,0.0000,0.245633,-0.408636,-4.258183,34.00
1.472016,torque-chirp,hip_abduction_right_joint,RS03,0.241413,0.000000,-8.392795,0.0000,0.0000,0.241413,-0.873121,-5.019913,34.00
1.480014,torque-chirp,hip_abduction_right_joint,RS03,0.234127,0.000000,-8.236611,0.0000,0.0000,0.234127,-0.959793,-5.684593,34.00
1.488016,torque-chirp,hip_abduction_right_joint,RS03,0.224923,0.000000,-7.878907,0.0000,0.0000,0.224923,-1.285114,-6.774090,34.00
1.496015,torque-chirp,hip_abduction_right_joint,RS03,0.214185,0.000000,-7.327625,0.0000,0.0000,0.214185,-1.439535,-7.306934,34.00
1.504014,torque-chirp,hip_abduction_right_joint,RS03,0.202681,0.000000,-6.595061,0.0000,0.0000,0.202681,-1.526207,-6.997482,34.00
1.512018,torque-chirp,hip_abduction_right_joint,RS03,0.190409,0.000000,-5.697672,0.0000,0.0000,0.190409,-1.598228,-6.869305,34.00
1.520095,torque-chirp,hip_abduction_right_joint,RS03,0.177753,0.000000,-4.647156,0.0000,0.0000,0.177753,-1.510948,-6.856487,34.00
1.528022,torque-chirp,hip_abduction_right_joint,RS03,0.165097,0.000000,-3.499309,0.0000,0.0000,0.165097,-1.616541,-5.633324,34.00
1.536020,torque-chirp,hip_abduction_right_joint,RS03,0.151675,0.000000,-2.252136,0.0000,0.0000,0.151675,-1.584801,-4.690319,34.00
1.544019,torque-chirp,hip_abduction_right_joint,RS03,0.137485,0.000000,-0.946180,0.0000,0.0000,0.137485,-1.926605,-3.494621,34.00
1.552019,torque-chirp,hip_abduction_right_joint,RS03,0.122145,0.000000,0.386490,0.0000,0.0000,0.122145,-2.035248,-2.113983,34.00
1.560017,torque-chirp,hip_abduction_right_joint,RS03,0.105271,0.000000,1.711397,0.0000,0.0000,0.105271,-2.178074,-1.495079,34.00
1.568014,torque-chirp,hip_abduction_right_joint,RS03,0.087247,0.000000,2.995325,0.0000,0.0000,0.087247,-2.326391,-0.367134,34.00
1.576015,torque-chirp,hip_abduction_right_joint,RS03,0.069606,0.000000,4.206005,0.0000,0.0000,0.069606,-2.170139,-0.220646,34.00
1.584015,torque-chirp,hip_abduction_right_joint,RS03,0.053499,0.000000,5.311278,0.0000,0.0000,0.053499,-1.892424,0.775467,34.00
1.592014,torque-chirp,hip_abduction_right_joint,RS03,0.039692,0.000000,6.282383,0.0000,0.0000,0.039692,-1.583580,0.991531,34.00
1.600016,torque-chirp,hip_abduction_right_joint,RS03,0.030105,0.000000,7.093785,0.0000,0.0000,0.030105,-0.897535,1.740448,34.00
1.608018,torque-chirp,hip_abduction_right_joint,RS03,0.025502,0.000000,7.723332,0.0000,0.0000,0.025502,-0.294498,2.216526,34.00
1.616015,torque-chirp,hip_abduction_right_joint,RS03,0.025886,0.000000,8.153462,0.0000,0.0000,0.025886,0.319523,2.747540,34.00
1.624041,torque-chirp,hip_abduction_right_joint,RS03,0.031255,0.000000,8.372631,0.0000,0.0000,0.031255,1.003738,3.421375,34.00
1.632016,torque-chirp,hip_abduction_right_joint,RS03,0.041609,0.000000,8.372698,0.0000,0.0000,0.041609,1.574425,4.177612,34.00
1.640015,torque-chirp,hip_abduction_right_joint,RS03,0.056567,0.000000,8.153522,0.0000,0.0000,0.056567,2.031586,4.884407,34.00
1.648017,torque-chirp,hip_abduction_right_joint,RS03,0.074975,0.000000,7.719185,0.0000,0.0000,0.074975,2.419165,5.741356,34.00
1.656016,torque-chirp,hip_abduction_right_joint,RS03,0.094916,0.000000,7.080269,0.0000,0.0000,0.094916,2.376440,7.136642,34.00
1.664015,torque-chirp,hip_abduction_right_joint,RS03,0.114091,0.000000,6.252329,0.0000,0.0000,0.114091,2.390478,7.187912,34.00
1.672016,torque-chirp,hip_abduction_right_joint,RS03,0.132882,0.000000,5.256359,0.0000,0.0000,0.132882,2.254368,7.880066,34.00
1.680015,torque-chirp,hip_abduction_right_joint,RS03,0.149374,0.000000,4.118255,0.0000,0.0000,0.149374,1.977264,7.665825,34.00
1.688014,torque-chirp,hip_abduction_right_joint,RS03,0.163564,0.000000,2.867698,0.0000,0.0000,0.163564,1.684292,7.208054,34.00
1.696014,torque-chirp,hip_abduction_right_joint,RS03,0.175452,0.000000,1.537681,0.0000,0.0000,0.175452,1.493248,5.783470,34.00
1.704015,torque-chirp,hip_abduction_right_joint,RS03,0.185806,0.000000,0.163315,0.0000,0.0000,0.185806,1.092241,4.439453,34.00
1.712015,torque-chirp,hip_abduction_right_joint,RS03,0.195394,0.000000,-1.217657,0.0000,0.0000,0.195394,1.133135,3.165028,34.00
1.720014,torque-chirp,hip_abduction_right_joint,RS03,0.203447,0.000000,-2.567935,0.0000,0.0000,0.203447,0.924393,2.024261,34.00
1.728015,torque-chirp,hip_abduction_right_joint,RS03,0.211117,0.000000,-3.850834,0.0000,0.0000,0.211117,0.817577,0.850540,34.00
1.736014,torque-chirp,hip_abduction_right_joint,RS03,0.218020,0.000000,-5.030102,0.0000,0.0000,0.218020,0.840771,-0.209660,34.00
1.744014,torque-chirp,hip_abduction_right_joint,RS03,0.223772,0.000000,-6.073295,0.0000,0.0000,0.223772,0.469063,-1.035477,34.00
1.752014,torque-chirp,hip_abduction_right_joint,RS03,0.225690,0.000000,-6.950738,0.0000,0.0000,0.225690,0.003357,-1.308311,34.00
1.760014,torque-chirp,hip_abduction_right_joint,RS03,0.223389,0.000000,-7.637164,0.0000,0.0000,0.223389,-0.409857,-2.088348,34.00
1.768015,torque-chirp,hip_abduction_right_joint,RS03,0.217636,0.000000,-8.112427,0.0000,0.0000,0.217636,-0.763866,-3.553215,34.00
1.776015,torque-chirp,hip_abduction_right_joint,RS03,0.209200,0.000000,-8.362054,0.0000,0.0000,0.209200,-1.253986,-4.454109,34.00
1.784016,torque-chirp,hip_abduction_right_joint,RS03,0.196928,0.000000,-8.377894,0.0000,0.0000,0.196928,-1.766689,-5.016251,34.00
1.792015,torque-chirp,hip_abduction_right_joint,RS03,0.181972,0.000000,-8.158258,0.0000,0.0000,0.181972,-1.866789,-6.543373,34.00
1.800015,torque-chirp,hip_abduction_right_joint,RS03,0.166248,0.000000,-7.708086,0.0000,0.0000,0.166248,-1.964447,-7.407646,34.00
1.808015,torque-chirp,hip_abduction_right_joint,RS03,0.150142,0.000000,-7.038848,0.0000,0.0000,0.150142,-2.022430,-7.528496,34.00
1.816016,torque-chirp,hip_abduction_right_joint,RS03,0.134033,0.000000,-6.168350,0.0000,0.0000,0.134033,-2.066986,-7.444267,34.00
1.824016,torque-chirp,hip_abduction_right_joint,RS03,0.118310,0.000000,-5.120427,0.0000,0.0000,0.118310,-1.889982,-7.653011,34.00
1.832015,torque-chirp,hip_abduction_right_joint,RS03,0.103737,0.000000,-3.924350,0.0000,0.0000,0.103737,-1.843596,-6.979172,34.00
1.840016,torque-chirp,hip_abduction_right_joint,RS03,0.089547,0.000000,-2.613159,0.0000,0.0000,0.089547,-1.695278,-5.792629,34.00
1.848016,torque-chirp,hip_abduction_right_joint,RS03,0.075742,0.000000,-1.224382,0.0000,0.0000,0.075742,-1.646448,-4.935684,34.00
1.856015,torque-chirp,hip_abduction_right_joint,RS03,0.062703,0.000000,0.201946,0.0000,0.0000,0.062703,-1.587242,-3.115585,34.00
1.864014,torque-chirp,hip_abduction_right_joint,RS03,0.048129,0.000000,1.625038,0.0000,0.0000,0.048129,-1.711758,-1.978485,34.00
1.872015,torque-chirp,hip_abduction_right_joint,RS03,0.033173,0.000000,3.003516,0.0000,0.0000,0.033173,-1.891203,-0.991531,34.00
1.880013,torque-chirp,hip_abduction_right_joint,RS03,0.017833,0.000000,4.296146,0.0000,0.0000,0.017833,-1.888151,0.059509,34.00
1.888016,torque-chirp,hip_abduction_right_joint,RS03,0.003260,0.000000,5.465704,0.0000,0.0000,0.003260,-1.639124,0.583199,34.00
1.896016,torque-chirp,hip_abduction_right_joint,RS03,-0.009012,0.000000,6.476016,0.0000,0.0000,-0.009012,-1.325399,1.405357,34.00
1.904015,torque-chirp,hip_abduction_right_joint,RS03,-0.018216,0.000000,7.296715,0.0000,0.0000,-0.018216,-1.020218,2.128635,34.00
1.912014,torque-chirp,hip_abduction_right_joint,RS03,-0.022434,0.000000,7.902574,0.0000,0.0000,-0.022434,-0.301212,2.231174,34.00
1.920016,torque-chirp,hip_abduction_right_joint,RS03,-0.020901,0.000000,8.274520,0.0000,0.0000,-0.020901,0.432442,2.914165,34.00
1.928016,torque-chirp,hip_abduction_right_joint,RS03,-0.015148,0.000000,8.400001,0.0000,0.0000,-0.015148,0.964676,4.250854,34.00
1.936015,torque-chirp,hip_abduction_right_joint,RS03,-0.006328,0.000000,8.274112,0.0000,0.0000,-0.006328,1.424887,5.071182,34.00
1.944015,torque-chirp,hip_abduction_right_joint,RS03,0.006328,0.000000,7.899342,0.0000,0.0000,0.006328,1.662319,5.902496,34.00
1.952014,torque-chirp,hip_abduction_right_joint,RS03,0.020134,0.000000,7.285672,0.0000,0.0000,0.020134,1.719082,7.198898,34.00
1.960015,torque-chirp,hip_abduction_right_joint,RS03,0.033556,0.000000,6.450288,0.0000,0.0000,0.033556,1.551842,7.903870,34.00
1.968017,torque-chirp,hip_abduction_right_joint,RS03,0.045444,0.000000,5.417394,0.0000,0.0000,0.045444,1.289387,8.411079,34.00
1.976014,torque-chirp,hip_abduction_right_joint,RS03,0.054266,0.000000,4.218359,0.0000,0.0000,0.054266,0.912186,8.705887,34.00
1.984018,torque-chirp,hip_abduction_right_joint,RS03,0.058868,0.000000,2.887111,0.0000,0.0000,0.058868,0.569162,7.656670,34.00
1.992017,torque-chirp,hip_abduction_right_joint,RS03,0.060785,0.000000,1.465888,0.0000,0.0000,0.060785,0.095522,6.655067,34.00
2.000015,torque-chirp,hip_abduction_right_joint,RS03,0.060785,0.000000,-0.002874,0.0000,0.0000,0.060785,-0.140078,4.618904,34.00
2.008016,torque-chirp,hip_abduction_right_joint,RS03,0.060402,0.000000,-1.474387,0.0000,0.0000,0.060402,0.021057,2.919659,34.00
2.016017,torque-chirp,hip_abduction_right_joint,RS03,0.060402,0.000000,-2.902764,0.0000,0.0000,0.060402,0.163881,1.659882,34.00
2.024076,torque-chirp,hip_abduction_right_joint,RS03,0.060785,0.000000,-4.252461,0.0000,0.0000,0.060785,0.063782,0.460518,34.00
2.032024,torque-chirp,hip_abduction_right_joint,RS03,0.060019,0.000000,-5.454097,0.0000,0.0000,0.060019,-0.030823,-0.526436,34.00
2.040021,torque-chirp,hip_abduction_right_joint,RS03,0.058101,0.000000,-6.494921,0.0000,0.0000,0.058101,-0.274967,-1.300987,34.00
2.048018,torque-chirp,hip_abduction_right_joint,RS03,0.052732,0.000000,-7.333560,0.0000,0.0000,0.052732,-0.940262,-1.903412,34.00
2.056021,torque-chirp,hip_abduction_right_joint,RS03,0.043527,0.000000,-7.942869,0.0000,0.0000,0.043527,-1.200274,-3.331654,34.00
2.064092,torque-chirp,hip_abduction_right_joint,RS03,0.031638,0.000000,-8.303581,0.0000,0.0000,0.031638,-1.687344,-4.390022,34.00
2.072028,torque-chirp,hip_abduction_right_joint,RS03,0.016682,0.000000,-8.397290,0.0000,0.0000,0.016682,-2.050507,-4.988785,34.00
2.080021,torque-chirp,hip_abduction_right_joint,RS03,0.000192,0.000000,-8.225751,0.0000,0.0000,0.000192,-2.167698,-6.803387,34.00
2.088027,torque-chirp,hip_abduction_right_joint,RS03,-0.016682,0.000000,-7.790506,0.0000,0.0000,-0.016682,-2.058441,-7.645687,34.00
2.096020,torque-chirp,hip_abduction_right_joint,RS03,-0.033174,0.000000,-7.105683,0.0000,0.0000,-0.033174,-2.062103,-8.601513,34.00
2.104019,torque-chirp,hip_abduction_right_joint,RS03,-0.048129,0.000000,-6.190691,0.0000,0.0000,-0.048129,-1.717861,-8.531929,34.00
2.112073,torque-chirp,hip_abduction_right_joint,RS03,-0.061169,0.000000,-5.066059,0.0000,0.0000,-0.061169,-1.510948,-8.766308,34.00
2.120053,torque-chirp,hip_abduction_right_joint,RS03,-0.072289,0.000000,-3.785815,0.0000,0.0000,-0.072289,-1.285114,-7.757381,34.00
2.128036,torque-chirp,hip_abduction_right_joint,RS03,-0.081878,0.000000,-2.380319,0.0000,0.0000,-0.081878,-1.127642,-6.495766,34.00
2.136026,torque-chirp,hip_abduction_right_joint,RS03,-0.090698,0.000000,-0.893982,0.0000,0.0000,-0.090698,-1.116655,-4.981461,34.00
2.144018,torque-chirp,hip_abduction_right_joint,RS03,-0.098751,0.000000,0.624368,0.0000,0.0000,-0.098751,-0.907303,-3.752804,34.00
2.152019,torque-chirp,hip_abduction_right_joint,RS03,-0.106038,0.000000,2.126436,0.0000,0.0000,-0.106038,-0.988480,-2.154266,34.00
2.160016,torque-chirp,hip_abduction_right_joint,RS03,-0.114475,0.000000,3.560275,0.0000,0.0000,-0.114475,-1.062334,-0.612499,34.00
2.168293,torque-chirp,hip_abduction_right_joint,RS03,-0.124063,0.000000,4.922247,0.0000,0.0000,-0.124063,-1.108110,0.310371,34.00
2.176044,torque-chirp,hip_abduction_right_joint,RS03,-0.131350,0.000000,6.042373,0.0000,0.0000,-0.131350,-0.716869,0.647285,34.00
2.184032,torque-chirp,hip_abduction_right_joint,RS03,-0.135951,0.000000,7.000818,0.0000,0.0000,-0.135951,-0.464180,1.465782,34.00
2.192027,torque-chirp,hip_abduction_right_joint,RS03,-0.136334,0.000000,7.728311,0.0000,0.0000,-0.136334,0.297550,1.998627,34.00
2.200020,torque-chirp,hip_abduction_right_joint,RS03,-0.132116,0.000000,8.198551,0.0000,0.0000,-0.132116,0.760815,2.765850,34.00
2.208056,torque-chirp,hip_abduction_right_joint,RS03,-0.122912,0.000000,8.394853,0.0000,0.0000,-0.122912,1.275959,4.139160,34.00
2.216040,torque-chirp,hip_abduction_right_joint,RS03,-0.110256,0.000000,8.307486,0.0000,0.0000,-0.110256,1.688564,5.168228,34.00
2.224024,torque-chirp,hip_abduction_right_joint,RS03,-0.094533,0.000000,7.940164,0.0000,0.0000,-0.094533,2.127415,5.567406,34.00
2.232020,torque-chirp,hip_abduction_right_joint,RS03,-0.078043,0.000000,7.302807,0.0000,0.0000,-0.078043,1.944304,7.495537,34.00
2.240017,torque-chirp,hip_abduction_right_joint,RS03,-0.062702,0.000000,6.415988,0.0000,0.0000,-0.062702,1.993134,7.955139,34.00
2.248015,torque-chirp,hip_abduction_right_joint,RS03,-0.048897,0.000000,5.308670,0.0000,0.0000,-0.048897,1.503624,9.064774,34.00
2.256017,torque-chirp,hip_abduction_right_joint,RS03,-0.039309,0.000000,4.017066,0.0000,0.0000,-0.039309,1.053789,8.848709,34.00
2.264015,torque-chirp,hip_abduction_right_joint,RS03,-0.033557,0.000000,2.586132,0.0000,0.0000,-0.033557,0.542915,7.854431,34.00
2.272014,torque-chirp,hip_abduction_right_joint,RS03,-0.030489,0.000000,1.063564,0.0000,0.0000,-0.030489,0.296940,6.484779,34.00
2.280015,torque-chirp,hip_abduction_right_joint,RS03,-0.029338,0.000000,-0.498731,0.0000,0.0000,-0.029338,0.220644,4.300293,34.00
2.288014,torque-chirp,hip_abduction_right_joint,RS03,-0.028571,0.000000,-2.045837,0.0000,0.0000,-0.028571,0.081484,2.569920,34.00
2.296016,torque-chirp,hip_abduction_right_joint,RS03,-0.028188,0.000000,-3.524664,0.0000,0.0000,-0.028188,0.085146,1.257042,34.00
2.304015,torque-chirp,hip_abduction_right_joint,RS03,-0.027038,0.000000,-4.882315,0.0000,0.0000,-0.027038,0.237736,-0.022888,34.00
2.312015,torque-chirp,hip_abduction_right_joint,RS03,-0.027038,0.000000,-6.071111,0.0000,0.0000,-0.027038,0.036926,-0.936600,34.00
2.320014,torque-chirp,hip_abduction_right_joint,RS03,-0.028571,0.000000,-7.048298,0.0000,0.0000,-0.028571,-0.334171,-1.877777,34.00
2.328014,torque-chirp,hip_abduction_right_joint,RS03,-0.033557,0.000000,-7.778568,0.0000,0.0000,-0.033557,-0.961624,-2.593727,34.00
2.336014,torque-chirp,hip_abduction_right_joint,RS03,-0.041226,0.000000,-8.234865,0.0000,0.0000,-0.041226,-1.277180,-3.712521,34.00
2.344014,torque-chirp,hip_abduction_right_joint,RS03,-0.051965,0.000000,-8.399590,0.0000,0.0000,-0.051965,-1.534142,-4.578625,34.00
2.352014,torque-chirp,hip_abduction_right_joint,RS03,-0.065387,0.000000,-8.265514,0.0000,0.0000,-0.065387,-1.687344,-6.525063,34.00
2.360013,torque-chirp,hip_abduction_right_joint,RS03,-0.079193,0.000000,-7.836046,0.0000,0.0000,-0.079193,-1.695278,-7.693295,34.00
2.368014,torque-chirp,hip_abduction_right_joint,RS03,-0.091465,0.000000,-7.125086,0.0000,0.0000,-0.091465,-1.489586,-8.715038,34.00
2.376014,torque-chirp,hip_abduction_right_joint,RS03,-0.102203,0.000000,-6.156889,0.0000,0.0000,-0.102203,-1.239948,-9.046467,34.00
2.384014,torque-chirp,hip_abduction_right_joint,RS03,-0.110640,0.000000,-4.965180,0.0000,0.0000,-0.110640,-0.852980,-8.623486,34.00
2.392014,torque-chirp,hip_abduction_right_joint,RS03,-0.116392,0.000000,-3.592003,0.0000,0.0000,-0.116392,-0.584419,-7.971619,34.00
2.400015,torque-chirp,hip_abduction_right_joint,RS03,-0.120227,0.000000,-2.086057,0.0000,0.0000,-0.120227,-0.414129,-6.761272,34.00
2.408015,torque-chirp,hip_abduction_right_joint,RS03,-0.121761,0.000000,-0.502056,0.0000,0.0000,-0.121761,-0.153505,-5.382469,34.00
2.416014,torque-chirp,hip_abduction_right_joint,RS03,-0.122528,0.000000,1.102492,0.0000,0.0000,-0.122528,-0.082094,-3.642941,34.00
2.424014,torque-chirp,hip_abduction_right_joint,RS03,-0.122912,0.000000,2.669434,0.0000,0.0000,-0.122912,-0.087587,-2.123138,34.00
2.432014,torque-chirp,hip_abduction_right_joint,RS03,-0.123296,0.000000,4.140571,0.0000,0.0000,-0.123296,-0.094912,-0.777294,34.00
2.440013,torque-chirp,hip_abduction_right_joint,RS03,-0.124063,0.000000,5.461429,0.0000,0.0000,-0.124063,-0.018616,0.392769,34.00
2.448014,torque-chirp,hip_abduction_right_joint,RS03,-0.122912,0.000000,6.582577,0.0000,0.0000,-0.122912,0.193178,1.443810,34.00
2.456014,torque-chirp,hip_abduction_right_joint,RS03,-0.120227,0.000000,7.461089,0.0000,0.0000,-0.120227,0.412300,2.465549,34.00
2.464015,torque-chirp,hip_abduction_right_joint,RS03,-0.114475,0.000000,8.063397,0.0000,0.0000,-0.114475,0.925613,3.056995,34.00
2.472016,torque-chirp,hip_abduction_right_joint,RS03,-0.103354,0.000000,8.365663,0.0000,0.0000,-0.103354,1.534752,3.298695,34.00
2.480014,torque-chirp,hip_abduction_right_joint,RS03,-0.087630,0.000000,8.355143,0.0000,0.0000,-0.087630,2.176243,4.318604,34.00
2.488014,torque-chirp,hip_abduction_right_joint,RS03,-0.068071,0.000000,8.030857,0.0000,0.0000,-0.068071,2.616312,5.126114,34.00
2.496014,torque-chirp,hip_abduction_right_joint,RS03,-0.045444,0.000000,7.403553,0.0000,0.0000,-0.045444,2.785381,6.691689,34.00
2.504016,torque-chirp,hip_abduction_right_joint,RS03,-0.023201,0.000000,6.495191,0.0000,0.0000,-0.023201,2.757915,7.746399,34.00
2.512014,torque-chirp,hip_abduction_right_joint,RS03,-0.002493,0.000000,5.339782,0.0000,0.0000,-0.002493,2.535744,8.218819,34.00
2.520015,torque-chirp,hip_abduction_right_joint,RS03,0.015148,0.000000,3.979115,0.0000,0.0000,0.015148,1.987030,8.639961,34.00
2.528113,torque-chirp,hip_abduction_right_joint,RS03,0.028187,0.000000,2.445572,0.0000,0.0000,0.028187,1.291218,8.722366,34.00
2.536026,torque-chirp,hip_abduction_right_joint,RS03,0.037007,0.000000,0.851594,0.0000,0.0000,0.037007,0.829174,7.037766,34.00
2.544018,torque-chirp,hip_abduction_right_joint,RS03,0.041993,0.000000,-0.792856,0.0000,0.0000,0.041993,0.490425,5.314713,34.00
2.552016,torque-chirp,hip_abduction_right_joint,RS03,0.045061,0.000000,-2.410726,0.0000,0.0000,0.045061,0.357975,3.154041,34.00
2.560016,torque-chirp,hip_abduction_right_joint,RS03,0.047361,0.000000,-3.938250,0.0000,0.0000,0.047361,0.152895,1.705658,34.00
2.568018,torque-chirp,hip_abduction_right_joint,RS03,0.048512,0.000000,-5.315903,0.0000,0.0000,0.048512,0.119326,0.544746,34.00
2.576018,torque-chirp,hip_abduction_right_joint,RS03,0.048129,0.000000,-6.488645,0.0000,0.0000,0.048129,-0.100405,-0.879837,34.00
2.584018,torque-chirp,hip_abduction_right_joint,RS03,0.046211,0.000000,-7.410401,0.0000,0.0000,0.046211,-0.389105,-1.927216,34.00
2.592016,torque-chirp,hip_abduction_right_joint,RS03,0.040842,0.000000,-8.043840,0.0000,0.0000,0.040842,-0.802319,-2.879375,34.00
2.600016,torque-chirp,hip_abduction_right_joint,RS03,0.032789,0.000000,-8.363036,0.0000,0.0000,0.032789,-1.230793,-4.289310,34.00
2.608076,torque-chirp,hip_abduction_right_joint,RS03,0.021667,0.000000,-8.352549,0.0000,0.0000,0.021667,-1.482872,-5.241474,34.00
2.616042,torque-chirp,hip_abduction_right_joint,RS03,0.008629,0.000000,-8.013572,0.0000,0.0000,0.008629,-1.758755,-6.988327,34.00
2.624032,torque-chirp,hip_abduction_right_joint,RS03,-0.003643,0.000000,-7.357358,0.0000,0.0000,-0.003643,-1.464561,-8.411079,34.00
2.632025,torque-chirp,hip_abduction_right_joint,RS03,-0.013614,0.000000,-6.408433,0.0000,0.0000,-0.013614,-1.260700,-9.152668,34.00
2.640023,torque-chirp,hip_abduction_right_joint,RS03,-0.022051,0.000000,-5.202713,0.0000,0.0000,-0.022051,-0.887770,-8.804764,34.00
2.648042,torque-chirp,hip_abduction_right_joint,RS03,-0.026653,0.000000,-3.783688,0.0000,0.0000,-0.026653,-0.316471,-8.764477,34.00
2.656034,torque-chirp,hip_abduction_right_joint,RS03,-0.027804,0.000000,-2.216006,0.0000,0.0000,-0.027804,-0.014343,-7.515678,34.00
2.664030,torque-chirp,hip_abduction_right_joint,RS03,-0.027038,0.000000,-0.556176,0.0000,0.0000,-0.027038,0.210878,-5.593040,34.00
2.672023,torque-chirp,hip_abduction_right_joint,RS03,-0.026270,0.000000,1.127889,0.0000,0.0000,-0.026270,-0.041201,-3.633785,34.00
2.680017,torque-chirp,hip_abduction_right_joint,RS03,-0.025120,0.000000,2.769139,0.0000,0.0000,-0.025120,0.129091,-2.048065,34.00
2.688015,torque-chirp,hip_abduction_right_joint,RS03,-0.024736,0.000000,4.301680,0.0000,0.0000,-0.024736,0.072327,-0.795605,34.00
2.696015,torque-chirp,hip_abduction_right_joint,RS03,-0.023969,0.000000,5.661742,0.0000,0.0000,-0.023969,0.009460,0.431221,34.00
2.704013,torque-chirp,hip_abduction_right_joint,RS03,-0.021667,0.000000,6.792964,0.0000,0.0000,-0.021667,0.437935,1.392540,34.00
2.712013,torque-chirp,hip_abduction_right_joint,RS03,-0.017066,0.000000,7.648343,0.0000,0.0000,-0.017066,0.732738,2.601055,34.00
2.720014,torque-chirp,hip_abduction_right_joint,RS03,-0.008629,0.000000,8.191376,0.0000,0.0000,-0.008629,1.382162,3.024029,34.00
2.728012,torque-chirp,hip_abduction_right_joint,RS03,0.004410,0.000000,8.398296,0.0000,0.0000,0.004410,2.002289,3.331654,34.00
2.736014,torque-chirp,hip_abduction_right_joint,RS03,0.023201,0.000000,8.259095,0.0000,0.0000,0.023201,2.488747,4.662849,34.00
2.744014,torque-chirp,hip_abduction_right_joint,RS03,0.045444,0.000000,7.777998,0.0000,0.0000,0.045444,2.939804,4.941177,34.00
2.752012,torque-chirp,hip_abduction_right_joint,RS03,0.070373,0.000000,6.973646,0.0000,0.0000,0.070373,3.047838,6.730141,34.00
2.760013,torque-chirp,hip_abduction_right_joint,RS03,0.094150,0.000000,5.877654,0.0000,0.0000,0.094150,2.858013,8.092468,34.00
2.768013,torque-chirp,hip_abduction_right_joint,RS03,0.116392,0.000000,4.534966,0.0000,0.0000,0.116392,2.771343,7.922180,34.00
2.776013,torque-chirp,hip_abduction_right_joint,RS03,0.135183,0.000000,3.000222,0.0000,0.0000,0.135183,1.998016,8.672928,34.00
2.784014,torque-chirp,hip_abduction_right_joint,RS03,0.148607,0.000000,1.337364,0.0000,0.0000,0.148607,1.543907,7.783020,34.00
2.792013,torque-chirp,hip_abduction_right_joint,RS03,0.157811,0.000000,-0.384026,0.0000,0.0000,0.157811,0.774242,6.550697,34.00
2.800012,torque-chirp,hip_abduction_right_joint,RS03,0.162414,0.000000,-2.091532,0.0000,0.0000,0.162414,0.259708,5.105972,34.00
2.808018,torque-chirp,hip_abduction_right_joint,RS03,0.163564,0.000000,-3.714383,0.0000,0.0000,0.163564,0.000916,3.100941,34.00
2.816013,torque-chirp,hip_abduction_right_joint,RS03,0.162797,0.000000,-5.179689,0.0000,0.0000,0.162797,-0.113222,1.332115,34.00
2.824013,torque-chirp,hip_abduction_right_joint,RS03,0.160879,0.000000,-6.427289,0.0000,0.0000,0.160879,-0.264591,-0.260929,34.00
2.832014,torque-chirp,hip_abduction_right_joint,RS03,0.157428,0.000000,-7.402369,0.0000,0.0000,0.157428,-0.440987,-1.372398,34.00
2.840014,torque-chirp,hip_abduction_right_joint,RS03,0.150142,0.000000,-8.061392,0.0000,0.0000,0.150142,-1.144121,-2.502174,34.00
2.848013,torque-chirp,hip_abduction_right_joint,RS03,0.139402,0.000000,-8.374998,0.0000,0.0000,0.139402,-1.465782,-3.776608,34.00
2.856013,torque-chirp,hip_abduction_right_joint,RS03,0.125596,0.000000,-8.328153,0.0000,0.0000,0.125596,-1.813686,-4.990616,34.00
2.864013,torque-chirp,hip_abduction_right_joint,RS03,0.109489,0.000000,-7.921265,0.0000,0.0000,0.109489,-1.984589,-6.742962,34.00
2.872013,torque-chirp,hip_abduction_right_joint,RS03,0.094150,0.000000,-7.170525,0.0000,0.0000,0.094150,-1.857634,-7.916687,34.00
2.880013,torque-chirp,hip_abduction_right_joint,RS03,0.080728,0.000000,-6.106950,0.0000,0.0000,0.080728,-1.534142,-9.233234,34.00
2.888012,torque-chirp,hip_abduction_right_joint,RS03,0.070756,0.000000,-4.775647,0.0000,0.0000,0.070756,-1.004959,-9.108723,34.00
2.896013,torque-chirp,hip_abduction_right_joint,RS03,0.063853,0.000000,-3.233575,0.0000,0.0000,0.063853,-0.720531,-8.634472,34.00
2.904020,torque-chirp,hip_abduction_right_joint,RS03,0.060019,0.000000,-1.545980,0.0000,0.0000,0.060019,-0.326237,-6.854656,34.00
2.912013,torque-chirp,hip_abduction_right_joint,RS03,0.058101,0.000000,0.208967,0.0000,0.0000,0.058101,-0.179750,-5.292747,34.00
2.920012,torque-chirp,hip_abduction_right_joint,RS03,0.057717,0.000000,1.958443,0.0000,0.0000,0.057717,-0.123598,-3.351795,34.00
2.928062,torque-chirp,hip_abduction_right_joint,RS03,0.057334,0.000000,3.633912,0.0000,0.0000,0.057334,-0.008850,-1.641567,34.00
2.936118,torque-chirp,hip_abduction_right_joint,RS03,0.056951,0.000000,5.149676,0.0000,0.0000,0.056951,-0.104067,-0.339664,34.00
2.944048,torque-chirp,hip_abduction_right_joint,RS03,0.057334,0.000000,6.417485,0.0000,0.0000,0.057334,0.110170,0.876175,34.00
2.952024,torque-chirp,hip_abduction_right_joint,RS03,0.059252,0.000000,7.410417,0.0000,0.0000,0.059252,0.299992,2.049896,34.00
2.960016,torque-chirp,hip_abduction_right_joint,RS03,0.063470,0.000000,8.076200,0.0000,0.0000,0.063470,0.747387,2.921490,34.00
2.968016,torque-chirp,hip_abduction_right_joint,RS03,0.072674,0.000000,8.381561,0.0000,0.0000,0.072674,1.512779,3.062489,34.00
2.976014,torque-chirp,hip_abduction_right_joint,RS03,0.087247,0.000000,8.310319,0.0000,0.0000,0.087247,2.096283,4.195923,34.00
2.984020,torque-chirp,hip_abduction_right_joint,RS03,0.105655,0.000000,7.863706,0.0000,0.0000,0.105655,2.568092,4.900887,34.00
2.992018,torque-chirp,hip_abduction_right_joint,RS03,0.127131,0.000000,7.061052,0.0000,0.0000,0.127131,2.804913,6.374916,34.00
3.000013,torque-chirp,hip_abduction_right_joint,RS03,0.147840,0.000000,5.937617,0.0000,0.0000,0.147840,2.511330,7.804993,34.00
3.008013,torque-chirp,hip_abduction_right_joint,RS03,0.166632,0.000000,4.541796,0.0000,0.0000,0.166632,2.172581,8.118103,34.00
3.016015,torque-chirp,hip_abduction_right_joint,RS03,0.181972,0.000000,2.936503,0.0000,0.0000,0.181972,1.733730,8.260933,34.00
3.024012,torque-chirp,hip_abduction_right_joint,RS03,0.192326,0.000000,1.195652,0.0000,0.0000,0.192326,0.997025,8.173035,34.00
3.032020,torque-chirp,hip_abduction_right_joint,RS03,0.197311,0.000000,-0.604917,0.0000,0.0000,0.197311,0.426338,6.995651,34.00
3.040143,torque-chirp,hip_abduction_right_joint,RS03,0.197311,0.000000,-2.404904,0.0000,0.0000,0.197311,-0.263371,5.111465,34.00
3.048023,torque-chirp,hip_abduction_right_joint,RS03,0.194243,0.000000,-4.044918,0.0000,0.0000,0.194243,-0.448311,2.958111,34.00
3.056013,torque-chirp,hip_abduction_right_joint,RS03,0.189641,0.000000,-5.524573,0.0000,0.0000,0.189641,-0.628366,1.033646,34.00
3.064013,torque-chirp,hip_abduction_right_joint,RS03,0.184273,0.000000,-6.751828,0.0000,0.0000,0.184273,-0.802319,-0.612499,34.00
3.072013,torque-chirp,hip_abduction_right_joint,RS03,0.176602,0.000000,-7.666625,0.0000,0.0000,0.176602,-1.025711,-1.797211,34.00
3.080014,torque-chirp,hip_abduction_right_joint,RS03,0.165097,0.000000,-8.225071,0.0000,0.0000,0.165097,-1.624475,-2.223846,34.00
3.088017,torque-chirp,hip_abduction_right_joint,RS03,0.148607,0.000000,-8.399352,0.0000,0.0000,0.148607,-2.286106,-3.490959,34.00
3.096017,torque-chirp,hip_abduction_right_joint,RS03,0.128281,0.000000,-8.179708,0.0000,0.0000,0.128281,-2.775005,-4.769054,34.00
3.104010,torque-chirp,hip_abduction_right_joint,RS03,0.105655,0.000000,-7.575706,0.0000,0.0000,0.105655,-2.876936,-6.713665,34.00
3.112013,torque-chirp,hip_abduction_right_joint,RS03,0.083796,0.000000,-6.612636,0.0000,0.0000,0.083796,-2.768902,-8.048523,34.00
3.120014,torque-chirp,hip_abduction_right_joint,RS03,0.064237,0.000000,-5.335584,0.0000,0.0000,0.064237,-2.282444,-8.975052,34.00
3.128014,torque-chirp,hip_abduction_right_joint,RS03,0.048129,0.000000,-3.803863,0.0000,0.0000,0.048129,-1.913786,-9.105061,34.00
3.136019,torque-chirp,hip_abduction_right_joint,RS03,0.037007,0.000000,-2.088043,0.0000,0.0000,0.037007,-1.203936,-8.478828,34.00
3.144021,torque-chirp,hip_abduction_right_joint,RS03,0.030105,0.000000,-0.270826,0.0000,0.0000,0.030105,-0.639963,-7.010300,34.00
3.152020,torque-chirp,hip_abduction_right_joint,RS03,0.026269,0.000000,1.560993,0.0000,0.0000,0.026269,-0.361639,-4.785534,34.00
3.160014,torque-chirp,hip_abduction_right_joint,RS03,0.024352,0.000000,3.319662,0.0000,0.0000,0.024352,-0.077822,-2.824444,34.00
3.168013,torque-chirp,hip_abduction_right_joint,RS03,0.023201,0.000000,4.922109,0.0000,0.0000,0.023201,-0.209049,-1.044632,34.00
3.176014,torque-chirp,hip_abduction_right_joint,RS03,0.022051,0.000000,6.289760,0.0000,0.0000,0.022051,-0.174868,0.520943,34.00
3.184012,torque-chirp,hip_abduction_right_joint,RS03,0.022434,0.000000,7.354574,0.0000,0.0000,0.022434,0.180361,1.614098,34.00
3.192012,torque-chirp,hip_abduction_right_joint,RS03,0.025119,0.000000,8.064653,0.0000,0.0000,0.025119,0.511787,2.679790,34.00
3.200015,torque-chirp,hip_abduction_right_joint,RS03,0.032405,0.000000,8.383639,0.0000,0.0000,0.032405,1.111162,3.122913,34.00
3.208015,torque-chirp,hip_abduction_right_joint,RS03,0.044677,0.000000,8.294181,0.0000,0.0000,0.044677,1.943693,3.639278,34.00
3.216013,torque-chirp,hip_abduction_right_joint,RS03,0.061552,0.000000,7.799343,0.0000,0.0000,0.061552,2.232395,4.827644,34.00
3.224013,torque-chirp,hip_abduction_right_joint,RS03,0.081494,0.000000,6.921411,0.0000,0.0000,0.081494,2.466774,6.164337,34.00
3.232020,torque-chirp,hip_abduction_right_joint,RS03,0.100669,0.000000,5.701031,0.0000,0.0000,0.100669,2.259251,7.881897,34.00
3.240053,torque-chirp,hip_abduction_right_joint,RS03,0.117159,0.000000,4.192358,0.0000,0.0000,0.117159,1.987030,8.299385,34.00
3.248047,torque-chirp,hip_abduction_right_joint,RS03,0.129431,0.000000,2.481383,0.0000,0.0000,0.129431,1.291828,8.790115,34.00
3.256024,torque-chirp,hip_abduction_right_joint,RS03,0.135567,0.000000,0.649416,0.0000,0.0000,0.135567,0.400093,8.204170,34.00
3.264021,torque-chirp,hip_abduction_right_joint,RS03,0.136718,0.000000,-1.221795,0.0000,0.0000,0.136718,0.025330,6.508583,34.00
3.272014,torque-chirp,hip_abduction_right_joint,RS03,0.134033,0.000000,-3.033679,0.0000,0.0000,0.134033,-0.555733,4.245361,34.00
3.280015,torque-chirp,hip_abduction_right_joint,RS03,0.128281,0.000000,-4.698168,0.0000,0.0000,0.128281,-0.870680,2.357517,34.00
3.288276,torque-chirp,hip_abduction_right_joint,RS03,0.120611,0.000000,-6.171424,0.0000,0.0000,0.120611,-1.125811,0.793777,34.00
3.296043,torque-chirp,hip_abduction_right_joint,RS03,0.111407,0.000000,-7.258257,0.0000,0.0000,0.111407,-1.236286,-0.949417,34.00
3.304029,torque-chirp,hip_abduction_right_joint,RS03,0.100286,0.000000,-8.017514,0.0000,0.0000,0.100286,-1.561607,-1.967499,34.00
3.312025,torque-chirp,hip_abduction_right_joint,RS03,0.083796,0.000000,-8.374574,0.0000,0.0000,0.083796,-2.333105,-2.547951,34.00
3.320019,torque-chirp,hip_abduction_right_joint,RS03,0.062703,0.000000,-8.308715,0.0000,0.0000,0.062703,-2.829937,-3.888306,34.00
3.328014,torque-chirp,hip_abduction_right_joint,RS03,0.038157,0.000000,-7.821556,0.0000,0.0000,0.038157,-3.195545,-5.834743,34.00
3.336015,torque-chirp,hip_abduction_right_joint,RS03,0.013230,0.000000,-6.935536,0.0000,0.0000,0.013230,-3.105822,-7.497368,34.00
3.344014,torque-chirp,hip_abduction_right_joint,RS03,-0.009779,0.000000,-5.694665,0.0000,0.0000,-0.009779,-2.689554,-8.793777,34.00
3.352014,torque-chirp,hip_abduction_right_joint,RS03,-0.028955,0.000000,-4.160598,0.0000,0.0000,-0.028955,-2.092012,-9.560997,34.00
3.360014,torque-chirp,hip_abduction_right_joint,RS03,-0.042761,0.000000,-2.411174,0.0000,0.0000,-0.042761,-1.330282,-9.599449,34.00
3.368014,torque-chirp,hip_abduction_right_joint,RS03,-0.050430,0.000000,-0.535359,0.0000,0.0000,-0.050430,-0.779736,-8.022888,34.00
3.376014,torque-chirp,hip_abduction_right_joint,RS03,-0.053498,0.000000,1.370161,0.0000,0.0000,-0.053498,-0.168764,-6.422520,34.00
3.384014,torque-chirp,hip_abduction_right_joint,RS03,-0.053115,0.000000,3.207603,0.0000,0.0000,-0.053115,0.083315,-3.485466,34.00
3.392014,torque-chirp,hip_abduction_right_joint,RS03,-0.052348,0.000000,4.881167,0.0000,0.0000,-0.052348,0.165102,-1.244221,34.00
3.400013,torque-chirp,hip_abduction_right_joint,RS03,-0.051965,0.000000,6.302946,0.0000,0.0000,-0.051965,0.066833,0.517281,34.00
3.408014,torque-chirp,hip_abduction_right_joint,RS03,-0.050430,0.000000,7.398483,0.0000,0.0000,-0.050430,0.350040,1.614098,34.00
3.416011,torque-chirp,hip_abduction_right_joint,RS03,-0.046596,0.000000,8.108477,0.0000,0.0000,-0.046596,0.648508,2.637676,34.00
3.424014,torque-chirp,hip_abduction_right_joint,RS03,-0.038925,0.000000,8.394947,0.0000,0.0000,-0.038925,1.283894,3.192493,34.00
3.436037,torque-chirp,hip_abduction_right_joint,RS03,-0.016298,0.000000,7.997725,0.0000,0.0000,-0.016298,2.309912,4.465096,34.00
3.444043,torque-chirp,hip_abduction_right_joint,RS03,0.003643,0.000000,7.199893,0.0000,0.0000,0.003643,2.700541,5.043716,34.00
3.452029,torque-chirp,hip_abduction_right_joint,RS03,0.025502,0.000000,6.023226,0.0000,0.0000,0.025502,2.629129,6.982834,34.00
3.460021,torque-chirp,hip_abduction_right_joint,RS03,0.044677,0.000000,4.525575,0.0000,0.0000,0.044677,2.135960,8.270088,34.00
3.468019,torque-chirp,hip_abduction_right_joint,RS03,0.059635,0.000000,2.784650,0.0000,0.0000,0.059635,1.525597,9.044632,34.00
3.476012,torque-chirp,hip_abduction_right_joint,RS03,0.067688,0.000000,0.894310,0.0000,0.0000,0.067688,0.541084,9.220421,34.00
3.484014,torque-chirp,hip_abduction_right_joint,RS03,0.069222,0.000000,-1.048213,0.0000,0.0000,0.069222,-0.189516,7.446098,34.00
3.492014,torque-chirp,hip_abduction_right_joint,RS03,0.066154,0.000000,-2.936536,0.0000,0.0000,0.066154,-0.621653,4.930191,34.00
3.500015,torque-chirp,hip_abduction_right_joint,RS03,0.059252,0.000000,-4.669725,0.0000,0.0000,0.059252,-0.862135,2.976421,34.00
3.508013,torque-chirp,hip_abduction_right_joint,RS03,0.050048,0.000000,-6.153496,0.0000,0.0000,0.050048,-1.247272,1.024490,34.00
3.516012,torque-chirp,hip_abduction_right_joint,RS03,0.039692,0.000000,-7.307001,0.0000,0.0000,0.039692,-1.455406,-0.846878,34.00
3.524012,torque-chirp,hip_abduction_right_joint,RS03,0.027037,0.000000,-8.066811,0.0000,0.0000,0.027037,-1.772182,-1.769745,34.00
3.532014,torque-chirp,hip_abduction_right_joint,RS03,0.010162,0.000000,-8.389918,0.0000,0.0000,0.010162,-2.500343,-2.694435,34.00
3.540013,torque-chirp,hip_abduction_right_joint,RS03,-0.012464,0.000000,-8.256970,0.0000,0.0000,-0.012464,-2.892805,-3.818722,34.00
3.548153,torque-chirp,hip_abduction_right_joint,RS03,-0.037392,0.000000,-7.659533,0.0000,0.0000,-0.037392,-3.198597,-5.759670,34.00
3.556023,torque-chirp,hip_abduction_right_joint,RS03,-0.063469,0.000000,-6.668418,0.0000,0.0000,-0.063469,-3.172352,-7.731747,34.00
3.564014,torque-chirp,hip_abduction_right_joint,RS03,-0.086096,0.000000,-5.299186,0.0000,0.0000,-0.086096,-2.684671,-9.240559,34.00
3.572012,torque-chirp,hip_abduction_right_joint,RS03,-0.103737,0.000000,-3.636133,0.0000,0.0000,-0.103737,-1.852751,-10.049896,34.00
3.580013,torque-chirp,hip_abduction_right_joint,RS03,-0.114859,0.000000,-1.770041,0.0000,0.0000,-0.114859,-1.128862,-9.553673,34.00
3.588015,torque-chirp,hip_abduction_right_joint,RS03,-0.119077,0.000000,0.196474,0.0000,0.0000,-0.119077,-0.298161,-8.403755,34.00
3.596015,torque-chirp,hip_abduction_right_joint,RS03,-0.118310,0.000000,2.154231,0.0000,0.0000,-0.118310,0.257267,-5.860378,34.00
3.604014,torque-chirp,hip_abduction_right_joint,RS03,-0.114859,0.000000,3.994517,0.0000,0.0000,-0.114859,0.553293,-2.844585,34.00
3.612016,torque-chirp,hip_abduction_right_joint,RS03,-0.110640,0.000000,5.615420,0.0000,0.0000,-0.110640,0.502632,-0.859695,34.00
3.620015,torque-chirp,hip_abduction_right_joint,RS03,-0.106805,0.000000,6.924298,0.0000,0.0000,-0.106805,0.511787,0.791946,34.00
3.628016,torque-chirp,hip_abduction_right_joint,RS03,-0.101436,0.000000,7.847758,0.0000,0.0000,-0.101436,0.834667,1.526207,34.00
3.636014,torque-chirp,hip_abduction_right_joint,RS03,-0.091465,0.000000,8.332129,0.0000,0.0000,-0.091465,1.490196,2.740215,34.00
3.644049,torque-chirp,hip_abduction_right_joint,RS03,-0.076509,0.000000,8.347760,0.0000,0.0000,-0.076509,2.119480,3.296864,34.00
3.652044,torque-chirp,hip_abduction_right_joint,RS03,-0.056566,0.000000,7.892215,0.0000,0.0000,-0.056566,2.802471,4.316772,34.00
3.660033,torque-chirp,hip_abduction_right_joint,RS03,-0.032789,0.000000,6.991429,0.0000,0.0000,-0.032789,3.126574,5.376968,34.00
3.668024,torque-chirp,hip_abduction_right_joint,RS03,-0.007862,0.000000,5.694218,0.0000,0.0000,-0.007862,3.018539,7.123825,34.00
3.676018,torque-chirp,hip_abduction_right_joint,RS03,0.014381,0.000000,4.072082,0.0000,0.0000,0.014381,2.661478,8.306709,34.00
3.684014,torque-chirp,hip_abduction_right_joint,RS03,0.030871,0.000000,2.215789,0.0000,0.0000,0.030871,1.646450,9.544518,34.00
3.692015,torque-chirp,hip_abduction_right_joint,RS03,0.039692,0.000000,0.229903,0.0000,0.0000,0.039692,0.741894,9.304649,34.00
3.700014,torque-chirp,hip_abduction_right_joint,RS03,0.041609,0.000000,-1.771433,0.0000,0.0000,0.041609,-0.090029,7.352715,34.00
3.708014,torque-chirp,hip_abduction_right_joint,RS03,0.037391,0.000000,-3.673710,0.0000,0.0000,0.037391,-0.711987,4.758064,34.00
3.716013,torque-chirp,hip_abduction_right_joint,RS03,0.030105,0.000000,-5.366980,0.0000,0.0000,0.030105,-1.128252,2.361179,34.00
3.724013,torque-chirp,hip_abduction_right_joint,RS03,0.020901,0.000000,-6.752953,0.0000,0.0000,0.020901,-1.268635,0.658272,34.00
3.732013,torque-chirp,hip_abduction_right_joint,RS03,0.010162,0.000000,-7.750388,0.0000,0.0000,0.010162,-1.441977,-1.092243,34.00
3.740013,torque-chirp,hip_abduction_right_joint,RS03,-0.002876,0.000000,-8.299949,0.0000,0.0000,-0.002876,-1.720303,-2.337376,34.00
3.748013,torque-chirp,hip_abduction_right_joint,RS03,-0.021667,0.000000,-8.368083,0.0000,0.0000,-0.021667,-2.690165,-2.780499,34.00
3.756012,torque-chirp,hip_abduction_right_joint,RS03,-0.044678,0.000000,-7.949120,0.0000,0.0000,-0.044678,-3.014877,-4.446785,34.00
3.764011,torque-chirp,hip_abduction_right_joint,RS03,-0.069988,0.000000,-7.065607,0.0000,0.0000,-0.069988,-3.102770,-6.587318,34.00
3.772012,torque-chirp,hip_abduction_right_joint,RS03,-0.093766,0.000000,-5.767490,0.0000,0.0000,-0.093766,-2.811626,-8.268253,34.00
3.780012,torque-chirp,hip_abduction_right_joint,RS03,-0.112941,0.000000,-4.129234,0.0000,0.0000,-0.112941,-2.129854,-9.844814,34.00
3.788012,torque-chirp,hip_abduction_right_joint,RS03,-0.126364,0.000000,-2.246362,0.0000,0.0000,-0.126364,-1.431601,-9.892422,34.00
3.796010,torque-chirp,hip_abduction_right_joint,RS03,-0.131733,0.000000,-0.229187,0.0000,0.0000,-0.131733,-0.249943,-9.656212,34.00
3.804012,torque-chirp,hip_abduction_right_joint,RS03,-0.130198,0.000000,1.804819,0.0000,0.0000,-0.130198,0.345158,-7.041428,34.00
3.812012,torque-chirp,hip_abduction_right_joint,RS03,-0.124447,0.000000,3.734001,0.0000,0.0000,-0.124447,0.866409,-4.355232,34.00
3.820011,torque-chirp,hip_abduction_right_joint,RS03,-0.116392,0.000000,5.443465,0.0000,0.0000,-0.116392,0.971390,-1.615932,34.00
3.828012,torque-chirp,hip_abduction_right_joint,RS03,-0.108723,0.000000,6.831235,0.0000,0.0000,-0.108723,0.885330,0.259102,34.00
3.840007,torque-chirp,hip_abduction_right_joint,RS03,-0.094916,0.000000,8.131263,0.0000,0.0000,-0.094916,1.297321,1.685516,34.00
3.848013,torque-chirp,hip_abduction_right_joint,RS03,-0.081494,0.000000,8.399733,0.0000,0.0000,-0.081494,1.843596,3.183338,34.00
3.856010,torque-chirp,hip_abduction_right_joint,RS03,-0.063086,0.000000,8.163869,0.0000,0.0000,-0.063086,2.561378,3.597164,34.00
3.864011,torque-chirp,hip_abduction_right_joint,RS03,-0.039309,0.000000,7.436163,0.0000,0.0000,-0.039309,3.052721,4.858772,34.00
3.872012,torque-chirp,hip_abduction_right_joint,RS03,-0.012847,0.000000,6.258722,0.0000,0.0000,-0.012847,3.300526,5.997711,34.00
3.880012,torque-chirp,hip_abduction_right_joint,RS03,0.012464,0.000000,4.701352,0.0000,0.0000,0.012464,3.006943,7.826965,34.00
3.888010,torque-chirp,hip_abduction_right_joint,RS03,0.034323,0.000000,2.857711,0.0000,0.0000,0.034323,2.457008,8.910965,34.00
3.896009,torque-chirp,hip_abduction_right_joint,RS03,0.049280,0.000000,0.837725,0.0000,0.0000,0.049280,1.321735,9.562828,34.00
3.904010,torque-chirp,hip_abduction_right_joint,RS03,0.055416,0.000000,-1.235996,0.0000,0.0000,0.055416,0.444649,8.839554,34.00
3.912012,torque-chirp,hip_abduction_right_joint,RS03,0.054649,0.000000,-3.237067,0.0000,0.0000,0.054649,-0.384222,6.175323,34.00
3.920012,torque-chirp,hip_abduction_right_joint,RS03,0.048512,0.000000,-5.041720,0.0000,0.0000,0.048512,-0.942703,3.434193,34.00
3.928018,torque-chirp,hip_abduction_right_joint,RS03,0.038925,0.000000,-6.540109,0.0000,0.0000,0.038925,-1.353476,1.000687,34.00
3.936010,torque-chirp,hip_abduction_right_joint,RS03,0.028570,0.000000,-7.635796,0.0000,0.0000,0.028570,-1.391928,-0.585030,34.00
3.944013,torque-chirp,hip_abduction_right_joint,RS03,0.015915,0.000000,-8.263253,0.0000,0.0000,0.015915,-1.783779,-1.821014,34.00
3.952012,torque-chirp,hip_abduction_right_joint,RS03,-0.000958,0.000000,-8.380223,0.0000,0.0000,-0.000958,-2.510719,-2.906841,34.00
3.960017,torque-chirp,hip_abduction_right_joint,RS03,-0.023585,0.000000,-7.977599,0.0000,0.0000,-0.023585,-2.937363,-4.170292,34.00
3.968015,torque-chirp,hip_abduction_right_joint,RS03,-0.048512,0.000000,-7.079323,0.0000,0.0000,-0.048512,-3.293201,-5.781643,34.00
3.976014,torque-chirp,hip_abduction_right_joint,RS03,-0.073056,0.000000,-5.739178,0.0000,0.0000,-0.073056,-2.927595,-8.127262,34.00
3.984014,torque-chirp,hip_abduction_right_joint,RS03,-0.093766,0.000000,-4.039110,0.0000,0.0000,-0.093766,-2.328222,-9.469444,34.00
3.992013,torque-chirp,hip_abduction_right_joint,RS03,-0.107955,0.000000,-2.084545,0.0000,0.0000,-0.107955,-1.537193,-10.231174,34.00
4.000015,torque-chirp,hip_abduction_right_joint,RS03,-0.114091,0.000000,0.003954,0.0000,0.0000,-0.114091,-0.387274,-9.383385,34.00
4.008014,torque-chirp,hip_abduction_right_joint,RS03,-0.112557,0.000000,2.093756,0.0000,0.0000,-0.112557,0.469673,-7.089035,34.00
4.016015,torque-chirp,hip_abduction_right_joint,RS03,-0.107188,0.000000,4.054688,0.0000,0.0000,-0.107188,0.977493,-4.611584,34.00
4.024013,torque-chirp,hip_abduction_right_joint,RS03,-0.097601,0.000000,5.761014,0.0000,0.0000,-0.097601,1.259480,-2.205536,34.00
4.032013,torque-chirp,hip_abduction_right_joint,RS03,-0.087247,0.000000,7.105126,0.0000,0.0000,-0.087247,1.311359,0.321358,34.00
4.040013,torque-chirp,hip_abduction_right_joint,RS03,-0.076509,0.000000,7.999673,0.0000,0.0000,-0.076509,1.444418,1.691010,34.00
4.048012,torque-chirp,hip_abduction_right_joint,RS03,-0.062319,0.000000,8.386345,0.0000,0.0000,-0.062319,1.944304,2.793316,34.00
4.056084,torque-chirp,hip_abduction_right_joint,RS03,-0.043144,0.000000,8.234984,0.0000,0.0000,-0.043144,2.641947,3.483631,34.00
4.064018,torque-chirp,hip_abduction_right_joint,RS03,-0.018983,0.000000,7.563620,0.0000,0.0000,-0.018983,3.309071,4.316772,34.00
4.072015,torque-chirp,hip_abduction_right_joint,RS03,0.009012,0.000000,6.403866,0.0000,0.0000,0.009012,3.627680,5.598534,34.00
4.080011,torque-chirp,hip_abduction_right_joint,RS03,0.036241,0.000000,4.831829,0.0000,0.0000,0.036241,3.336536,7.667656,34.00
4.088014,torque-chirp,hip_abduction_right_joint,RS03,0.060402,0.000000,2.945677,0.0000,0.0000,0.060402,2.720682,8.484322,34.00
4.096121,torque-chirp,hip_abduction_right_joint,RS03,0.078043,0.000000,0.839426,0.0000,0.0000,0.078043,1.568321,9.421837,34.00
4.104069,torque-chirp,hip_abduction_right_joint,RS03,0.086096,0.000000,-1.283222,0.0000,0.0000,0.086096,0.588083,9.300987,34.00
4.112057,torque-chirp,hip_abduction_right_joint,RS03,0.086480,0.000000,-3.335815,0.0000,0.0000,0.086480,-0.164492,6.779579,34.00
4.120040,torque-chirp,hip_abduction_right_joint,RS03,0.080728,0.000000,-5.173557,0.0000,0.0000,0.080728,-0.867018,3.725338,34.00
4.132019,torque-chirp,hip_abduction_right_joint,RS03,0.067688,0.000000,-7.273703,0.0000,0.0000,0.067688,-1.328451,0.498970,34.00
4.140019,torque-chirp,hip_abduction_right_joint,RS03,0.057717,0.000000,-8.101543,0.0000,0.0000,0.057717,-1.447472,-0.874344,34.00
4.152012,torque-chirp,hip_abduction_right_joint,RS03,0.036241,0.000000,-8.341911,0.0000,0.0000,0.036241,-2.201878,-2.837261,34.00
4.164010,torque-chirp,hip_abduction_right_joint,RS03,0.004026,0.000000,-7.357471,0.0000,0.0000,0.004026,-2.848858,-4.860611,34.00
4.172018,torque-chirp,hip_abduction_right_joint,RS03,-0.020517,0.000000,-6.080417,0.0000,0.0000,-0.020517,-3.003281,-6.552528,34.00
4.180016,torque-chirp,hip_abduction_right_joint,RS03,-0.042377,0.000000,-4.401133,0.0000,0.0000,-0.042377,-2.525368,-8.295719,34.00
4.188015,torque-chirp,hip_abduction_right_joint,RS03,-0.059634,0.000000,-2.427969,0.0000,0.0000,-0.059634,-1.875944,-9.681847,34.00
4.196014,torque-chirp,hip_abduction_right_joint,RS03,-0.068455,0.000000,-0.291407,0.0000,0.0000,-0.068455,-0.752270,-9.709312,34.00
4.204015,torque-chirp,hip_abduction_right_joint,RS03,-0.068838,0.000000,1.867585,0.0000,0.0000,-0.068838,0.306705,-7.999084,34.00
4.212016,torque-chirp,hip_abduction_right_joint,RS03,-0.063086,0.000000,3.904246,0.0000,0.0000,-0.063086,0.980545,-5.300072,34.00
4.220013,torque-chirp,hip_abduction_right_joint,RS03,-0.052732,0.000000,5.681212,0.0000,0.0000,-0.052732,1.499962,-2.586403,34.00
4.228019,torque-chirp,hip_abduction_right_joint,RS03,-0.040843,0.000000,7.080796,0.0000,0.0000,-0.040843,1.430990,-0.304874,34.00
4.236011,torque-chirp,hip_abduction_right_joint,RS03,-0.028571,0.000000,8.004124,0.0000,0.0000,-0.028571,1.531090,1.302818,34.00
4.244014,torque-chirp,hip_abduction_right_joint,RS03,-0.013614,0.000000,8.390421,0.0000,0.0000,-0.013614,2.077972,2.897686,34.00
4.252015,torque-chirp,hip_abduction_right_joint,RS03,0.005944,0.000000,8.210248,0.0000,0.0000,0.005944,2.692606,3.452503,34.00
4.260014,torque-chirp,hip_abduction_right_joint,RS03,0.031638,0.000000,7.474263,0.0000,0.0000,0.031638,3.359734,4.302124,34.00
4.268013,torque-chirp,hip_abduction_right_joint,RS03,0.060785,0.000000,6.230446,0.0000,0.0000,0.060785,3.666132,5.583885,34.00
4.276014,torque-chirp,hip_abduction_right_joint,RS03,0.088780,0.000000,4.561348,0.0000,0.0000,0.088780,3.415886,7.814148,34.00
4.284014,torque-chirp,hip_abduction_right_joint,RS03,0.113324,0.000000,2.579666,0.0000,0.0000,0.113324,2.715189,8.065002,34.00
4.292011,torque-chirp,hip_abduction_right_joint,RS03,0.131732,0.000000,0.420286,0.0000,0.0000,0.131732,1.653164,9.722137,34.00
4.300014,torque-chirp,hip_abduction_right_joint,RS03,0.139402,0.000000,-1.771872,0.0000,0.0000,0.139402,0.529488,9.192955,34.00
4.308012,torque-chirp,hip_abduction_right_joint,RS03,0.139018,0.000000,-3.843353,0.0000,0.0000,0.139018,-0.306095,6.446327,34.00
4.316014,torque-chirp,hip_abduction_right_joint,RS03,0.132115,0.000000,-5.654164,0.0000,0.0000,0.132115,-1.103838,4.062256,34.00
4.324016,torque-chirp,hip_abduction_right_joint,RS03,0.120995,0.000000,-7.076800,0.0000,0.0000,0.120995,-1.446251,1.485924,34.00
4.332012,torque-chirp,hip_abduction_right_joint,RS03,0.107955,0.000000,-8.011328,0.0000,0.0000,0.107955,-1.738613,-0.874344,34.00
4.340012,torque-chirp,hip_abduction_right_joint,RS03,0.092999,0.000000,-8.392812,0.0000,0.0000,0.092999,-1.987030,-2.099335,34.00
4.348015,torque-chirp,hip_abduction_right_joint,RS03,0.073057,0.000000,-8.191964,0.0000,0.0000,0.073057,-2.801861,-3.104599,34.00
4.356012,torque-chirp,hip_abduction_right_joint,RS03,0.047745,0.000000,-7.421361,0.0000,0.0000,0.047745,-3.381704,-4.360725,34.00
4.364022,torque-chirp,hip_abduction_right_joint,RS03,0.020134,0.000000,-6.130404,0.0000,0.0000,0.020134,-3.518425,-6.261387,34.00
4.372015,torque-chirp,hip_abduction_right_joint,RS03,-0.005561,0.000000,-4.412681,0.0000,0.0000,-0.005561,-3.056381,-7.999084,34.00
4.380013,torque-chirp,hip_abduction_right_joint,RS03,-0.027038,0.000000,-2.383063,0.0000,0.0000,-0.027038,-2.303806,-9.449303,34.00
4.388012,torque-chirp,hip_abduction_right_joint,RS03,-0.040843,0.000000,-0.183635,0.0000,0.0000,-0.040843,-1.267414,-9.647057,34.00
4.396014,torque-chirp,hip_abduction_right_joint,RS03,-0.044678,0.000000,2.031674,0.0000,0.0000,-0.044678,-0.000305,-8.929276,34.00
4.404013,torque-chirp,hip_abduction_right_joint,RS03,-0.041226,0.000000,4.105479,0.0000,0.0000,-0.041226,0.771191,-5.754177,34.00
4.412014,torque-chirp,hip_abduction_right_joint,RS03,-0.032789,0.000000,5.892184,0.0000,0.0000,-0.032789,1.248493,-3.139389,34.00
4.420013,torque-chirp,hip_abduction_right_joint,RS03,-0.021284,0.000000,7.262764,0.0000,0.0000,-0.021284,1.447470,-0.630810,34.00
4.428012,torque-chirp,hip_abduction_right_joint,RS03,-0.009779,0.000000,8.119578,0.0000,0.0000,-0.009779,1.451742,1.573814,34.00
4.436017,torque-chirp,hip_abduction_right_joint,RS03,0.004026,0.000000,8.399688,0.0000,0.0000,0.004026,1.874723,2.635845,34.00
4.444013,torque-chirp,hip_abduction_right_joint,RS03,0.022818,0.000000,8.081107,0.0000,0.0000,0.022818,2.525978,3.692379,34.00
4.452015,torque-chirp,hip_abduction_right_joint,RS03,0.047361,0.000000,7.184242,0.0000,0.0000,0.047361,3.441521,4.364380,34.00
4.460014,torque-chirp,hip_abduction_right_joint,RS03,0.074592,0.000000,5.772187,0.0000,0.0000,0.074592,3.365227,5.809105,34.00
4.468014,torque-chirp,hip_abduction_right_joint,RS03,0.100286,0.000000,3.944274,0.0000,0.0000,0.100286,2.971542,8.065002,34.00
4.476012,torque-chirp,hip_abduction_right_joint,RS03,0.121761,0.000000,1.830791,0.0000,0.0000,0.121761,2.501564,8.623482,34.00
4.484014,torque-chirp,hip_abduction_right_joint,RS03,0.135183,0.000000,-0.417901,0.0000,0.0000,0.135183,1.232014,9.899750,34.00
4.492013,torque-chirp,hip_abduction_right_joint,RS03,0.137485,0.000000,-2.638131,0.0000,0.0000,0.137485,-0.151064,8.962234,34.00
4.500013,torque-chirp,hip_abduction_right_joint,RS03,0.132115,0.000000,-4.669814,0.0000,0.0000,0.132115,-1.027542,5.994049,34.00
4.508014,torque-chirp,hip_abduction_right_joint,RS03,0.119077,0.000000,-6.365109,0.0000,0.0000,0.119077,-1.947968,3.664913,34.00
4.516013,torque-chirp,hip_abduction_right_joint,RS03,0.101819,0.000000,-7.598626,0.0000,0.0000,0.101819,-2.307470,0.808426,34.00
4.524014,torque-chirp,hip_abduction_right_joint,RS03,0.083028,0.000000,-8.279804,0.0000,0.0000,0.083028,-2.530251,-1.062946,34.00
4.532013,torque-chirp,hip_abduction_right_joint,RS03,0.061552,0.000000,-8.356493,0.0000,0.0000,0.061552,-2.881819,-2.494850,34.00
4.544012,torque-chirp,hip_abduction_right_joint,RS03,0.019366,0.000000,-7.334387,0.0000,0.0000,0.019366,-3.766232,-4.247196,34.00
4.552015,torque-chirp,hip_abduction_right_joint,RS03,-0.012464,0.000000,-5.963964,0.0000,0.0000,-0.012464,-4.062257,-6.058136,34.00
4.560016,torque-chirp,hip_abduction_right_joint,RS03,-0.043144,0.000000,-4.153358,0.0000,0.0000,-0.043144,-3.598993,-7.891052,34.00
4.568267,torque-chirp,hip_abduction_right_joint,RS03,-0.069221,0.000000,-1.964255,0.0000,0.0000,-0.069221,-2.892805,-9.335777,34.00
4.576041,torque-chirp,hip_abduction_right_joint,RS03,-0.085329,0.000000,0.244886,0.0000,0.0000,-0.085329,-1.565880,-9.835659,34.00
4.584148,torque-chirp,hip_abduction_right_joint,RS03,-0.092232,0.000000,2.530454,0.0000,0.0000,-0.092232,-0.231022,-9.579308,34.00
4.592031,torque-chirp,hip_abduction_right_joint,RS03,-0.088780,0.000000,4.571616,0.0000,0.0000,-0.088780,0.671701,-6.276035,34.00
4.600022,torque-chirp,hip_abduction_right_joint,RS03,-0.080728,0.000000,6.305233,0.0000,0.0000,-0.080728,1.271076,-3.122910,34.00
4.612019,torque-chirp,hip_abduction_right_joint,RS03,-0.063086,0.000000,7.997931,0.0000,0.0000,-0.063086,1.357748,0.293892,34.00
4.620019,torque-chirp,hip_abduction_right_joint,RS03,-0.050430,0.000000,8.394526,0.0000,0.0000,-0.050430,1.665371,2.284275,34.00
4.628018,torque-chirp,hip_abduction_right_joint,RS03,-0.035090,0.000000,8.161777,0.0000,0.0000,-0.035090,2.207371,3.450672,34.00
4.636016,torque-chirp,hip_abduction_right_joint,RS03,-0.013230,0.000000,7.315466,0.0000,0.0000,-0.013230,2.925156,3.987186,34.00
4.644045,torque-chirp,hip_abduction_right_joint,RS03,0.012464,0.000000,5.910780,0.0000,0.0000,0.012464,3.309071,5.016251,34.00
4.652042,torque-chirp,hip_abduction_right_joint,RS03,0.038157,0.000000,4.063016,0.0000,0.0000,0.038157,3.041122,7.220871,34.00
4.660027,torque-chirp,hip_abduction_right_joint,RS03,0.060019,0.000000,1.909680,0.0000,0.0000,0.060019,2.594339,7.772034,34.00
4.668026,torque-chirp,hip_abduction_right_joint,RS03,0.075742,0.000000,-0.394686,0.0000,0.0000,0.075742,1.397421,9.207603,34.00
4.676019,torque-chirp,hip_abduction_right_joint,RS03,0.080344,0.000000,-2.669526,0.0000,0.0000,0.080344,0.044861,9.469444,34.00
4.684020,torque-chirp,hip_abduction_right_joint,RS03,0.075742,0.000000,-4.745782,0.0000,0.0000,0.075742,-1.029373,5.840233,34.00
4.692017,torque-chirp,hip_abduction_right_joint,RS03,0.063087,0.000000,-6.461061,0.0000,0.0000,0.063087,-2.041962,4.223389,34.00
4.700016,torque-chirp,hip_abduction_right_joint,RS03,0.043910,0.000000,-7.684555,0.0000,0.0000,0.043910,-2.521706,1.147171,34.00
4.708015,torque-chirp,hip_abduction_right_joint,RS03,0.022818,0.000000,-8.320305,0.0000,0.0000,0.022818,-2.595560,-0.634472,34.00
4.716013,torque-chirp,hip_abduction_right_joint,RS03,-0.000192,0.000000,-8.317534,0.0000,0.0000,-0.000192,-3.108263,-2.775005,34.00
4.724014,torque-chirp,hip_abduction_right_joint,RS03,-0.028188,0.000000,-7.674196,0.0000,0.0000,-0.028188,-3.883421,-3.359119,34.00
4.732014,torque-chirp,hip_abduction_right_joint,RS03,-0.061169,0.000000,-6.438194,0.0000,0.0000,-0.061169,-4.271611,-5.005264,34.00
4.740014,torque-chirp,hip_abduction_right_joint,RS03,-0.093766,0.000000,-4.702759,0.0000,0.0000,-0.093766,-4.053712,-7.070724,34.00
4.748013,torque-chirp,hip_abduction_right_joint,RS03,-0.123296,0.000000,-2.601257,0.0000,0.0000,-0.123296,-3.392080,-8.284733,34.00
4.756013,torque-chirp,hip_abduction_right_joint,RS03,-0.146306,0.000000,-0.295441,0.0000,0.0000,-0.146306,-2.280003,-9.454796,34.00
4.764015,torque-chirp,hip_abduction_right_joint,RS03,-0.159345,0.000000,2.036379,0.0000,0.0000,-0.159345,-1.027542,-10.181732,34.00
4.772014,torque-chirp,hip_abduction_right_joint,RS03,-0.159728,0.000000,4.210924,0.0000,0.0000,-0.159728,0.384220,-8.090641,34.00
4.780011,torque-chirp,hip_abduction_right_joint,RS03,-0.152825,0.000000,6.058356,0.0000,0.0000,-0.152825,1.229572,-4.745251,34.00
4.788013,torque-chirp,hip_abduction_right_joint,RS03,-0.139787,0.000000,7.434182,0.0000,0.0000,-0.139787,1.855803,-1.963837,34.00
4.796015,torque-chirp,hip_abduction_right_joint,RS03,-0.124830,0.000000,8.227519,0.0000,0.0000,-0.124830,1.968719,0.718704,34.00
4.804014,torque-chirp,hip_abduction_right_joint,RS03,-0.108723,0.000000,8.374180,0.0000,0.0000,-0.108723,2.186008,2.688946,34.00
4.812014,torque-chirp,hip_abduction_right_joint,RS03,-0.088397,0.000000,7.860840,0.0000,0.0000,-0.088397,2.803082,3.549557,34.00
4.820014,torque-chirp,hip_abduction_right_joint,RS03,-0.062319,0.000000,6.725931,0.0000,0.0000,-0.062319,3.516596,4.228882,34.00
4.828013,torque-chirp,hip_abduction_right_joint,RS03,-0.033174,0.000000,5.057456,0.0000,0.0000,-0.033174,3.744869,5.695580,34.00
4.836012,torque-chirp,hip_abduction_right_joint,RS03,-0.006328,0.000000,2.986129,0.0000,0.0000,-0.006328,3.099718,7.911194,34.00
4.844013,torque-chirp,hip_abduction_right_joint,RS03,0.017066,0.000000,0.674927,0.0000,0.0000,0.017066,2.682840,7.945984,34.00
4.852013,torque-chirp,hip_abduction_right_joint,RS03,0.031255,0.000000,-1.692482,0.0000,0.0000,0.031255,1.190510,9.663544,34.00
4.864008,torque-chirp,hip_abduction_right_joint,RS03,0.031638,0.000000,-4.936683,0.0000,0.0000,0.031638,-0.499580,6.889450,34.00
4.872014,torque-chirp,hip_abduction_right_joint,RS03,0.021667,0.000000,-6.644543,0.0000,0.0000,0.021667,-1.707485,5.292740,34.00
4.880014,torque-chirp,hip_abduction_right_joint,RS03,0.003643,0.000000,-7.819448,0.0000,0.0000,0.003643,-2.398413,1.619591,34.00
4.888014,torque-chirp,hip_abduction_right_joint,RS03,-0.017066,0.000000,-8.366528,0.0000,0.0000,-0.017066,-2.672464,-0.306705,34.00
4.896014,torque-chirp,hip_abduction_right_joint,RS03,-0.039693,0.000000,-8.239772,0.0000,0.0000,-0.039693,-3.000229,-2.514992,34.00
4.904016,torque-chirp,hip_abduction_right_joint,RS03,-0.067305,0.000000,-7.447108,0.0000,0.0000,-0.067305,-3.883421,-3.397572,34.00
4.912014,torque-chirp,hip_abduction_right_joint,RS03,-0.098751,0.000000,-6.051275,0.0000,0.0000,-0.098751,-4.059815,-5.096821,34.00
4.920035,torque-chirp,hip_abduction_right_joint,RS03,-0.130966,0.000000,-4.157108,0.0000,0.0000,-0.130966,-3.887083,-7.012131,34.00
4.928013,torque-chirp,hip_abduction_right_joint,RS03,-0.159345,0.000000,-1.934229,0.0000,0.0000,-0.159345,-3.318836,-8.141911,34.00
4.936015,torque-chirp,hip_abduction_right_joint,RS03,-0.180437,0.000000,0.454819,0.0000,0.0000,-0.180437,-2.161594,-9.154499,34.00
4.944014,torque-chirp,hip_abduction_right_joint,RS03,-0.191175,0.000000,2.808293,0.0000,0.0000,-0.191175,-0.780956,-9.143513,34.00
4.952013,torque-chirp,hip_abduction_right_joint,RS03,-0.190792,0.000000,4.934773,0.0000,0.0000,-0.190792,0.434883,-6.731976,34.00
4.960014,torque-chirp,hip_abduction_right_joint,RS03,-0.181972,0.000000,6.659225,0.0000,0.0000,-0.181972,1.432821,-4.314945,34.00
4.968014,torque-chirp,hip_abduction_right_joint,RS03,-0.166631,0.000000,7.838243,0.0000,0.0000,-0.166631,2.170139,-1.663540,34.00
4.976013,torque-chirp,hip_abduction_right_joint,RS03,-0.148223,0.000000,8.373236,0.0000,0.0000,-0.148223,2.131687,0.755325,34.00
4.984012,torque-chirp,hip_abduction_right_joint,RS03,-0.128282,0.000000,8.218297,0.0000,0.0000,-0.128282,2.711527,2.383152,34.00
4.992014,torque-chirp,hip_abduction_right_joint,RS03,-0.104120,0.000000,7.383554,0.0000,0.0000,-0.104120,3.119249,3.804073,34.00
5.000012,torque-chirp,hip_abduction_right_joint,RS03,-0.074975,0.000000,5.936966,0.0000,0.0000,-0.074975,3.891966,4.514534,34.00
5.008014,torque-chirp,hip_abduction_right_joint,RS03,-0.043911,0.000000,3.995556,0.0000,0.0000,-0.043911,3.782711,6.530556,34.00
5.016014,torque-chirp,hip_abduction_right_joint,RS03,-0.016682,0.000000,1.719983,0.0000,0.0000,-0.016682,3.208973,7.530327,34.00
5.024013,torque-chirp,hip_abduction_right_joint,RS03,0.005944,0.000000,-0.700651,0.0000,0.0000,0.005944,2.505226,8.206001,34.00
5.032013,torque-chirp,hip_abduction_right_joint,RS03,0.018216,0.000000,-3.065746,0.0000,0.0000,0.018216,0.826733,9.222252,34.00
5.040013,torque-chirp,hip_abduction_right_joint,RS03,0.018216,0.000000,-5.176620,0.0000,0.0000,0.018216,-0.438545,6.867477,34.00
5.048013,torque-chirp,hip_abduction_right_joint,RS03,0.009396,0.000000,-6.855436,0.0000,0.0000,0.009396,-1.407187,4.373535,34.00
5.056013,torque-chirp,hip_abduction_right_joint,RS03,-0.006711,0.000000,-7.959888,0.0000,0.0000,-0.006711,-2.428320,1.811859,34.00
5.064013,torque-chirp,hip_abduction_right_joint,RS03,-0.027038,0.000000,-8.395190,0.0000,0.0000,-0.027038,-2.566263,-0.436714,34.00
5.072012,torque-chirp,hip_abduction_right_joint,RS03,-0.049280,0.000000,-8.122591,0.0000,0.0000,-0.049280,-2.921492,-2.234837,34.00
5.080014,torque-chirp,hip_abduction_right_joint,RS03,-0.076125,0.000000,-7.162696,0.0000,0.0000,-0.076125,-3.761349,-3.188831,34.00
5.088013,torque-chirp,hip_abduction_right_joint,RS03,-0.107955,0.000000,-5.595290,0.0000,0.0000,-0.107955,-3.987793,-4.966812,34.00
5.096132,torque-chirp,hip_abduction_right_joint,RS03,-0.138252,0.000000,-3.518037,0.0000,0.0000,-0.138252,-3.724117,-7.707943,34.00
5.104021,torque-chirp,hip_abduction_right_joint,RS03,-0.163563,0.000000,-1.200345,0.0000,0.0000,-0.163563,-2.913557,-8.436714,34.00
5.112018,torque-chirp,hip_abduction_right_joint,RS03,-0.181588,0.000000,1.251979,0.0000,0.0000,-0.181588,-1.758144,-9.293663,34.00
5.120016,torque-chirp,hip_abduction_right_joint,RS03,-0.188491,0.000000,3.600143,0.0000,0.0000,-0.188491,-0.378729,-9.017166,34.00
5.128016,torque-chirp,hip_abduction_right_joint,RS03,-0.185040,0.000000,5.643042,0.0000,0.0000,-0.185040,0.715649,-5.979401,34.00
5.136014,torque-chirp,hip_abduction_right_joint,RS03,-0.173151,0.000000,7.203803,0.0000,0.0000,-0.173151,1.859465,-3.877319,34.00
5.144014,torque-chirp,hip_abduction_right_joint,RS03,-0.153975,0.000000,8.147237,0.0000,0.0000,-0.153975,2.668192,-1.002518,34.00
5.152014,torque-chirp,hip_abduction_right_joint,RS03,-0.132500,0.000000,8.390057,0.0000,0.0000,-0.132500,2.745708,1.029984,34.00
5.160015,torque-chirp,hip_abduction_right_joint,RS03,-0.108723,0.000000,7.909005,0.0000,0.0000,-0.108723,3.227894,3.000225,34.00
5.168014,torque-chirp,hip_abduction_right_joint,RS03,-0.080344,0.000000,6.743677,0.0000,0.0000,-0.080344,3.762569,4.084229,34.00
5.176014,torque-chirp,hip_abduction_right_joint,RS03,-0.047362,0.000000,4.992665,0.0000,0.0000,-0.047362,4.222782,4.864265,34.00
5.184014,torque-chirp,hip_abduction_right_joint,RS03,-0.015532,0.000000,2.806707,0.0000,0.0000,-0.015532,3.735104,7.777527,34.00
5.192014,torque-chirp,hip_abduction_right_joint,RS03,0.011697,0.000000,0.374152,0.0000,0.0000,0.011697,3.278553,7.244675,34.00
5.200013,torque-chirp,hip_abduction_right_joint,RS03,0.032405,0.000000,-2.092837,0.0000,0.0000,0.032405,1.913786,8.654610,34.00
5.208014,torque-chirp,hip_abduction_right_joint,RS03,0.039692,0.000000,-4.380312,0.0000,0.0000,0.039692,0.253605,8.907303,34.00
5.216014,torque-chirp,hip_abduction_right_joint,RS03,0.037007,0.000000,-6.286191,0.0000,0.0000,0.037007,-0.757153,5.256119,34.00
5.224013,torque-chirp,hip_abduction_right_joint,RS03,0.025119,0.000000,-7.642654,0.0000,0.0000,0.025119,-2.018158,3.619137,34.00
5.232014,torque-chirp,hip_abduction_right_joint,RS03,0.006328,0.000000,-8.328819,0.0000,0.0000,0.006328,-2.356909,0.341499,34.00
5.240012,torque-chirp,hip_abduction_right_joint,RS03,-0.014765,0.000000,-8.282312,0.0000,0.0000,-0.014765,-2.667582,-1.268024,34.00
5.248012,torque-chirp,hip_abduction_right_joint,RS03,-0.038925,0.000000,-7.505111,0.0000,0.0000,-0.038925,-3.188831,-3.003891,34.00
5.256014,torque-chirp,hip_abduction_right_joint,RS03,-0.068455,0.000000,-6.063056,0.0000,0.0000,-0.068455,-4.043946,-3.862667,34.00
5.264010,torque-chirp,hip_abduction_right_joint,RS03,-0.100286,0.000000,-4.083800,0.0000,0.0000,-0.100286,-3.934690,-5.995880,34.00
5.272011,torque-chirp,hip_abduction_right_joint,RS03,-0.127898,0.000000,-1.739142,0.0000,0.0000,-0.127898,-2.986801,-8.337837,34.00
5.280012,torque-chirp,hip_abduction_right_joint,RS03,-0.148606,0.000000,0.762802,0.0000,0.0000,-0.148606,-2.192722,-8.823074,34.00
5.288013,torque-chirp,hip_abduction_right_joint,RS03,-0.159345,0.000000,3.198974,0.0000,0.0000,-0.159345,-0.706493,-9.443810,34.00
5.296012,torque-chirp,hip_abduction_right_joint,RS03,-0.157427,0.000000,5.351428,0.0000,0.0000,-0.157427,0.666208,-7.394829,34.00
5.304011,torque-chirp,hip_abduction_right_joint,RS03,-0.145922,0.000000,7.027248,0.0000,0.0000,-0.145922,1.951628,-4.827652,34.00
5.312011,torque-chirp,hip_abduction_right_joint,RS03,-0.125980,0.000000,8.074808,0.0000,0.0000,-0.125980,2.721292,-2.088348,34.00
5.320012,torque-chirp,hip_abduction_right_joint,RS03,-0.101819,0.000000,8.398005,0.0000,0.0000,-0.101819,2.934921,0.312202,34.00
5.328012,torque-chirp,hip_abduction_right_joint,RS03,-0.076509,0.000000,7.965506,0.0000,0.0000,-0.076509,3.288929,2.463718,34.00
5.336011,torque-chirp,hip_abduction_right_joint,RS03,-0.046979,0.000000,6.814204,0.0000,0.0000,-0.046979,3.964598,3.890133,34.00
5.344012,torque-chirp,hip_abduction_right_joint,RS03,-0.012847,0.000000,5.045680,0.0000,0.0000,-0.012847,4.458382,4.477913,34.00
5.352012,torque-chirp,hip_abduction_right_joint,RS03,0.022434,0.000000,2.818644,0.0000,0.0000,0.022434,4.143436,7.002975,34.00
5.360011,torque-chirp,hip_abduction_right_joint,RS03,0.051198,0.000000,0.334304,0.0000,0.0000,0.051198,3.357288,7.876404,34.00
5.368011,torque-chirp,hip_abduction_right_joint,RS03,0.074208,0.000000,-2.183589,0.0000,0.0000,0.074208,2.389868,8.132751,34.00
5.376012,torque-chirp,hip_abduction_right_joint,RS03,0.084179,0.000000,-4.504881,0.0000,0.0000,0.084179,0.411079,9.733124,34.00
5.384011,torque-chirp,hip_abduction_right_joint,RS03,0.081878,0.000000,-6.416956,0.0000,0.0000,0.081878,-0.655222,5.799950,34.00
5.392010,torque-chirp,hip_abduction_right_joint,RS03,0.070373,0.000000,-7.744071,0.0000,0.0000,0.070373,-1.905851,3.501942,34.00
5.400012,torque-chirp,hip_abduction_right_joint,RS03,0.050048,0.000000,-8.363083,0.0000,0.0000,0.050048,-2.605326,1.322960,34.00
5.408011,torque-chirp,hip_abduction_right_joint,RS03,0.027037,0.000000,-8.214688,0.0000,0.0000,0.027037,-3.053940,-1.029984,34.00
5.416012,torque-chirp,hip_abduction_right_joint,RS03,0.001342,0.000000,-7.310311,0.0000,0.0000,0.001342,-3.433586,-3.190662,34.00
5.424012,torque-chirp,hip_abduction_right_joint,RS03,-0.029721,0.000000,-5.731420,0.0000,0.0000,-0.029721,-4.187992,-3.595329,34.00
5.432013,torque-chirp,hip_abduction_right_joint,RS03,-0.063086,0.000000,-3.621375,0.0000,0.0000,-0.063086,-4.127565,-5.759670,34.00
5.440012,torque-chirp,hip_abduction_right_joint,RS03,-0.092615,0.000000,-1.174354,0.0000,0.0000,-0.092615,-3.353628,-8.110783,34.00
5.448016,torque-chirp,hip_abduction_right_joint,RS03,-0.114475,0.000000,1.384935,0.0000,0.0000,-0.114475,-2.347754,-8.423897,34.00
5.456017,torque-chirp,hip_abduction_right_joint,RS03,-0.126364,0.000000,3.817355,0.0000,0.0000,-0.126364,-0.732738,-8.973221,34.00
5.464015,torque-chirp,hip_abduction_right_joint,RS03,-0.124447,0.000000,5.895746,0.0000,0.0000,-0.124447,0.740673,-7.241016,34.00
5.472014,torque-chirp,hip_abduction_right_joint,RS03,-0.112941,0.000000,7.426840,0.0000,0.0000,-0.112941,2.008392,-4.230717,34.00
5.480014,torque-chirp,hip_abduction_right_joint,RS03,-0.092615,0.000000,8.265557,0.0000,0.0000,-0.092615,3.024033,-1.994965,34.00
5.488013,torque-chirp,hip_abduction_right_joint,RS03,-0.068071,0.000000,8.331177,0.0000,0.0000,-0.068071,3.132677,0.506294,34.00
5.496014,torque-chirp,hip_abduction_right_joint,RS03,-0.041993,0.000000,7.615232,0.0000,0.0000,-0.041993,3.311512,2.674297,34.00
5.504014,torque-chirp,hip_abduction_right_joint,RS03,-0.011313,0.000000,6.182930,0.0000,0.0000,-0.011313,4.051270,4.016479,34.00
5.512014,torque-chirp,hip_abduction_right_joint,RS03,0.023585,0.000000,4.166785,0.0000,0.0000,0.023585,4.537727,4.644539,34.00
5.520014,torque-chirp,hip_abduction_right_joint,RS03,0.058484,0.000000,1.755847,0.0000,0.0000,0.058484,4.109253,7.175095,34.00
5.528013,torque-chirp,hip_abduction_right_joint,RS03,0.085712,0.000000,-0.823126,0.0000,0.0000,0.085712,3.133287,7.700615,34.00
5.536013,torque-chirp,hip_abduction_right_joint,RS03,0.106421,0.000000,-3.327207,0.0000,0.0000,0.106421,2.099945,7.596245,34.00
5.544013,torque-chirp,hip_abduction_right_joint,RS03,0.113708,0.000000,-5.517538,0.0000,0.0000,0.113708,0.130922,8.654610,34.00
5.552011,torque-chirp,hip_abduction_right_joint,RS03,0.108723,0.000000,-7.185041,0.0000,0.0000,0.108723,-1.026321,5.087662,34.00
5.560012,torque-chirp,hip_abduction_right_joint,RS03,0.094533,0.000000,-8.170032,0.0000,0.0000,0.094533,-2.374609,2.963604,34.00
5.568013,torque-chirp,hip_abduction_right_joint,RS03,0.071907,0.000000,-8.375881,0.0000,0.0000,0.071907,-3.050278,0.277412,34.00
5.576013,torque-chirp,hip_abduction_right_joint,RS03,0.047361,0.000000,-7.780710,0.0000,0.0000,0.047361,-3.143663,-1.701992,34.00
5.584012,torque-chirp,hip_abduction_right_joint,RS03,0.018983,0.000000,-6.439648,0.0000,0.0000,0.018983,-3.685663,-3.002060,34.00
5.592013,torque-chirp,hip_abduction_right_joint,RS03,-0.014765,0.000000,-4.478240,0.0000,0.0000,-0.014765,-4.343634,-3.989014,34.00
5.600058,torque-chirp,hip_abduction_right_joint,RS03,-0.048897,0.000000,-2.070511,0.0000,0.0000,-0.048897,-4.105593,-5.865871,34.00
5.608020,torque-chirp,hip_abduction_right_joint,RS03,-0.077276,0.000000,0.514150,0.0000,0.0000,-0.077276,-3.186390,-7.863586,34.00
5.616017,torque-chirp,hip_abduction_right_joint,RS03,-0.097218,0.000000,3.063071,0.0000,0.0000,-0.097218,-2.144503,-8.129093,34.00
5.624017,torque-chirp,hip_abduction_right_joint,RS03,-0.104504,0.000000,5.318592,0.0000,0.0000,-0.104504,-0.198673,-8.731518,34.00
5.632014,torque-chirp,hip_abduction_right_joint,RS03,-0.098751,0.000000,7.060303,0.0000,0.0000,-0.098751,1.241779,-6.105743,34.00
5.640017,torque-chirp,hip_abduction_right_joint,RS03,-0.082644,0.000000,8.118813,0.0000,0.0000,-0.082644,2.464943,-2.859234,34.00
5.648135,torque-chirp,hip_abduction_right_joint,RS03,-0.059634,0.000000,8.385644,0.0000,0.0000,-0.059634,3.038681,-0.627148,34.00
5.656052,torque-chirp,hip_abduction_right_joint,RS03,-0.035090,0.000000,7.835122,0.0000,0.0000,-0.035090,3.239491,1.802704,34.00
5.664037,torque-chirp,hip_abduction_right_joint,RS03,-0.006711,0.000000,6.520259,0.0000,0.0000,-0.006711,3.634394,3.238270,34.00
5.672024,torque-chirp,hip_abduction_right_joint,RS03,0.026269,0.000000,4.567821,0.0000,0.0000,0.026269,4.313116,4.014648,34.00
5.680021,torque-chirp,hip_abduction_right_joint,RS03,0.061936,0.000000,2.163836,0.0000,0.0000,0.061936,4.399786,4.893562,34.00
5.688017,torque-chirp,hip_abduction_right_joint,RS03,0.092615,0.000000,-0.454211,0.0000,0.0000,0.092615,3.260853,8.409248,34.00
5.696015,torque-chirp,hip_abduction_right_joint,RS03,0.115625,0.000000,-3.030891,0.0000,0.0000,0.115625,2.546120,6.512245,34.00
5.704016,torque-chirp,hip_abduction_right_joint,RS03,0.128664,0.000000,-5.311801,0.0000,0.0000,0.128664,0.845043,8.129089,34.00
5.712014,torque-chirp,hip_abduction_right_joint,RS03,0.125979,0.000000,-7.069426,0.0000,0.0000,0.125979,-0.984207,6.781410,34.00
5.720015,torque-chirp,hip_abduction_right_joint,RS03,0.113324,0.000000,-8.129387,0.0000,0.0000,0.113324,-1.954071,3.115589,34.00
5.728014,torque-chirp,hip_abduction_right_joint,RS03,0.091848,0.000000,-8.383984,0.0000,0.0000,0.091848,-3.094225,1.187462,34.00
5.736013,torque-chirp,hip_abduction_right_joint,RS03,0.065771,0.000000,-7.805810,0.0000,0.0000,0.065771,-3.405510,-1.053787,34.00
5.744012,torque-chirp,hip_abduction_right_joint,RS03,0.037007,0.000000,-6.450239,0.0000,0.0000,0.037007,-3.819944,-3.128403,34.00
5.752012,torque-chirp,hip_abduction_right_joint,RS03,0.003260,0.000000,-4.449992,0.0000,0.0000,0.003260,-4.524910,-3.467155,34.00
5.760015,torque-chirp,hip_abduction_right_joint,RS03,-0.032789,0.000000,-2.002346,0.0000,0.0000,-0.032789,-4.480964,-5.355003,34.00
5.768014,torque-chirp,hip_abduction_right_joint,RS03,-0.064237,0.000000,0.647152,0.0000,0.0000,-0.064237,-3.680170,-7.158619,34.00
5.776014,torque-chirp,hip_abduction_right_joint,RS03,-0.087630,0.000000,3.234318,0.0000,0.0000,-0.087630,-2.512550,-7.136642,34.00
5.784014,torque-chirp,hip_abduction_right_joint,RS03,-0.100286,0.000000,5.498741,0.0000,0.0000,-0.100286,-0.906693,-8.231632,34.00
5.792014,torque-chirp,hip_abduction_right_joint,RS03,-0.098751,0.000000,7.211648,0.0000,0.0000,-0.098751,0.841991,-5.902493,34.00
5.800014,torque-chirp,hip_abduction_right_joint,RS03,-0.086096,0.000000,8.198774,0.0000,0.0000,-0.086096,1.967499,-3.187000,34.00
5.808013,torque-chirp,hip_abduction_right_joint,RS03,-0.066154,0.000000,8.358090,0.0000,0.0000,-0.066154,2.741436,-0.923782,34.00
5.816014,torque-chirp,hip_abduction_right_joint,RS03,-0.042761,0.000000,7.671191,0.0000,0.0000,-0.042761,2.992905,1.648895,34.00
5.824013,torque-chirp,hip_abduction_right_joint,RS03,-0.016298,0.000000,6.205756,0.0000,0.0000,-0.016298,3.775997,3.135731,34.00
5.832014,torque-chirp,hip_abduction_right_joint,RS03,0.014381,0.000000,4.108074,0.0000,0.0000,0.014381,4.123901,3.672237,34.00
5.840013,torque-chirp,hip_abduction_right_joint,RS03,0.048512,0.000000,1.590386,0.0000,0.0000,0.048512,4.320440,4.404663,34.00
5.848013,torque-chirp,hip_abduction_right_joint,RS03,0.079960,0.000000,-1.092095,0.0000,0.0000,0.079960,3.356678,6.766762,34.00
5.856014,torque-chirp,hip_abduction_right_joint,RS03,0.101819,0.000000,-3.665410,0.0000,0.0000,0.101819,2.441139,6.301666,34.00
5.864013,torque-chirp,hip_abduction_right_joint,RS03,0.115625,0.000000,-5.865352,0.0000,0.0000,0.115625,1.051348,6.444496,34.00
5.872012,torque-chirp,hip_abduction_right_joint,RS03,0.114475,0.000000,-7.465746,0.0000,0.0000,0.114475,-0.918900,6.222931,34.00
5.880016,torque-chirp,hip_abduction_right_joint,RS03,0.102203,0.000000,-8.300717,0.0000,0.0000,0.102203,-2.130465,2.903179,34.00
5.888015,torque-chirp,hip_abduction_right_joint,RS03,0.081111,0.000000,-8.281205,0.0000,0.0000,0.081111,-3.086290,1.048294,34.00
5.896014,torque-chirp,hip_abduction_right_joint,RS03,0.053883,0.000000,-7.407656,0.0000,0.0000,0.053883,-3.539177,-0.630810,34.00
5.904014,torque-chirp,hip_abduction_right_joint,RS03,0.024352,0.000000,-5.767722,0.0000,0.0000,0.024352,-3.828489,-2.624855,34.00
5.912017,torque-chirp,hip_abduction_right_joint,RS03,-0.010162,0.000000,-3.527946,0.0000,0.0000,-0.010162,-4.587168,-2.903179,34.00
5.920013,torque-chirp,hip_abduction_right_joint,RS03,-0.046212,0.000000,-0.922373,0.0000,0.0000,-0.046212,-4.393682,-4.470589,34.00
5.928015,torque-chirp,hip_abduction_right_joint,RS03,-0.078043,0.000000,1.782845,0.0000,0.0000,-0.078043,-3.594110,-6.270542,34.00
5.936013,torque-chirp,hip_abduction_right_joint,RS03,-0.101819,0.000000,4.304085,0.0000,0.0000,-0.101819,-2.380713,-6.929733,34.00
5.944030,torque-chirp,hip_abduction_right_joint,RS03,-0.114091,0.000000,6.382843,0.0000,0.0000,-0.114091,-0.963455,-6.433506,34.00
5.952016,torque-chirp,hip_abduction_right_joint,RS03,-0.112941,0.000000,7.789953,0.0000,0.0000,-0.112941,0.635691,-4.516365,34.00
5.960015,torque-chirp,hip_abduction_right_joint,RS03,-0.101819,0.000000,8.385656,0.0000,0.0000,-0.101819,1.881437,-2.560768,34.00
5.968014,torque-chirp,hip_abduction_right_joint,RS03,-0.082644,0.000000,8.102653,0.0000,0.0000,-0.082644,2.550392,-0.022888,34.00
5.976014,torque-chirp,hip_abduction_right_joint,RS03,-0.061169,0.000000,6.967953,0.0000,0.0000,-0.061169,2.872051,1.841156,34.00
5.984014,torque-chirp,hip_abduction_right_joint,RS03,-0.035474,0.000000,5.098840,0.0000,0.0000,-0.035474,3.462883,2.945293,34.00
5.992012,torque-chirp,hip_abduction_right_joint,RS03,-0.005177,0.000000,2.690819,0.0000,0.0000,-0.005177,4.007935,3.465321,34.00
6.000012,torque-chirp,hip_abduction_right_joint,RS03,0.027037,0.000000,-0.004329,0.0000,0.0000,0.027037,4.000000,4.042114,34.00
6.008012,torque-chirp,hip_abduction_right_joint,RS03,0.056184,0.000000,-2.700962,0.0000,0.0000,0.056184,3.217518,5.657127,34.00
6.016012,torque-chirp,hip_abduction_right_joint,RS03,0.075358,0.000000,-5.113857,0.0000,0.0000,0.075358,2.074310,5.371475,34.00
6.024012,torque-chirp,hip_abduction_right_joint,RS03,0.086096,0.000000,-6.985695,0.0000,0.0000,0.086096,0.652170,5.536278,34.00
6.032011,torque-chirp,hip_abduction_right_joint,RS03,0.081878,0.000000,-8.115413,0.0000,0.0000,0.081878,-1.275349,4.281982,34.00
6.040012,torque-chirp,hip_abduction_right_joint,RS03,0.066921,0.000000,-8.381101,0.0000,0.0000,0.066921,-2.312353,1.806366,34.00
6.048011,torque-chirp,hip_abduction_right_joint,RS03,0.044293,0.000000,-7.751674,0.0000,0.0000,0.044293,-3.186390,0.008240,34.00
6.056015,torque-chirp,hip_abduction_right_joint,RS03,0.016682,0.000000,-6.291264,0.0000,0.0000,0.016682,-3.620966,-1.460289,34.00
6.064017,torque-chirp,hip_abduction_right_joint,RS03,-0.013998,0.000000,-4.155084,0.0000,0.0000,-0.013998,-4.028077,-2.780499,34.00
6.072015,torque-chirp,hip_abduction_right_joint,RS03,-0.048897,0.000000,-1.571787,0.0000,0.0000,-0.048897,-4.473029,-2.961777,34.00
6.080012,torque-chirp,hip_abduction_right_joint,RS03,-0.083412,0.000000,1.182609,0.0000,0.0000,-0.083412,-4.031129,-4.476082,34.00
6.088014,torque-chirp,hip_abduction_right_joint,RS03,-0.111791,0.000000,3.813435,0.0000,0.0000,-0.111791,-3.084457,-5.510643,34.00
6.096048,torque-chirp,hip_abduction_right_joint,RS03,-0.131350,0.000000,6.042338,0.0000,0.0000,-0.131350,-2.027313,-5.640648,34.00
6.104100,torque-chirp,hip_abduction_right_joint,RS03,-0.137869,0.000000,7.616564,0.0000,0.0000,-0.137869,-0.062563,-5.528954,34.00
6.112065,torque-chirp,hip_abduction_right_joint,RS03,-0.132500,0.000000,8.352887,0.0000,0.0000,-0.132500,1.155107,-2.851910,34.00
6.120303,torque-chirp,hip_abduction_right_joint,RS03,-0.117543,0.000000,8.169160,0.0000,0.0000,-0.117543,2.139011,-0.610668,34.00
6.128070,torque-chirp,hip_abduction_right_joint,RS03,-0.099135,0.000000,7.131510,0.0000,0.0000,-0.099135,2.483253,1.004349,34.00
6.136062,torque-chirp,hip_abduction_right_joint,RS03,-0.076509,0.000000,5.299541,0.0000,0.0000,-0.076509,3.155870,2.595562,34.00
6.144054,torque-chirp,hip_abduction_right_joint,RS03,-0.049280,0.000000,2.888222,0.0000,0.0000,-0.049280,3.595331,3.421375,34.00
6.152040,torque-chirp,hip_abduction_right_joint,RS03,-0.019366,0.000000,0.161881,0.0000,0.0000,-0.019366,3.916380,3.174183,34.00
6.160033,torque-chirp,hip_abduction_right_joint,RS03,0.009779,0.000000,-2.586745,0.0000,0.0000,0.009779,3.415886,3.562374,34.00
6.168023,torque-chirp,hip_abduction_right_joint,RS03,0.033556,0.000000,-5.053367,0.0000,0.0000,0.033556,2.391088,4.864265,34.00
6.176021,torque-chirp,hip_abduction_right_joint,RS03,0.047361,0.000000,-6.969722,0.0000,0.0000,0.047361,1.249104,3.681393,34.00
6.184019,torque-chirp,hip_abduction_right_joint,RS03,0.050431,0.000000,-8.120391,0.0000,0.0000,0.050431,-0.351261,3.932247,34.00
6.192017,torque-chirp,hip_abduction_right_joint,RS03,0.040075,0.000000,-8.376376,0.0000,0.0000,0.040075,-1.797817,1.963837,34.00
6.200017,torque-chirp,hip_abduction_right_joint,RS03,0.022051,0.000000,-7.706751,0.0000,0.0000,0.022051,-2.503395,0.293892,34.00
6.208017,torque-chirp,hip_abduction_right_joint,RS03,-0.000958,0.000000,-6.183082,0.0000,0.0000,-0.000958,-3.099718,-1.603115,34.00
6.216056,torque-chirp,hip_abduction_right_joint,RS03,-0.028188,0.000000,-3.959910,0.0000,0.0000,-0.028188,-3.722286,-2.835430,34.00
6.224034,torque-chirp,hip_abduction_right_joint,RS03,-0.059251,0.000000,-1.311784,0.0000,0.0000,-0.059251,-4.178225,-2.729229,34.00
6.232022,torque-chirp,hip_abduction_right_joint,RS03,-0.091465,0.000000,1.487332,0.0000,0.0000,-0.091465,-4.078126,-3.490959,34.00
6.240018,torque-chirp,hip_abduction_right_joint,RS03,-0.119077,0.000000,4.126188,0.0000,0.0000,-0.119077,-3.103991,-4.373543,34.00
6.248016,torque-chirp,hip_abduction_right_joint,RS03,-0.139019,0.000000,6.307026,0.0000,0.0000,-0.139019,-1.780727,-4.521858,34.00
6.256018,torque-chirp,hip_abduction_right_joint,RS03,-0.147456,0.000000,7.784490,0.0000,0.0000,-0.147456,-0.412298,-3.957886,34.00
6.264018,torque-chirp,hip_abduction_right_joint,RS03,-0.144388,0.000000,8.390062,0.0000,0.0000,-0.144388,0.922562,-2.348362,34.00
6.272017,torque-chirp,hip_abduction_right_joint,RS03,-0.132116,0.000000,8.053765,0.0000,0.0000,-0.132116,1.818571,-0.667431,34.00
6.280018,torque-chirp,hip_abduction_right_joint,RS03,-0.114475,0.000000,6.810604,0.0000,0.0000,-0.114475,2.298925,1.236900,34.00
6.288015,torque-chirp,hip_abduction_right_joint,RS03,-0.093383,0.000000,4.799570,0.0000,0.0000,-0.093383,2.972763,2.352024,34.00
6.296016,torque-chirp,hip_abduction_right_joint,RS03,-0.067688,0.000000,2.243777,0.0000,0.0000,-0.067688,3.428093,3.102772,34.00
6.304016,torque-chirp,hip_abduction_right_joint,RS03,-0.039309,0.000000,-0.567776,0.0000,0.0000,-0.039309,3.614862,3.020367,34.00
6.312016,torque-chirp,hip_abduction_right_joint,RS03,-0.011313,0.000000,-3.317535,0.0000,0.0000,-0.011313,3.304798,3.373768,34.00
6.320017,torque-chirp,hip_abduction_right_joint,RS03,0.011697,0.000000,-5.692871,0.0000,0.0000,0.011697,2.490578,3.443348,34.00
6.328017,torque-chirp,hip_abduction_right_joint,RS03,0.024352,0.000000,-7.422609,0.0000,0.0000,0.024352,0.995193,3.474476,34.00
6.336016,torque-chirp,hip_abduction_right_joint,RS03,0.027037,0.000000,-8.308167,0.0000,0.0000,0.027037,-0.193178,2.434422,34.00
6.344018,torque-chirp,hip_abduction_right_joint,RS03,0.018600,0.000000,-8.246245,0.0000,0.0000,0.018600,-1.575035,1.452965,34.00
6.352017,torque-chirp,hip_abduction_right_joint,RS03,0.002493,0.000000,-7.241395,0.0000,0.0000,0.002493,-2.283665,-0.696728,34.00
6.360017,torque-chirp,hip_abduction_right_joint,RS03,-0.018216,0.000000,-5.406438,0.0000,0.0000,-0.018216,-2.938583,-1.841156,34.00
6.368016,torque-chirp,hip_abduction_right_joint,RS03,-0.042761,0.000000,-2.949666,0.0000,0.0000,-0.042761,-3.309071,-2.619362,34.00
6.376017,torque-chirp,hip_abduction_right_joint,RS03,-0.071523,0.000000,-0.151532,0.0000,0.0000,-0.071523,-3.753414,-2.703594,34.00
6.384017,torque-chirp,hip_abduction_right_joint,RS03,-0.100286,0.000000,2.666337,0.0000,0.0000,-0.100286,-3.492180,-3.381092,34.00
6.392016,torque-chirp,hip_abduction_right_joint,RS03,-0.124447,0.000000,5.179086,0.0000,0.0000,-0.124447,-2.639505,-3.635616,34.00
6.400018,torque-chirp,hip_abduction_right_joint,RS03,-0.139787,0.000000,7.095836,0.0000,0.0000,-0.139787,-1.390707,-3.729000,34.00
6.408015,torque-chirp,hip_abduction_right_joint,RS03,-0.144005,0.000000,8.192245,0.0000,0.0000,-0.144005,0.063782,-2.996567,34.00
6.416017,torque-chirp,hip_abduction_right_joint,RS03,-0.137869,0.000000,8.340134,0.0000,0.0000,-0.137869,1.154497,-1.586636,34.00
6.424016,torque-chirp,hip_abduction_right_joint,RS03,-0.123679,0.000000,7.519519,0.0000,0.0000,-0.123679,2.072479,0.304878,34.00
6.432016,torque-chirp,hip_abduction_right_joint,RS03,-0.105271,0.000000,5.823196,0.0000,0.0000,-0.105271,2.488136,1.788055,34.00
6.440016,torque-chirp,hip_abduction_right_joint,RS03,-0.082261,0.000000,3.446662,0.0000,0.0000,-0.082261,3.027084,2.884869,34.00
6.448016,torque-chirp,hip_abduction_right_joint,RS03,-0.055799,0.000000,0.665641,0.0000,0.0000,-0.055799,3.512321,2.921490,34.00
6.456016,torque-chirp,hip_abduction_right_joint,RS03,-0.027804,0.000000,-2.195243,0.0000,0.0000,-0.027804,3.523920,2.828106,34.00
6.464016,torque-chirp,hip_abduction_right_joint,RS03,-0.002493,0.000000,-4.801819,0.0000,0.0000,-0.002493,2.891586,3.051502,34.00
6.472016,torque-chirp,hip_abduction_right_joint,RS03,0.015915,0.000000,-6.846685,0.0000,0.0000,0.015915,1.769741,3.115589,34.00
6.480016,torque-chirp,hip_abduction_right_joint,RS03,0.024352,0.000000,-8.088362,0.0000,0.0000,0.024352,0.395210,2.745708,34.00
6.488015,torque-chirp,hip_abduction_right_joint,RS03,0.022434,0.000000,-8.378421,0.0000,0.0000,0.022434,-0.813305,1.544518,34.00
6.496016,torque-chirp,hip_abduction_right_joint,RS03,0.011697,0.000000,-7.680289,0.0000,0.0000,0.011697,-1.689785,-0.002747,34.00
6.504016,torque-chirp,hip_abduction_right_joint,RS03,-0.004410,0.000000,-6.073750,0.0000,0.0000,-0.004410,-2.254978,-1.700161,34.00
6.512015,torque-chirp,hip_abduction_right_joint,RS03,-0.024736,0.000000,-3.747137,0.0000,0.0000,-0.024736,-2.895247,-2.698101,34.00
6.520019,torque-chirp,hip_abduction_right_joint,RS03,-0.049280,0.000000,-0.972721,0.0000,0.0000,-0.049280,-3.271839,-2.533302,34.00
6.528016,torque-chirp,hip_abduction_right_joint,RS03,-0.076509,0.000000,1.917455,0.0000,0.0000,-0.076509,-3.393911,-2.760357,34.00
6.536019,torque-chirp,hip_abduction_right_joint,RS03,-0.100286,0.000000,4.583977,0.0000,0.0000,-0.100286,-2.756695,-3.458000,34.00
6.544018,torque-chirp,hip_abduction_right_joint,RS03,-0.116392,0.000000,6.704638,0.0000,0.0000,-0.116392,-1.589684,-3.111923,34.00
6.552017,torque-chirp,hip_abduction_right_joint,RS03,-0.123679,0.000000,8.026868,0.0000,0.0000,-0.123679,-0.214542,-2.804302,34.00
6.560018,torque-chirp,hip_abduction_right_joint,RS03,-0.120611,0.000000,8.390113,0.0000,0.0000,-0.120611,0.884109,-1.330284,34.00
6.568017,torque-chirp,hip_abduction_right_joint,RS03,-0.109489,0.000000,7.748357,0.0000,0.0000,-0.109489,1.654385,0.019226,34.00
6.576016,torque-chirp,hip_abduction_right_joint,RS03,-0.092615,0.000000,6.176144,0.0000,0.0000,-0.092615,2.420996,1.447472,34.00
6.584017,torque-chirp,hip_abduction_right_joint,RS03,-0.071906,0.000000,3.859864,0.0000,0.0000,-0.071906,2.884258,2.668804,34.00
6.592015,torque-chirp,hip_abduction_right_joint,RS03,-0.046596,0.000000,1.077598,0.0000,0.0000,-0.046596,3.238270,3.058826,34.00
6.600015,torque-chirp,hip_abduction_right_joint,RS03,-0.019366,0.000000,-1.837948,0.0000,0.0000,-0.019366,3.627069,2.568089,34.00
6.608126,torque-chirp,hip_abduction_right_joint,RS03,0.005944,0.000000,-4.567809,0.0000,0.0000,0.005944,2.937973,2.776836,34.00
6.616027,torque-chirp,hip_abduction_right_joint,RS03,0.025886,0.000000,-6.685020,0.0000,0.0000,0.025886,2.037079,2.879375,34.00
6.624018,torque-chirp,hip_abduction_right_joint,RS03,0.035857,0.000000,-8.023066,0.0000,0.0000,0.035857,0.769970,2.262302,34.00
6.632019,torque-chirp,hip_abduction_right_joint,RS03,0.036241,0.000000,-8.389606,0.0000,0.0000,0.036241,-0.437325,1.235069,34.00
6.640018,torque-chirp,hip_abduction_right_joint,RS03,0.027803,0.000000,-7.735698,0.0000,0.0000,0.027803,-1.538414,0.110779,34.00
6.648018,torque-chirp,hip_abduction_right_joint,RS03,0.013614,0.000000,-6.138078,0.0000,0.0000,0.013614,-2.060883,-1.436485,34.00
6.656019,torque-chirp,hip_abduction_right_joint,RS03,-0.005177,0.000000,-3.789616,0.0000,0.0000,-0.005177,-2.644388,-2.511330,34.00
6.664018,torque-chirp,hip_abduction_right_joint,RS03,-0.027804,0.000000,-0.976009,0.0000,0.0000,-0.027804,-3.035629,-2.694435,34.00
6.672017,torque-chirp,hip_abduction_right_joint,RS03,-0.053882,0.000000,1.959131,0.0000,0.0000,-0.053882,-3.180286,-2.469215,34.00
6.680018,torque-chirp,hip_abduction_right_joint,RS03,-0.076509,0.000000,4.657103,0.0000,0.0000,-0.076509,-2.604715,-2.839092,34.00
6.688017,torque-chirp,hip_abduction_right_joint,RS03,-0.093383,0.000000,6.784183,0.0000,0.0000,-0.093383,-1.702602,-2.998398,34.00
6.696015,torque-chirp,hip_abduction_right_joint,RS03,-0.100669,0.000000,8.077575,0.0000,0.0000,-0.100669,-0.321354,-2.699932,34.00
6.704019,torque-chirp,hip_abduction_right_joint,RS03,-0.097218,0.000000,8.376184,0.0000,0.0000,-0.097218,0.939041,-1.355919,34.00
6.712016,torque-chirp,hip_abduction_right_joint,RS03,-0.086096,0.000000,7.640123,0.0000,0.0000,-0.086096,1.688564,0.473335,34.00
6.720058,torque-chirp,hip_abduction_right_joint,RS03,-0.069605,0.000000,5.946720,0.0000,0.0000,-0.069605,2.148777,1.685516,34.00
6.728032,torque-chirp,hip_abduction_right_joint,RS03,-0.048897,0.000000,3.530107,0.0000,0.0000,-0.048897,2.842144,2.914165,34.00
6.736021,torque-chirp,hip_abduction_right_joint,RS03,-0.024352,0.000000,0.670454,0.0000,0.0000,-0.024352,3.254139,2.698101,34.00
6.744017,torque-chirp,hip_abduction_right_joint,RS03,0.002110,0.000000,-2.277320,0.0000,0.0000,0.002110,3.315174,2.538792,34.00
6.752017,torque-chirp,hip_abduction_right_joint,RS03,0.026269,0.000000,-4.945288,0.0000,0.0000,0.026269,2.708475,2.868389,34.00
6.760015,torque-chirp,hip_abduction_right_joint,RS03,0.044293,0.000000,-6.997619,0.0000,0.0000,0.044293,1.770962,2.414280,34.00
6.768016,torque-chirp,hip_abduction_right_joint,RS03,0.053499,0.000000,-8.177604,0.0000,0.0000,0.053499,0.623484,2.317234,34.00
6.776019,torque-chirp,hip_abduction_right_joint,RS03,0.051965,0.000000,-8.334110,0.0000,0.0000,0.051965,-0.674145,1.280846,34.00
6.784015,torque-chirp,hip_abduction_right_joint,RS03,0.042760,0.000000,-7.445743,0.0000,0.0000,0.042760,-1.445641,-0.458687,34.00
6.792014,torque-chirp,hip_abduction_right_joint,RS03,0.027803,0.000000,-5.621022,0.0000,0.0000,0.027803,-2.025482,-1.736782,34.00
6.800016,torque-chirp,hip_abduction_right_joint,RS03,0.008629,0.000000,-3.086682,0.0000,0.0000,0.008629,-2.756695,-2.679787,34.00
6.808014,torque-chirp,hip_abduction_right_joint,RS03,-0.014765,0.000000,-0.162361,0.0000,0.0000,-0.014765,-3.102160,-2.406956,34.00
6.816013,torque-chirp,hip_abduction_right_joint,RS03,-0.040076,0.000000,2.785331,0.0000,0.0000,-0.040076,-2.992294,-2.683449,34.00
6.824016,torque-chirp,hip_abduction_right_joint,RS03,-0.061552,0.000000,5.383832,0.0000,0.0000,-0.061552,-2.453955,-2.899517,34.00
6.832015,torque-chirp,hip_abduction_right_joint,RS03,-0.075358,0.000000,7.301511,0.0000,0.0000,-0.075358,-1.273518,-2.544289,34.00
6.840014,torque-chirp,hip_abduction_right_joint,RS03,-0.080344,0.000000,8.294099,0.0000,0.0000,-0.080344,0.018616,-2.055389,34.00
6.848014,torque-chirp,hip_abduction_right_joint,RS03,-0.075358,0.000000,8.233239,0.0000,0.0000,-0.075358,0.924393,-0.669262,34.00
6.856014,torque-chirp,hip_abduction_right_joint,RS03,-0.063469,0.000000,7.123857,0.0000,0.0000,-0.063469,1.878386,0.563057,34.00
6.864014,torque-chirp,hip_abduction_right_joint,RS03,-0.046212,0.000000,5.104949,0.0000,0.0000,-0.046212,2.374609,2.297092,34.00
6.872014,torque-chirp,hip_abduction_right_joint,RS03,-0.025120,0.000000,2.432414,0.0000,0.0000,-0.025120,2.817120,2.591900,34.00
6.880015,torque-chirp,hip_abduction_right_joint,RS03,-0.000192,0.000000,-0.554305,0.0000,0.0000,-0.000192,3.394524,2.549778,34.00
6.888015,torque-chirp,hip_abduction_right_joint,RS03,0.025119,0.000000,-3.471898,0.0000,0.0000,0.025119,3.108873,2.655987,34.00
6.896015,torque-chirp,hip_abduction_right_joint,RS03,0.046978,0.000000,-5.945850,0.0000,0.0000,0.046978,2.522926,2.494846,34.00
6.904015,torque-chirp,hip_abduction_right_joint,RS03,0.061169,0.000000,-7.657100,0.0000,0.0000,0.061169,1.331503,2.302586,34.00
6.912014,torque-chirp,hip_abduction_right_joint,RS03,0.065388,0.000000,-8.383448,0.0000,0.0000,0.065388,0.024719,1.663544,34.00
6.920014,torque-chirp,hip_abduction_right_joint,RS03,0.061169,0.000000,-8.028633,0.0000,0.0000,0.061169,-0.993973,0.315865,34.00
6.928014,torque-chirp,hip_abduction_right_joint,RS03,0.049664,0.000000,-6.635832,0.0000,0.0000,0.049664,-1.751431,-1.015335,34.00
6.936016,torque-chirp,hip_abduction_right_joint,RS03,0.033173,0.000000,-4.382138,0.0000,0.0000,0.033173,-2.396582,-2.245823,34.00
6.944014,torque-chirp,hip_abduction_right_joint,RS03,0.012080,0.000000,-1.559445,0.0000,0.0000,0.012080,-2.895247,-2.652321,34.00
6.952013,torque-chirp,hip_abduction_right_joint,RS03,-0.012464,0.000000,1.468259,0.0000,0.0000,-0.012464,-3.136950,-2.146942,34.00
6.960014,torque-chirp,hip_abduction_right_joint,RS03,-0.036241,0.000000,4.307846,0.0000,0.0000,-0.036241,-2.714581,-2.818951,34.00
6.968014,torque-chirp,hip_abduction_right_joint,RS03,-0.054648,0.000000,6.588063,0.0000,0.0000,-0.054648,-2.002289,-2.350193,34.00
6.976014,torque-chirp,hip_abduction_right_joint,RS03,-0.064620,0.000000,8.010085,0.0000,0.0000,-0.064620,-0.814526,-2.287937,34.00
6.984014,torque-chirp,hip_abduction_right_joint,RS03,-0.064620,0.000000,8.385990,0.0000,0.0000,-0.064620,0.564280,-1.491417,34.00
6.992015,torque-chirp,hip_abduction_right_joint,RS03,-0.056183,0.000000,7.663740,0.0000,0.0000,-0.056183,1.329062,0.075989,34.00
7.000014,torque-chirp,hip_abduction_right_joint,RS03,-0.041993,0.000000,5.935998,0.0000,0.0000,-0.041993,1.996796,1.634239,34.00
7.008013,torque-chirp,hip_abduction_right_joint,RS03,-0.023585,0.000000,3.426818,0.0000,0.0000,-0.023585,2.582132,2.524143,34.00
7.016014,torque-chirp,hip_abduction_right_joint,RS03,-0.000958,0.000000,0.464400,0.0000,0.0000,-0.000958,2.973373,2.725567,34.00
7.024015,torque-chirp,hip_abduction_right_joint,RS03,0.023585,0.000000,-2.561979,0.0000,0.0000,0.023585,3.080797,2.599224,34.00
7.032017,torque-chirp,hip_abduction_right_joint,RS03,0.045828,0.000000,-5.252454,0.0000,0.0000,0.045828,2.583353,2.434422,34.00
7.040020,torque-chirp,hip_abduction_right_joint,RS03,0.061936,0.000000,-7.250321,0.0000,0.0000,0.061936,1.587852,2.438084,34.00
7.048016,torque-chirp,hip_abduction_right_joint,RS03,0.068839,0.000000,-8.288004,0.0000,0.0000,0.068839,0.274357,1.791718,34.00
7.056013,torque-chirp,hip_abduction_right_joint,RS03,0.065771,0.000000,-8.227893,0.0000,0.0000,0.065771,-0.693676,0.698555,34.00
7.064013,torque-chirp,hip_abduction_right_joint,RS03,0.055416,0.000000,-7.074338,0.0000,0.0000,0.055416,-1.573204,-0.460518,34.00
7.072015,torque-chirp,hip_abduction_right_joint,RS03,0.039309,0.000000,-4.977644,0.0000,0.0000,0.039309,-2.343481,-2.146942,34.00
7.080015,torque-chirp,hip_abduction_right_joint,RS03,0.018600,0.000000,-2.216043,0.0000,0.0000,0.018600,-2.827496,-2.474709,34.00
7.088015,torque-chirp,hip_abduction_right_joint,RS03,-0.005561,0.000000,0.843566,0.0000,0.0000,-0.005561,-3.327993,-2.298923,34.00
7.096016,torque-chirp,hip_abduction_right_joint,RS03,-0.030489,0.000000,3.793684,0.0000,0.0000,-0.030489,-2.985580,-2.681618,34.00
7.104014,torque-chirp,hip_abduction_right_joint,RS03,-0.050814,0.000000,6.236429,0.0000,0.0000,-0.050814,-2.287327,-2.319065,34.00
7.112092,torque-chirp,hip_abduction_right_joint,RS03,-0.063852,0.000000,7.855412,0.0000,0.0000,-0.063852,-1.161821,-2.344700,34.00
7.120018,torque-chirp,hip_abduction_right_joint,RS03,-0.066920,0.000000,8.399953,0.0000,0.0000,-0.066920,0.153505,-1.747768,34.00
7.128017,torque-chirp,hip_abduction_right_joint,RS03,-0.060784,0.000000,7.824134,0.0000,0.0000,-0.060784,1.025713,-0.140079,34.00
7.136020,torque-chirp,hip_abduction_right_joint,RS03,-0.048129,0.000000,6.192046,0.0000,0.0000,-0.048129,1.837492,1.577477,34.00
7.144016,torque-chirp,hip_abduction_right_joint,RS03,-0.031639,0.000000,3.724032,0.0000,0.0000,-0.031639,2.351416,2.388645,34.00
7.152013,torque-chirp,hip_abduction_right_joint,RS03,-0.010162,0.000000,0.750594,0.0000,0.0000,-0.010162,2.876934,3.013042,34.00
7.160017,torque-chirp,hip_abduction_right_joint,RS03,0.012464,0.000000,-2.329398,0.0000,0.0000,0.012464,2.950790,2.344700,34.00
7.168016,torque-chirp,hip_abduction_right_joint,RS03,0.034323,0.000000,-5.094143,0.0000,0.0000,0.034323,2.386206,2.355686,34.00
7.176016,torque-chirp,hip_abduction_right_joint,RS03,0.050431,0.000000,-7.168646,0.0000,0.0000,0.050431,1.611656,2.320896,34.00
7.184014,torque-chirp,hip_abduction_right_joint,RS03,0.057334,0.000000,-8.268475,0.0000,0.0000,0.057334,0.404366,1.960175,34.00
7.192017,torque-chirp,hip_abduction_right_joint,RS03,0.055033,0.000000,-8.241647,0.0000,0.0000,0.055033,-0.673534,0.965897,34.00
7.200016,torque-chirp,hip_abduction_right_joint,RS03,0.044293,0.000000,-7.089079,0.0000,0.0000,0.044293,-1.691006,-0.583199,34.00
7.208017,torque-chirp,hip_abduction_right_joint,RS03,0.028187,0.000000,-4.964919,0.0000,0.0000,0.028187,-2.241550,-1.824677,34.00
7.216054,torque-chirp,hip_abduction_right_joint,RS03,0.006711,0.000000,-2.145345,0.0000,0.0000,0.006711,-2.836651,-2.685280,34.00
7.224050,torque-chirp,hip_abduction_right_joint,RS03,-0.017449,0.000000,0.957896,0.0000,0.0000,-0.017449,-3.212635,-2.275120,34.00
7.232035,torque-chirp,hip_abduction_right_joint,RS03,-0.043144,0.000000,3.927909,0.0000,0.0000,-0.043144,-3.039902,-2.216522,34.00
7.240030,torque-chirp,hip_abduction_right_joint,RS03,-0.063852,0.000000,6.364100,0.0000,0.0000,-0.063852,-2.253147,-2.586403,34.00
7.248020,torque-chirp,hip_abduction_right_joint,RS03,-0.076892,0.000000,7.924860,0.0000,0.0000,-0.076892,-1.160601,-1.916229,34.00
7.256022,torque-chirp,hip_abduction_right_joint,RS03,-0.080344,0.000000,8.394527,0.0000,0.0000,-0.080344,0.094912,-1.317467,34.00
7.264020,torque-chirp,hip_abduction_right_joint,RS03,-0.074975,0.000000,7.703037,0.0000,0.0000,-0.074975,1.136187,0.037537,34.00
7.272018,torque-chirp,hip_abduction_right_joint,RS03,-0.063086,0.000000,5.944214,0.0000,0.0000,-0.063086,1.803312,1.181969,34.00
7.280269,torque-chirp,hip_abduction_right_joint,RS03,-0.046212,0.000000,3.267964,0.0000,0.0000,-0.046212,2.188450,2.643169,34.00
7.288048,torque-chirp,hip_abduction_right_joint,RS03,-0.026270,0.000000,0.292269,0.0000,0.0000,-0.026270,2.779888,2.547947,34.00
7.296044,torque-chirp,hip_abduction_right_joint,RS03,-0.004026,0.000000,-2.804922,0.0000,0.0000,-0.004026,2.757305,2.472874,34.00
7.304029,torque-chirp,hip_abduction_right_joint,RS03,0.016682,0.000000,-5.510287,0.0000,0.0000,0.016682,2.431374,2.256809,34.00
7.312021,torque-chirp,hip_abduction_right_joint,RS03,0.030871,0.000000,-7.452110,0.0000,0.0000,0.030871,1.332724,2.176243,34.00
7.320018,torque-chirp,hip_abduction_right_joint,RS03,0.036624,0.000000,-8.355083,0.0000,0.0000,0.036624,0.293278,1.249718,34.00
7.328018,torque-chirp,hip_abduction_right_joint,RS03,0.033556,0.000000,-8.088530,0.0000,0.0000,0.033556,-0.856031,0.202332,34.00
7.336017,torque-chirp,hip_abduction_right_joint,RS03,0.022434,0.000000,-6.686703,0.0000,0.0000,0.022434,-1.681240,-0.698559,34.00
7.344019,torque-chirp,hip_abduction_right_joint,RS03,0.006328,0.000000,-4.342870,0.0000,0.0000,0.006328,-2.209812,-2.240330,34.00
7.352018,torque-chirp,hip_abduction_right_joint,RS03,-0.014765,0.000000,-1.387013,0.0000,0.0000,-0.014765,-2.765240,-2.447239,34.00
7.360017,torque-chirp,hip_abduction_right_joint,RS03,-0.038925,0.000000,1.767019,0.0000,0.0000,-0.038925,-3.031967,-2.242161,34.00
7.368017,torque-chirp,hip_abduction_right_joint,RS03,-0.062702,0.000000,4.673820,0.0000,0.0000,-0.062702,-2.739605,-2.498512,34.00
7.376018,torque-chirp,hip_abduction_right_joint,RS03,-0.081494,0.000000,6.922146,0.0000,0.0000,-0.081494,-1.967499,-2.097504,34.00
7.384019,torque-chirp,hip_abduction_right_joint,RS03,-0.091848,0.000000,8.191257,0.0000,0.0000,-0.091848,-0.815746,-1.821014,34.00
7.392016,torque-chirp,hip_abduction_right_joint,RS03,-0.092615,0.000000,8.298622,0.0000,0.0000,-0.092615,0.444038,-1.072102,34.00
7.400015,torque-chirp,hip_abduction_right_joint,RS03,-0.084946,0.000000,7.227080,0.0000,0.0000,-0.084946,1.311359,0.687569,34.00
7.408018,torque-chirp,hip_abduction_right_joint,RS03,-0.071523,0.000000,5.125113,0.0000,0.0000,-0.071523,1.932707,1.601280,34.00
7.416016,torque-chirp,hip_abduction_right_joint,RS03,-0.053498,0.000000,2.291866,0.0000,0.0000,-0.053498,2.544899,2.449070,34.00
7.424014,torque-chirp,hip_abduction_right_joint,RS03,-0.032789,0.000000,-0.870332,0.0000,0.0000,-0.032789,2.721292,2.628521,34.00
7.432014,torque-chirp,hip_abduction_right_joint,RS03,-0.010162,0.000000,-3.911556,0.0000,0.0000,-0.010162,2.687723,2.313572,34.00
7.440020,torque-chirp,hip_abduction_right_joint,RS03,0.009012,0.000000,-6.395928,0.0000,0.0000,0.009012,1.994965,1.956512,34.00
7.448020,torque-chirp,hip_abduction_right_joint,RS03,0.021284,0.000000,-7.962635,0.0000,0.0000,0.021284,0.981766,1.945526,34.00
7.456018,torque-chirp,hip_abduction_right_joint,RS03,0.023969,0.000000,-8.386218,0.0000,0.0000,0.023969,-0.125429,0.989700,34.00
7.464018,torque-chirp,hip_abduction_right_joint,RS03,0.018216,0.000000,-7.603465,0.0000,0.0000,0.018216,-1.322958,-0.119938,34.00
7.472019,torque-chirp,hip_abduction_right_joint,RS03,0.005561,0.000000,-5.723511,0.0000,0.0000,0.005561,-1.844206,-1.665371,34.00
7.480017,torque-chirp,hip_abduction_right_joint,RS03,-0.012080,0.000000,-3.017082,0.0000,0.0000,-0.012080,-2.522926,-2.254978,34.00
7.488016,torque-chirp,hip_abduction_right_joint,RS03,-0.033557,0.000000,0.128046,0.0000,0.0000,-0.033557,-2.842754,-2.666969,34.00
7.496014,torque-chirp,hip_abduction_right_joint,RS03,-0.056950,0.000000,3.256781,0.0000,0.0000,-0.056950,-2.997177,-2.016937,34.00
7.504018,torque-chirp,hip_abduction_right_joint,RS03,-0.078043,0.000000,5.917013,0.0000,0.0000,-0.078043,-2.341040,-2.126801,34.00
7.512015,torque-chirp,hip_abduction_right_joint,RS03,-0.092615,0.000000,7.717954,0.0000,0.0000,-0.092615,-1.427328,-1.974823,34.00
7.520015,torque-chirp,hip_abduction_right_joint,RS03,-0.097601,0.000000,8.397985,0.0000,0.0000,-0.097601,-0.116274,-1.617764,34.00
7.528015,torque-chirp,hip_abduction_right_joint,RS03,-0.093383,0.000000,7.854723,0.0000,0.0000,-0.093383,1.028765,-0.359810,34.00
7.536018,torque-chirp,hip_abduction_right_joint,RS03,-0.081878,0.000000,6.163864,0.0000,0.0000,-0.081878,1.759975,1.271690,34.00
7.544016,torque-chirp,hip_abduction_right_joint,RS03,-0.065387,0.000000,3.571691,0.0000,0.0000,-0.065387,2.247044,1.960175,34.00
7.552014,torque-chirp,hip_abduction_right_joint,RS03,-0.045061,0.000000,0.455099,0.0000,0.0000,-0.045061,2.673075,2.798809,34.00
7.560016,torque-chirp,hip_abduction_right_joint,RS03,-0.022818,0.000000,-2.731871,0.0000,0.0000,-0.022818,2.876934,2.211033,34.00
7.568016,torque-chirp,hip_abduction_right_joint,RS03,-0.000958,0.000000,-5.519505,0.0000,0.0000,-0.000958,2.562599,1.674530,34.00
7.576039,torque-chirp,hip_abduction_right_joint,RS03,0.015532,0.000000,-7.501662,0.0000,0.0000,0.015532,1.637291,1.852142,34.00
7.584016,torque-chirp,hip_abduction_right_joint,RS03,0.023201,0.000000,-8.372078,0.0000,0.0000,0.023201,0.478828,1.372398,34.00
7.592015,torque-chirp,hip_abduction_right_joint,RS03,0.022051,0.000000,-8.012299,0.0000,0.0000,0.022051,-0.472725,0.317696,34.00
7.600016,torque-chirp,hip_abduction_right_joint,RS03,0.012847,0.000000,-6.468169,0.0000,0.0000,0.012847,-1.519493,-1.059284,34.00
7.608014,torque-chirp,hip_abduction_right_joint,RS03,-0.001726,0.000000,-3.966275,0.0000,0.0000,-0.001726,-1.955902,-2.134125,34.00
7.616100,torque-chirp,hip_abduction_right_joint,RS03,-0.020901,0.000000,-0.839518,0.0000,0.0000,-0.020901,-2.627298,-2.291599,34.00
7.624057,torque-chirp,hip_abduction_right_joint,RS03,-0.042761,0.000000,2.366697,0.0000,0.0000,-0.042761,-2.767681,-1.908905,34.00
7.632052,torque-chirp,hip_abduction_right_joint,RS03,-0.064620,0.000000,5.239066,0.0000,0.0000,-0.064620,-2.543680,-2.231174,34.00
7.640035,torque-chirp,hip_abduction_right_joint,RS03,-0.080344,0.000000,7.332046,0.0000,0.0000,-0.080344,-1.681240,-1.881439,34.00
7.652045,torque-chirp,hip_abduction_right_joint,RS03,-0.089164,0.000000,8.377070,0.0000,0.0000,-0.089164,-0.088808,-1.249714,34.00
7.660049,torque-chirp,hip_abduction_right_joint,RS03,-0.084179,0.000000,7.514628,0.0000,0.0000,-0.084179,1.003738,0.024719,34.00
7.668032,torque-chirp,hip_abduction_right_joint,RS03,-0.072673,0.000000,5.531918,0.0000,0.0000,-0.072673,1.748989,1.159988,34.00
7.676069,torque-chirp,hip_abduction_right_joint,RS03,-0.056183,0.000000,2.700893,0.0000,0.0000,-0.056183,2.344702,2.084686,34.00
7.684064,torque-chirp,hip_abduction_right_joint,RS03,-0.036241,0.000000,-0.524631,0.0000,0.0000,-0.036241,2.569923,2.355686,34.00
7.692039,torque-chirp,hip_abduction_right_joint,RS03,-0.014381,0.000000,-3.666008,0.0000,0.0000,-0.014381,2.709085,2.262302,34.00
7.700030,torque-chirp,hip_abduction_right_joint,RS03,0.005944,0.000000,-6.265390,0.0000,0.0000,0.005944,2.362402,1.357750,34.00
7.708019,torque-chirp,hip_abduction_right_joint,RS03,0.020134,0.000000,-7.923248,0.0000,0.0000,0.020134,1.344931,1.584801,34.00
7.716017,torque-chirp,hip_abduction_right_joint,RS03,0.025502,0.000000,-8.388357,0.0000,0.0000,0.025502,0.321964,0.722366,34.00
7.724016,torque-chirp,hip_abduction_right_joint,RS03,0.022818,0.000000,-7.585041,0.0000,0.0000,0.022818,-0.763256,-0.253605,34.00
7.732016,torque-chirp,hip_abduction_right_joint,RS03,0.012080,0.000000,-5.631474,0.0000,0.0000,0.012080,-1.576256,-1.434654,34.00
7.740015,torque-chirp,hip_abduction_right_joint,RS03,-0.003260,0.000000,-2.822233,0.0000,0.0000,-0.003260,-2.255589,-2.297092,34.00
7.748018,torque-chirp,hip_abduction_right_joint,RS03,-0.023201,0.000000,0.419642,0.0000,0.0000,-0.023201,-2.699322,-2.394138,34.00
7.756018,torque-chirp,hip_abduction_right_joint,RS03,-0.045061,0.000000,3.598814,0.0000,0.0000,-0.045061,-2.726788,-1.670864,34.00
7.764015,torque-chirp,hip_abduction_right_joint,RS03,-0.065003,0.000000,6.230745,0.0000,0.0000,-0.065003,-2.193943,-2.256809,34.00
7.772015,torque-chirp,hip_abduction_right_joint,RS03,-0.077660,0.000000,7.914337,0.0000,0.0000,-0.077660,-1.219807,-1.403526,34.00
7.780016,torque-chirp,hip_abduction_right_joint,RS03,-0.082261,0.000000,8.388641,0.0000,0.0000,-0.082261,-0.143129,-0.672924,34.00
7.788056,torque-chirp,hip_abduction_right_joint,RS03,-0.078043,0.000000,7.571240,0.0000,0.0000,-0.078043,0.958572,0.202332,34.00
7.796039,torque-chirp,hip_abduction_right_joint,RS03,-0.066920,0.000000,5.598148,0.0000,0.0000,-0.066920,1.744717,1.231407,34.00
7.804028,torque-chirp,hip_abduction_right_joint,RS03,-0.050814,0.000000,2.764504,0.0000,0.0000,-0.050814,2.192112,2.496677,34.00
7.812019,torque-chirp,hip_abduction_right_joint,RS03,-0.030872,0.000000,-0.495995,0.0000,0.0000,-0.030872,2.717020,2.322727,34.00
7.820016,torque-chirp,hip_abduction_right_joint,RS03,-0.009012,0.000000,-3.684813,0.0000,0.0000,-0.009012,2.715799,2.256809,34.00
7.828019,torque-chirp,hip_abduction_right_joint,RS03,0.010930,0.000000,-6.309432,0.0000,0.0000,0.010930,2.334326,1.300987,34.00
7.836017,torque-chirp,hip_abduction_right_joint,RS03,0.025119,0.000000,-7.959343,0.0000,0.0000,0.025119,1.406576,1.597618,34.00
7.844016,torque-chirp,hip_abduction_right_joint,RS03,0.030488,0.000000,-8.379026,0.0000,0.0000,0.030488,0.309147,0.590523,34.00
7.852017,torque-chirp,hip_abduction_right_joint,RS03,0.027803,0.000000,-7.499980,0.0000,0.0000,0.027803,-0.710155,-0.304874,34.00
7.860017,torque-chirp,hip_abduction_right_joint,RS03,0.017833,0.000000,-5.456026,0.0000,0.0000,0.017833,-1.595177,-1.326622,34.00
7.868017,torque-chirp,hip_abduction_right_joint,RS03,0.002493,0.000000,-2.562285,0.0000,0.0000,0.002493,-2.189671,-2.529640,34.00
7.876017,torque-chirp,hip_abduction_right_joint,RS03,-0.016682,0.000000,0.732804,0.0000,0.0000,-0.016682,-2.590067,-2.231174,34.00
7.884016,torque-chirp,hip_abduction_right_joint,RS03,-0.038158,0.000000,3.915309,0.0000,0.0000,-0.038158,-2.704815,-1.806366,34.00
7.892018,torque-chirp,hip_abduction_right_joint,RS03,-0.056183,0.000000,6.489604,0.0000,0.0000,-0.056183,-1.992523,-2.037079,34.00
7.900034,torque-chirp,hip_abduction_right_joint,RS03,-0.066920,0.000000,8.051856,0.0000,0.0000,-0.066920,-0.959793,-1.846649,34.00
7.908018,torque-chirp,hip_abduction_right_joint,RS03,-0.069605,0.000000,8.350339,0.0000,0.0000,-0.069605,-0.093691,-0.949417,34.00
7.916016,torque-chirp,hip_abduction_right_joint,RS03,-0.063469,0.000000,7.341202,0.0000,0.0000,-0.063469,1.261921,0.277412,34.00
7.924018,torque-chirp,hip_abduction_right_joint,RS03,-0.050047,0.000000,5.177085,0.0000,0.0000,-0.050047,1.882048,1.850311,34.00
7.932016,torque-chirp,hip_abduction_right_joint,RS03,-0.032022,0.000000,2.198162,0.0000,0.0000,-0.032022,2.540627,2.258640,34.00
7.940016,torque-chirp,hip_abduction_right_joint,RS03,-0.010546,0.000000,-1.130275,0.0000,0.0000,-0.010546,2.800030,2.670635,34.00
7.948016,torque-chirp,hip_abduction_right_joint,RS03,0.012080,0.000000,-4.282374,0.0000,0.0000,0.012080,2.856792,1.894257,34.00
7.956016,torque-chirp,hip_abduction_right_joint,RS03,0.032405,0.000000,-6.760000,0.0000,0.0000,0.032405,2.366064,1.513390,34.00
7.964015,torque-chirp,hip_abduction_right_joint,RS03,0.046211,0.000000,-8.169251,0.0000,0.0000,0.046211,1.305866,1.255211,34.00
7.972018,torque-chirp,hip_abduction_right_joint,RS03,0.051198,0.000000,-8.284373,0.0000,0.0000,0.051198,0.223085,0.665596,34.00
7.980015,torque-chirp,hip_abduction_right_joint,RS03,0.048129,0.000000,-7.084675,0.0000,0.0000,0.048129,-0.835890,-0.711376,34.00
7.988016,torque-chirp,hip_abduction_right_joint,RS03,0.037774,0.000000,-4.757236,0.0000,0.0000,0.037774,-1.476768,-1.846649,34.00
7.996017,torque-chirp,hip_abduction_right_joint,RS03,0.022818,0.000000,-1.670341,0.0000,0.0000,0.022818,-2.180515,-2.112152,34.00
