t_s,maneuver,joint,model,cmd_pos,cmd_vel,cmd_tau,cmd_kp,cmd_kd,fb_pos,fb_vel,fb_tau,fb_temp
0.000000,torque-chirp,knee_flexion_left_joint,RS04,0.065388,0.000000,0.000071,0.0000,0.0000,0.065388,0.008011,-0.001831,30.00
0.008035,torque-chirp,knee_flexion_left_joint,RS04,0.065388,0.000000,1.268472,0.0000,0.0000,0.065388,0.019455,0.020142,30.00
0.016023,torque-chirp,knee_flexion_left_joint,RS04,0.065388,0.000000,2.502601,0.0000,0.0000,0.065388,0.049210,0.023804,30.00
0.024019,torque-chirp,knee_flexion_left_joint,RS04,0.065388,0.000000,3.683038,0.0000,0.0000,0.065388,0.014420,0.499893,30.00
0.032020,torque-chirp,knee_flexion_left_joint,RS04,0.066538,0.000000,4.781537,0.0000,0.0000,0.066538,0.161364,1.005264,30.00
0.040018,torque-chirp,knee_flexion_left_joint,RS04,0.068456,0.000000,5.771545,0.0000,0.0000,0.068456,0.257496,1.488678,30.00
0.048021,torque-chirp,knee_flexion_left_joint,RS04,0.071907,0.000000,6.630323,0.0000,0.0000,0.071907,0.585717,2.411545,30.00
0.056020,torque-chirp,knee_flexion_left_joint,RS04,0.078426,0.000000,7.336440,0.0000,0.0000,0.078426,0.986266,3.001144,30.00
0.064022,torque-chirp,knee_flexion_left_joint,RS04,0.088780,0.000000,7.873404,0.0000,0.0000,0.088780,1.529182,3.806824,30.00
0.072019,torque-chirp,knee_flexion_left_joint,RS04,0.102970,0.000000,8.227382,0.0000,0.0000,0.102970,1.987411,4.400093,30.00
0.080021,torque-chirp,knee_flexion_left_joint,RS04,0.122145,0.000000,8.389561,0.0000,0.0000,0.122145,2.627832,4.564888,30.00
0.088020,torque-chirp,knee_flexion_left_joint,RS04,0.146305,0.000000,8.355003,0.0000,0.0000,0.146305,3.171663,4.854195,30.00
0.096019,torque-chirp,knee_flexion_left_joint,RS04,0.175069,0.000000,8.123626,0.0000,0.0000,0.175069,3.726025,5.641563,30.00
0.104020,torque-chirp,knee_flexion_left_joint,RS04,0.207282,0.000000,7.699874,0.0000,0.0000,0.207282,4.221333,5.476768,30.00
0.112023,torque-chirp,knee_flexion_left_joint,RS04,0.244098,0.000000,7.092638,0.0000,0.0000,0.244098,4.730373,5.117867,30.00
0.120023,torque-chirp,knee_flexion_left_joint,RS04,0.285517,0.000000,6.315862,0.0000,0.0000,0.285517,5.325932,5.066597,30.00
0.128022,torque-chirp,knee_flexion_left_joint,RS04,0.330770,0.000000,5.387267,0.0000,0.0000,0.330770,5.811171,4.619820,30.00
0.136022,torque-chirp,knee_flexion_left_joint,RS04,0.379475,0.000000,4.328235,0.0000,0.0000,0.379475,6.254749,4.337837,30.00
0.144022,torque-chirp,knee_flexion_left_joint,RS04,0.430862,0.000000,3.163359,0.0000,0.0000,0.430862,6.518883,3.839783,30.00
0.152020,torque-chirp,knee_flexion_left_joint,RS04,0.484170,0.000000,1.920739,0.0000,0.0000,0.484170,6.698786,3.323425,30.00
0.160021,torque-chirp,knee_flexion_left_joint,RS04,0.539010,0.000000,0.629293,0.0000,0.0000,0.539010,6.875029,2.448166,30.00
0.168018,torque-chirp,knee_flexion_left_joint,RS04,0.593851,0.000000,-0.678893,0.0000,0.0000,0.593851,6.906157,2.254059,30.00
0.176022,torque-chirp,knee_flexion_left_joint,RS04,0.648693,0.000000,-1.973635,0.0000,0.0000,0.648693,6.806362,1.334854,30.00
0.184020,torque-chirp,knee_flexion_left_joint,RS04,0.701615,0.000000,-3.221493,0.0000,0.0000,0.701615,6.562828,0.668350,30.00
0.192023,torque-chirp,knee_flexion_left_joint,RS04,0.753005,0.000000,-4.393180,0.0000,0.0000,0.753005,6.322042,0.624405,30.00
0.200022,torque-chirp,knee_flexion_left_joint,RS04,0.802476,0.000000,-5.458138,0.0000,0.0000,0.802476,6.110552,-0.276497,30.00
0.208022,torque-chirp,knee_flexion_left_joint,RS04,0.848880,0.000000,-6.390412,0.0000,0.0000,0.848880,5.663767,-0.624397,30.00
0.216020,torque-chirp,knee_flexion_left_joint,RS04,0.892215,0.000000,-7.166131,0.0000,0.0000,0.892215,5.206453,-0.811172,30.00
0.224022,torque-chirp,knee_flexion_left_joint,RS04,0.930948,0.000000,-7.765625,0.0000,0.0000,0.930948,4.710232,-2.433510,30.00
0.232022,torque-chirp,knee_flexion_left_joint,RS04,0.963930,0.000000,-8.172670,0.0000,0.0000,0.963930,3.889448,-3.143974,30.00
0.240021,torque-chirp,knee_flexion_left_joint,RS04,0.991158,0.000000,-8.376394,0.0000,0.0000,0.991158,3.153811,-3.572449,30.00
0.248019,torque-chirp,knee_flexion_left_joint,RS04,1.012634,0.000000,-8.370774,0.0000,0.0000,1.012634,2.428246,-4.242615,30.00
0.256021,torque-chirp,knee_flexion_left_joint,RS04,1.027591,0.000000,-8.154822,0.0000,0.0000,1.027591,1.646372,-4.451355,30.00
0.264022,torque-chirp,knee_flexion_left_joint,RS04,1.036796,0.000000,-7.733064,0.0000,0.0000,1.036796,0.935912,-4.982376,30.00
0.272023,torque-chirp,knee_flexion_left_joint,RS04,1.041398,0.000000,-7.115107,0.0000,0.0000,1.041398,0.281300,-4.780952,30.00
0.280022,torque-chirp,knee_flexion_left_joint,RS04,1.040630,0.000000,-6.315925,0.0000,0.0000,1.040630,-0.269399,-4.315857,30.00
0.288024,torque-chirp,knee_flexion_left_joint,RS04,1.035262,0.000000,-5.354563,0.0000,0.0000,1.035262,-0.897001,-4.205994,30.00
0.296021,torque-chirp,knee_flexion_left_joint,RS04,1.026056,0.000000,-4.255653,0.0000,0.0000,1.026056,-1.378119,-3.510185,30.00
0.304021,torque-chirp,knee_flexion_left_joint,RS04,1.012634,0.000000,-3.045681,0.0000,0.0000,1.012634,-1.784161,-3.015793,30.00
0.312018,torque-chirp,knee_flexion_left_joint,RS04,0.996143,0.000000,-1.756213,0.0000,0.0000,0.996143,-2.273519,-2.389565,30.00
0.320021,torque-chirp,knee_flexion_left_joint,RS04,0.976585,0.000000,-0.418501,0.0000,0.0000,0.976585,-2.575646,-1.869537,30.00
0.328020,torque-chirp,knee_flexion_left_joint,RS04,0.955493,0.000000,0.931372,0.0000,0.0000,0.955493,-2.710231,-0.628059,30.00
0.336022,torque-chirp,knee_flexion_left_joint,RS04,0.932867,0.000000,2.259821,0.0000,0.0000,0.932867,-2.878691,-0.829483,30.00
0.344116,torque-chirp,knee_flexion_left_joint,RS04,0.909472,0.000000,3.545601,0.0000,0.0000,0.909472,-2.899748,-0.543831,30.00
0.352057,torque-chirp,knee_flexion_left_joint,RS04,0.886462,0.000000,4.717349,0.0000,0.0000,0.886462,-2.859465,0.910049,30.00
0.360035,torque-chirp,knee_flexion_left_joint,RS04,0.863836,0.000000,5.773783,0.0000,0.0000,0.863836,-2.850309,1.148087,30.00
0.368031,torque-chirp,knee_flexion_left_joint,RS04,0.842360,0.000000,6.683012,0.0000,0.0000,0.842360,-2.609064,2.155182,30.00
0.376030,torque-chirp,knee_flexion_left_joint,RS04,0.823568,0.000000,7.418158,0.0000,0.0000,0.823568,-2.243305,3.568787,30.00
0.384025,torque-chirp,knee_flexion_left_joint,RS04,0.807845,0.000000,7.958350,0.0000,0.0000,0.807845,-1.700389,3.612732,30.00
0.392022,torque-chirp,knee_flexion_left_joint,RS04,0.796723,0.000000,8.288956,0.0000,0.0000,0.796723,-1.210117,4.030212,30.00
0.400048,torque-chirp,knee_flexion_left_joint,RS04,0.789821,0.000000,8.399997,0.0000,0.0000,0.789821,-0.680018,4.927437,30.00
0.408021,torque-chirp,knee_flexion_left_joint,RS04,0.787903,0.000000,8.287392,0.0000,0.0000,0.787903,-0.075303,5.495079,30.00
0.416024,torque-chirp,knee_flexion_left_joint,RS04,0.789821,0.000000,7.952944,0.0000,0.0000,0.789821,0.329367,5.919884,30.00
0.424023,torque-chirp,knee_flexion_left_joint,RS04,0.794806,0.000000,7.404901,0.0000,0.0000,0.794806,0.785764,5.864952,30.00
0.432021,torque-chirp,knee_flexion_left_joint,RS04,0.803243,0.000000,6.656983,0.0000,0.0000,0.803243,1.238956,5.055611,30.00
0.440027,torque-chirp,knee_flexion_left_joint,RS04,0.816281,0.000000,5.727518,0.0000,0.0000,0.816281,1.761272,5.169151,30.00
0.448023,torque-chirp,knee_flexion_left_joint,RS04,0.832388,0.000000,4.642896,0.0000,0.0000,0.832388,2.113756,4.502632,30.00
0.456022,torque-chirp,knee_flexion_left_joint,RS04,0.851181,0.000000,3.430169,0.0000,0.0000,0.851181,2.513390,4.286568,30.00
0.464022,torque-chirp,knee_flexion_left_joint,RS04,0.872273,0.000000,2.122079,0.0000,0.0000,0.872273,2.729458,3.447937,30.00
0.472022,torque-chirp,knee_flexion_left_joint,RS04,0.894899,0.000000,0.754063,0.0000,0.0000,0.894899,2.858089,2.883957,30.00
0.480021,torque-chirp,knee_flexion_left_joint,RS04,0.917910,0.000000,-0.636398,0.0000,0.0000,0.917910,2.922636,2.319977,30.00
0.488021,torque-chirp,knee_flexion_left_joint,RS04,0.940921,0.000000,-2.011668,0.0000,0.0000,0.940921,2.818264,1.012589,30.00
0.496022,torque-chirp,knee_flexion_left_joint,RS04,0.962780,0.000000,-3.333772,0.0000,0.0000,0.962780,2.672237,1.060196,30.00
0.504024,torque-chirp,knee_flexion_left_joint,RS04,0.983105,0.000000,-4.565791,0.0000,0.0000,0.983105,2.452965,0.485245,30.00
0.512025,torque-chirp,knee_flexion_left_joint,RS04,1.001513,0.000000,-5.672868,0.0000,0.0000,1.001513,2.270313,-0.562141,30.00
0.520165,torque-chirp,knee_flexion_left_joint,RS04,1.018003,0.000000,-6.638900,0.0000,0.0000,1.018003,1.931562,-0.778214,30.00
0.528035,torque-chirp,knee_flexion_left_joint,RS04,1.030659,0.000000,-7.392163,0.0000,0.0000,1.030659,1.433508,-1.946442,30.00
0.536061,torque-chirp,knee_flexion_left_joint,RS04,1.038713,0.000000,-7.955316,0.0000,0.0000,1.038713,0.773862,-3.074394,30.00
0.544047,torque-chirp,knee_flexion_left_joint,RS04,1.041781,0.000000,-8.293554,0.0000,0.0000,1.041781,0.268940,-3.671326,30.00
0.552036,torque-chirp,knee_flexion_left_joint,RS04,1.039864,0.000000,-8.399703,0.0000,0.0000,1.039864,-0.436027,-4.304871,30.00
0.560029,torque-chirp,knee_flexion_left_joint,RS04,1.033344,0.000000,-8.269452,0.0000,0.0000,1.033344,-1.069123,-4.678413,30.00
0.568023,torque-chirp,knee_flexion_left_joint,RS04,1.021071,0.000000,-7.905221,0.0000,0.0000,1.021071,-1.710460,-4.425720,30.00
0.576023,torque-chirp,knee_flexion_left_joint,RS04,1.003814,0.000000,-7.315819,0.0000,0.0000,1.003814,-2.390249,-5.216751,30.00
0.584023,torque-chirp,knee_flexion_left_joint,RS04,0.981188,0.000000,-6.517211,0.0000,0.0000,0.981188,-3.026551,-4.553902,30.00
0.592023,torque-chirp,knee_flexion_left_joint,RS04,0.954343,0.000000,-5.531275,0.0000,0.0000,0.954343,-3.667888,-4.114441,30.00
0.600022,torque-chirp,knee_flexion_left_joint,RS04,0.923278,0.000000,-4.385640,0.0000,0.0000,0.923278,-4.054246,-3.510185,30.00
0.608024,torque-chirp,knee_flexion_left_joint,RS04,0.888380,0.000000,-3.111787,0.0000,0.0000,0.888380,-4.504692,-2.986496,30.00
0.616020,torque-chirp,knee_flexion_left_joint,RS04,0.850798,0.000000,-1.747355,0.0000,0.0000,0.850798,-4.840239,-2.466469,30.00
0.624085,torque-chirp,knee_flexion_left_joint,RS04,0.810529,0.000000,-0.318313,0.0000,0.0000,0.810529,-5.093386,-2.089264,30.00
0.632058,torque-chirp,knee_flexion_left_joint,RS04,0.768345,0.000000,1.106110,0.0000,0.0000,0.768345,-5.308995,-1.635155,30.00
0.640046,torque-chirp,knee_flexion_left_joint,RS04,0.725008,0.000000,2.503113,0.0000,0.0000,0.725008,-5.510872,-0.064087,30.00
0.648030,torque-chirp,knee_flexion_left_joint,RS04,0.680523,0.000000,3.828656,0.0000,0.0000,0.680523,-5.583200,0.111694,30.00
0.656052,torque-chirp,knee_flexion_left_joint,RS04,0.636036,0.000000,5.050239,0.0000,0.0000,0.636036,-5.510414,-0.071411,30.00
0.664026,torque-chirp,knee_flexion_left_joint,RS04,0.592318,0.000000,6.118622,0.0000,0.0000,0.592318,-5.459601,1.404434,30.00
0.672020,torque-chirp,knee_flexion_left_joint,RS04,0.550516,0.000000,7.011730,0.0000,0.0000,0.550516,-5.158846,2.374924,30.00
0.680022,torque-chirp,knee_flexion_left_joint,RS04,0.512165,0.000000,7.700191,0.0000,0.0000,0.512165,-4.615015,3.041428,30.00
0.688023,torque-chirp,knee_flexion_left_joint,RS04,0.478417,0.000000,8.161693,0.0000,0.0000,0.478417,-4.117876,3.642029,30.00
0.696018,torque-chirp,knee_flexion_left_joint,RS04,0.449272,0.000000,8.381525,0.0000,0.0000,0.449272,-3.358891,4.612495,30.00
0.704024,torque-chirp,knee_flexion_left_joint,RS04,0.425494,0.000000,8.352338,0.0000,0.0000,0.425494,-2.642023,4.883492,30.00
0.712023,torque-chirp,knee_flexion_left_joint,RS04,0.407853,0.000000,8.073787,0.0000,0.0000,0.407853,-1.940719,4.015564,30.00
0.720017,torque-chirp,knee_flexion_left_joint,RS04,0.396348,0.000000,7.553623,0.0000,0.0000,0.396348,-1.257725,4.403755,30.00
0.728023,torque-chirp,knee_flexion_left_joint,RS04,0.389445,0.000000,6.805016,0.0000,0.0000,0.389445,-0.704738,5.557335,30.00
0.736020,torque-chirp,knee_flexion_left_joint,RS04,0.385994,0.000000,5.851347,0.0000,0.0000,0.385994,-0.177844,4.821236,30.00
0.744018,torque-chirp,knee_flexion_left_joint,RS04,0.387144,0.000000,4.719688,0.0000,0.0000,0.387144,0.345846,4.216980,30.00
0.752024,torque-chirp,knee_flexion_left_joint,RS04,0.391363,0.000000,3.442152,0.0000,0.0000,0.391363,0.655757,4.099792,30.00
0.760023,torque-chirp,knee_flexion_left_joint,RS04,0.398266,0.000000,2.059368,0.0000,0.0000,0.398266,0.969329,2.964523,30.00
0.768017,torque-chirp,knee_flexion_left_joint,RS04,0.407086,0.000000,0.612753,0.0000,0.0000,0.407086,1.161592,2.155182,30.00
0.776023,torque-chirp,knee_flexion_left_joint,RS04,0.417440,0.000000,-0.856749,0.0000,0.0000,0.417440,1.379492,1.876862,30.00
0.784021,torque-chirp,knee_flexion_left_joint,RS04,0.428562,0.000000,-2.300650,0.0000,0.0000,0.428562,1.399633,1.499664,30.00
0.792019,torque-chirp,knee_flexion_left_joint,RS04,0.439300,0.000000,-3.675937,0.0000,0.0000,0.439300,1.322727,0.045776,30.00
0.800024,torque-chirp,knee_flexion_left_joint,RS04,0.449656,0.000000,-4.940928,0.0000,0.0000,0.449656,1.242619,0.045776,30.00
0.808022,torque-chirp,knee_flexion_left_joint,RS04,0.457709,0.000000,-6.054173,0.0000,0.0000,0.457709,0.894713,-0.225220,30.00
0.816017,torque-chirp,knee_flexion_left_joint,RS04,0.462311,0.000000,-6.981146,0.0000,0.0000,0.462311,0.461662,-1.342186,30.00
0.824024,torque-chirp,knee_flexion_left_joint,RS04,0.462694,0.000000,-7.693605,0.0000,0.0000,0.462694,-0.138018,-2.162514,30.00
0.832022,torque-chirp,knee_flexion_left_joint,RS04,0.458859,0.000000,-8.166665,0.0000,0.0000,0.458859,-0.652094,-3.056084,30.00
0.840018,torque-chirp,knee_flexion_left_joint,RS04,0.450039,0.000000,-8.385236,0.0000,0.0000,0.450039,-1.315862,-4.418396,30.00
0.852017,torque-chirp,knee_flexion_left_joint,RS04,0.427794,0.000000,-8.221121,0.0000,0.0000,0.427794,-2.280843,-4.444031,30.00
0.860023,torque-chirp,knee_flexion_left_joint,RS04,0.405935,0.000000,-7.786431,0.0000,0.0000,0.405935,-2.996796,-5.161819,30.00
0.868020,torque-chirp,knee_flexion_left_joint,RS04,0.379475,0.000000,-7.105974,0.0000,0.0000,0.379475,-3.478827,-5.008011,30.00
0.876059,torque-chirp,knee_flexion_left_joint,RS04,0.348412,0.000000,-6.194610,0.0000,0.0000,0.348412,-4.091784,-4.762642,30.00
0.884041,torque-chirp,knee_flexion_left_joint,RS04,0.313128,0.000000,-5.091901,0.0000,0.0000,0.313128,-4.627375,-4.143738,30.00
0.896024,torque-chirp,knee_flexion_left_joint,RS04,0.252919,0.000000,-3.143023,0.0000,0.0000,0.252919,-5.252232,-3.473564,30.00
0.904269,torque-chirp,knee_flexion_left_joint,RS04,0.206899,0.000000,-1.660081,0.0000,0.0000,0.206899,-5.624857,-3.491875,30.00
0.912046,torque-chirp,knee_flexion_left_joint,RS04,0.161263,0.000000,-0.206739,0.0000,0.0000,0.161263,-5.846876,-1.939117,30.00
0.920030,torque-chirp,knee_flexion_left_joint,RS04,0.112941,0.000000,1.293491,0.0000,0.0000,0.112941,-6.106890,-1.448387,30.00
0.928025,torque-chirp,knee_flexion_left_joint,RS04,0.064237,0.000000,2.756388,0.0000,0.0000,0.064237,-6.112841,-0.715958,30.00
0.936022,torque-chirp,knee_flexion_left_joint,RS04,0.015915,0.000000,4.132436,0.0000,0.0000,0.015915,-6.037766,-0.177612,30.00
0.944024,torque-chirp,knee_flexion_left_joint,RS04,-0.031639,0.000000,5.377329,0.0000,0.0000,-0.031639,-5.877089,-0.130005,30.00
0.952022,torque-chirp,knee_flexion_left_joint,RS04,-0.076892,0.000000,6.448721,0.0000,0.0000,-0.076892,-5.625772,1.195694,30.00
0.960067,torque-chirp,knee_flexion_left_joint,RS04,-0.120611,0.000000,7.315801,0.0000,0.0000,-0.120611,-5.268253,1.506989,30.00
0.968112,torque-chirp,knee_flexion_left_joint,RS04,-0.159728,0.000000,7.942403,0.0000,0.0000,-0.159728,-4.690089,2.378586,30.00
0.976075,torque-chirp,knee_flexion_left_joint,RS04,-0.193860,0.000000,8.304271,0.0000,0.0000,-0.193860,-3.969559,3.393005,30.00
0.984059,torque-chirp,knee_flexion_left_joint,RS04,-0.222239,0.000000,8.396191,0.0000,0.0000,-0.222239,-3.323186,3.876404,30.00
0.992039,torque-chirp,knee_flexion_left_joint,RS04,-0.244099,0.000000,8.212826,0.0000,0.0000,-0.244099,-2.497368,4.715034,30.00
1.000059,torque-chirp,knee_flexion_left_joint,RS04,-0.259439,0.000000,7.756266,0.0000,0.0000,-0.259439,-1.624399,4.151062,30.00
1.008022,torque-chirp,knee_flexion_left_joint,RS04,-0.268259,0.000000,7.046734,0.0000,0.0000,-0.268259,-0.772945,4.293892,30.00
1.016048,torque-chirp,knee_flexion_left_joint,RS04,-0.272095,0.000000,6.095975,0.0000,0.0000,-0.272095,-0.379721,4.572212,30.00
1.024025,torque-chirp,knee_flexion_left_joint,RS04,-0.272095,0.000000,4.947209,0.0000,0.0000,-0.272095,0.160448,4.473335,30.00
1.032023,torque-chirp,knee_flexion_left_joint,RS04,-0.268642,0.000000,3.628772,0.0000,0.0000,-0.268642,0.571984,3.535828,30.00
1.040182,torque-chirp,knee_flexion_left_joint,RS04,-0.260972,0.000000,2.157130,0.0000,0.0000,-0.260972,1.059967,2.656906,30.00
1.048026,torque-chirp,knee_flexion_left_joint,RS04,-0.250618,0.000000,0.668732,0.0000,0.0000,-0.250618,1.404211,2.111237,30.00
1.056021,torque-chirp,knee_flexion_left_joint,RS04,-0.237963,0.000000,-0.872325,0.0000,0.0000,-0.237963,1.545204,2.107574,30.00
1.064023,torque-chirp,knee_flexion_left_joint,RS04,-0.224924,0.000000,-2.387213,0.0000,0.0000,-0.224924,1.688486,0.422974,30.00
1.072020,torque-chirp,knee_flexion_left_joint,RS04,-0.211884,0.000000,-3.822665,0.0000,0.0000,-0.211884,1.676126,0.734268,30.00
1.080025,torque-chirp,knee_flexion_left_joint,RS04,-0.198845,0.000000,-5.131361,0.0000,0.0000,-0.198845,1.545662,-0.404671,30.00
1.088021,torque-chirp,knee_flexion_left_joint,RS04,-0.187341,0.000000,-6.265758,0.0000,0.0000,-0.187341,1.390020,-1.627831,30.00
1.096021,torque-chirp,knee_flexion_left_joint,RS04,-0.177369,0.000000,-7.188447,0.0000,0.0000,-0.177369,1.130007,-1.887848,30.00
1.104026,torque-chirp,knee_flexion_left_joint,RS04,-0.171233,0.000000,-7.866567,0.0000,0.0000,-0.171233,0.608605,-2.792404,30.00
1.112025,torque-chirp,knee_flexion_left_joint,RS04,-0.169699,0.000000,-8.275017,0.0000,0.0000,-0.169699,-0.039598,-3.722595,30.00
1.120020,torque-chirp,knee_flexion_left_joint,RS04,-0.173151,0.000000,-8.399287,0.0000,0.0000,-0.173151,-0.604028,-4.110779,30.00
1.128017,torque-chirp,knee_flexion_left_joint,RS04,-0.181588,0.000000,-8.234108,0.0000,0.0000,-0.181588,-1.224766,-5.355911,30.00
1.136299,torque-chirp,knee_flexion_left_joint,RS04,-0.194627,0.000000,-7.762784,0.0000,0.0000,-0.194627,-1.785992,-6.113983,30.00
1.144050,torque-chirp,knee_flexion_left_joint,RS04,-0.211117,0.000000,-7.059146,0.0000,0.0000,-0.211117,-2.392996,-4.868843,30.00
1.152034,torque-chirp,knee_flexion_left_joint,RS04,-0.232977,0.000000,-6.092726,0.0000,0.0000,-0.232977,-2.846189,-5.099564,30.00
1.160026,torque-chirp,knee_flexion_left_joint,RS04,-0.258671,0.000000,-4.911876,0.0000,0.0000,-0.258671,-3.336461,-5.136185,30.00
1.168022,torque-chirp,knee_flexion_left_joint,RS04,-0.287435,0.000000,-3.557279,0.0000,0.0000,-0.287435,-3.777752,-4.209656,30.00
1.176026,torque-chirp,knee_flexion_left_joint,RS04,-0.318881,0.000000,-2.074850,0.0000,0.0000,-0.318881,-4.112383,-3.411308,30.00
1.184021,torque-chirp,knee_flexion_left_joint,RS04,-0.352629,0.000000,-0.519088,0.0000,0.0000,-0.352629,-4.249714,-2.715500,30.00
1.192025,torque-chirp,knee_flexion_left_joint,RS04,-0.387527,0.000000,1.058718,0.0000,0.0000,-0.387527,-4.283131,-2.243080,30.00
1.200022,torque-chirp,knee_flexion_left_joint,RS04,-0.421659,0.000000,2.599848,0.0000,0.0000,-0.421659,-4.309682,-1.620506,30.00
1.208064,torque-chirp,knee_flexion_left_joint,RS04,-0.455024,0.000000,4.058708,0.0000,0.0000,-0.455024,-4.144427,-1.107803,30.00
1.216041,torque-chirp,knee_flexion_left_joint,RS04,-0.487238,0.000000,5.363868,0.0000,0.0000,-0.487238,-3.934310,-0.492561,30.00
1.224037,torque-chirp,knee_flexion_left_joint,RS04,-0.517919,0.000000,6.483099,0.0000,0.0000,-0.517919,-3.685283,0.280151,30.00
1.232025,torque-chirp,knee_flexion_left_joint,RS04,-0.545530,0.000000,7.371469,0.0000,0.0000,-0.545530,-3.298466,1.693756,30.00
1.240023,torque-chirp,knee_flexion_left_joint,RS04,-0.568924,0.000000,7.998384,0.0000,0.0000,-0.568924,-2.598077,2.671555,30.00
1.248024,torque-chirp,knee_flexion_left_joint,RS04,-0.587332,0.000000,8.339017,0.0000,0.0000,-0.587332,-2.037766,3.191574,30.00
1.256021,torque-chirp,knee_flexion_left_joint,RS04,-0.599987,0.000000,8.379732,0.0000,0.0000,-0.599987,-1.276036,3.891052,30.00
1.264021,torque-chirp,knee_flexion_left_joint,RS04,-0.607657,0.000000,8.117966,0.0000,0.0000,-0.607657,-0.676814,4.975044,30.00
1.272019,torque-chirp,knee_flexion_left_joint,RS04,-0.608808,0.000000,7.562061,0.0000,0.0000,-0.608808,0.121538,4.469673,30.00
1.280023,torque-chirp,knee_flexion_left_joint,RS04,-0.604589,0.000000,6.730447,0.0000,0.0000,-0.604589,0.674983,4.359810,30.00
1.288024,torque-chirp,knee_flexion_left_joint,RS04,-0.595386,0.000000,5.652827,0.0000,0.0000,-0.595386,1.250401,4.850533,30.00
1.296021,torque-chirp,knee_flexion_left_joint,RS04,-0.583497,0.000000,4.368214,0.0000,0.0000,-0.583497,1.753490,4.458687,30.00
1.304022,torque-chirp,knee_flexion_left_joint,RS04,-0.567390,0.000000,2.921588,0.0000,0.0000,-0.567390,2.094988,3.751892,30.00
1.312020,torque-chirp,knee_flexion_left_joint,RS04,-0.548982,0.000000,1.366276,0.0000,0.0000,-0.548982,2.481804,2.741135,30.00
1.320021,torque-chirp,knee_flexion_left_joint,RS04,-0.527506,0.000000,-0.241655,0.0000,0.0000,-0.527506,2.706570,1.378799,30.00
1.328021,torque-chirp,knee_flexion_left_joint,RS04,-0.504496,0.000000,-1.842692,0.0000,0.0000,-0.504496,2.833370,1.690094,30.00
1.336020,torque-chirp,knee_flexion_left_joint,RS04,-0.480719,0.000000,-3.377549,0.0000,0.0000,-0.480719,3.032501,0.408325,30.00
1.344020,torque-chirp,knee_flexion_left_joint,RS04,-0.456174,0.000000,-4.789294,0.0000,0.0000,-0.456174,3.075073,-0.737930,30.00
1.352047,torque-chirp,knee_flexion_left_joint,RS04,-0.432014,0.000000,-6.028656,0.0000,0.0000,-0.432014,2.949644,-0.756241,30.00
1.360039,torque-chirp,knee_flexion_left_joint,RS04,-0.409388,0.000000,-7.039572,0.0000,0.0000,-0.409388,2.674068,-1.430077,30.00
1.368031,torque-chirp,knee_flexion_left_joint,RS04,-0.390212,0.000000,-7.789350,0.0000,0.0000,-0.390212,2.300070,-3.473564,30.00
1.376025,torque-chirp,knee_flexion_left_joint,RS04,-0.374489,0.000000,-8.249018,0.0000,0.0000,-0.374489,1.749371,-3.814148,30.00
1.384023,torque-chirp,knee_flexion_left_joint,RS04,-0.363750,0.000000,-8.399926,0.0000,0.0000,-0.363750,1.068207,-4.828560,30.00
1.392020,torque-chirp,knee_flexion_left_joint,RS04,-0.357998,0.000000,-8.234981,0.0000,0.0000,-0.357998,0.594415,-5.476768,30.00
1.400021,torque-chirp,knee_flexion_left_joint,RS04,-0.356081,0.000000,-7.758908,0.0000,0.0000,-0.356081,0.030441,-5.322952,30.00
1.408022,torque-chirp,knee_flexion_left_joint,RS04,-0.358381,0.000000,-6.988613,0.0000,0.0000,-0.358381,-0.539482,-5.509727,30.00
1.416017,torque-chirp,knee_flexion_left_joint,RS04,-0.365284,0.000000,-5.952920,0.0000,0.0000,-0.365284,-0.981232,-5.026321,30.00
1.424020,torque-chirp,knee_flexion_left_joint,RS04,-0.376023,0.000000,-4.688311,0.0000,0.0000,-0.376023,-1.521858,-4.466011,30.00
1.432019,torque-chirp,knee_flexion_left_joint,RS04,-0.389829,0.000000,-3.244061,0.0000,0.0000,-0.389829,-1.804761,-4.238953,30.00
1.440018,torque-chirp,knee_flexion_left_joint,RS04,-0.406320,0.000000,-1.673983,0.0000,0.0000,-0.406320,-2.204853,-2.726486,30.00
1.448018,torque-chirp,knee_flexion_left_joint,RS04,-0.424727,0.000000,-0.037367,0.0000,0.0000,-0.424727,-2.277638,-3.096367,30.00
1.456017,torque-chirp,knee_flexion_left_joint,RS04,-0.443519,0.000000,1.602350,0.0000,0.0000,-0.443519,-2.322958,-1.276268,30.00
1.464018,torque-chirp,knee_flexion_left_joint,RS04,-0.461926,0.000000,3.182857,0.0000,0.0000,-0.461926,-2.312428,-1.386131,30.00
1.472017,torque-chirp,knee_flexion_left_joint,RS04,-0.479568,0.000000,4.642031,0.0000,0.0000,-0.479568,-2.194324,-0.239876,30.00
1.480017,torque-chirp,knee_flexion_left_joint,RS04,-0.495675,0.000000,5.923564,0.0000,0.0000,-0.495675,-1.948958,-0.071411,30.00
1.488017,torque-chirp,knee_flexion_left_joint,RS04,-0.509480,0.000000,6.976593,0.0000,0.0000,-0.509480,-1.652781,1.554596,30.00
1.496019,torque-chirp,knee_flexion_left_joint,RS04,-0.520220,0.000000,7.759684,0.0000,0.0000,-0.520220,-1.163882,1.470367,30.00
1.504020,torque-chirp,knee_flexion_left_joint,RS04,-0.525972,0.000000,8.240730,0.0000,0.0000,-0.525972,-0.572442,2.986496,30.00
1.512021,torque-chirp,knee_flexion_left_joint,RS04,-0.527122,0.000000,8.399959,0.0000,0.0000,-0.527122,0.038681,3.880066,30.00
1.520018,torque-chirp,knee_flexion_left_joint,RS04,-0.523288,0.000000,8.230044,0.0000,0.0000,-0.523288,0.790341,4.359810,30.00
1.528020,torque-chirp,knee_flexion_left_joint,RS04,-0.512933,0.000000,7.736128,0.0000,0.0000,-0.512933,1.637217,4.927437,30.00
1.536020,torque-chirp,knee_flexion_left_joint,RS04,-0.497209,0.000000,6.936831,0.0000,0.0000,-0.497209,2.220875,4.264595,30.00
1.544020,torque-chirp,knee_flexion_left_joint,RS04,-0.476117,0.000000,5.862390,0.0000,0.0000,-0.476117,2.774319,4.769966,30.00
1.552118,torque-chirp,knee_flexion_left_joint,RS04,-0.451189,0.000000,4.536988,0.0000,0.0000,-0.451189,3.283817,4.341499,30.00
1.560032,torque-chirp,knee_flexion_left_joint,RS04,-0.422811,0.000000,3.061397,0.0000,0.0000,-0.422811,3.624857,3.590759,30.00
1.568022,torque-chirp,knee_flexion_left_joint,RS04,-0.391363,0.000000,1.449100,0.0000,0.0000,-0.391363,4.070269,2.514084,30.00
1.576021,torque-chirp,knee_flexion_left_joint,RS04,-0.357615,0.000000,-0.225132,0.0000,0.0000,-0.357615,4.327078,1.605865,30.00
1.584020,torque-chirp,knee_flexion_left_joint,RS04,-0.321949,0.000000,-1.892152,0.0000,0.0000,-0.321949,4.548182,0.558487,30.00
1.592020,torque-chirp,knee_flexion_left_joint,RS04,-0.285900,0.000000,-3.485506,0.0000,0.0000,-0.285900,4.540400,-0.115356,30.00
1.600021,torque-chirp,knee_flexion_left_joint,RS04,-0.249851,0.000000,-4.941045,0.0000,0.0000,-0.249851,4.533533,-0.375374,30.00
1.608018,torque-chirp,knee_flexion_left_joint,RS04,-0.214568,0.000000,-6.198455,0.0000,0.0000,-0.214568,4.414055,-0.719620,30.00
1.616019,torque-chirp,knee_flexion_left_joint,RS04,-0.180054,0.000000,-7.207464,0.0000,0.0000,-0.180054,4.244221,-1.624168,30.00
1.624017,torque-chirp,knee_flexion_left_joint,RS04,-0.148990,0.000000,-7.925486,0.0000,0.0000,-0.148990,3.728313,-2.763107,30.00
1.632018,torque-chirp,knee_flexion_left_joint,RS04,-0.122145,0.000000,-8.322708,0.0000,0.0000,-0.122145,3.093842,-4.004578,30.00
1.640018,torque-chirp,knee_flexion_left_joint,RS04,-0.100669,0.000000,-8.381476,0.0000,0.0000,-0.100669,2.425041,-4.498970,30.00
1.648018,torque-chirp,knee_flexion_left_joint,RS04,-0.084179,0.000000,-8.098209,0.0000,0.0000,-0.084179,1.849623,-4.909126,30.00
1.656019,torque-chirp,knee_flexion_left_joint,RS04,-0.073056,0.000000,-7.483110,0.0000,0.0000,-0.073056,1.230257,-4.411072,30.00
1.664019,torque-chirp,knee_flexion_left_joint,RS04,-0.067688,0.000000,-6.560348,0.0000,0.0000,-0.067688,0.350424,-3.993591,30.00
1.672017,torque-chirp,knee_flexion_left_joint,RS04,-0.067688,0.000000,-5.366945,0.0000,0.0000,-0.067688,-0.202106,-4.249939,30.00
1.680026,torque-chirp,knee_flexion_left_joint,RS04,-0.071906,0.000000,-3.949085,0.0000,0.0000,-0.071906,-0.762417,-3.638367,30.00
1.688018,torque-chirp,knee_flexion_left_joint,RS04,-0.079960,0.000000,-2.369100,0.0000,0.0000,-0.079960,-1.102083,-2.997482,30.00
1.696019,torque-chirp,knee_flexion_left_joint,RS04,-0.090315,0.000000,-0.687651,0.0000,0.0000,-0.090315,-1.364843,-3.056084,30.00
1.704020,torque-chirp,knee_flexion_left_joint,RS04,-0.102203,0.000000,1.024628,0.0000,0.0000,-0.102203,-1.541542,-1.671783,30.00
1.712020,torque-chirp,knee_flexion_left_joint,RS04,-0.114859,0.000000,2.695983,0.0000,0.0000,-0.114859,-1.548866,-0.990616,30.00
1.720019,torque-chirp,knee_flexion_left_joint,RS04,-0.127515,0.000000,4.256698,0.0000,0.0000,-0.127515,-1.555276,-1.085831,30.00
1.728021,torque-chirp,knee_flexion_left_joint,RS04,-0.139019,0.000000,5.641845,0.0000,0.0000,-0.139019,-1.397345,0.726944,30.00
1.736020,torque-chirp,knee_flexion_left_joint,RS04,-0.148990,0.000000,6.791430,0.0000,0.0000,-0.148990,-1.148776,1.118790,30.00
1.744019,torque-chirp,knee_flexion_left_joint,RS04,-0.155893,0.000000,7.657058,0.0000,0.0000,-0.155893,-0.694209,1.371475,30.00
1.752019,torque-chirp,knee_flexion_left_joint,RS04,-0.157810,0.000000,8.201131,0.0000,0.0000,-0.157810,-0.072556,2.964523,30.00
1.760019,torque-chirp,knee_flexion_left_joint,RS04,-0.155893,0.000000,8.399388,0.0000,0.0000,-0.155893,0.418633,3.806824,30.00
1.768020,torque-chirp,knee_flexion_left_joint,RS04,-0.147840,0.000000,8.242157,0.0000,0.0000,-0.147840,1.239872,4.645454,30.00
1.776024,torque-chirp,knee_flexion_left_joint,RS04,-0.135184,0.000000,7.734482,0.0000,0.0000,-0.135184,1.843672,4.916451,30.00
1.784018,torque-chirp,knee_flexion_left_joint,RS04,-0.116392,0.000000,6.898046,0.0000,0.0000,-0.116392,2.580683,4.550240,30.00
1.792019,torque-chirp,knee_flexion_left_joint,RS04,-0.093383,0.000000,5.765588,0.0000,0.0000,-0.093383,3.069122,4.627144,30.00
1.800020,torque-chirp,knee_flexion_left_joint,RS04,-0.066154,0.000000,4.385284,0.0000,0.0000,-0.066154,3.524147,4.312202,30.00
1.808020,torque-chirp,knee_flexion_left_joint,RS04,-0.036241,0.000000,2.815446,0.0000,0.0000,-0.036241,3.994736,3.777527,30.00
1.816021,torque-chirp,knee_flexion_left_joint,RS04,-0.002876,0.000000,1.122627,0.0000,0.0000,-0.002876,4.275349,2.916916,30.00
1.824022,torque-chirp,knee_flexion_left_joint,RS04,0.032022,0.000000,-0.620704,0.0000,0.0000,0.032022,4.419548,2.081940,30.00
1.832022,torque-chirp,knee_flexion_left_joint,RS04,0.068456,0.000000,-2.338937,0.0000,0.0000,0.068456,4.523005,1.056534,30.00
1.840021,torque-chirp,knee_flexion_left_joint,RS04,0.104504,0.000000,-3.958058,0.0000,0.0000,0.104504,4.440605,0.203247,30.00
1.848021,torque-chirp,knee_flexion_left_joint,RS04,0.140169,0.000000,-5.407373,0.0000,0.0000,0.140169,4.362783,-0.488899,30.00
1.856020,torque-chirp,knee_flexion_left_joint,RS04,0.174301,0.000000,-6.623215,0.0000,0.0000,0.174301,4.156786,-1.214012,30.00
1.864021,torque-chirp,knee_flexion_left_joint,RS04,0.206132,0.000000,-7.551930,0.0000,0.0000,0.206132,3.872053,-2.074615,30.00
1.872020,torque-chirp,knee_flexion_left_joint,RS04,0.234127,0.000000,-8.151665,0.0000,0.0000,0.234127,3.305790,-3.023117,30.00
1.880019,torque-chirp,knee_flexion_left_joint,RS04,0.257138,0.000000,-8.395129,0.0000,0.0000,0.257138,2.662167,-3.462578,30.00
1.888020,torque-chirp,knee_flexion_left_joint,RS04,0.274395,0.000000,-8.270320,0.0000,0.0000,0.274395,1.857405,-4.758980,30.00
1.896019,torque-chirp,knee_flexion_left_joint,RS04,0.285900,0.000000,-7.781419,0.0000,0.0000,0.285900,1.233921,-4.370789,30.00
1.904023,torque-chirp,knee_flexion_left_joint,RS04,0.291653,0.000000,-6.948142,0.0000,0.0000,0.291653,0.456169,-4.048523,30.00
1.912023,torque-chirp,knee_flexion_left_joint,RS04,0.291653,0.000000,-5.807020,0.0000,0.0000,0.291653,-0.196612,-4.253601,30.00
1.920019,torque-chirp,knee_flexion_left_joint,RS04,0.287050,0.000000,-4.407937,0.0000,0.0000,0.287050,-0.859922,-3.854431,30.00
1.928019,torque-chirp,knee_flexion_left_joint,RS04,0.278614,0.000000,-2.810605,0.0000,0.0000,0.278614,-1.257725,-3.883728,30.00
1.936018,torque-chirp,knee_flexion_left_joint,RS04,0.267109,0.000000,-1.086594,0.0000,0.0000,0.267109,-1.510872,-2.960861,30.00
1.944019,torque-chirp,knee_flexion_left_joint,RS04,0.253304,0.000000,0.688568,0.0000,0.0000,0.253304,-1.864729,-1.433739,30.00
1.952020,torque-chirp,knee_flexion_left_joint,RS04,0.237962,0.000000,2.434770,0.0000,0.0000,0.237962,-2.017166,-1.547264,30.00
1.960019,torque-chirp,knee_flexion_left_joint,RS04,0.222239,0.000000,4.073626,0.0000,0.0000,0.222239,-2.008469,0.155640,30.00
1.968018,torque-chirp,knee_flexion_left_joint,RS04,0.206132,0.000000,5.531071,0.0000,0.0000,0.206132,-1.953536,-0.485237,30.00
1.976018,torque-chirp,knee_flexion_left_joint,RS04,0.191942,0.000000,6.741277,0.0000,0.0000,0.191942,-1.671092,1.792633,30.00
1.984019,torque-chirp,knee_flexion_left_joint,RS04,0.179670,0.000000,7.648440,0.0000,0.0000,0.179670,-1.322729,2.030670,30.00
1.992018,torque-chirp,knee_flexion_left_joint,RS04,0.171233,0.000000,8.210140,0.0000,0.0000,0.171233,-0.788509,3.078049,30.00
2.000018,torque-chirp,knee_flexion_left_joint,RS04,0.167782,0.000000,8.400000,0.0000,0.0000,0.167782,-0.269856,4.011902,30.00
2.008019,torque-chirp,knee_flexion_left_joint,RS04,0.169316,0.000000,8.207899,0.0000,0.0000,0.169316,0.425041,4.297554,30.00
2.016019,torque-chirp,knee_flexion_left_joint,RS04,0.176219,0.000000,7.641353,0.0000,0.0000,0.176219,1.173952,4.319527,30.00
2.024020,torque-chirp,knee_flexion_left_joint,RS04,0.189258,0.000000,6.724825,0.0000,0.0000,0.189258,1.877546,4.638130,30.00
2.032016,torque-chirp,knee_flexion_left_joint,RS04,0.206132,0.000000,5.499828,0.0000,0.0000,0.206132,2.327993,4.747993,30.00
2.040019,torque-chirp,knee_flexion_left_joint,RS04,0.226457,0.000000,4.019804,0.0000,0.0000,0.226457,2.585260,4.916451,30.00
2.048019,torque-chirp,knee_flexion_left_joint,RS04,0.249468,0.000000,2.353601,0.0000,0.0000,0.249468,3.034332,3.770203,30.00
2.056019,torque-chirp,knee_flexion_left_joint,RS04,0.275163,0.000000,0.576968,0.0000,0.0000,0.275163,3.299839,2.385910,30.00
2.064075,torque-chirp,knee_flexion_left_joint,RS04,0.302390,0.000000,-1.241098,0.0000,0.0000,0.302390,3.439001,1.514313,30.00
2.072026,torque-chirp,knee_flexion_left_joint,RS04,0.330770,0.000000,-2.980571,0.0000,0.0000,0.330770,3.520943,1.276260,30.00
2.080022,torque-chirp,knee_flexion_left_joint,RS04,0.357999,0.000000,-4.593815,0.0000,0.0000,0.357999,3.369421,1.107803,30.00
2.088019,torque-chirp,knee_flexion_left_joint,RS04,0.384076,0.000000,-5.995435,0.0000,0.0000,0.384076,3.212404,0.016479,30.00
2.096019,torque-chirp,knee_flexion_left_joint,RS04,0.408237,0.000000,-7.119442,0.0000,0.0000,0.408237,2.976652,-1.539940,30.00
2.104020,torque-chirp,knee_flexion_left_joint,RS04,0.428946,0.000000,-7.911698,0.0000,0.0000,0.428946,2.328909,-1.726715,30.00
2.112020,torque-chirp,knee_flexion_left_joint,RS04,0.445054,0.000000,-8.333820,0.0000,0.0000,0.445054,1.782787,-3.312431,30.00
2.120018,torque-chirp,knee_flexion_left_joint,RS04,0.456175,0.000000,-8.364791,0.0000,0.0000,0.456175,1.108032,-3.894714,30.00
2.128019,torque-chirp,knee_flexion_left_joint,RS04,0.461161,0.000000,-8.001784,0.0000,0.0000,0.461161,0.268940,-4.195007,30.00
2.136018,torque-chirp,knee_flexion_left_joint,RS04,0.459243,0.000000,-7.260749,0.0000,0.0000,0.459243,-0.470818,-3.964294,30.00
2.144018,torque-chirp,knee_flexion_left_joint,RS04,0.452340,0.000000,-6.175197,0.0000,0.0000,0.452340,-1.075074,-4.356140,30.00
2.152019,torque-chirp,knee_flexion_left_joint,RS04,0.441601,0.000000,-4.795310,0.0000,0.0000,0.441601,-1.501717,-4.762642,30.00
2.160019,torque-chirp,knee_flexion_left_joint,RS04,0.426644,0.000000,-3.186008,0.0000,0.0000,0.426644,-2.025407,-3.422295,30.00
2.168018,torque-chirp,knee_flexion_left_joint,RS04,0.408237,0.000000,-1.423474,0.0000,0.0000,0.408237,-2.378805,-3.334404,30.00
2.176018,torque-chirp,knee_flexion_left_joint,RS04,0.387527,0.000000,0.409365,0.0000,0.0000,0.387527,-2.673152,-1.591209,30.00
2.184017,torque-chirp,knee_flexion_left_joint,RS04,0.364902,0.000000,2.224496,0.0000,0.0000,0.364902,-2.906615,-1.144424,30.00
2.192019,torque-chirp,knee_flexion_left_joint,RS04,0.341890,0.000000,3.935316,0.0000,0.0000,0.341890,-2.867247,-1.144424,30.00
2.200020,torque-chirp,knee_flexion_left_joint,RS04,0.319264,0.000000,5.458913,0.0000,0.0000,0.319264,-2.848936,0.415649,30.00
2.208022,torque-chirp,knee_flexion_left_joint,RS04,0.297022,0.000000,6.721067,0.0000,0.0000,0.297022,-2.600366,1.078506,30.00
2.216020,torque-chirp,knee_flexion_left_joint,RS04,0.276696,0.000000,7.659433,0.0000,0.0000,0.276696,-2.335775,1.803619,30.00
2.224047,torque-chirp,knee_flexion_left_joint,RS04,0.260206,0.000000,8.229569,0.0000,0.0000,0.260206,-1.872969,3.836121,30.00
2.232038,torque-chirp,knee_flexion_left_joint,RS04,0.247934,0.000000,8.398522,0.0000,0.0000,0.247934,-1.275578,3.989929,30.00
2.240027,torque-chirp,knee_flexion_left_joint,RS04,0.241413,0.000000,8.160221,0.0000,0.0000,0.241413,-0.587548,4.337837,30.00
2.248021,torque-chirp,knee_flexion_left_joint,RS04,0.240646,0.000000,7.524474,0.0000,0.0000,0.240646,0.153582,4.337837,30.00
2.256023,torque-chirp,knee_flexion_left_joint,RS04,0.246017,0.000000,6.519775,0.0000,0.0000,0.246017,0.891509,4.835884,30.00
2.264021,torque-chirp,knee_flexion_left_joint,RS04,0.255987,0.000000,5.195229,0.0000,0.0000,0.255987,1.363012,5.128853,30.00
2.272021,torque-chirp,knee_flexion_left_joint,RS04,0.268642,0.000000,3.614002,0.0000,0.0000,0.268642,1.687571,4.641792,30.00
2.280021,torque-chirp,knee_flexion_left_joint,RS04,0.283982,0.000000,1.853250,0.0000,0.0000,0.283982,2.051958,3.440613,30.00
2.288021,torque-chirp,knee_flexion_left_joint,RS04,0.302007,0.000000,-0.000759,0.0000,0.0000,0.302007,2.293661,2.345627,30.00
2.296022,torque-chirp,knee_flexion_left_joint,RS04,0.321181,0.000000,-1.856951,0.0000,0.0000,0.321181,2.452965,2.030670,30.00
2.304019,torque-chirp,knee_flexion_left_joint,RS04,0.341124,0.000000,-3.622660,0.0000,0.0000,0.341124,2.462120,0.166626,30.00
2.312018,torque-chirp,knee_flexion_left_joint,RS04,0.359917,0.000000,-5.210711,0.0000,0.0000,0.359917,2.329367,0.975967,30.00
2.320019,torque-chirp,knee_flexion_left_joint,RS04,0.377173,0.000000,-6.541811,0.0000,0.0000,0.377173,2.159533,-1.030899,30.00
2.328020,torque-chirp,knee_flexion_left_joint,RS04,0.392130,0.000000,-7.548255,0.0000,0.0000,0.392130,1.705425,-0.862442,30.00
2.336020,torque-chirp,knee_flexion_left_joint,RS04,0.403252,0.000000,-8.178476,0.0000,0.0000,0.403252,1.208284,-2.799728,30.00
2.344019,torque-chirp,knee_flexion_left_joint,RS04,0.409003,0.000000,-8.399857,0.0000,0.0000,0.409003,0.518425,-3.762878,30.00
2.352053,torque-chirp,knee_flexion_left_joint,RS04,0.410154,0.000000,-8.198195,0.0000,0.0000,0.410154,-0.092241,-4.656441,30.00
2.360040,torque-chirp,knee_flexion_left_joint,RS04,0.406320,0.000000,-7.585199,0.0000,0.0000,0.406320,-0.637903,-5.377884,30.00
2.368033,torque-chirp,knee_flexion_left_joint,RS04,0.397882,0.000000,-6.589524,0.0000,0.0000,0.397882,-1.292974,-4.392761,30.00
2.376026,torque-chirp,knee_flexion_left_joint,RS04,0.384459,0.000000,-5.260307,0.0000,0.0000,0.384459,-1.873884,-4.260925,30.00
2.384022,torque-chirp,knee_flexion_left_joint,RS04,0.367203,0.000000,-3.663234,0.0000,0.0000,0.367203,-2.288625,-4.253601,30.00
2.392021,torque-chirp,knee_flexion_left_joint,RS04,0.346494,0.000000,-1.877891,0.0000,0.0000,0.346494,-2.721217,-3.224541,30.00
2.400021,torque-chirp,knee_flexion_left_joint,RS04,0.323099,0.000000,0.005000,0.0000,0.0000,0.323099,-2.939574,-1.763336,30.00
2.408021,torque-chirp,knee_flexion_left_joint,RS04,0.297789,0.000000,1.889790,0.0000,0.0000,0.297789,-3.267338,-1.294579,30.00
2.416019,torque-chirp,knee_flexion_left_joint,RS04,0.271710,0.000000,3.679635,0.0000,0.0000,0.271710,-3.240788,-1.279930,30.00
2.424017,torque-chirp,knee_flexion_left_joint,RS04,0.245633,0.000000,5.283135,0.0000,0.0000,0.245633,-3.218815,-0.393684,30.00
2.432020,torque-chirp,knee_flexion_left_joint,RS04,0.220321,0.000000,6.618279,0.0000,0.0000,0.220321,-3.124056,1.188370,30.00
2.440020,torque-chirp,knee_flexion_left_joint,RS04,0.196545,0.000000,7.613732,0.0000,0.0000,0.196545,-2.845732,2.056305,30.00
2.448019,torque-chirp,knee_flexion_left_joint,RS04,0.176219,0.000000,8.217986,0.0000,0.0000,0.176219,-2.355459,2.752121,30.00
2.456019,torque-chirp,knee_flexion_left_joint,RS04,0.160879,0.000000,8.398442,0.0000,0.0000,0.160879,-1.746166,4.656441,30.00
2.464019,torque-chirp,knee_flexion_left_joint,RS04,0.150142,0.000000,8.144329,0.0000,0.0000,0.150142,-1.062715,4.784615,30.00
2.472020,torque-chirp,knee_flexion_left_joint,RS04,0.146305,0.000000,7.467349,0.0000,0.0000,0.146305,-0.201648,4.205994,30.00
2.480019,torque-chirp,knee_flexion_left_joint,RS04,0.148224,0.000000,6.401571,0.0000,0.0000,0.148224,0.521629,4.173035,30.00
2.488019,torque-chirp,knee_flexion_left_joint,RS04,0.154743,0.000000,5.000839,0.0000,0.0000,0.154743,1.005951,4.821236,30.00
2.496021,torque-chirp,knee_flexion_left_joint,RS04,0.163947,0.000000,3.337165,0.0000,0.0000,0.163947,1.307163,4.469673,30.00
2.504018,torque-chirp,knee_flexion_left_joint,RS04,0.175452,0.000000,1.498164,0.0000,0.0000,0.175452,1.622568,3.041428,30.00
2.512020,torque-chirp,knee_flexion_left_joint,RS04,0.190025,0.000000,-0.422647,0.0000,0.0000,0.190025,1.899061,2.569016,30.00
2.520020,torque-chirp,knee_flexion_left_joint,RS04,0.206132,0.000000,-2.322713,0.0000,0.0000,0.206132,2.015335,0.822159,30.00
2.528019,torque-chirp,knee_flexion_left_joint,RS04,0.222239,0.000000,-4.102561,0.0000,0.0000,0.222239,1.991531,1.188370,30.00
2.536017,torque-chirp,knee_flexion_left_joint,RS04,0.237962,0.000000,-5.667350,0.0000,0.0000,0.237962,1.903639,-0.448616,30.00
2.544017,torque-chirp,knee_flexion_left_joint,RS04,0.252536,0.000000,-6.934411,0.0000,0.0000,0.252536,1.751202,-0.635384,30.00
2.552021,torque-chirp,knee_flexion_left_joint,RS04,0.263658,0.000000,-7.835423,0.0000,0.0000,0.263658,1.282902,-1.682770,30.00
2.560023,torque-chirp,knee_flexion_left_joint,RS04,0.270177,0.000000,-8.320628,0.0000,0.0000,0.270177,0.648433,-3.283134,30.00
2.568021,torque-chirp,knee_flexion_left_joint,RS04,0.272095,0.000000,-8.363124,0.0000,0.0000,0.272095,-0.072556,-4.301208,30.00
2.576020,torque-chirp,knee_flexion_left_joint,RS04,0.269027,0.000000,-7.959461,0.0000,0.0000,0.269027,-0.600823,-5.077591,30.00
2.584087,torque-chirp,knee_flexion_left_joint,RS04,0.260973,0.000000,-7.121010,0.0000,0.0000,0.260973,-1.266423,-4.524605,30.00
2.592028,torque-chirp,knee_flexion_left_joint,RS04,0.247934,0.000000,-5.915401,0.0000,0.0000,0.247934,-1.807050,-4.865181,30.00
2.600021,torque-chirp,knee_flexion_left_joint,RS04,0.231059,0.000000,-4.384619,0.0000,0.0000,0.231059,-2.276265,-4.363464,30.00
2.608020,torque-chirp,knee_flexion_left_joint,RS04,0.210733,0.000000,-2.615127,0.0000,0.0000,0.210733,-2.730373,-4.195007,30.00
2.616018,torque-chirp,knee_flexion_left_joint,RS04,0.187341,0.000000,-0.702989,0.0000,0.0000,0.187341,-3.005951,-2.616623,30.00
2.624018,torque-chirp,knee_flexion_left_joint,RS04,0.161646,0.000000,1.249676,0.0000,0.0000,0.161646,-3.174869,-1.598534,30.00
2.632019,torque-chirp,knee_flexion_left_joint,RS04,0.135567,0.000000,3.136700,0.0000,0.0000,0.135567,-3.332341,-1.224998,30.00
2.640017,torque-chirp,knee_flexion_left_joint,RS04,0.108723,0.000000,4.855062,0.0000,0.0000,0.108723,-3.356145,-1.063858,30.00
2.648016,torque-chirp,knee_flexion_left_joint,RS04,0.082644,0.000000,6.311291,0.0000,0.0000,0.082644,-3.138705,0.320435,30.00
2.656019,torque-chirp,knee_flexion_left_joint,RS04,0.058484,0.000000,7.425342,0.0000,0.0000,0.058484,-2.942321,2.016022,30.00
2.664020,torque-chirp,knee_flexion_left_joint,RS04,0.037007,0.000000,8.134438,0.0000,0.0000,0.037007,-2.492790,2.433517,30.00
2.672038,torque-chirp,knee_flexion_left_joint,RS04,0.020134,0.000000,8.398791,0.0000,0.0000,0.020134,-1.869764,3.777527,30.00
2.680021,torque-chirp,knee_flexion_left_joint,RS04,0.008629,0.000000,8.202279,0.0000,0.0000,0.008629,-1.173038,3.737244,30.00
2.688021,torque-chirp,knee_flexion_left_joint,RS04,0.003260,0.000000,7.554603,0.0000,0.0000,0.003260,-0.371939,4.173035,30.00
2.696020,torque-chirp,knee_flexion_left_joint,RS04,0.004410,0.000000,6.490067,0.0000,0.0000,0.004410,0.318838,4.066833,30.00
2.704020,torque-chirp,knee_flexion_left_joint,RS04,0.010546,0.000000,5.065675,0.0000,0.0000,0.010546,0.996797,3.836121,30.00
2.712020,torque-chirp,knee_flexion_left_joint,RS04,0.020517,0.000000,3.359656,0.0000,0.0000,0.020517,1.356604,4.700386,30.00
2.720020,torque-chirp,knee_flexion_left_joint,RS04,0.033173,0.000000,1.465340,0.0000,0.0000,0.033173,1.615244,3.250168,30.00
2.728021,torque-chirp,knee_flexion_left_joint,RS04,0.047745,0.000000,-0.512538,0.0000,0.0000,0.047745,1.879835,2.151520,30.00
2.736020,torque-chirp,knee_flexion_left_joint,RS04,0.064237,0.000000,-2.463624,0.0000,0.0000,0.064237,2.113756,1.514313,30.00
2.744019,torque-chirp,knee_flexion_left_joint,RS04,0.081494,0.000000,-4.279191,0.0000,0.0000,0.081494,2.145800,0.316772,30.00
2.752019,torque-chirp,knee_flexion_left_joint,RS04,0.098368,0.000000,-5.857470,0.0000,0.0000,0.098368,2.024948,0.170288,30.00
2.760020,torque-chirp,knee_flexion_left_joint,RS04,0.113324,0.000000,-7.109083,0.0000,0.0000,0.113324,1.748455,-1.444725,30.00
2.768019,torque-chirp,knee_flexion_left_joint,RS04,0.125596,0.000000,-7.962546,0.0000,0.0000,0.125596,1.331425,-1.393456,30.00
2.776021,torque-chirp,knee_flexion_left_joint,RS04,0.132882,0.000000,-8.368814,0.0000,0.0000,0.132882,0.689631,-3.202568,30.00
2.784020,torque-chirp,knee_flexion_left_joint,RS04,0.135567,0.000000,-8.303285,0.0000,0.0000,0.135567,0.059740,-4.352478,30.00
2.792020,torque-chirp,knee_flexion_left_joint,RS04,0.132499,0.000000,-7.768334,0.0000,0.0000,0.132499,-0.638361,-4.400085,30.00
2.800022,torque-chirp,knee_flexion_left_joint,RS04,0.124829,0.000000,-6.792422,0.0000,0.0000,0.124829,-1.173495,-4.381775,30.00
2.808019,torque-chirp,knee_flexion_left_joint,RS04,0.112557,0.000000,-5.430810,0.0000,0.0000,0.112557,-1.670177,-5.531700,30.00
2.816050,torque-chirp,knee_flexion_left_joint,RS04,0.096451,0.000000,-3.751325,0.0000,0.0000,0.096451,-2.226826,-3.898376,30.00
2.824044,torque-chirp,knee_flexion_left_joint,RS04,0.076509,0.000000,-1.863729,0.0000,0.0000,0.076509,-2.582055,-3.854431,30.00
2.832032,torque-chirp,knee_flexion_left_joint,RS04,0.054266,0.000000,0.130584,0.0000,0.0000,0.054266,-2.910277,-2.308998,30.00
2.840026,torque-chirp,knee_flexion_left_joint,RS04,0.030488,0.000000,2.120990,0.0000,0.0000,0.030488,-2.984894,-1.433739,30.00
2.848023,torque-chirp,knee_flexion_left_joint,RS04,0.006711,0.000000,3.992581,0.0000,0.0000,0.006711,-3.040742,-1.378807,30.00
2.856025,torque-chirp,knee_flexion_left_joint,RS04,-0.017066,0.000000,5.637579,0.0000,0.0000,-0.017066,-2.894255,-0.122681,30.00
2.864023,torque-chirp,knee_flexion_left_joint,RS04,-0.039309,0.000000,6.959109,0.0000,0.0000,-0.039309,-2.677730,1.327530,30.00
2.872024,torque-chirp,knee_flexion_left_joint,RS04,-0.059634,0.000000,7.880518,0.0000,0.0000,-0.059634,-2.351797,1.038223,30.00
2.880022,torque-chirp,knee_flexion_left_joint,RS04,-0.075358,0.000000,8.346957,0.0000,0.0000,-0.075358,-1.752117,3.682312,30.00
2.888021,torque-chirp,knee_flexion_left_joint,RS04,-0.086480,0.000000,8.330255,0.0000,0.0000,-0.086480,-1.095675,3.967957,30.00
2.896021,torque-chirp,knee_flexion_left_joint,RS04,-0.091848,0.000000,7.829750,0.0000,0.0000,-0.091848,-0.279927,4.055847,30.00
2.904020,torque-chirp,knee_flexion_left_joint,RS04,-0.089931,0.000000,6.873151,0.0000,0.0000,-0.089931,0.428703,3.913025,30.00
2.912020,torque-chirp,knee_flexion_left_joint,RS04,-0.083028,0.000000,5.514619,0.0000,0.0000,-0.083028,1.165712,4.257271,30.00
2.920020,torque-chirp,knee_flexion_left_joint,RS04,-0.071523,0.000000,3.832518,0.0000,0.0000,-0.071523,1.429388,4.718697,30.00
2.928026,torque-chirp,knee_flexion_left_joint,RS04,-0.058484,0.000000,1.922597,0.0000,0.0000,-0.058484,1.832685,3.777527,30.00
2.936064,torque-chirp,knee_flexion_left_joint,RS04,-0.041993,0.000000,-0.110345,0.0000,0.0000,-0.041993,2.187000,2.913254,30.00
2.944034,torque-chirp,knee_flexion_left_joint,RS04,-0.023969,0.000000,-2.121993,0.0000,0.0000,-0.023969,2.349051,0.858780,30.00
2.952266,torque-chirp,knee_flexion_left_joint,RS04,-0.004410,0.000000,-4.070291,0.0000,0.0000,-0.004410,2.419090,1.301895,30.00
2.960041,torque-chirp,knee_flexion_left_joint,RS04,0.013998,0.000000,-5.680543,0.0000,0.0000,0.013998,2.327993,-0.441292,30.00
2.968024,torque-chirp,knee_flexion_left_joint,RS04,0.031255,0.000000,-7.004476,0.0000,0.0000,0.031255,2.133440,-0.551155,30.00
2.976024,torque-chirp,knee_flexion_left_joint,RS04,0.046595,0.000000,-7.917512,0.0000,0.0000,0.046595,1.781872,-2.352943,30.00
2.984066,torque-chirp,knee_flexion_left_joint,RS04,0.058101,0.000000,-8.362217,0.0000,0.0000,0.058101,1.206453,-2.869308,30.00
2.992078,torque-chirp,knee_flexion_left_joint,RS04,0.063853,0.000000,-8.305490,0.0000,0.0000,0.063853,0.521629,-3.982605,30.00
3.000068,torque-chirp,knee_flexion_left_joint,RS04,0.063853,0.000000,-7.753862,0.0000,0.0000,0.063853,-0.237812,-4.718697,30.00
3.008061,torque-chirp,knee_flexion_left_joint,RS04,0.058484,0.000000,-6.738892,0.0000,0.0000,0.058484,-0.920348,-4.455025,30.00
3.016076,torque-chirp,knee_flexion_left_joint,RS04,0.048512,0.000000,-5.315628,0.0000,0.0000,0.048512,-1.439002,-4.920113,30.00
3.024024,torque-chirp,knee_flexion_left_joint,RS04,0.035857,0.000000,-3.586314,0.0000,0.0000,0.035857,-1.743420,-4.674751,30.00
3.032048,torque-chirp,knee_flexion_left_joint,RS04,0.018983,0.000000,-1.622982,0.0000,0.0000,0.018983,-2.237812,-3.004807,30.00
3.040025,torque-chirp,knee_flexion_left_joint,RS04,0.000192,0.000000,0.428557,0.0000,0.0000,0.000192,-2.512016,-2.554359,30.00
3.048026,torque-chirp,knee_flexion_left_joint,RS04,-0.020134,0.000000,2.462306,0.0000,0.0000,-0.020134,-2.605401,-1.807281,30.00
3.056024,torque-chirp,knee_flexion_left_joint,RS04,-0.040843,0.000000,4.348341,0.0000,0.0000,-0.040843,-2.475852,0.144653,30.00
3.064024,torque-chirp,knee_flexion_left_joint,RS04,-0.061552,0.000000,5.973196,0.0000,0.0000,-0.061552,-2.563745,-0.569466,30.00
3.072021,torque-chirp,knee_flexion_left_joint,RS04,-0.080344,0.000000,7.236175,0.0000,0.0000,-0.080344,-2.283589,1.122452,30.00
3.080021,torque-chirp,knee_flexion_left_joint,RS04,-0.096067,0.000000,8.060602,0.0000,0.0000,-0.096067,-1.807050,1.734039,30.00
3.088019,torque-chirp,knee_flexion_left_joint,RS04,-0.107955,0.000000,8.394061,0.0000,0.0000,-0.107955,-1.336920,3.828796,30.00
3.096139,torque-chirp,knee_flexion_left_joint,RS04,-0.114859,0.000000,8.208333,0.0000,0.0000,-0.114859,-0.671778,4.286568,30.00
3.104027,torque-chirp,knee_flexion_left_joint,RS04,-0.115625,0.000000,7.531431,0.0000,0.0000,-0.115625,0.135271,4.264595,30.00
3.112022,torque-chirp,knee_flexion_left_joint,RS04,-0.111023,0.000000,6.386442,0.0000,0.0000,-0.111023,0.827420,4.440376,30.00
3.120018,torque-chirp,knee_flexion_left_joint,RS04,-0.101819,0.000000,4.847736,0.0000,0.0000,-0.101819,1.355230,4.469673,30.00
3.128020,torque-chirp,knee_flexion_left_joint,RS04,-0.088780,0.000000,3.007803,0.0000,0.0000,-0.088780,1.744335,3.561462,30.00
3.136021,torque-chirp,knee_flexion_left_joint,RS04,-0.073056,0.000000,0.980138,0.0000,0.0000,-0.073056,2.052874,3.894714,30.00
3.144016,torque-chirp,knee_flexion_left_joint,RS04,-0.055799,0.000000,-1.108358,0.0000,0.0000,-0.055799,2.294577,1.594879,30.00
3.152310,torque-chirp,knee_flexion_left_joint,RS04,-0.035857,0.000000,-3.202893,0.0000,0.0000,-0.035857,2.469902,1.514313,30.00
3.160049,torque-chirp,knee_flexion_left_joint,RS04,-0.017449,0.000000,-4.969033,0.0000,0.0000,-0.017449,2.426414,0.078735,30.00
3.168037,torque-chirp,knee_flexion_left_joint,RS04,0.000958,0.000000,-6.489323,0.0000,0.0000,0.000958,2.259327,-0.397346,30.00
3.176034,torque-chirp,knee_flexion_left_joint,RS04,0.017833,0.000000,-7.608422,0.0000,0.0000,0.017833,2.011215,-1.312889,30.00
3.184031,torque-chirp,knee_flexion_left_joint,RS04,0.031638,0.000000,-8.253501,0.0000,0.0000,0.031638,1.500343,-2.770432,30.00
3.192025,torque-chirp,knee_flexion_left_joint,RS04,0.040075,0.000000,-8.382946,0.0000,0.0000,0.040075,0.870908,-4.220642,30.00
3.200025,torque-chirp,knee_flexion_left_joint,RS04,0.044293,0.000000,-7.986867,0.0000,0.0000,0.044293,0.317923,-4.747993,30.00
3.208060,torque-chirp,knee_flexion_left_joint,RS04,0.043527,0.000000,-7.083230,0.0000,0.0000,0.043527,-0.330740,-5.059280,30.00
3.216054,torque-chirp,knee_flexion_left_joint,RS04,0.038541,0.000000,-5.736712,0.0000,0.0000,0.038541,-0.762417,-5.246048,30.00
3.224029,torque-chirp,knee_flexion_left_joint,RS04,0.030105,0.000000,-4.031653,0.0000,0.0000,0.030105,-1.242619,-4.444031,30.00
3.232028,torque-chirp,knee_flexion_left_joint,RS04,0.017833,0.000000,-2.065439,0.0000,0.0000,0.017833,-1.666056,-3.766541,30.00
3.240023,torque-chirp,knee_flexion_left_joint,RS04,0.003260,0.000000,0.032515,0.0000,0.0000,0.003260,-1.937972,-3.096367,30.00
3.248024,torque-chirp,knee_flexion_left_joint,RS04,-0.012847,0.000000,2.131820,0.0000,0.0000,-0.012847,-2.041429,-1.232323,30.00
3.256019,torque-chirp,knee_flexion_left_joint,RS04,-0.030106,0.000000,4.096417,0.0000,0.0000,-0.030106,-2.143970,-1.049210,30.00
3.264020,torque-chirp,knee_flexion_left_joint,RS04,-0.046979,0.000000,5.803208,0.0000,0.0000,-0.046979,-2.132982,0.261841,30.00
3.272022,torque-chirp,knee_flexion_left_joint,RS04,-0.062702,0.000000,7.140916,0.0000,0.0000,-0.062702,-1.842298,0.393677,30.00
3.280023,torque-chirp,knee_flexion_left_joint,RS04,-0.075358,0.000000,8.022714,0.0000,0.0000,-0.075358,-1.428015,2.466476,30.00
3.288021,torque-chirp,knee_flexion_left_joint,RS04,-0.084179,0.000000,8.390746,0.0000,0.0000,-0.084179,-0.933166,3.111008,30.00
3.296021,torque-chirp,knee_flexion_left_joint,RS04,-0.088014,0.000000,8.220228,0.0000,0.0000,-0.088014,-0.237812,3.704285,30.00
3.304019,torque-chirp,knee_flexion_left_joint,RS04,-0.086480,0.000000,7.520548,0.0000,0.0000,-0.086480,0.466698,4.476997,30.00
3.312021,torque-chirp,knee_flexion_left_joint,RS04,-0.078426,0.000000,6.334816,0.0000,0.0000,-0.078426,1.178072,4.704048,30.00
3.320019,torque-chirp,knee_flexion_left_joint,RS04,-0.065770,0.000000,4.739202,0.0000,0.0000,-0.065770,1.713665,4.063171,30.00
3.328018,torque-chirp,knee_flexion_left_joint,RS04,-0.049280,0.000000,2.834979,0.0000,0.0000,-0.049280,2.246052,4.004578,30.00
3.336022,torque-chirp,knee_flexion_left_joint,RS04,-0.030489,0.000000,0.743681,0.0000,0.0000,-0.030489,2.444267,3.521179,30.00
3.344023,torque-chirp,knee_flexion_left_joint,RS04,-0.010546,0.000000,-1.397332,0.0000,0.0000,-0.010546,2.605860,2.506760,30.00
3.352051,torque-chirp,knee_flexion_left_joint,RS04,0.010930,0.000000,-3.455899,0.0000,0.0000,0.010930,2.740444,0.349731,30.00
3.360045,torque-chirp,knee_flexion_left_joint,RS04,0.032789,0.000000,-5.281990,0.0000,0.0000,0.032789,2.735409,0.543839,30.00
3.368031,torque-chirp,knee_flexion_left_joint,RS04,0.053883,0.000000,-6.763965,0.0000,0.0000,0.053883,2.619135,-0.173950,30.00
3.376024,torque-chirp,knee_flexion_left_joint,RS04,0.073057,0.000000,-7.806321,0.0000,0.0000,0.073057,2.281757,-2.114906,30.00
3.384025,torque-chirp,knee_flexion_left_joint,RS04,0.088780,0.000000,-8.338365,0.0000,0.0000,0.088780,1.744793,-2.481117,30.00
3.392025,torque-chirp,knee_flexion_left_joint,RS04,0.099519,0.000000,-8.322434,0.0000,0.0000,0.099519,0.959258,-3.532166,30.00
3.400023,torque-chirp,knee_flexion_left_joint,RS04,0.103737,0.000000,-7.758201,0.0000,0.0000,0.103737,0.355001,-4.638130,30.00
3.408021,torque-chirp,knee_flexion_left_joint,RS04,0.103737,0.000000,-6.681348,0.0000,0.0000,0.103737,-0.203021,-4.934769,30.00
3.416022,torque-chirp,knee_flexion_left_joint,RS04,0.098751,0.000000,-5.161201,0.0000,0.0000,0.098751,-0.815518,-4.396423,30.00
3.424021,torque-chirp,knee_flexion_left_joint,RS04,0.089931,0.000000,-3.297805,0.0000,0.0000,0.089931,-1.291600,-4.114441,30.00
3.432020,torque-chirp,knee_flexion_left_joint,RS04,0.078426,0.000000,-1.213664,0.0000,0.0000,0.078426,-1.612955,-4.004578,30.00
3.440021,torque-chirp,knee_flexion_left_joint,RS04,0.064620,0.000000,0.953712,0.0000,0.0000,0.064620,-1.748455,-2.177162,30.00
3.448021,torque-chirp,knee_flexion_left_joint,RS04,0.049280,0.000000,3.059251,0.0000,0.0000,0.049280,-2.002060,-1.316551,30.00
3.456022,torque-chirp,knee_flexion_left_joint,RS04,0.033556,0.000000,4.962650,0.0000,0.0000,0.033556,-1.961318,-0.455940,30.00
3.464020,torque-chirp,knee_flexion_left_joint,RS04,0.017833,0.000000,6.535286,0.0000,0.0000,0.017833,-1.881666,0.532852,30.00
3.472019,torque-chirp,knee_flexion_left_joint,RS04,0.004410,0.000000,7.671372,0.0000,0.0000,0.004410,-1.592355,1.008926,30.00
3.480021,torque-chirp,knee_flexion_left_joint,RS04,-0.006328,0.000000,8.293340,0.0000,0.0000,-0.006328,-1.272374,3.393005,30.00
3.488021,torque-chirp,knee_flexion_left_joint,RS04,-0.012847,0.000000,8.357445,0.0000,0.0000,-0.012847,-0.660334,4.011902,30.00
3.496020,torque-chirp,knee_flexion_left_joint,RS04,-0.013998,0.000000,7.858021,0.0000,0.0000,-0.013998,0.138933,4.517281,30.00
3.504020,torque-chirp,knee_flexion_left_joint,RS04,-0.009396,0.000000,6.827085,0.0000,0.0000,-0.009396,0.764707,5.172813,30.00
3.512018,torque-chirp,knee_flexion_left_joint,RS04,-0.000575,0.000000,5.333332,0.0000,0.0000,-0.000575,1.242161,4.162048,30.00
3.520019,torque-chirp,knee_flexion_left_joint,RS04,0.013230,0.000000,3.476074,0.0000,0.0000,0.013230,1.931105,3.876404,30.00
3.528019,torque-chirp,knee_flexion_left_joint,RS04,0.029721,0.000000,1.380811,0.0000,0.0000,0.029721,2.105059,4.052185,30.00
3.536018,torque-chirp,knee_flexion_left_joint,RS04,0.047361,0.000000,-0.810198,0.0000,0.0000,0.047361,2.352713,2.587326,30.00
3.544019,torque-chirp,knee_flexion_left_joint,RS04,0.066538,0.000000,-2.948361,0.0000,0.0000,0.066538,2.444725,1.448395,30.00
3.552021,torque-chirp,knee_flexion_left_joint,RS04,0.086096,0.000000,-4.887277,0.0000,0.0000,0.086096,2.442894,0.726944,30.00
3.560019,torque-chirp,knee_flexion_left_joint,RS04,0.105271,0.000000,-6.492361,0.0000,0.0000,0.105271,2.280842,-0.737930,30.00
3.568019,torque-chirp,knee_flexion_left_joint,RS04,0.122911,0.000000,-7.654074,0.0000,0.0000,0.122911,2.118334,-0.620735,30.00
3.576022,torque-chirp,knee_flexion_left_joint,RS04,0.137485,0.000000,-8.290699,0.0000,0.0000,0.137485,1.640879,-2.990158,30.00
3.584023,torque-chirp,knee_flexion_left_joint,RS04,0.147457,0.000000,-8.356530,0.0000,0.0000,0.147457,1.015106,-3.660339,30.00
3.592021,torque-chirp,knee_flexion_left_joint,RS04,0.152059,0.000000,-7.845858,0.0000,0.0000,0.152059,0.330740,-4.191345,30.00
3.600022,torque-chirp,knee_flexion_left_joint,RS04,0.150908,0.000000,-6.792182,0.0000,0.0000,0.150908,-0.372396,-4.766304,30.00
3.608106,torque-chirp,knee_flexion_left_joint,RS04,0.145154,0.000000,-5.248806,0.0000,0.0000,0.145154,-0.972534,-5.484093,30.00
3.616030,torque-chirp,knee_flexion_left_joint,RS04,0.135950,0.000000,-3.373072,0.0000,0.0000,0.135950,-1.249485,-4.586861,30.00
3.624022,torque-chirp,knee_flexion_left_joint,RS04,0.123679,0.000000,-1.246419,0.0000,0.0000,0.123679,-1.686656,-3.008469,30.00
3.632021,torque-chirp,knee_flexion_left_joint,RS04,0.108723,0.000000,0.970668,0.0000,0.0000,0.108723,-1.904097,-2.990158,30.00
3.640021,torque-chirp,knee_flexion_left_joint,RS04,0.092999,0.000000,3.122318,0.0000,0.0000,0.092999,-1.974136,-0.595100,30.00
3.648025,torque-chirp,knee_flexion_left_joint,RS04,0.076509,0.000000,5.058390,0.0000,0.0000,0.076509,-2.106432,-1.224998,30.00
3.656019,torque-chirp,knee_flexion_left_joint,RS04,0.060019,0.000000,6.639907,0.0000,0.0000,0.060019,-1.989243,1.100479,30.00
3.664019,torque-chirp,knee_flexion_left_joint,RS04,0.045444,0.000000,7.758121,0.0000,0.0000,0.045444,-1.759899,0.899063,30.00
3.672020,torque-chirp,knee_flexion_left_joint,RS04,0.034323,0.000000,8.331942,0.0000,0.0000,0.034323,-1.287023,2.968185,30.00
3.680020,torque-chirp,knee_flexion_left_joint,RS04,0.027420,0.000000,8.319084,0.0000,0.0000,0.027420,-0.671320,4.509956,30.00
3.688020,torque-chirp,knee_flexion_left_joint,RS04,0.025502,0.000000,7.719059,0.0000,0.0000,0.025502,0.039597,4.861519,30.00
3.696027,torque-chirp,knee_flexion_left_joint,RS04,0.028570,0.000000,6.571333,0.0000,0.0000,0.028570,0.606774,5.015327,30.00
3.704020,torque-chirp,knee_flexion_left_joint,RS04,0.036624,0.000000,4.959242,0.0000,0.0000,0.036624,1.227968,3.913025,30.00
3.712020,torque-chirp,knee_flexion_left_joint,RS04,0.050048,0.000000,2.992538,0.0000,0.0000,0.050048,1.844130,3.806824,30.00
3.720020,torque-chirp,knee_flexion_left_joint,RS04,0.065388,0.000000,0.811279,0.0000,0.0000,0.065388,1.924696,3.656677,30.00
3.728021,torque-chirp,knee_flexion_left_joint,RS04,0.081494,0.000000,-1.430161,0.0000,0.0000,0.081494,2.083544,2.389572,30.00
3.736017,torque-chirp,knee_flexion_left_joint,RS04,0.099135,0.000000,-3.570441,0.0000,0.0000,0.099135,2.192036,1.283585,30.00
3.744019,torque-chirp,knee_flexion_left_joint,RS04,0.117159,0.000000,-5.458622,0.0000,0.0000,0.117159,2.227741,0.342407,30.00
3.752018,torque-chirp,knee_flexion_left_joint,RS04,0.134417,0.000000,-6.956794,0.0000,0.0000,0.134417,2.123369,-0.650032,30.00
3.760018,torque-chirp,knee_flexion_left_joint,RS04,0.149374,0.000000,-7.957237,0.0000,0.0000,0.149374,1.779125,-1.770660,30.00
3.768018,torque-chirp,knee_flexion_left_joint,RS04,0.161263,0.000000,-8.386321,0.0000,0.0000,0.161263,1.230257,-2.631271,30.00
3.776018,torque-chirp,knee_flexion_left_joint,RS04,0.167015,0.000000,-8.211530,0.0000,0.0000,0.167015,0.515221,-3.960632,30.00
3.784017,torque-chirp,knee_flexion_left_joint,RS04,0.167398,0.000000,-7.443993,0.0000,0.0000,0.167398,-0.113756,-4.663765,30.00
3.792023,torque-chirp,knee_flexion_left_joint,RS04,0.162414,0.000000,-6.136183,0.0000,0.0000,0.162414,-0.842984,-4.887154,30.00
3.800017,torque-chirp,knee_flexion_left_joint,RS04,0.153210,0.000000,-4.384892,0.0000,0.0000,0.153210,-1.341040,-4.301208,30.00
3.808018,torque-chirp,knee_flexion_left_joint,RS04,0.140553,0.000000,-2.312238,0.0000,0.0000,0.140553,-1.706340,-4.520943,30.00
3.816017,torque-chirp,knee_flexion_left_joint,RS04,0.125979,0.000000,-0.069959,0.0000,0.0000,0.125979,-1.948043,-2.191811,30.00
3.824024,torque-chirp,knee_flexion_left_joint,RS04,0.108723,0.000000,2.181557,0.0000,0.0000,0.108723,-2.189746,-2.532387,30.00
3.832017,torque-chirp,knee_flexion_left_joint,RS04,0.090698,0.000000,4.272011,0.0000,0.0000,0.090698,-2.259328,0.027466,30.00
3.840017,torque-chirp,knee_flexion_left_joint,RS04,0.072674,0.000000,6.053974,0.0000,0.0000,0.072674,-2.278554,-0.796524,30.00
3.848017,torque-chirp,knee_flexion_left_joint,RS04,0.055800,0.000000,7.394159,0.0000,0.0000,0.055800,-1.980087,1.701080,30.00
3.856018,torque-chirp,knee_flexion_left_joint,RS04,0.040842,0.000000,8.192781,0.0000,0.0000,0.040842,-1.687572,1.587555,30.00
3.864017,torque-chirp,knee_flexion_left_joint,RS04,0.030488,0.000000,8.389728,0.0000,0.0000,0.030488,-1.093386,3.587097,30.00
3.872017,torque-chirp,knee_flexion_left_joint,RS04,0.024735,0.000000,7.968890,0.0000,0.0000,0.024735,-0.464409,4.876167,30.00
3.880018,torque-chirp,knee_flexion_left_joint,RS04,0.024352,0.000000,6.959388,0.0000,0.0000,0.024352,0.246967,4.912788,30.00
3.888016,torque-chirp,knee_flexion_left_joint,RS04,0.029337,0.000000,5.435071,0.0000,0.0000,0.029337,0.757838,4.773628,30.00
3.896016,torque-chirp,knee_flexion_left_joint,RS04,0.038541,0.000000,3.506287,0.0000,0.0000,0.038541,1.347906,3.704285,30.00
3.904019,torque-chirp,knee_flexion_left_joint,RS04,0.051198,0.000000,1.314792,0.0000,0.0000,0.051198,1.696268,3.869080,30.00
3.912016,torque-chirp,knee_flexion_left_joint,RS04,0.065388,0.000000,-0.974519,0.0000,0.0000,0.065388,1.807049,2.796066,30.00
3.920017,torque-chirp,knee_flexion_left_joint,RS04,0.079960,0.000000,-3.194558,0.0000,0.0000,0.079960,1.887159,1.082169,30.00
3.928016,torque-chirp,knee_flexion_left_joint,RS04,0.096067,0.000000,-5.177983,0.0000,0.0000,0.096067,2.025864,1.082169,30.00
3.936017,torque-chirp,knee_flexion_left_joint,RS04,0.111407,0.000000,-6.776219,0.0000,0.0000,0.111407,1.900892,-0.997940,30.00
3.944018,torque-chirp,knee_flexion_left_joint,RS04,0.124829,0.000000,-7.868444,0.0000,0.0000,0.124829,1.651407,-0.715958,30.00
3.952027,torque-chirp,knee_flexion_left_joint,RS04,0.134417,0.000000,-8.371423,0.0000,0.0000,0.134417,0.981231,-3.100029,30.00
3.960024,torque-chirp,knee_flexion_left_joint,RS04,0.139786,0.000000,-8.244896,0.0000,0.0000,0.139786,0.406729,-4.286560,30.00
3.968021,torque-chirp,knee_flexion_left_joint,RS04,0.139786,0.000000,-7.497940,0.0000,0.0000,0.139786,-0.166400,-4.879829,30.00
3.976020,torque-chirp,knee_flexion_left_joint,RS04,0.134800,0.000000,-6.184745,0.0000,0.0000,0.134800,-0.805448,-5.073929,30.00
3.984020,torque-chirp,knee_flexion_left_joint,RS04,0.125213,0.000000,-4.402952,0.0000,0.0000,0.125213,-1.390020,-4.030212,30.00
3.992020,torque-chirp,knee_flexion_left_joint,RS04,0.112174,0.000000,-2.286144,0.0000,0.0000,0.112174,-1.760815,-4.495308,30.00
4.000017,torque-chirp,knee_flexion_left_joint,RS04,0.096834,0.000000,0.004852,0.0000,0.0000,0.096834,-2.034562,-2.814377,30.00
4.008018,torque-chirp,knee_flexion_left_joint,RS04,0.079960,0.000000,2.298870,0.0000,0.0000,0.079960,-2.178302,-2.202797,30.00
4.016019,torque-chirp,knee_flexion_left_joint,RS04,0.062320,0.000000,4.419827,0.0000,0.0000,0.062320,-2.188830,-0.247200,30.00
4.024019,torque-chirp,knee_flexion_left_joint,RS04,0.044677,0.000000,6.205191,0.0000,0.0000,0.044677,-2.176013,-0.737930,30.00
4.032018,torque-chirp,knee_flexion_left_joint,RS04,0.028187,0.000000,7.518184,0.0000,0.0000,0.028187,-1.932021,1.620514,30.00
4.040020,torque-chirp,knee_flexion_left_joint,RS04,0.013998,0.000000,8.257167,0.0000,0.0000,0.013998,-1.620737,2.089264,30.00
4.048019,torque-chirp,knee_flexion_left_joint,RS04,0.004410,0.000000,8.363572,0.0000,0.0000,0.004410,-1.016022,3.111008,30.00
4.056021,torque-chirp,knee_flexion_left_joint,RS04,0.000192,0.000000,7.827566,0.0000,0.0000,0.000192,-0.295949,4.458687,30.00
4.064022,torque-chirp,knee_flexion_left_joint,RS04,0.001726,0.000000,6.688675,0.0000,0.0000,0.001726,0.387503,4.758980,30.00
4.072021,torque-chirp,knee_flexion_left_joint,RS04,0.008245,0.000000,5.033648,0.0000,0.0000,0.008245,1.091553,4.187683,30.00
4.080019,torque-chirp,knee_flexion_left_joint,RS04,0.020134,0.000000,2.988485,0.0000,0.0000,0.020134,1.552071,4.762642,30.00
4.088019,torque-chirp,knee_flexion_left_joint,RS04,0.033556,0.000000,0.710140,0.0000,0.0000,0.033556,1.732891,3.620056,30.00
4.096019,torque-chirp,knee_flexion_left_joint,RS04,0.048512,0.000000,-1.625176,0.0000,0.0000,0.048512,1.961319,2.268707,30.00
4.104020,torque-chirp,knee_flexion_left_joint,RS04,0.065004,0.000000,-3.836551,0.0000,0.0000,0.065004,2.078508,1.334854,30.00
4.112020,torque-chirp,knee_flexion_left_joint,RS04,0.081494,0.000000,-5.751360,0.0000,0.0000,0.081494,2.078508,-0.140991,30.00
4.120019,torque-chirp,knee_flexion_left_joint,RS04,0.097601,0.000000,-7.219647,0.0000,0.0000,0.097601,1.951706,-0.346077,30.00
4.128075,torque-chirp,knee_flexion_left_joint,RS04,0.111407,0.000000,-8.130032,0.0000,0.0000,0.111407,1.644541,-2.583664,30.00
4.136028,torque-chirp,knee_flexion_left_joint,RS04,0.121378,0.000000,-8.397427,0.0000,0.0000,0.121378,1.064545,-2.843674,30.00
4.144022,torque-chirp,knee_flexion_left_joint,RS04,0.125979,0.000000,-8.011342,0.0000,0.0000,0.125979,0.262531,-3.429619,30.00
4.152021,torque-chirp,knee_flexion_left_joint,RS04,0.124446,0.000000,-6.996332,0.0000,0.0000,0.124446,-0.333487,-4.597847,30.00
4.160020,torque-chirp,knee_flexion_left_joint,RS04,0.117927,0.000000,-5.430794,0.0000,0.0000,0.117927,-0.935912,-5.081253,30.00
4.168020,torque-chirp,knee_flexion_left_joint,RS04,0.107572,0.000000,-3.435819,0.0000,0.0000,0.107572,-1.427099,-5.242386,30.00
4.176019,torque-chirp,knee_flexion_left_joint,RS04,0.094533,0.000000,-1.168537,0.0000,0.0000,0.094533,-1.730602,-3.327080,30.00
4.184021,torque-chirp,knee_flexion_left_joint,RS04,0.078810,0.000000,1.193922,0.0000,0.0000,0.078810,-2.083086,-2.744797,30.00
4.192020,torque-chirp,knee_flexion_left_joint,RS04,0.061936,0.000000,3.463228,0.0000,0.0000,0.061936,-2.175555,-0.664680,30.00
4.204050,torque-chirp,knee_flexion_left_joint,RS04,0.035857,0.000000,6.310918,0.0000,0.0000,0.035857,-2.213551,-0.664680,30.00
4.212040,torque-chirp,knee_flexion_left_joint,RS04,0.019750,0.000000,7.606678,0.0000,0.0000,0.019750,-2.000687,0.939346,30.00
4.220031,torque-chirp,knee_flexion_left_joint,RS04,0.005561,0.000000,8.299047,0.0000,0.0000,0.005561,-1.598306,1.675446,30.00
4.228057,torque-chirp,knee_flexion_left_joint,RS04,-0.004410,0.000000,8.329955,0.0000,0.0000,-0.004410,-1.049897,3.927673,30.00
4.236045,torque-chirp,knee_flexion_left_joint,RS04,-0.009396,0.000000,7.695230,0.0000,0.0000,-0.009396,-0.420463,5.004341,30.00
4.244030,torque-chirp,knee_flexion_left_joint,RS04,-0.009396,0.000000,6.446290,0.0000,0.0000,-0.009396,0.230488,5.073921,30.00
4.252026,torque-chirp,knee_flexion_left_joint,RS04,-0.004794,0.000000,4.678082,0.0000,0.0000,-0.004794,0.785764,4.498970,30.00
4.260026,torque-chirp,knee_flexion_left_joint,RS04,0.004410,0.000000,2.531621,0.0000,0.0000,0.004410,1.265965,3.279465,30.00
4.268024,torque-chirp,knee_flexion_left_joint,RS04,0.015915,0.000000,0.180250,0.0000,0.0000,0.015915,1.570839,3.217209,30.00
4.276022,torque-chirp,knee_flexion_left_joint,RS04,0.028954,0.000000,-2.187673,0.0000,0.0000,0.028954,1.551613,2.627609,30.00
4.284022,torque-chirp,knee_flexion_left_joint,RS04,0.041993,0.000000,-4.381424,0.0000,0.0000,0.041993,1.718243,0.426636,30.00
4.292023,torque-chirp,knee_flexion_left_joint,RS04,0.055416,0.000000,-6.222634,0.0000,0.0000,0.055416,1.639505,0.686661,30.00
4.300023,torque-chirp,knee_flexion_left_joint,RS04,0.067688,0.000000,-7.560860,0.0000,0.0000,0.067688,1.487068,-1.060196,30.00
4.308021,torque-chirp,knee_flexion_left_joint,RS04,0.077276,0.000000,-8.286132,0.0000,0.0000,0.077276,1.102081,-2.949875,30.00
4.316020,torque-chirp,knee_flexion_left_joint,RS04,0.083412,0.000000,-8.338195,0.0000,0.0000,0.083412,0.585259,-3.671326,30.00
4.324021,torque-chirp,knee_flexion_left_joint,RS04,0.084562,0.000000,-7.710664,0.0000,0.0000,0.084562,-0.095903,-4.440369,30.00
4.332021,torque-chirp,knee_flexion_left_joint,RS04,0.080344,0.000000,-6.453303,0.0000,0.0000,0.080344,-0.749142,-5.022659,30.00
4.340021,torque-chirp,knee_flexion_left_joint,RS04,0.072290,0.000000,-4.666942,0.0000,0.0000,0.072290,-1.109865,-5.484093,30.00
4.348051,torque-chirp,knee_flexion_left_joint,RS04,0.060785,0.000000,-2.488432,0.0000,0.0000,0.060785,-1.581368,-3.828796,30.00
4.356040,torque-chirp,knee_flexion_left_joint,RS04,0.046211,0.000000,-0.114432,0.0000,0.0000,0.046211,-1.821698,-3.546814,30.00
4.364028,torque-chirp,knee_flexion_left_joint,RS04,0.030488,0.000000,2.270789,0.0000,0.0000,0.030488,-2.057908,-1.803619,30.00
4.372025,torque-chirp,knee_flexion_left_joint,RS04,0.013998,0.000000,4.473743,0.0000,0.0000,0.013998,-2.032273,-1.287254,30.00
4.380025,torque-chirp,knee_flexion_left_joint,RS04,-0.002493,0.000000,6.310256,0.0000,0.0000,-0.002493,-2.102312,0.280151,30.00
4.388026,torque-chirp,knee_flexion_left_joint,RS04,-0.017833,0.000000,7.627195,0.0000,0.0000,-0.017833,-1.777752,0.756241,30.00
4.396023,torque-chirp,knee_flexion_left_joint,RS04,-0.030872,0.000000,8.313495,0.0000,0.0000,-0.030872,-1.400091,2.305328,30.00
4.404022,torque-chirp,knee_flexion_left_joint,RS04,-0.039309,0.000000,8.311428,0.0000,0.0000,-0.039309,-0.853514,4.180359,30.00
4.412022,torque-chirp,knee_flexion_left_joint,RS04,-0.043144,0.000000,7.619041,0.0000,0.0000,-0.043144,-0.261616,4.997017,30.00
4.420021,torque-chirp,knee_flexion_left_joint,RS04,-0.041610,0.000000,6.292333,0.0000,0.0000,-0.041610,0.397116,5.161827,30.00
4.428021,torque-chirp,knee_flexion_left_joint,RS04,-0.035474,0.000000,4.439743,0.0000,0.0000,-0.035474,0.962462,4.147400,30.00
4.436021,torque-chirp,knee_flexion_left_joint,RS04,-0.025887,0.000000,2.215149,0.0000,0.0000,-0.025887,1.345615,3.960632,30.00
4.444021,torque-chirp,knee_flexion_left_joint,RS04,-0.013230,0.000000,-0.196699,0.0000,0.0000,-0.013230,1.678873,3.700623,30.00
4.452021,torque-chirp,knee_flexion_left_joint,RS04,0.000192,0.000000,-2.594101,0.0000,0.0000,0.000192,1.731976,1.935455,30.00
4.460021,torque-chirp,knee_flexion_left_joint,RS04,0.014381,0.000000,-4.775808,0.0000,0.0000,0.014381,1.851454,0.411987,30.00
4.468021,torque-chirp,knee_flexion_left_joint,RS04,0.028570,0.000000,-6.557847,0.0000,0.0000,0.028570,1.789654,0.613419,30.00
4.476021,torque-chirp,knee_flexion_left_joint,RS04,0.041225,0.000000,-7.789093,0.0000,0.0000,0.041225,1.466011,-1.895172,30.00
4.484021,torque-chirp,knee_flexion_left_joint,RS04,0.051198,0.000000,-8.364322,0.0000,0.0000,0.051198,1.106201,-2.506752,30.00
4.492021,torque-chirp,knee_flexion_left_joint,RS04,0.057334,0.000000,-8.233250,0.0000,0.0000,0.057334,0.438316,-3.583435,30.00
4.500022,torque-chirp,knee_flexion_left_joint,RS04,0.056951,0.000000,-7.404955,0.0000,0.0000,0.056951,-0.252460,-4.403748,30.00
4.508021,torque-chirp,knee_flexion_left_joint,RS04,0.051581,0.000000,-5.948373,0.0000,0.0000,0.051581,-0.911193,-5.139847,30.00
4.516019,torque-chirp,knee_flexion_left_joint,RS04,0.041993,0.000000,-3.985621,0.0000,0.0000,0.041993,-1.289769,-5.176468,30.00
4.524019,torque-chirp,knee_flexion_left_joint,RS04,0.030105,0.000000,-1.681941,0.0000,0.0000,0.030105,-1.617533,-3.726257,30.00
4.532020,torque-chirp,knee_flexion_left_joint,RS04,0.014765,0.000000,0.767440,0.0000,0.0000,0.014765,-1.938888,-2.942551,30.00
4.540018,torque-chirp,knee_flexion_left_joint,RS04,-0.001342,0.000000,3.152499,0.0000,0.0000,-0.001342,-2.040513,-1.646149,30.00
4.548017,torque-chirp,knee_flexion_left_joint,RS04,-0.017066,0.000000,5.270330,0.0000,0.0000,-0.017066,-1.990158,-0.704971,30.00
4.556018,torque-chirp,knee_flexion_left_joint,RS04,-0.033174,0.000000,6.938947,0.0000,0.0000,-0.033174,-1.910506,0.298462,30.00
4.564018,torque-chirp,knee_flexion_left_joint,RS04,-0.047746,0.000000,8.013165,0.0000,0.0000,-0.047746,-1.673381,1.693756,30.00
4.572018,torque-chirp,knee_flexion_left_joint,RS04,-0.058867,0.000000,8.399549,0.0000,0.0000,-0.058867,-1.128633,2.525070,30.00
4.580018,torque-chirp,knee_flexion_left_joint,RS04,-0.064620,0.000000,8.063052,0.0000,0.0000,-0.064620,-0.414054,3.913025,30.00
4.588018,torque-chirp,knee_flexion_left_joint,RS04,-0.065003,0.000000,7.030901,0.0000,0.0000,-0.065003,0.118334,4.689400,30.00
4.596019,torque-chirp,knee_flexion_left_joint,RS04,-0.060401,0.000000,5.390113,0.0000,0.0000,-0.060401,0.758754,4.616158,30.00
4.604023,torque-chirp,knee_flexion_left_joint,RS04,-0.050047,0.000000,3.280753,0.0000,0.0000,-0.050047,1.552528,3.759216,30.00
4.612021,torque-chirp,knee_flexion_left_joint,RS04,-0.036625,0.000000,0.886471,0.0000,0.0000,-0.036625,1.699474,4.249947,30.00
4.620021,torque-chirp,knee_flexion_left_joint,RS04,-0.022051,0.000000,-1.586931,0.0000,0.0000,-0.022051,1.875257,2.074615,30.00
4.628021,torque-chirp,knee_flexion_left_joint,RS04,-0.006328,0.000000,-3.924536,0.0000,0.0000,-0.006328,2.019913,2.037994,30.00
4.636021,torque-chirp,knee_flexion_left_joint,RS04,0.009779,0.000000,-5.922005,0.0000,0.0000,0.009779,2.024033,-0.562141,30.00
4.644020,torque-chirp,knee_flexion_left_joint,RS04,0.025119,0.000000,-7.404277,0.0000,0.0000,0.025119,1.866560,0.133667,30.00
4.652082,torque-chirp,knee_flexion_left_joint,RS04,0.038157,0.000000,-8.244548,0.0000,0.0000,0.038157,1.471504,-2.499428,30.00
4.660029,torque-chirp,knee_flexion_left_joint,RS04,0.047361,0.000000,-8.355982,0.0000,0.0000,0.047361,0.994506,-3.502861,30.00
4.668024,torque-chirp,knee_flexion_left_joint,RS04,0.052348,0.000000,-7.738517,0.0000,0.0000,0.052348,0.342184,-4.132751,30.00
4.676023,torque-chirp,knee_flexion_left_joint,RS04,0.051198,0.000000,-6.440580,0.0000,0.0000,0.051198,-0.376059,-4.828560,30.00
4.684021,torque-chirp,knee_flexion_left_joint,RS04,0.045444,0.000000,-4.575017,0.0000,0.0000,0.045444,-0.952392,-5.484093,30.00
4.696016,torque-chirp,knee_flexion_left_joint,RS04,0.031255,0.000000,-1.080131,0.0000,0.0000,0.031255,-1.388189,-3.788513,30.00
4.704020,torque-chirp,knee_flexion_left_joint,RS04,0.018216,0.000000,1.418277,0.0000,0.0000,0.018216,-1.739758,-2.949875,30.00
4.712020,torque-chirp,knee_flexion_left_joint,RS04,0.003643,0.000000,3.791852,0.0000,0.0000,0.003643,-1.821698,-1.935455,30.00
4.720020,torque-chirp,knee_flexion_left_joint,RS04,-0.010930,0.000000,5.831210,0.0000,0.0000,-0.010930,-1.805676,0.217896,30.00
4.728019,torque-chirp,knee_flexion_left_joint,RS04,-0.024736,0.000000,7.354224,0.0000,0.0000,-0.024736,-1.626688,-0.353401,30.00
4.736021,torque-chirp,knee_flexion_left_joint,RS04,-0.036241,0.000000,8.224444,0.0000,0.0000,-0.036241,-1.334173,2.349289,30.00
4.744022,torque-chirp,knee_flexion_left_joint,RS04,-0.044678,0.000000,8.362174,0.0000,0.0000,-0.044678,-0.887388,3.795837,30.00
4.752020,torque-chirp,knee_flexion_left_joint,RS04,-0.048129,0.000000,7.753660,0.0000,0.0000,-0.048129,-0.151752,4.418404,30.00
4.760020,torque-chirp,knee_flexion_left_joint,RS04,-0.046212,0.000000,6.451463,0.0000,0.0000,-0.046212,0.499657,4.799263,30.00
4.768021,torque-chirp,knee_flexion_left_joint,RS04,-0.039693,0.000000,4.570116,0.0000,0.0000,-0.039693,0.945525,4.733345,30.00
4.776021,torque-chirp,knee_flexion_left_joint,RS04,-0.029338,0.000000,2.277231,0.0000,0.0000,-0.029338,1.501717,3.239182,30.00
4.784019,torque-chirp,knee_flexion_left_joint,RS04,-0.015532,0.000000,-0.221472,0.0000,0.0000,-0.015532,1.731976,3.202560,30.00
4.792020,torque-chirp,knee_flexion_left_joint,RS04,-0.000958,0.000000,-2.702944,0.0000,0.0000,-0.000958,1.828566,2.063629,30.00
4.800019,torque-chirp,knee_flexion_left_joint,RS04,0.013614,0.000000,-4.942230,0.0000,0.0000,0.013614,1.829481,0.364380,30.00
4.808019,torque-chirp,knee_flexion_left_joint,RS04,0.028570,0.000000,-6.737409,0.0000,0.0000,0.028570,1.828108,0.715958,30.00
4.816020,torque-chirp,knee_flexion_left_joint,RS04,0.041609,0.000000,-7.924665,0.0000,0.0000,0.041609,1.499886,-1.887848,30.00
4.824021,torque-chirp,knee_flexion_left_joint,RS04,0.052348,0.000000,-8.394630,0.0000,0.0000,0.052348,1.171663,-2.576332,30.00
4.832021,torque-chirp,knee_flexion_left_joint,RS04,0.058101,0.000000,-8.102994,0.0000,0.0000,0.058101,0.433739,-3.539490,30.00
4.840021,torque-chirp,knee_flexion_left_joint,RS04,0.058101,0.000000,-7.074535,0.0000,0.0000,0.058101,-0.222248,-4.301208,30.00
4.848022,torque-chirp,knee_flexion_left_joint,RS04,0.052348,0.000000,-5.400943,0.0000,0.0000,0.052348,-0.924926,-4.213318,30.00
4.856018,torque-chirp,knee_flexion_left_joint,RS04,0.042760,0.000000,-3.234707,0.0000,0.0000,0.042760,-1.347448,-5.033646,30.00
4.864019,torque-chirp,knee_flexion_left_joint,RS04,0.030871,0.000000,-0.769540,0.0000,0.0000,0.030871,-1.667887,-3.334404,30.00
4.872017,torque-chirp,knee_flexion_left_joint,RS04,0.016682,0.000000,1.766746,0.0000,0.0000,0.016682,-1.768139,-2.455482,30.00
4.880021,torque-chirp,knee_flexion_left_joint,RS04,0.001726,0.000000,4.144726,0.0000,0.0000,0.001726,-1.779583,-1.459373,30.00
4.888021,torque-chirp,knee_flexion_left_joint,RS04,-0.012847,0.000000,6.143214,0.0000,0.0000,-0.012847,-1.881208,0.097046,30.00
4.896021,torque-chirp,knee_flexion_left_joint,RS04,-0.027038,0.000000,7.578202,0.0000,0.0000,-0.027038,-1.644999,0.067749,30.00
4.904020,torque-chirp,knee_flexion_left_joint,RS04,-0.038542,0.000000,8.316234,0.0000,0.0000,-0.038542,-1.391394,2.763107,30.00
4.912019,torque-chirp,knee_flexion_left_joint,RS04,-0.046596,0.000000,8.287874,0.0000,0.0000,-0.046596,-0.887846,3.861755,30.00
4.920019,torque-chirp,knee_flexion_left_joint,RS04,-0.049280,0.000000,7.493693,0.0000,0.0000,-0.049280,-0.071183,4.191345,30.00
4.928019,torque-chirp,knee_flexion_left_joint,RS04,-0.046979,0.000000,6.005119,0.0000,0.0000,-0.046979,0.513390,5.037300,30.00
4.936020,torque-chirp,knee_flexion_left_joint,RS04,-0.039693,0.000000,3.958356,0.0000,0.0000,-0.039693,1.099792,4.568550,30.00
4.944021,torque-chirp,knee_flexion_left_joint,RS04,-0.028955,0.000000,1.542577,0.0000,0.0000,-0.028955,1.500343,2.990158,30.00
4.952021,torque-chirp,knee_flexion_left_joint,RS04,-0.015532,0.000000,-1.018682,0.0000,0.0000,-0.015532,1.779125,2.924240,30.00
4.960020,torque-chirp,knee_flexion_left_joint,RS04,-0.000958,0.000000,-3.486655,0.0000,0.0000,-0.000958,1.836348,1.796295,30.00
4.968020,torque-chirp,knee_flexion_left_joint,RS04,0.012847,0.000000,-5.631631,0.0000,0.0000,0.012847,1.790569,-0.045776,30.00
4.976026,torque-chirp,knee_flexion_left_joint,RS04,0.027037,0.000000,-7.252606,0.0000,0.0000,0.027037,1.727398,0.466919,30.00
4.984025,torque-chirp,knee_flexion_left_joint,RS04,0.038541,0.000000,-8.194633,0.0000,0.0000,0.038541,1.300755,-2.111244,30.00
4.992021,torque-chirp,knee_flexion_left_joint,RS04,0.046978,0.000000,-8.369127,0.0000,0.0000,0.046978,0.915771,-3.407646,30.00
5.000018,torque-chirp,knee_flexion_left_joint,RS04,0.051198,0.000000,-7.758398,0.0000,0.0000,0.051198,0.259327,-4.114441,30.00
5.008084,torque-chirp,knee_flexion_left_joint,RS04,0.049280,0.000000,-6.403374,0.0000,0.0000,0.049280,-0.398948,-4.755318,30.00
5.016072,torque-chirp,knee_flexion_left_joint,RS04,0.043527,0.000000,-4.455227,0.0000,0.0000,0.043527,-0.941863,-5.235062,30.00
5.024069,torque-chirp,knee_flexion_left_joint,RS04,0.034706,0.000000,-2.083551,0.0000,0.0000,0.034706,-1.226139,-4.605171,30.00
5.032041,torque-chirp,knee_flexion_left_joint,RS04,0.023201,0.000000,0.478580,0.0000,0.0000,0.023201,-1.499428,-2.920578,30.00
5.040081,torque-chirp,knee_flexion_left_joint,RS04,0.009396,0.000000,3.018505,0.0000,0.0000,0.009396,-1.707713,-2.645920,30.00
5.048033,torque-chirp,knee_flexion_left_joint,RS04,-0.003643,0.000000,5.249043,0.0000,0.0000,-0.003643,-1.583200,-0.298470,30.00
5.056025,torque-chirp,knee_flexion_left_joint,RS04,-0.016298,0.000000,6.995650,0.0000,0.0000,-0.016298,-1.589150,0.162964,30.00
5.064021,torque-chirp,knee_flexion_left_joint,RS04,-0.027421,0.000000,8.079745,0.0000,0.0000,-0.027421,-1.278325,0.646378,30.00
5.072021,torque-chirp,knee_flexion_left_joint,RS04,-0.035090,0.000000,8.395433,0.0000,0.0000,-0.035090,-0.772488,3.037766,30.00
5.080018,torque-chirp,knee_flexion_left_joint,RS04,-0.038542,0.000000,7.910299,0.0000,0.0000,-0.038542,-0.246510,4.586861,30.00
5.088020,torque-chirp,knee_flexion_left_joint,RS04,-0.037008,0.000000,6.667995,0.0000,0.0000,-0.037008,0.437401,4.898140,30.00
5.096021,torque-chirp,knee_flexion_left_joint,RS04,-0.030872,0.000000,4.786377,0.0000,0.0000,-0.030872,1.008240,4.348824,30.00
5.104019,torque-chirp,knee_flexion_left_joint,RS04,-0.019366,0.000000,2.444721,0.0000,0.0000,-0.019366,1.612955,3.821472,30.00
5.112019,torque-chirp,knee_flexion_left_joint,RS04,-0.004794,0.000000,-0.133993,0.0000,0.0000,-0.004794,1.883955,3.748230,30.00
5.120018,torque-chirp,knee_flexion_left_joint,RS04,0.010162,0.000000,-2.701649,0.0000,0.0000,0.010162,1.953079,1.594879,30.00
5.128022,torque-chirp,knee_flexion_left_joint,RS04,0.025502,0.000000,-5.012062,0.0000,0.0000,0.025502,1.969559,1.763336,30.00
5.136019,torque-chirp,knee_flexion_left_joint,RS04,0.041225,0.000000,-6.838892,0.0000,0.0000,0.041225,1.866560,-0.844131,30.00
5.144021,torque-chirp,knee_flexion_left_joint,RS04,0.055033,0.000000,-8.006801,0.0000,0.0000,0.055033,1.624399,-0.606087,30.00
5.152021,torque-chirp,knee_flexion_left_joint,RS04,0.065771,0.000000,-8.399880,0.0000,0.0000,0.065771,1.184481,-2.748459,30.00
5.160019,torque-chirp,knee_flexion_left_joint,RS04,0.071524,0.000000,-7.978755,0.0000,0.0000,0.071524,0.482262,-4.088806,30.00
5.194443,torque-chirp,knee_flexion_left_joint,RS04,0.072674,0.000000,0.805107,0.0000,0.0000,0.072674,-0.102770,-5.055618,30.00
5.200049,torque-chirp,knee_flexion_left_joint,RS04,0.030871,0.000000,2.611132,0.0000,0.0000,0.030871,-2.270772,-4.649117,30.00
5.208061,torque-chirp,knee_flexion_left_joint,RS04,0.012847,0.000000,4.954443,0.0000,0.0000,0.012847,-2.244221,-1.554588,30.00
5.216034,torque-chirp,knee_flexion_left_joint,RS04,-0.004026,0.000000,6.804758,0.0000,0.0000,-0.004026,-2.062486,0.393677,30.00
5.228021,torque-chirp,knee_flexion_left_joint,RS04,-0.027038,0.000000,8.299661,0.0000,0.0000,-0.027038,-1.811170,0.899063,30.00
5.236022,torque-chirp,knee_flexion_left_joint,RS04,-0.039309,0.000000,8.292044,0.0000,0.0000,-0.039309,-1.352942,3.711609,30.00
5.244020,torque-chirp,knee_flexion_left_joint,RS04,-0.046979,0.000000,7.466908,0.0000,0.0000,-0.046979,-0.727168,4.433052,30.00
5.252018,torque-chirp,knee_flexion_left_joint,RS04,-0.048512,0.000000,5.903839,0.0000,0.0000,-0.048512,-0.074845,4.359810,30.00
5.260020,torque-chirp,knee_flexion_left_joint,RS04,-0.045444,0.000000,3.754506,0.0000,0.0000,-0.045444,0.504234,4.356148,30.00
5.268018,torque-chirp,knee_flexion_left_joint,RS04,-0.039309,0.000000,1.232843,0.0000,0.0000,-0.039309,0.907989,4.096130,30.00
5.276020,torque-chirp,knee_flexion_left_joint,RS04,-0.031639,0.000000,-1.414624,0.0000,0.0000,-0.031639,1.021515,2.697189,30.00
5.284020,torque-chirp,knee_flexion_left_joint,RS04,-0.022434,0.000000,-3.922799,0.0000,0.0000,-0.022434,1.198214,0.668350,30.00
5.292021,torque-chirp,knee_flexion_left_joint,RS04,-0.011697,0.000000,-6.042449,0.0000,0.0000,-0.011697,1.403296,0.964981,30.00
5.300022,torque-chirp,knee_flexion_left_joint,RS04,-0.002493,0.000000,-7.561028,0.0000,0.0000,-0.002493,0.967956,-0.338753,30.00
5.308019,torque-chirp,knee_flexion_left_joint,RS04,0.003643,0.000000,-8.325360,0.0000,0.0000,0.003643,0.595330,-2.279701,30.00
5.316018,torque-chirp,knee_flexion_left_joint,RS04,0.006328,0.000000,-8.257895,0.0000,0.0000,0.006328,0.124743,-4.209656,30.00
5.324019,torque-chirp,knee_flexion_left_joint,RS04,0.004794,0.000000,-7.362772,0.0000,0.0000,0.004794,-0.378347,-4.883492,30.00
5.332019,torque-chirp,knee_flexion_left_joint,RS04,-0.000958,0.000000,-5.728280,0.0000,0.0000,-0.000958,-0.972992,-4.429382,30.00
5.340017,torque-chirp,knee_flexion_left_joint,RS04,-0.011697,0.000000,-3.517474,0.0000,0.0000,-0.011697,-1.546120,-4.011902,30.00
5.352045,torque-chirp,knee_flexion_left_joint,RS04,-0.032789,0.000000,0.396063,0.0000,0.0000,-0.032789,-1.901350,-4.275574,30.00
5.360046,torque-chirp,knee_flexion_left_joint,RS04,-0.049280,0.000000,3.008376,0.0000,0.0000,-0.049280,-2.151294,-2.576332,30.00
5.368054,torque-chirp,knee_flexion_left_joint,RS04,-0.066537,0.000000,5.320410,0.0000,0.0000,-0.066537,-2.016251,-0.932022,30.00
5.376043,torque-chirp,knee_flexion_left_joint,RS04,-0.082644,0.000000,7.091134,0.0000,0.0000,-0.082644,-1.976883,-0.031128,30.00
5.384032,torque-chirp,knee_flexion_left_joint,RS04,-0.097218,0.000000,8.146280,0.0000,0.0000,-0.097218,-1.762188,0.950333,30.00
5.392029,torque-chirp,knee_flexion_left_joint,RS04,-0.108723,0.000000,8.377296,0.0000,0.0000,-0.108723,-1.298467,3.521179,30.00
5.400024,torque-chirp,knee_flexion_left_joint,RS04,-0.116009,0.000000,7.757418,0.0000,0.0000,-0.116009,-0.680476,4.044861,30.00
5.408022,torque-chirp,knee_flexion_left_joint,RS04,-0.117543,0.000000,6.347383,0.0000,0.0000,-0.117543,0.087664,4.246284,30.00
5.416021,torque-chirp,knee_flexion_left_joint,RS04,-0.113708,0.000000,4.289000,0.0000,0.0000,-0.113708,0.755092,4.718697,30.00
5.424022,torque-chirp,knee_flexion_left_joint,RS04,-0.105271,0.000000,1.790113,0.0000,0.0000,-0.105271,1.149233,3.920349,30.00
5.432021,torque-chirp,knee_flexion_left_joint,RS04,-0.094916,0.000000,-0.893062,0.0000,0.0000,-0.094916,1.269169,2.741135,30.00
5.440021,torque-chirp,knee_flexion_left_joint,RS04,-0.083412,0.000000,-3.487063,0.0000,0.0000,-0.083412,1.553444,1.745026,30.00
5.448020,torque-chirp,knee_flexion_left_joint,RS04,-0.070756,0.000000,-5.725183,0.0000,0.0000,-0.070756,1.607920,1.382462,30.00
5.456021,torque-chirp,knee_flexion_left_joint,RS04,-0.058867,0.000000,-7.376608,0.0000,0.0000,-0.058867,1.371710,-1.166397,30.00
5.464021,torque-chirp,knee_flexion_left_joint,RS04,-0.049664,0.000000,-8.269571,0.0000,0.0000,-0.049664,1.186312,-1.598534,30.00
5.472021,torque-chirp,knee_flexion_left_joint,RS04,-0.043144,0.000000,-8.310505,0.0000,0.0000,-0.043144,0.584802,-3.132988,30.00
5.480021,torque-chirp,knee_flexion_left_joint,RS04,-0.041993,0.000000,-7.493282,0.0000,0.0000,-0.041993,-0.084001,-4.030212,30.00
5.488021,torque-chirp,knee_flexion_left_joint,RS04,-0.046212,0.000000,-5.900122,0.0000,0.0000,-0.046212,-0.767452,-4.363464,30.00
5.496020,torque-chirp,knee_flexion_left_joint,RS04,-0.055033,0.000000,-3.695025,0.0000,0.0000,-0.055033,-1.232090,-5.513390,30.00
5.504020,torque-chirp,knee_flexion_left_joint,RS04,-0.065770,0.000000,-1.104679,0.0000,0.0000,-0.065770,-1.449073,-4.685738,30.00
5.512021,torque-chirp,knee_flexion_left_joint,RS04,-0.079193,0.000000,1.602588,0.0000,0.0000,-0.079193,-1.780499,-2.345619,30.00
5.520020,torque-chirp,knee_flexion_left_joint,RS04,-0.093383,0.000000,4.145023,0.0000,0.0000,-0.093383,-1.750286,-2.210121,30.00
5.528019,torque-chirp,knee_flexion_left_joint,RS04,-0.107188,0.000000,6.256895,0.0000,0.0000,-0.107188,-1.723277,0.379028,30.00
5.536018,torque-chirp,knee_flexion_left_joint,RS04,-0.120227,0.000000,7.717414,0.0000,0.0000,-0.120227,-1.572213,0.122681,30.00
5.544019,torque-chirp,knee_flexion_left_joint,RS04,-0.130966,0.000000,8.372439,0.0000,0.0000,-0.130966,-1.138704,1.803619,30.00
5.552019,torque-chirp,knee_flexion_left_joint,RS04,-0.137102,0.000000,8.151098,0.0000,0.0000,-0.137102,-0.590295,4.242622,30.00
5.560019,torque-chirp,knee_flexion_left_joint,RS04,-0.138636,0.000000,7.074725,0.0000,0.0000,-0.138636,0.081713,4.956734,30.00
5.568017,torque-chirp,knee_flexion_left_joint,RS04,-0.135568,0.000000,5.254865,0.0000,0.0000,-0.135568,0.600823,4.641792,30.00
5.576020,torque-chirp,knee_flexion_left_joint,RS04,-0.127898,0.000000,2.879433,0.0000,0.0000,-0.127898,1.186769,3.565125,30.00
5.584018,torque-chirp,knee_flexion_left_joint,RS04,-0.115625,0.000000,0.200708,0.0000,0.0000,-0.115625,1.699474,3.096359,30.00
5.592017,torque-chirp,knee_flexion_left_joint,RS04,-0.101436,0.000000,-2.501727,0.0000,0.0000,-0.101436,1.765392,2.481125,30.00
5.600017,torque-chirp,knee_flexion_left_joint,RS04,-0.087630,0.000000,-4.942006,0.0000,0.0000,-0.087630,1.679331,0.466919,30.00
5.608017,torque-chirp,knee_flexion_left_joint,RS04,-0.073824,0.000000,-6.861332,0.0000,0.0000,-0.073824,1.746166,1.038223,30.00
5.616016,torque-chirp,knee_flexion_left_joint,RS04,-0.061552,0.000000,-8.054386,0.0000,0.0000,-0.061552,1.409246,-1.503319,30.00
5.624021,torque-chirp,knee_flexion_left_joint,RS04,-0.052348,0.000000,-8.393390,0.0000,0.0000,-0.052348,1.107117,-2.836349,30.00
5.632020,torque-chirp,knee_flexion_left_joint,RS04,-0.046596,0.000000,-7.839821,0.0000,0.0000,-0.046596,0.452049,-3.781189,30.00
5.640020,torque-chirp,knee_flexion_left_joint,RS04,-0.046596,0.000000,-6.450936,0.0000,0.0000,-0.046596,-0.241474,-4.436707,30.00
5.648023,torque-chirp,knee_flexion_left_joint,RS04,-0.051197,0.000000,-4.372384,0.0000,0.0000,-0.051197,-0.779812,-4.689400,30.00
5.656021,torque-chirp,knee_flexion_left_joint,RS04,-0.059634,0.000000,-1.826443,0.0000,0.0000,-0.059634,-1.076447,-5.366898,30.00
5.664019,torque-chirp,knee_flexion_left_joint,RS04,-0.068838,0.000000,0.916732,0.0000,0.0000,-0.068838,-1.246281,-2.993820,30.00
5.672017,torque-chirp,knee_flexion_left_joint,RS04,-0.079960,0.000000,3.563818,0.0000,0.0000,-0.079960,-1.444953,-1.367821,30.00
5.680025,torque-chirp,knee_flexion_left_joint,RS04,-0.091848,0.000000,5.833055,0.0000,0.0000,-0.091848,-1.447700,-1.609520,30.00
5.688016,torque-chirp,knee_flexion_left_joint,RS04,-0.102587,0.000000,7.473072,0.0000,0.0000,-0.102587,-1.285192,0.950333,30.00
5.696017,torque-chirp,knee_flexion_left_joint,RS04,-0.111407,0.000000,8.312360,0.0000,0.0000,-0.111407,-0.990845,2.125885,30.00
5.704018,torque-chirp,knee_flexion_left_joint,RS04,-0.116776,0.000000,8.256154,0.0000,0.0000,-0.116776,-0.473106,3.056076,30.00
5.712102,torque-chirp,knee_flexion_left_joint,RS04,-0.117543,0.000000,7.294129,0.0000,0.0000,-0.117543,0.119707,4.202332,30.00
5.720024,torque-chirp,knee_flexion_left_joint,RS04,-0.112941,0.000000,5.568447,0.0000,0.0000,-0.112941,0.766538,5.136177,30.00
5.728019,torque-chirp,knee_flexion_left_joint,RS04,-0.103737,0.000000,3.227084,0.0000,0.0000,-0.103737,1.295719,4.370796,30.00
5.736017,torque-chirp,knee_flexion_left_joint,RS04,-0.090315,0.000000,0.533087,0.0000,0.0000,-0.090315,1.803844,2.887619,30.00
5.744018,torque-chirp,knee_flexion_left_joint,RS04,-0.074592,0.000000,-2.221439,0.0000,0.0000,-0.074592,2.051043,3.067062,30.00
5.752024,torque-chirp,knee_flexion_left_joint,RS04,-0.058867,0.000000,-4.737866,0.0000,0.0000,-0.058867,1.969559,0.551163,30.00
5.760023,torque-chirp,knee_flexion_left_joint,RS04,-0.043528,0.000000,-6.737945,0.0000,0.0000,-0.043528,1.957657,0.921036,30.00
5.768019,torque-chirp,knee_flexion_left_joint,RS04,-0.029721,0.000000,-8.004187,0.0000,0.0000,-0.029721,1.679331,-1.290916,30.00
5.776019,torque-chirp,knee_flexion_left_joint,RS04,-0.018600,0.000000,-8.397598,0.0000,0.0000,-0.018600,1.296635,-2.627609,30.00
5.784020,torque-chirp,knee_flexion_left_joint,RS04,-0.010930,0.000000,-7.872208,0.0000,0.0000,-0.010930,0.730372,-3.755554,30.00
5.792021,torque-chirp,knee_flexion_left_joint,RS04,-0.009396,0.000000,-6.483803,0.0000,0.0000,-0.009396,-0.102312,-4.195007,30.00
5.800020,torque-chirp,knee_flexion_left_joint,RS04,-0.013230,0.000000,-4.382977,0.0000,0.0000,-0.013230,-0.709773,-4.184021,30.00
5.808021,torque-chirp,knee_flexion_left_joint,RS04,-0.020517,0.000000,-1.798512,0.0000,0.0000,-0.020517,-1.057221,-4.682076,30.00
5.816020,torque-chirp,knee_flexion_left_joint,RS04,-0.029721,0.000000,0.985267,0.0000,0.0000,-0.029721,-1.100252,-3.495537,30.00
5.824021,torque-chirp,knee_flexion_left_joint,RS04,-0.039693,0.000000,3.663460,0.0000,0.0000,-0.039693,-1.331884,-1.104141,30.00
5.832021,torque-chirp,knee_flexion_left_joint,RS04,-0.050430,0.000000,5.938142,0.0000,0.0000,-0.050430,-1.358892,-0.913712,30.00
5.840021,torque-chirp,knee_flexion_left_joint,RS04,-0.060401,0.000000,7.558183,0.0000,0.0000,-0.060401,-1.150149,-0.195923,30.00
5.848021,torque-chirp,knee_flexion_left_joint,RS04,-0.067688,0.000000,8.342448,0.0000,0.0000,-0.067688,-0.774776,2.052643,30.00
5.856020,torque-chirp,knee_flexion_left_joint,RS04,-0.071906,0.000000,8.202071,0.0000,0.0000,-0.071906,-0.367819,4.147400,30.00
5.864019,torque-chirp,knee_flexion_left_joint,RS04,-0.071523,0.000000,7.150857,0.0000,0.0000,-0.071523,0.295034,4.854195,30.00
5.872025,torque-chirp,knee_flexion_left_joint,RS04,-0.066920,0.000000,5.301893,0.0000,0.0000,-0.066920,0.836118,4.638130,30.00
5.880021,torque-chirp,knee_flexion_left_joint,RS04,-0.056950,0.000000,2.863132,0.0000,0.0000,-0.056950,1.435797,3.554138,30.00
5.888021,torque-chirp,knee_flexion_left_joint,RS04,-0.042761,0.000000,0.102373,0.0000,0.0000,-0.042761,1.946213,3.645691,30.00
5.896019,torque-chirp,knee_flexion_left_joint,RS04,-0.027421,0.000000,-2.671269,0.0000,0.0000,-0.027421,1.879835,2.129547,30.00
5.904020,torque-chirp,knee_flexion_left_joint,RS04,-0.012080,0.000000,-5.149120,0.0000,0.0000,-0.012080,1.972305,1.539948,30.00
5.912020,torque-chirp,knee_flexion_left_joint,RS04,0.003260,0.000000,-7.051151,0.0000,0.0000,0.003260,1.850996,-0.346077,30.00
5.920021,torque-chirp,knee_flexion_left_joint,RS04,0.017449,0.000000,-8.163432,0.0000,0.0000,0.017449,1.617990,-1.118790,30.00
5.928019,torque-chirp,knee_flexion_left_joint,RS04,0.028187,0.000000,-8.358939,0.0000,0.0000,0.028187,1.139620,-2.426186,30.00
5.936020,torque-chirp,knee_flexion_left_joint,RS04,0.033939,0.000000,-7.613685,0.0000,0.0000,0.033939,0.420006,-3.989929,30.00
5.944021,torque-chirp,knee_flexion_left_joint,RS04,0.033939,0.000000,-6.009456,0.0000,0.0000,0.033939,-0.236439,-4.583199,30.00
5.952020,torque-chirp,knee_flexion_left_joint,RS04,0.029337,0.000000,-3.726014,0.0000,0.0000,0.029337,-0.778439,-4.367126,30.00
5.960019,torque-chirp,knee_flexion_left_joint,RS04,0.020517,0.000000,-1.019810,0.0000,0.0000,0.020517,-1.201420,-3.543152,30.00
5.968020,torque-chirp,knee_flexion_left_joint,RS04,0.010162,0.000000,1.804341,0.0000,0.0000,0.010162,-1.346075,-3.561462,30.00
5.976020,torque-chirp,knee_flexion_left_joint,RS04,-0.000575,0.000000,4.425821,0.0000,0.0000,-0.000575,-1.352942,-1.470360,30.00
5.984021,torque-chirp,knee_flexion_left_joint,RS04,-0.011697,0.000000,6.546386,0.0000,0.0000,-0.011697,-1.330511,0.144653,30.00
5.992019,torque-chirp,knee_flexion_left_joint,RS04,-0.021667,0.000000,7.923677,0.0000,0.0000,-0.021667,-1.115358,0.071411,30.00
6.000028,torque-chirp,knee_flexion_left_joint,RS04,-0.028955,0.000000,8.399995,0.0000,0.0000,-0.028955,-0.750973,2.173492,30.00
6.008073,torque-chirp,knee_flexion_left_joint,RS04,-0.032406,0.000000,7.912022,0.0000,0.0000,-0.032406,-0.191119,4.085144,30.00
6.016034,torque-chirp,knee_flexion_left_joint,RS04,-0.030489,0.000000,6.528735,0.0000,0.0000,-0.030489,0.438316,4.290230,30.00
6.024028,torque-chirp,knee_flexion_left_joint,RS04,-0.023585,0.000000,4.394697,0.0000,0.0000,-0.023585,1.172121,4.015564,30.00
6.032025,torque-chirp,knee_flexion_left_joint,RS04,-0.010930,0.000000,1.755700,0.0000,0.0000,-0.010930,1.789654,3.894714,30.00
6.040023,torque-chirp,knee_flexion_left_joint,RS04,0.003643,0.000000,-1.087118,0.0000,0.0000,0.003643,1.901350,2.796066,30.00
6.048021,torque-chirp,knee_flexion_left_joint,RS04,0.019366,0.000000,-3.806933,0.0000,0.0000,0.019366,1.890364,2.257721,30.00
6.056020,torque-chirp,knee_flexion_left_joint,RS04,0.035089,0.000000,-6.091369,0.0000,0.0000,0.035089,1.975052,0.437622,30.00
6.064024,torque-chirp,knee_flexion_left_joint,RS04,0.050431,0.000000,-7.676147,0.0000,0.0000,0.050431,1.846418,-0.463264,30.00
6.072021,torque-chirp,knee_flexion_left_joint,RS04,0.063087,0.000000,-8.375171,0.0000,0.0000,0.063087,1.488899,-1.426414,30.00
6.080019,torque-chirp,knee_flexion_left_joint,RS04,0.072290,0.000000,-8.107459,0.0000,0.0000,0.072290,0.844357,-3.806824,30.00
6.088022,torque-chirp,knee_flexion_left_joint,RS04,0.075742,0.000000,-6.900517,0.0000,0.0000,0.075742,0.201649,-4.762642,30.00
6.096031,torque-chirp,knee_flexion_left_joint,RS04,0.074975,0.000000,-4.890773,0.0000,0.0000,0.074975,-0.285420,-5.169144,30.00
6.108018,torque-chirp,knee_flexion_left_joint,RS04,0.066154,0.000000,-0.907614,0.0000,0.0000,0.066154,-0.984894,-4.000916,30.00
6.116022,torque-chirp,knee_flexion_left_joint,RS04,0.056951,0.000000,1.953522,0.0000,0.0000,0.056951,-1.279698,-3.140312,30.00
6.124023,torque-chirp,knee_flexion_left_joint,RS04,0.046211,0.000000,4.588075,0.0000,0.0000,0.046211,-1.301213,-2.005035,30.00
6.132019,torque-chirp,knee_flexion_left_joint,RS04,0.035857,0.000000,6.687859,0.0000,0.0000,0.035857,-1.269628,-0.814835,30.00
6.140023,torque-chirp,knee_flexion_left_joint,RS04,0.027037,0.000000,8.009531,0.0000,0.0000,0.027037,-1.040742,1.847565,30.00
6.148023,torque-chirp,knee_flexion_left_joint,RS04,0.020517,0.000000,8.394029,0.0000,0.0000,0.020517,-0.659876,2.788742,30.00
6.156023,torque-chirp,knee_flexion_left_joint,RS04,0.017066,0.000000,7.795226,0.0000,0.0000,0.017066,-0.188373,4.041199,30.00
6.164022,torque-chirp,knee_flexion_left_joint,RS04,0.018983,0.000000,6.281466,0.0000,0.0000,0.018983,0.474480,4.931099,30.00
6.172023,torque-chirp,knee_flexion_left_joint,RS04,0.025502,0.000000,4.028118,0.0000,0.0000,0.025502,0.956054,5.051949,30.00
6.180021,torque-chirp,knee_flexion_left_joint,RS04,0.036241,0.000000,1.300124,0.0000,0.0000,0.036241,1.474251,3.521179,30.00
6.188022,torque-chirp,knee_flexion_left_joint,RS04,0.049664,0.000000,-1.584247,0.0000,0.0000,0.049664,1.900434,2.664230,30.00
6.196021,torque-chirp,knee_flexion_left_joint,RS04,0.063853,0.000000,-4.282760,0.0000,0.0000,0.063853,1.721905,2.034332,30.00
6.204025,torque-chirp,knee_flexion_left_joint,RS04,0.077276,0.000000,-6.478201,0.0000,0.0000,0.077276,1.661020,-0.258186,30.00
6.212024,torque-chirp,knee_flexion_left_joint,RS04,0.090315,0.000000,-7.907192,0.0000,0.0000,0.090315,1.605631,-0.005493,30.00
6.220019,torque-chirp,knee_flexion_left_joint,RS04,0.100286,0.000000,-8.399989,0.0000,0.0000,0.100286,1.035248,-2.246742,30.00
6.228122,torque-chirp,knee_flexion_left_joint,RS04,0.106038,0.000000,-7.883750,0.0000,0.0000,0.106038,0.496910,-4.063171,30.00
6.236026,torque-chirp,knee_flexion_left_joint,RS04,0.106805,0.000000,-6.452523,0.0000,0.0000,0.106805,-0.157245,-4.821236,30.00
6.244021,torque-chirp,knee_flexion_left_joint,RS04,0.103354,0.000000,-4.241804,0.0000,0.0000,0.103354,-0.601281,-4.894478,30.00
6.252022,torque-chirp,knee_flexion_left_joint,RS04,0.095683,0.000000,-1.522170,0.0000,0.0000,0.095683,-1.150149,-3.740906,30.00
6.260023,torque-chirp,knee_flexion_left_joint,RS04,0.085329,0.000000,1.381080,0.0000,0.0000,0.085329,-1.397345,-2.898605,30.00
6.268022,torque-chirp,knee_flexion_left_joint,RS04,0.073824,0.000000,4.120344,0.0000,0.0000,0.073824,-1.396887,-2.466469,30.00
6.276021,torque-chirp,knee_flexion_left_joint,RS04,0.063087,0.000000,6.368657,0.0000,0.0000,0.063087,-1.254063,-0.100708,30.00
6.284024,torque-chirp,knee_flexion_left_joint,RS04,0.053116,0.000000,7.855396,0.0000,0.0000,0.053116,-1.232548,0.961319,30.00
6.292022,torque-chirp,knee_flexion_left_joint,RS04,0.045061,0.000000,8.399195,0.0000,0.0000,0.045061,-0.808194,1.426422,30.00
6.300019,torque-chirp,knee_flexion_left_joint,RS04,0.041609,0.000000,7.934019,0.0000,0.0000,0.041609,-0.237354,3.517517,30.00
6.308021,torque-chirp,knee_flexion_left_joint,RS04,0.043143,0.000000,6.512791,0.0000,0.0000,0.043143,0.480888,4.312202,30.00
6.316021,torque-chirp,knee_flexion_left_joint,RS04,0.050431,0.000000,4.305409,0.0000,0.0000,0.050431,1.131838,4.392769,30.00
6.324020,torque-chirp,knee_flexion_left_joint,RS04,0.061552,0.000000,1.576895,0.0000,0.0000,0.061552,1.609293,3.836121,30.00
6.332021,torque-chirp,knee_flexion_left_joint,RS04,0.076125,0.000000,-1.344982,0.0000,0.0000,0.076125,1.886244,2.528732,30.00
6.340020,torque-chirp,knee_flexion_left_joint,RS04,0.091082,0.000000,-4.105210,0.0000,0.0000,0.091082,1.892653,2.543381,30.00
6.348072,torque-chirp,knee_flexion_left_joint,RS04,0.105655,0.000000,-6.382142,0.0000,0.0000,0.105655,1.774090,-0.071411,30.00
6.356053,torque-chirp,knee_flexion_left_joint,RS04,0.119460,0.000000,-7.866626,0.0000,0.0000,0.119460,1.731976,-0.283821,30.00
6.364040,torque-chirp,knee_flexion_left_joint,RS04,0.131349,0.000000,-8.399714,0.0000,0.0000,0.131349,1.283817,-1.891510,30.00
6.372032,torque-chirp,knee_flexion_left_joint,RS04,0.138251,0.000000,-7.912800,0.0000,0.0000,0.138251,0.698329,-3.887390,30.00
6.380028,torque-chirp,knee_flexion_left_joint,RS04,0.140936,0.000000,-6.461363,0.0000,0.0000,0.140936,0.107347,-4.978714,30.00
6.388030,torque-chirp,knee_flexion_left_joint,RS04,0.138251,0.000000,-4.218753,0.0000,0.0000,0.138251,-0.501030,-4.586861,30.00
6.396027,torque-chirp,knee_flexion_left_joint,RS04,0.131732,0.000000,-1.460089,0.0000,0.0000,0.131732,-1.024261,-3.407646,30.00
6.404027,torque-chirp,knee_flexion_left_joint,RS04,0.122528,0.000000,1.480373,0.0000,0.0000,0.122528,-1.256809,-2.697189,30.00
6.412020,torque-chirp,knee_flexion_left_joint,RS04,0.112174,0.000000,4.238769,0.0000,0.0000,0.112174,-1.330053,-2.228432,30.00
6.420023,torque-chirp,knee_flexion_left_joint,RS04,0.101819,0.000000,6.481933,0.0000,0.0000,0.101819,-1.271459,-0.873428,30.00
6.428022,torque-chirp,knee_flexion_left_joint,RS04,0.092615,0.000000,7.928198,0.0000,0.0000,0.092615,-1.031129,1.547272,30.00
6.436021,torque-chirp,knee_flexion_left_joint,RS04,0.085712,0.000000,8.398919,0.0000,0.0000,0.085712,-0.731288,2.389572,30.00
6.444017,torque-chirp,knee_flexion_left_joint,RS04,0.082644,0.000000,7.834590,0.0000,0.0000,0.082644,-0.129778,3.638367,30.00
6.452022,torque-chirp,knee_flexion_left_joint,RS04,0.083796,0.000000,6.300971,0.0000,0.0000,0.083796,0.388876,4.791939,30.00
6.460021,torque-chirp,knee_flexion_left_joint,RS04,0.090315,0.000000,3.987754,0.0000,0.0000,0.090315,0.994048,5.205772,30.00
6.468020,torque-chirp,knee_flexion_left_joint,RS04,0.100669,0.000000,1.179144,0.0000,0.0000,0.100669,1.521858,3.440613,30.00
6.480018,torque-chirp,knee_flexion_left_joint,RS04,0.120995,0.000000,-3.196299,0.0000,0.0000,0.120995,1.719158,3.422302,30.00
6.488022,torque-chirp,knee_flexion_left_joint,RS04,0.135183,0.000000,-5.695400,0.0000,0.0000,0.135183,1.762188,1.254288,30.00
6.496021,torque-chirp,knee_flexion_left_joint,RS04,0.149374,0.000000,-7.485116,0.0000,0.0000,0.149374,1.758068,-0.053101,30.00
6.504025,torque-chirp,knee_flexion_left_joint,RS04,0.162029,0.000000,-8.343688,0.0000,0.0000,0.162029,1.440374,-0.642708,30.00
6.512021,torque-chirp,knee_flexion_left_joint,RS04,0.170850,0.000000,-8.160864,0.0000,0.0000,0.170850,0.876859,-3.371025,30.00
6.520020,torque-chirp,knee_flexion_left_joint,RS04,0.174685,0.000000,-6.958148,0.0000,0.0000,0.174685,0.252003,-4.747993,30.00
6.528019,torque-chirp,knee_flexion_left_joint,RS04,0.173918,0.000000,-4.883736,0.0000,0.0000,0.173918,-0.229115,-5.110550,30.00
6.536026,torque-chirp,knee_flexion_left_joint,RS04,0.168933,0.000000,-2.192915,0.0000,0.0000,0.168933,-0.804990,-4.198669,30.00
6.544023,torque-chirp,knee_flexion_left_joint,RS04,0.160879,0.000000,0.771739,0.0000,0.0000,0.160879,-1.170749,-2.338295,30.00
6.552021,torque-chirp,knee_flexion_left_joint,RS04,0.150908,0.000000,3.641626,0.0000,0.0000,0.150908,-1.303960,-1.851227,30.00
6.560020,torque-chirp,knee_flexion_left_joint,RS04,0.140553,0.000000,6.055871,0.0000,0.0000,0.140553,-1.233921,-1.737701,30.00
6.568021,torque-chirp,knee_flexion_left_joint,RS04,0.131349,0.000000,7.708487,0.0000,0.0000,0.131349,-1.118105,0.785538,30.00
6.576021,torque-chirp,knee_flexion_left_joint,RS04,0.124446,0.000000,8.388935,0.0000,0.0000,0.124446,-0.759670,2.543381,30.00
6.584018,torque-chirp,knee_flexion_left_joint,RS04,0.120227,0.000000,8.009719,0.0000,0.0000,0.120227,-0.352255,3.722595,30.00
6.592019,torque-chirp,knee_flexion_left_joint,RS04,0.120227,0.000000,6.615998,0.0000,0.0000,0.120227,0.271229,4.846870,30.00
6.600019,torque-chirp,knee_flexion_left_joint,RS04,0.124829,0.000000,4.382821,0.0000,0.0000,0.124829,0.799039,5.227745,30.00
6.608021,torque-chirp,knee_flexion_left_joint,RS04,0.133266,0.000000,1.590951,0.0000,0.0000,0.133266,1.245823,3.671326,30.00
6.616018,torque-chirp,knee_flexion_left_joint,RS04,0.145154,0.000000,-1.402937,0.0000,0.0000,0.145154,1.652781,2.261383,30.00
6.624018,torque-chirp,knee_flexion_left_joint,RS04,0.158195,0.000000,-4.221577,0.0000,0.0000,0.158195,1.542000,2.572678,30.00
6.632021,torque-chirp,knee_flexion_left_joint,RS04,0.170083,0.000000,-6.504761,0.0000,0.0000,0.170083,1.518654,0.236206,30.00
6.640020,torque-chirp,knee_flexion_left_joint,RS04,0.181205,0.000000,-7.958079,0.0000,0.0000,0.181205,1.320438,-0.855118,30.00
6.648021,torque-chirp,knee_flexion_left_joint,RS04,0.190409,0.000000,-8.395215,0.0000,0.0000,0.190409,0.919433,-1.283592,30.00
6.656021,torque-chirp,knee_flexion_left_joint,RS04,0.194627,0.000000,-7.758012,0.0000,0.0000,0.194627,0.266651,-3.316093,30.00
6.664022,torque-chirp,knee_flexion_left_joint,RS04,0.192709,0.000000,-6.125580,0.0000,0.0000,0.192709,-0.490959,-3.978943,30.00
6.672041,torque-chirp,knee_flexion_left_joint,RS04,0.185806,0.000000,-3.699474,0.0000,0.0000,0.185806,-1.011902,-4.107117,30.00
6.680023,torque-chirp,knee_flexion_left_joint,RS04,0.174685,0.000000,-0.808204,0.0000,0.0000,0.174685,-1.458686,-4.323181,30.00
6.688020,torque-chirp,knee_flexion_left_joint,RS04,0.161646,0.000000,2.194182,0.0000,0.0000,0.161646,-1.628977,-2.455482,30.00
6.696021,torque-chirp,knee_flexion_left_joint,RS04,0.147840,0.000000,4.917489,0.0000,0.0000,0.147840,-1.722362,-1.594872,30.00
6.704020,torque-chirp,knee_flexion_left_joint,RS04,0.134033,0.000000,7.006970,0.0000,0.0000,0.134033,-1.700847,-0.411995,30.00
6.712019,torque-chirp,knee_flexion_left_joint,RS04,0.120995,0.000000,8.192641,0.0000,0.0000,0.120995,-1.499886,1.561920,30.00
6.720021,torque-chirp,knee_flexion_left_joint,RS04,0.111023,0.000000,8.318726,0.0000,0.0000,0.111023,-1.140078,2.276031,30.00
6.728020,torque-chirp,knee_flexion_left_joint,RS04,0.105271,0.000000,7.367019,0.0000,0.0000,0.105271,-0.469902,4.110779,30.00
6.736020,torque-chirp,knee_flexion_left_joint,RS04,0.105271,0.000000,5.458389,0.0000,0.0000,0.105271,0.232777,4.476997,30.00
6.744085,torque-chirp,knee_flexion_left_joint,RS04,0.110256,0.000000,2.815845,0.0000,0.0000,0.110256,0.853971,3.473572,30.00
6.752028,torque-chirp,knee_flexion_left_joint,RS04,0.119843,0.000000,-0.154093,0.0000,0.0000,0.119843,1.390478,3.664001,30.00
6.760024,torque-chirp,knee_flexion_left_joint,RS04,0.130965,0.000000,-3.125086,0.0000,0.0000,0.130965,1.305332,2.748459,30.00
6.768023,torque-chirp,knee_flexion_left_joint,RS04,0.140936,0.000000,-5.691851,0.0000,0.0000,0.140936,1.279697,0.360718,30.00
6.776021,torque-chirp,knee_flexion_left_joint,RS04,0.151292,0.000000,-7.516121,0.0000,0.0000,0.151292,1.258640,0.038452,30.00
6.784020,torque-chirp,knee_flexion_left_joint,RS04,0.160112,0.000000,-8.358802,0.0000,0.0000,0.160112,1.027466,-0.836807,30.00
6.792020,torque-chirp,knee_flexion_left_joint,RS04,0.165097,0.000000,-8.106927,0.0000,0.0000,0.165097,0.340353,-2.975510,30.00
6.800021,torque-chirp,knee_flexion_left_joint,RS04,0.164714,0.000000,-6.790987,0.0000,0.0000,0.164714,-0.275807,-4.293884,30.00
6.808017,torque-chirp,knee_flexion_left_joint,RS04,0.159346,0.000000,-4.583361,0.0000,0.0000,0.159346,-0.865416,-4.374451,30.00
6.816049,torque-chirp,knee_flexion_left_joint,RS04,0.148991,0.000000,-1.758405,0.0000,0.0000,0.148991,-1.443122,-4.257263,30.00
6.824042,torque-chirp,knee_flexion_left_joint,RS04,0.135950,0.000000,1.287268,0.0000,0.0000,0.135950,-1.711375,-3.480888,30.00
6.832031,torque-chirp,knee_flexion_left_joint,RS04,0.122145,0.000000,4.164018,0.0000,0.0000,0.122145,-1.772259,-1.155411,30.00
6.840024,torque-chirp,knee_flexion_left_joint,RS04,0.107955,0.000000,6.494836,0.0000,0.0000,0.107955,-1.722362,-1.488670,30.00
6.848019,torque-chirp,knee_flexion_left_joint,RS04,0.094533,0.000000,7.970091,0.0000,0.0000,0.094533,-1.596475,1.320206,30.00
6.856020,torque-chirp,knee_flexion_left_joint,RS04,0.083412,0.000000,8.391572,0.0000,0.0000,0.083412,-1.281987,2.140533,30.00
6.864020,torque-chirp,knee_flexion_left_joint,RS04,0.075742,0.000000,7.700163,0.0000,0.0000,0.075742,-0.722590,3.363708,30.00
6.872019,torque-chirp,knee_flexion_left_joint,RS04,0.073824,0.000000,5.985892,0.0000,0.0000,0.073824,0.056076,4.249947,30.00
6.880022,torque-chirp,knee_flexion_left_joint,RS04,0.077660,0.000000,3.473038,0.0000,0.0000,0.077660,0.684138,3.956970,30.00
6.888020,torque-chirp,knee_flexion_left_joint,RS04,0.086096,0.000000,0.497734,0.0000,0.0000,0.086096,1.254978,3.711609,30.00
6.896024,torque-chirp,knee_flexion_left_joint,RS04,0.096834,0.000000,-2.548365,0.0000,0.0000,0.096834,1.343327,2.847336,30.00
6.904017,torque-chirp,knee_flexion_left_joint,RS04,0.107188,0.000000,-5.252305,0.0000,0.0000,0.107188,1.268253,0.701309,30.00
6.912021,torque-chirp,knee_flexion_left_joint,RS04,0.117927,0.000000,-7.258818,0.0000,0.0000,0.117927,1.341953,0.411987,30.00
6.920020,torque-chirp,knee_flexion_left_joint,RS04,0.127131,0.000000,-8.293657,0.0000,0.0000,0.127131,1.036621,-0.444954,30.00
6.928017,torque-chirp,knee_flexion_left_joint,RS04,0.132882,0.000000,-8.217347,0.0000,0.0000,0.132882,0.527581,-2.799728,30.00
6.936019,torque-chirp,knee_flexion_left_joint,RS04,0.133266,0.000000,-7.037444,0.0000,0.0000,0.133266,-0.136187,-4.129089,30.00
6.944018,torque-chirp,knee_flexion_left_joint,RS04,0.128664,0.000000,-4.911175,0.0000,0.0000,0.128664,-0.750973,-4.612495,30.00
6.952018,torque-chirp,knee_flexion_left_joint,RS04,0.119460,0.000000,-2.121873,0.0000,0.0000,0.119460,-1.338751,-3.696960,30.00
6.960019,torque-chirp,knee_flexion_left_joint,RS04,0.107188,0.000000,0.955519,0.0000,0.0000,0.107188,-1.596017,-4.169373,30.00
6.968016,torque-chirp,knee_flexion_left_joint,RS04,0.094150,0.000000,3.904475,0.0000,0.0000,0.094150,-1.634928,-1.287254,30.00
6.976018,torque-chirp,knee_flexion_left_joint,RS04,0.080344,0.000000,6.329199,0.0000,0.0000,0.080344,-1.707255,-1.122452,30.00
6.984019,torque-chirp,knee_flexion_left_joint,RS04,0.067305,0.000000,7.898435,0.0000,0.0000,0.067305,-1.584115,0.444946,30.00
6.992042,torque-chirp,knee_flexion_left_joint,RS04,0.056951,0.000000,8.397571,0.0000,0.0000,0.056951,-1.205540,2.539719,30.00
7.000030,torque-chirp,knee_flexion_left_joint,RS04,0.049664,0.000000,7.756147,0.0000,0.0000,0.049664,-0.707942,3.740906,30.00
7.008023,torque-chirp,knee_flexion_left_joint,RS04,0.046978,0.000000,6.061983,0.0000,0.0000,0.046978,-0.062028,4.301216,30.00
7.016021,torque-chirp,knee_flexion_left_joint,RS04,0.050048,0.000000,3.541500,0.0000,0.0000,0.050048,0.566491,4.301216,30.00
7.024034,torque-chirp,knee_flexion_left_joint,RS04,0.057717,0.000000,0.531103,0.0000,0.0000,0.057717,1.089722,3.902039,30.00
7.032081,torque-chirp,knee_flexion_left_joint,RS04,0.066921,0.000000,-2.566577,0.0000,0.0000,0.066921,1.171663,2.290680,30.00
7.040071,torque-chirp,knee_flexion_left_joint,RS04,0.076892,0.000000,-5.294025,0.0000,0.0000,0.076892,1.217440,0.686661,30.00
7.048077,torque-chirp,knee_flexion_left_joint,RS04,0.086480,0.000000,-7.304198,0.0000,0.0000,0.086480,1.243076,0.595108,30.00
7.056094,torque-chirp,knee_flexion_left_joint,RS04,0.094916,0.000000,-8.313759,0.0000,0.0000,0.094916,0.942321,-0.532845,30.00
7.064066,torque-chirp,knee_flexion_left_joint,RS04,0.099519,0.000000,-8.182795,0.0000,0.0000,0.099519,0.404440,-2.770432,30.00
7.072036,torque-chirp,knee_flexion_left_joint,RS04,0.099135,0.000000,-6.935835,0.0000,0.0000,0.099135,-0.225452,-4.213318,30.00
7.080027,torque-chirp,knee_flexion_left_joint,RS04,0.093766,0.000000,-4.734657,0.0000,0.0000,0.093766,-0.849393,-4.085144,30.00
7.088025,torque-chirp,knee_flexion_left_joint,RS04,0.083796,0.000000,-1.878241,0.0000,0.0000,0.083796,-1.477912,-4.348816,30.00
7.096020,torque-chirp,knee_flexion_left_joint,RS04,0.070756,0.000000,1.237383,0.0000,0.0000,0.070756,-1.672465,-3.565125,30.00
7.104019,torque-chirp,knee_flexion_left_joint,RS04,0.056951,0.000000,4.185854,0.0000,0.0000,0.056951,-1.803388,-1.217674,30.00
7.112019,torque-chirp,knee_flexion_left_joint,RS04,0.042760,0.000000,6.557723,0.0000,0.0000,0.042760,-1.636759,-1.627831,30.00
7.120020,torque-chirp,knee_flexion_left_joint,RS04,0.030488,0.000000,8.023208,0.0000,0.0000,0.030488,-1.510414,0.928360,30.00
7.128018,torque-chirp,knee_flexion_left_joint,RS04,0.020134,0.000000,8.377089,0.0000,0.0000,0.020134,-1.135958,2.268707,30.00
7.136019,torque-chirp,knee_flexion_left_joint,RS04,0.012847,0.000000,7.568361,0.0000,0.0000,0.012847,-0.690547,3.858093,30.00
7.144018,torque-chirp,knee_flexion_left_joint,RS04,0.011313,0.000000,5.707003,0.0000,0.0000,0.011313,0.088121,4.033875,30.00
7.152019,torque-chirp,knee_flexion_left_joint,RS04,0.015532,0.000000,3.050101,0.0000,0.0000,0.015532,0.773404,4.055847,30.00
7.160020,torque-chirp,knee_flexion_left_joint,RS04,0.023969,0.000000,-0.034323,0.0000,0.0000,0.023969,1.115816,3.700623,30.00
7.168019,torque-chirp,knee_flexion_left_joint,RS04,0.034323,0.000000,-3.115031,0.0000,0.0000,0.034323,1.366217,2.151520,30.00
7.176020,torque-chirp,knee_flexion_left_joint,RS04,0.043910,0.000000,-5.762780,0.0000,0.0000,0.043910,1.175325,0.510880,30.00
7.184299,torque-chirp,knee_flexion_left_joint,RS04,0.054266,0.000000,-7.651874,0.0000,0.0000,0.054266,1.213778,0.393677,30.00
7.192052,torque-chirp,knee_flexion_left_joint,RS04,0.061936,0.000000,-8.384756,0.0000,0.0000,0.061936,0.816434,-0.888077,30.00
7.200037,torque-chirp,knee_flexion_left_joint,RS04,0.066154,0.000000,-7.984375,0.0000,0.0000,0.066154,0.289997,-3.184258,30.00
7.208061,torque-chirp,knee_flexion_left_joint,RS04,0.065388,0.000000,-6.456282,0.0000,0.0000,0.065388,-0.365072,-4.381775,30.00
7.216041,torque-chirp,knee_flexion_left_joint,RS04,0.060019,0.000000,-4.028708,0.0000,0.0000,0.060019,-0.969788,-4.282898,30.00
7.224037,torque-chirp,knee_flexion_left_joint,RS04,0.050048,0.000000,-1.028650,0.0000,0.0000,0.050048,-1.428015,-4.191345,30.00
7.232027,torque-chirp,knee_flexion_left_joint,RS04,0.037391,0.000000,2.115847,0.0000,0.0000,0.037391,-1.605172,-3.356377,30.00
7.240020,torque-chirp,knee_flexion_left_joint,RS04,0.024735,0.000000,4.965237,0.0000,0.0000,0.024735,-1.603341,-0.767227,30.00
7.248019,torque-chirp,knee_flexion_left_joint,RS04,0.012080,0.000000,7.116795,0.0000,0.0000,0.012080,-1.569009,-1.071182,30.00
7.256018,torque-chirp,knee_flexion_left_joint,RS04,0.000575,0.000000,8.262056,0.0000,0.0000,0.000575,-1.335546,0.943008,30.00
7.264110,torque-chirp,knee_flexion_left_joint,RS04,-0.007478,0.000000,8.229632,0.0000,0.0000,-0.007478,-0.955138,3.290466,30.00
7.272031,torque-chirp,knee_flexion_left_joint,RS04,-0.012464,0.000000,7.039268,0.0000,0.0000,-0.012464,-0.487755,4.400093,30.00
7.280020,torque-chirp,knee_flexion_left_joint,RS04,-0.012464,0.000000,4.845133,0.0000,0.0000,-0.012464,0.287708,4.575874,30.00
7.288023,torque-chirp,knee_flexion_left_joint,RS04,-0.007862,0.000000,1.956141,0.0000,0.0000,-0.007862,0.744563,4.575874,30.00
7.296020,torque-chirp,knee_flexion_left_joint,RS04,-0.000192,0.000000,-1.211484,0.0000,0.0000,-0.000192,1.067291,2.715500,30.00
7.304020,torque-chirp,knee_flexion_left_joint,RS04,0.009396,0.000000,-4.209031,0.0000,0.0000,0.009396,1.209200,1.067520,30.00
7.312018,torque-chirp,knee_flexion_left_joint,RS04,0.018983,0.000000,-6.606753,0.0000,0.0000,0.018983,1.199587,1.052872,30.00
7.320022,torque-chirp,knee_flexion_left_joint,RS04,0.027037,0.000000,-8.061555,0.0000,0.0000,0.027037,0.987639,0.082397,30.00
7.328020,torque-chirp,knee_flexion_left_joint,RS04,0.032405,0.000000,-8.361375,0.0000,0.0000,0.032405,0.458916,-2.213783,30.00
7.336022,torque-chirp,knee_flexion_left_joint,RS04,0.033556,0.000000,-7.461503,0.0000,0.0000,0.033556,-0.055161,-4.008240,30.00
7.344021,torque-chirp,knee_flexion_left_joint,RS04,0.030105,0.000000,-5.489669,0.0000,0.0000,0.030105,-0.640650,-4.986038,30.00
7.356041,torque-chirp,knee_flexion_left_joint,RS04,0.015915,0.000000,-1.161553,0.0000,0.0000,0.015915,-1.574502,-4.440369,30.00
7.364043,torque-chirp,knee_flexion_left_joint,RS04,0.001726,0.000000,2.024069,0.0000,0.0000,0.001726,-1.835889,-4.077820,30.00
7.372035,torque-chirp,knee_flexion_left_joint,RS04,-0.013614,0.000000,4.916537,0.0000,0.0000,-0.013614,-1.961318,-1.228661,30.00
7.380032,torque-chirp,knee_flexion_left_joint,RS04,-0.027804,0.000000,7.102814,0.0000,0.0000,-0.027804,-1.812543,-1.195702,30.00
7.388029,torque-chirp,knee_flexion_left_joint,RS04,-0.040843,0.000000,8.263491,0.0000,0.0000,-0.040843,-1.557107,1.679108,30.00
7.396023,torque-chirp,knee_flexion_left_joint,RS04,-0.050814,0.000000,8.228857,0.0000,0.0000,-0.050814,-1.105288,2.188141,30.00
7.404021,torque-chirp,knee_flexion_left_joint,RS04,-0.056566,0.000000,7.001393,0.0000,0.0000,-0.056566,-0.459831,3.429626,30.00
7.412020,torque-chirp,knee_flexion_left_joint,RS04,-0.056950,0.000000,4.756557,0.0000,0.0000,-0.056950,0.202564,4.224312,30.00
7.420019,torque-chirp,knee_flexion_left_joint,RS04,-0.051965,0.000000,1.818360,0.0000,0.0000,-0.051965,0.842984,4.030212,30.00
7.428019,torque-chirp,knee_flexion_left_joint,RS04,-0.042761,0.000000,-1.386507,0.0000,0.0000,-0.042761,1.322269,3.275803,30.00
7.436017,torque-chirp,knee_flexion_left_joint,RS04,-0.032406,0.000000,-4.390499,0.0000,0.0000,-0.032406,1.257267,1.649811,30.00
7.444019,torque-chirp,knee_flexion_left_joint,RS04,-0.022818,0.000000,-6.756803,0.0000,0.0000,-0.022818,1.210573,-0.159302,30.00
7.452017,torque-chirp,knee_flexion_left_joint,RS04,-0.013614,0.000000,-8.135794,0.0000,0.0000,-0.013614,1.079193,-0.463264,30.00
7.460017,torque-chirp,knee_flexion_left_joint,RS04,-0.007094,0.000000,-8.325184,0.0000,0.0000,-0.007094,0.720302,-1.620506,30.00
7.468019,torque-chirp,knee_flexion_left_joint,RS04,-0.005561,0.000000,-7.294155,0.0000,0.0000,-0.005561,-0.089495,-3.389336,30.00
7.476018,torque-chirp,knee_flexion_left_joint,RS04,-0.009396,0.000000,-5.192355,0.0000,0.0000,-0.009396,-0.707484,-4.835884,30.00
7.484017,torque-chirp,knee_flexion_left_joint,RS04,-0.017066,0.000000,-2.326341,0.0000,0.0000,-0.017066,-1.187228,-4.678413,30.00
7.492017,torque-chirp,knee_flexion_left_joint,RS04,-0.028188,0.000000,0.883876,0.0000,0.0000,-0.028188,-1.432592,-4.118103,30.00
7.500017,torque-chirp,knee_flexion_left_joint,RS04,-0.040076,0.000000,3.965813,0.0000,0.0000,-0.040076,-1.470588,-1.466698,30.00
7.508017,torque-chirp,knee_flexion_left_joint,RS04,-0.052348,0.000000,6.464890,0.0000,0.0000,-0.052348,-1.517738,-1.151749,30.00
7.516019,torque-chirp,knee_flexion_left_joint,RS04,-0.063852,0.000000,8.010715,0.0000,0.0000,-0.063852,-1.353857,0.210571,30.00
7.524016,torque-chirp,knee_flexion_left_joint,RS04,-0.072673,0.000000,8.372287,0.0000,0.0000,-0.072673,-0.978027,2.576340,30.00
7.532016,torque-chirp,knee_flexion_left_joint,RS04,-0.078043,0.000000,7.494734,0.0000,0.0000,-0.078043,-0.510643,3.949646,30.00
7.540017,torque-chirp,knee_flexion_left_joint,RS04,-0.079193,0.000000,5.505006,0.0000,0.0000,-0.079193,0.042343,4.879829,30.00
7.548017,torque-chirp,knee_flexion_left_joint,RS04,-0.075742,0.000000,2.697070,0.0000,0.0000,-0.075742,0.646602,4.945747,30.00
7.556016,torque-chirp,knee_flexion_left_joint,RS04,-0.068455,0.000000,-0.513310,0.0000,0.0000,-0.068455,1.058594,3.125656,30.00
7.564017,torque-chirp,knee_flexion_left_joint,RS04,-0.058867,0.000000,-3.650028,0.0000,0.0000,-0.058867,1.296635,1.290909,30.00
7.572017,torque-chirp,knee_flexion_left_joint,RS04,-0.048512,0.000000,-6.243873,0.0000,0.0000,-0.048512,1.278782,1.063858,30.00
7.580018,torque-chirp,knee_flexion_left_joint,RS04,-0.039309,0.000000,-7.908129,0.0000,0.0000,-0.039309,1.025635,0.408325,30.00
7.588017,torque-chirp,knee_flexion_left_joint,RS04,-0.033174,0.000000,-8.391448,0.0000,0.0000,-0.033174,0.641564,-1.979401,30.00
7.596018,torque-chirp,knee_flexion_left_joint,RS04,-0.030489,0.000000,-7.619683,0.0000,0.0000,-0.030489,0.149004,-3.902039,30.00
7.604020,torque-chirp,knee_flexion_left_joint,RS04,-0.032789,0.000000,-5.705490,0.0000,0.0000,-0.032789,-0.413596,-4.766304,30.00
7.612020,torque-chirp,knee_flexion_left_joint,RS04,-0.038925,0.000000,-2.934518,0.0000,0.0000,-0.038925,-1.050813,-3.931335,30.00
7.620017,torque-chirp,knee_flexion_left_joint,RS04,-0.049280,0.000000,0.277558,0.0000,0.0000,-0.049280,-1.411535,-3.795837,30.00
7.628019,torque-chirp,knee_flexion_left_joint,RS04,-0.061552,0.000000,3.451472,0.0000,0.0000,-0.061552,-1.542915,-3.089043,30.00
7.636017,torque-chirp,knee_flexion_left_joint,RS04,-0.072673,0.000000,6.106565,0.0000,0.0000,-0.072673,-1.419317,-0.371712,30.00
7.644018,torque-chirp,knee_flexion_left_joint,RS04,-0.083412,0.000000,7.843654,0.0000,0.0000,-0.083412,-1.296178,-0.078735,30.00
7.652017,torque-chirp,knee_flexion_left_joint,RS04,-0.092232,0.000000,8.397376,0.0000,0.0000,-0.092232,-0.908904,0.712296,30.00
7.660021,torque-chirp,knee_flexion_left_joint,RS04,-0.096451,0.000000,7.681971,0.0000,0.0000,-0.096451,-0.334860,3.235519,30.00
7.668020,torque-chirp,knee_flexion_left_joint,RS04,-0.096451,0.000000,5.803843,0.0000,0.0000,-0.096451,0.176929,4.762642,30.00
7.676022,torque-chirp,knee_flexion_left_joint,RS04,-0.091848,0.000000,3.044406,0.0000,0.0000,-0.091848,0.820554,4.422066,30.00
7.684026,torque-chirp,knee_flexion_left_joint,RS04,-0.082261,0.000000,-0.179745,0.0000,0.0000,-0.082261,1.441290,3.213547,30.00
7.692022,torque-chirp,knee_flexion_left_joint,RS04,-0.069605,0.000000,-3.375652,0.0000,0.0000,-0.069605,1.601969,2.437180,30.00
7.700021,torque-chirp,knee_flexion_left_joint,RS04,-0.057716,0.000000,-6.061191,0.0000,0.0000,-0.057716,1.479744,0.415649,30.00
7.708022,torque-chirp,knee_flexion_left_joint,RS04,-0.046212,0.000000,-7.825932,0.0000,0.0000,-0.046212,1.436255,0.280151,30.00
7.716021,torque-chirp,knee_flexion_left_joint,RS04,-0.037008,0.000000,-8.398114,0.0000,0.0000,-0.037008,1.030212,-1.254295,30.00
7.724020,torque-chirp,knee_flexion_left_joint,RS04,-0.030872,0.000000,-7.688769,0.0000,0.0000,-0.030872,0.523460,-3.891052,30.00
7.732020,torque-chirp,knee_flexion_left_joint,RS04,-0.030106,0.000000,-5.803790,0.0000,0.0000,-0.030106,-0.067521,-4.832222,30.00
7.740020,torque-chirp,knee_flexion_left_joint,RS04,-0.033557,0.000000,-3.029040,0.0000,0.0000,-0.033557,-0.554588,-4.458687,30.00
7.748020,torque-chirp,knee_flexion_left_joint,RS04,-0.040460,0.000000,0.211086,0.0000,0.0000,-0.040460,-1.109407,-3.111015,30.00
7.756023,torque-chirp,knee_flexion_left_joint,RS04,-0.050047,0.000000,3.422370,0.0000,0.0000,-0.050047,-1.122683,-2.601974,30.00
7.764018,torque-chirp,knee_flexion_left_joint,RS04,-0.058867,0.000000,6.107020,0.0000,0.0000,-0.058867,-1.152896,-1.964752,30.00
7.772018,torque-chirp,knee_flexion_left_joint,RS04,-0.066920,0.000000,7.855662,0.0000,0.0000,-0.066920,-0.965667,0.503555,30.00
7.780088,torque-chirp,knee_flexion_left_joint,RS04,-0.073056,0.000000,8.394390,0.0000,0.0000,-0.073056,-0.574273,2.367599,30.00
7.788025,torque-chirp,knee_flexion_left_joint,RS04,-0.075742,0.000000,7.639536,0.0000,0.0000,-0.075742,-0.217213,3.949646,30.00
7.796024,torque-chirp,knee_flexion_left_joint,RS04,-0.074592,0.000000,5.704196,0.0000,0.0000,-0.074592,0.316092,5.147163,30.00
7.804020,torque-chirp,knee_flexion_left_joint,RS04,-0.069605,0.000000,2.886935,0.0000,0.0000,-0.069605,0.900664,4.429390,30.00
7.812021,torque-chirp,knee_flexion_left_joint,RS04,-0.060401,0.000000,-0.380498,0.0000,0.0000,-0.060401,1.327763,2.905930,30.00
7.820020,torque-chirp,knee_flexion_left_joint,RS04,-0.048129,0.000000,-3.590155,0.0000,0.0000,-0.048129,1.596018,2.378586,30.00
7.828021,torque-chirp,knee_flexion_left_joint,RS04,-0.036241,0.000000,-6.245188,0.0000,0.0000,-0.036241,1.373083,1.514313,30.00
7.836021,torque-chirp,knee_flexion_left_joint,RS04,-0.025887,0.000000,-7.931127,0.0000,0.0000,-0.025887,1.302586,-0.869766,30.00
7.844021,torque-chirp,knee_flexion_left_joint,RS04,-0.017066,0.000000,-8.384171,0.0000,0.0000,-0.017066,0.977111,-1.704742,30.00
7.852020,torque-chirp,knee_flexion_left_joint,RS04,-0.011313,0.000000,-7.531765,0.0000,0.0000,-0.011313,0.482719,-3.444267,30.00
7.860021,torque-chirp,knee_flexion_left_joint,RS04,-0.010930,0.000000,-5.503658,0.0000,0.0000,-0.010930,-0.229572,-4.235291,30.00
7.868021,torque-chirp,knee_flexion_left_joint,RS04,-0.015148,0.000000,-2.614879,0.0000,0.0000,-0.015148,-0.659418,-5.099564,30.00
7.876019,torque-chirp,knee_flexion_left_joint,RS04,-0.022434,0.000000,0.683463,0.0000,0.0000,-0.022434,-1.070954,-4.242615,30.00
7.884021,torque-chirp,knee_flexion_left_joint,RS04,-0.031639,0.000000,3.877914,0.0000,0.0000,-0.031639,-1.141451,-2.448158,30.00
7.892020,torque-chirp,knee_flexion_left_joint,RS04,-0.040076,0.000000,6.465749,0.0000,0.0000,-0.040076,-1.020142,-0.122681,30.00
7.900021,torque-chirp,knee_flexion_left_joint,RS04,-0.048897,0.000000,8.040842,0.0000,0.0000,-0.048897,-0.878233,0.569473,30.00
7.908020,torque-chirp,knee_flexion_left_joint,RS04,-0.055033,0.000000,8.353236,0.0000,0.0000,-0.055033,-0.605401,1.093155,30.00
7.916021,torque-chirp,knee_flexion_left_joint,RS04,-0.056183,0.000000,7.351539,0.0000,0.0000,-0.056183,0.146257,3.125656,30.00
7.928016,torque-chirp,knee_flexion_left_joint,RS04,-0.049280,0.000000,3.778543,0.0000,0.0000,-0.049280,1.006409,4.806587,30.00
7.936021,torque-chirp,knee_flexion_left_joint,RS04,-0.038925,0.000000,0.556534,0.0000,0.0000,-0.038925,1.492104,4.429390,30.00
7.944019,torque-chirp,knee_flexion_left_joint,RS04,-0.024736,0.000000,-2.752488,0.0000,0.0000,-0.024736,1.856489,1.796295,30.00
7.952019,torque-chirp,knee_flexion_left_joint,RS04,-0.009396,0.000000,-5.628922,0.0000,0.0000,-0.009396,1.840925,1.953766,30.00
7.960021,torque-chirp,knee_flexion_left_joint,RS04,0.004410,0.000000,-7.615398,0.0000,0.0000,0.004410,1.674753,-0.272835,30.00
7.968019,torque-chirp,knee_flexion_left_joint,RS04,0.016682,0.000000,-8.394940,0.0000,0.0000,0.016682,1.408789,-1.217674,30.00
7.976019,torque-chirp,knee_flexion_left_joint,RS04,0.025886,0.000000,-7.842035,0.0000,0.0000,0.025886,0.951476,-2.488441,30.00
7.984021,torque-chirp,knee_flexion_left_joint,RS04,0.029721,0.000000,-6.041471,0.0000,0.0000,0.029721,0.186085,-3.986267,30.00
7.992021,torque-chirp,knee_flexion_left_joint,RS04,0.027803,0.000000,-3.278458,0.0000,0.0000,0.027803,-0.475395,-3.847107,30.00
