t_s,maneuver,joint,model,cmd_pos,cmd_vel,cmd_tau,cmd_kp,cmd_kd,fb_pos,fb_vel,fb_tau,fb_temp
0.000001,friction-sweep,knee_flexion_right_joint,RS04,6.035731,0.000000,0.000000,0.0000,2.0000,6.035731,0.008469,0.023804,28.00
0.008035,friction-sweep,knee_flexion_right_joint,RS04,6.030746,0.000000,0.000000,0.0000,2.0000,6.030746,-0.060197,-0.162964,28.00
0.020018,friction-sweep,knee_flexion_right_joint,RS04,6.030746,0.000000,0.000000,0.0000,2.0000,6.030746,0.027237,-0.155640,28.00
0.028012,friction-sweep,knee_flexion_right_joint,RS04,6.030746,0.000000,0.000000,0.0000,2.0000,6.030746,0.009842,-0.170288,28.00
0.036019,friction-sweep,knee_flexion_right_joint,RS04,6.030746,0.000000,0.000000,0.0000,2.0000,6.030746,-0.050584,-0.064087,28.00
0.044017,friction-sweep,knee_flexion_right_joint,RS04,6.030746,0.000000,0.000000,0.0000,2.0000,6.030746,-0.013504,0.034790,28.00
0.052032,friction-sweep,knee_flexion_right_joint,RS04,6.030746,0.000000,0.000000,0.0000,2.0000,6.030746,0.027695,-0.009155,28.00
0.060020,friction-sweep,knee_flexion_right_joint,RS04,6.030746,0.000000,0.000000,0.0000,2.0000,6.030746,0.014877,0.056763,28.00
0.068017,friction-sweep,knee_flexion_right_joint,RS04,6.030746,0.000000,0.000000,0.0000,2.0000,6.030746,-0.058824,-0.009155,28.00
0.080010,friction-sweep,knee_flexion_right_joint,RS04,6.030746,0.000000,0.000000,0.0000,2.0000,6.030746,-0.029527,-0.045776,28.00
0.092014,friction-sweep,knee_flexion_right_joint,RS04,6.030746,0.000000,0.000000,0.0000,2.0000,6.030746,0.005264,-0.027466,28.00
0.104010,friction-sweep,knee_flexion_right_joint,RS04,6.030746,0.000000,0.000000,0.0000,2.0000,6.030746,-0.004807,0.020142,28.00
0.112011,friction-sweep,knee_flexion_right_joint,RS04,6.030746,0.000000,0.000000,0.0000,2.0000,6.030746,-0.013962,0.034790,28.00
0.120019,friction-sweep,knee_flexion_right_joint,RS04,6.030746,0.000000,0.000000,0.0000,2.0000,6.030746,-0.010757,-0.042114,28.00
0.128017,friction-sweep,knee_flexion_right_joint,RS04,6.030746,0.000000,0.000000,0.0000,2.0000,6.030746,-0.042344,0.031128,28.00
0.140011,friction-sweep,knee_flexion_right_joint,RS04,6.031129,0.000000,0.000000,0.0000,2.0000,6.031129,0.052872,-0.023804,28.00
0.148011,friction-sweep,knee_flexion_right_joint,RS04,6.030746,0.000000,0.000000,0.0000,2.0000,6.030746,0.000687,-0.027466,28.00
0.156019,friction-sweep,knee_flexion_right_joint,RS04,6.031129,0.000000,0.000000,0.0000,2.0000,6.031129,0.044174,-0.020142,28.00
0.164016,friction-sweep,knee_flexion_right_joint,RS04,6.030746,0.000000,0.000000,0.0000,2.0000,6.030746,-0.035935,-0.005493,28.00
0.172013,friction-sweep,knee_flexion_right_joint,RS04,6.030746,0.000000,0.000000,0.0000,2.0000,6.030746,-0.051499,0.016479,28.00
0.180017,friction-sweep,knee_flexion_right_joint,RS04,6.030746,0.000000,0.000000,0.0000,2.0000,6.030746,0.007553,-0.027466,28.00
0.188016,friction-sweep,knee_flexion_right_joint,RS04,6.030746,0.000000,0.000000,0.0000,2.0000,6.030746,-0.031358,-0.027466,28.00
0.196012,friction-sweep,knee_flexion_right_joint,RS04,6.030746,0.000000,0.000000,0.0000,2.0000,6.030746,-0.044633,0.049438,28.00
0.204018,friction-sweep,knee_flexion_right_joint,RS04,6.030746,0.000000,0.000000,0.0000,2.0000,6.030746,-0.017624,-0.016479,28.00
0.212017,friction-sweep,knee_flexion_right_joint,RS04,6.030746,0.000000,0.000000,0.0000,2.0000,6.030746,0.066149,0.020142,28.00
0.220013,friction-sweep,knee_flexion_right_joint,RS04,6.030746,0.000000,0.000000,0.0000,2.0000,6.030746,-0.003891,0.012817,28.00
0.228017,friction-sweep,knee_flexion_right_joint,RS04,6.030746,0.000000,0.000000,0.0000,2.0000,6.030746,0.027237,0.027466,28.00
0.236017,friction-sweep,knee_flexion_right_joint,RS04,6.031129,0.000000,0.000000,0.0000,2.0000,6.031129,0.012131,0.001831,28.00
0.244014,friction-sweep,knee_flexion_right_joint,RS04,6.030746,0.000000,0.000000,0.0000,2.0000,6.030746,-0.002518,-0.020142,28.00
0.252019,friction-sweep,knee_flexion_right_joint,RS04,6.031129,0.000000,0.000000,0.0000,2.0000,6.031129,0.085375,0.005493,28.00
0.260064,friction-sweep,knee_flexion_right_joint,RS04,6.030746,0.000000,0.000000,0.0000,2.0000,6.030746,-0.004807,-0.012817,28.00
0.268042,friction-sweep,knee_flexion_right_joint,RS04,6.030746,0.000000,0.000000,0.0000,2.0000,6.030746,0.001144,-0.012817,28.00
0.276042,friction-sweep,knee_flexion_right_joint,RS04,6.030746,0.000000,0.000000,0.0000,2.0000,6.030746,0.052872,0.038452,28.00
0.284074,friction-sweep,knee_flexion_right_joint,RS04,6.030746,0.000000,0.000000,0.0000,2.0000,6.030746,-0.008011,-0.009155,28.00
0.292040,friction-sweep,knee_flexion_right_joint,RS04,6.030746,0.000000,0.000000,0.0000,2.0000,6.030746,-0.044633,-0.016479,28.00
0.300030,friction-sweep,knee_flexion_right_joint,RS04,6.030746,0.000000,0.000000,0.0000,2.0000,6.030746,-0.014420,0.023804,28.00
0.308026,friction-sweep,knee_flexion_right_joint,RS04,6.031129,0.000000,0.000000,0.0000,2.0000,6.031129,0.051041,-0.001831,28.00
0.316021,friction-sweep,knee_flexion_right_joint,RS04,6.030746,0.000000,0.000000,0.0000,2.0000,6.030746,0.054245,0.016479,28.00
0.324016,friction-sweep,knee_flexion_right_joint,RS04,6.030746,0.000000,0.000000,0.0000,2.0000,6.030746,-0.031358,0.001831,28.00
0.332019,friction-sweep,knee_flexion_right_joint,RS04,6.031129,0.000000,0.000000,0.0000,2.0000,6.031129,-0.001602,0.005493,28.00
0.340031,friction-sweep,knee_flexion_right_joint,RS04,6.030746,0.000000,0.000000,0.0000,2.0000,6.030746,0.015335,-0.038452,28.00
0.352038,friction-sweep,knee_flexion_right_joint,RS04,6.030746,0.000000,0.000000,0.0000,2.0000,6.030746,-0.019455,0.009155,28.00
0.360060,friction-sweep,knee_flexion_right_joint,RS04,6.031129,0.000000,0.000000,0.0000,2.0000,6.031129,0.015793,0.009155,28.00
0.368035,friction-sweep,knee_flexion_right_joint,RS04,6.031129,0.000000,0.000000,0.0000,2.0000,6.031129,-0.026779,-0.016479,28.00
0.380017,friction-sweep,knee_flexion_right_joint,RS04,6.030746,0.000000,0.000000,0.0000,2.0000,6.030746,-0.008469,-0.027466,28.00
0.388034,friction-sweep,knee_flexion_right_joint,RS04,6.030746,0.000000,0.000000,0.0000,2.0000,6.030746,-0.021744,-0.020142,28.00
0.396036,friction-sweep,knee_flexion_right_joint,RS04,6.030746,0.000000,0.000000,0.0000,2.0000,6.030746,0.005722,-0.067749,28.00
0.404056,friction-sweep,knee_flexion_right_joint,RS04,6.030746,1.500000,0.000000,0.0000,2.0000,6.030746,0.056076,0.012817,28.00
0.412031,friction-sweep,knee_flexion_right_joint,RS04,6.031129,1.500000,0.000000,0.0000,2.0000,6.031129,-0.004807,-0.016479,28.00
0.420026,friction-sweep,knee_flexion_right_joint,RS04,6.031512,1.500000,0.000000,0.0000,2.0000,6.031512,0.111010,0.943008,28.00
0.428021,friction-sweep,knee_flexion_right_joint,RS04,6.033046,1.500000,0.000000,0.0000,2.0000,6.033046,0.244678,1.232315,28.00
0.436019,friction-sweep,knee_flexion_right_joint,RS04,6.035731,1.500000,0.000000,0.0000,2.0000,6.035731,0.390249,1.653473,28.00
0.444017,friction-sweep,knee_flexion_right_joint,RS04,6.039184,1.500000,0.000000,0.0000,2.0000,6.039184,0.461662,1.777985,28.00
0.452018,friction-sweep,knee_flexion_right_joint,RS04,6.043403,1.500000,0.000000,0.0000,2.0000,6.043403,0.537194,1.367813,28.00
0.460015,friction-sweep,knee_flexion_right_joint,RS04,6.048003,1.500000,0.000000,0.0000,2.0000,6.048003,0.656215,0.807510,28.00
0.468012,friction-sweep,knee_flexion_right_joint,RS04,6.054139,1.500000,0.000000,0.0000,2.0000,6.054139,0.817807,0.349731,28.00
0.476015,friction-sweep,knee_flexion_right_joint,RS04,6.061044,1.500000,0.000000,0.0000,2.0000,6.061044,0.916686,0.792862,28.00
0.484020,friction-sweep,knee_flexion_right_joint,RS04,6.069097,1.500000,0.000000,0.0000,2.0000,6.069097,1.043030,1.320206,28.00
0.492018,friction-sweep,knee_flexion_right_joint,RS04,6.077149,1.500000,0.000000,0.0000,2.0000,6.077149,0.957427,1.078506,28.00
0.500027,friction-sweep,knee_flexion_right_joint,RS04,6.085202,1.500000,0.000000,0.0000,2.0000,6.085202,1.060883,0.228882,28.00
0.508013,friction-sweep,knee_flexion_right_joint,RS04,6.094024,1.500000,0.000000,0.0000,2.0000,6.094024,1.090637,0.569473,28.00
0.516027,friction-sweep,knee_flexion_right_joint,RS04,6.103227,1.500000,0.000000,0.0000,2.0000,6.103227,1.148775,1.338516,28.00
0.524261,friction-sweep,knee_flexion_right_joint,RS04,6.112432,1.500000,0.000000,0.0000,2.0000,6.112432,1.162508,0.646378,28.00
0.532179,friction-sweep,knee_flexion_right_joint,RS04,6.121251,1.500000,0.000000,0.0000,2.0000,6.121251,1.077820,0.075073,28.00
0.540036,friction-sweep,knee_flexion_right_joint,RS04,6.130839,1.500000,0.000000,0.0000,2.0000,6.130839,1.219271,0.763565,28.00
0.548025,friction-sweep,knee_flexion_right_joint,RS04,6.140044,1.500000,0.000000,0.0000,2.0000,6.140044,1.152895,1.115128,28.00
0.556020,friction-sweep,knee_flexion_right_joint,RS04,6.149249,1.500000,0.000000,0.0000,2.0000,6.149249,1.132753,0.250854,28.00
0.564020,friction-sweep,knee_flexion_right_joint,RS04,6.158835,1.500000,0.000000,0.0000,2.0000,6.158835,1.243992,0.342407,28.00
0.572018,friction-sweep,knee_flexion_right_joint,RS04,6.168424,1.500000,0.000000,0.0000,2.0000,6.168424,1.200960,1.045547,28.00
0.584019,friction-sweep,knee_flexion_right_joint,RS04,6.182612,1.500000,0.000000,0.0000,2.0000,6.182612,1.168459,0.254517,28.00
0.592019,friction-sweep,knee_flexion_right_joint,RS04,6.192201,1.500000,0.000000,0.0000,2.0000,6.192201,1.196840,0.287476,28.00
0.600014,friction-sweep,knee_flexion_right_joint,RS04,6.201787,1.500000,0.000000,0.0000,2.0000,6.201787,1.251316,1.133438,28.00
0.608017,friction-sweep,knee_flexion_right_joint,RS04,6.211375,1.500000,0.000000,0.0000,2.0000,6.211375,1.204622,0.741592,28.00
0.616014,friction-sweep,knee_flexion_right_joint,RS04,6.220578,1.500000,0.000000,0.0000,2.0000,6.220578,1.193636,0.001831,28.00
0.624014,friction-sweep,knee_flexion_right_joint,RS04,6.230550,1.500000,0.000000,0.0000,2.0000,6.230550,1.218355,0.737930,28.00
0.632014,friction-sweep,knee_flexion_right_joint,RS04,6.240138,1.500000,0.000000,0.0000,2.0000,6.240138,1.232548,1.096817,28.00
0.640015,friction-sweep,knee_flexion_right_joint,RS04,6.249343,1.500000,0.000000,0.0000,2.0000,6.249343,1.110779,0.195923,28.00
0.648013,friction-sweep,knee_flexion_right_joint,RS04,6.258929,1.500000,0.000000,0.0000,2.0000,6.258929,1.200960,0.390015,28.00
0.656013,friction-sweep,knee_flexion_right_joint,RS04,6.268901,1.500000,0.000000,0.0000,2.0000,6.268901,1.225222,1.074844,28.00
0.664013,friction-sweep,knee_flexion_right_joint,RS04,6.278104,1.500000,0.000000,0.0000,2.0000,6.278104,1.173952,0.631729,28.00
0.672015,friction-sweep,knee_flexion_right_joint,RS04,6.287692,1.500000,0.000000,0.0000,2.0000,6.287692,1.158846,0.034790,28.00
0.680014,friction-sweep,knee_flexion_right_joint,RS04,6.297278,1.500000,0.000000,0.0000,2.0000,6.297278,1.216982,0.781876,28.00
0.688013,friction-sweep,knee_flexion_right_joint,RS04,6.306867,1.500000,0.000000,0.0000,2.0000,6.306867,1.120394,1.085831,28.00
0.696014,friction-sweep,knee_flexion_right_joint,RS04,6.316070,1.500000,0.000000,0.0000,2.0000,6.316070,1.179903,0.217896,28.00
0.704015,friction-sweep,knee_flexion_right_joint,RS04,6.325658,1.500000,0.000000,0.0000,2.0000,6.325658,1.200502,0.401001,28.00
0.712013,friction-sweep,knee_flexion_right_joint,RS04,6.335246,1.500000,0.000000,0.0000,2.0000,6.335246,1.187227,1.159073,28.00
0.720013,friction-sweep,knee_flexion_right_joint,RS04,6.344834,1.500000,0.000000,0.0000,2.0000,6.344834,1.260929,0.613419,28.00
0.728092,friction-sweep,knee_flexion_right_joint,RS04,6.354037,1.500000,0.000000,0.0000,2.0000,6.354037,1.200045,0.082397,28.00
0.736061,friction-sweep,knee_flexion_right_joint,RS04,6.364009,1.500000,0.000000,0.0000,2.0000,6.364009,1.253605,0.803848,28.00
0.744037,friction-sweep,knee_flexion_right_joint,RS04,6.373212,1.500000,0.000000,0.0000,2.0000,6.373212,1.155184,1.137100,28.00
0.752025,friction-sweep,knee_flexion_right_joint,RS04,6.382800,1.500000,0.000000,0.0000,2.0000,6.382800,1.229342,0.195923,28.00
0.760026,friction-sweep,knee_flexion_right_joint,RS04,6.392386,1.500000,0.000000,0.0000,2.0000,6.392386,1.190889,0.397339,28.00
0.768020,friction-sweep,knee_flexion_right_joint,RS04,6.401975,1.500000,0.000000,0.0000,2.0000,6.401975,1.198214,1.144424,28.00
0.776019,friction-sweep,knee_flexion_right_joint,RS04,6.411178,1.500000,0.000000,0.0000,2.0000,6.411178,1.138704,0.752579,28.00
0.784015,friction-sweep,knee_flexion_right_joint,RS04,6.420382,1.500000,0.000000,0.0000,2.0000,6.420382,1.169832,0.012817,28.00
0.792016,friction-sweep,knee_flexion_right_joint,RS04,6.429969,1.500000,0.000000,0.0000,2.0000,6.429969,1.148317,0.763565,28.00
0.800016,friction-sweep,knee_flexion_right_joint,RS04,6.439559,1.500000,0.000000,0.0000,2.0000,6.439559,1.189516,1.049210,28.00
0.808015,friction-sweep,knee_flexion_right_joint,RS04,6.449145,1.500000,0.000000,0.0000,2.0000,6.449145,1.247196,0.236206,28.00
0.816014,friction-sweep,knee_flexion_right_joint,RS04,6.458350,1.500000,0.000000,0.0000,2.0000,6.458350,1.212862,0.342407,28.00
0.824014,friction-sweep,knee_flexion_right_joint,RS04,6.468320,1.500000,0.000000,0.0000,2.0000,6.468320,1.176241,1.195694,28.00
0.832015,friction-sweep,knee_flexion_right_joint,RS04,6.477525,1.500000,0.000000,0.0000,2.0000,6.477525,1.139620,0.646378,28.00
0.840014,friction-sweep,knee_flexion_right_joint,RS04,6.486728,1.500000,0.000000,0.0000,2.0000,6.486728,1.160677,0.031128,28.00
0.848018,friction-sweep,knee_flexion_right_joint,RS04,6.496316,1.500000,0.000000,0.0000,2.0000,6.496316,1.225222,0.792862,28.00
0.856018,friction-sweep,knee_flexion_right_joint,RS04,6.505904,1.500000,0.000000,0.0000,2.0000,6.505904,1.203249,1.122452,28.00
0.864015,friction-sweep,knee_flexion_right_joint,RS04,6.515107,1.500000,0.000000,0.0000,2.0000,6.515107,1.198671,0.206909,28.00
0.872014,friction-sweep,knee_flexion_right_joint,RS04,6.524695,1.500000,0.000000,0.0000,2.0000,6.524695,1.235294,0.368042,28.00
0.880013,friction-sweep,knee_flexion_right_joint,RS04,6.534284,1.500000,0.000000,0.0000,2.0000,6.534284,1.242619,1.199356,28.00
0.888013,friction-sweep,knee_flexion_right_joint,RS04,6.543870,1.500000,0.000000,0.0000,2.0000,6.543870,1.122683,0.726944,28.00
0.896015,friction-sweep,knee_flexion_right_joint,RS04,6.553075,1.500000,0.000000,0.0000,2.0000,6.553075,1.178072,0.034790,28.00
0.904013,friction-sweep,knee_flexion_right_joint,RS04,6.562661,1.500000,0.000000,0.0000,2.0000,6.562661,1.221102,0.785538,28.00
0.912064,friction-sweep,knee_flexion_right_joint,RS04,6.572249,1.500000,0.000000,0.0000,2.0000,6.572249,1.220644,1.151749,28.00
0.920047,friction-sweep,knee_flexion_right_joint,RS04,6.581454,1.500000,0.000000,0.0000,2.0000,6.581454,1.141451,0.206909,28.00
0.928026,friction-sweep,knee_flexion_right_joint,RS04,6.590657,1.500000,0.000000,0.0000,2.0000,6.590657,1.206453,0.357056,28.00
0.936018,friction-sweep,knee_flexion_right_joint,RS04,6.600629,1.500000,0.000000,0.0000,2.0000,6.600629,1.178988,1.181046,28.00
0.944015,friction-sweep,knee_flexion_right_joint,RS04,6.609832,1.500000,0.000000,0.0000,2.0000,6.609832,1.179445,0.682999,28.00
0.952015,friction-sweep,knee_flexion_right_joint,RS04,6.619420,1.500000,0.000000,0.0000,2.0000,6.619420,1.215151,0.064087,28.00
0.960016,friction-sweep,knee_flexion_right_joint,RS04,6.628625,1.500000,0.000000,0.0000,2.0000,6.628625,1.242161,0.759903,28.00
0.968016,friction-sweep,knee_flexion_right_joint,RS04,6.638211,1.500000,0.000000,0.0000,2.0000,6.638211,1.260014,1.144424,28.00
0.976016,friction-sweep,knee_flexion_right_joint,RS04,6.647416,1.500000,0.000000,0.0000,2.0000,6.647416,1.162966,0.206909,28.00
0.984017,friction-sweep,knee_flexion_right_joint,RS04,6.657004,1.500000,0.000000,0.0000,2.0000,6.657004,1.199129,0.272827,28.00
0.992015,friction-sweep,knee_flexion_right_joint,RS04,6.666207,1.500000,0.000000,0.0000,2.0000,6.666207,1.191805,1.195694,28.00
1.000014,friction-sweep,knee_flexion_right_joint,RS04,6.675796,1.500000,0.000000,0.0000,2.0000,6.675796,1.171206,0.858780,28.00
1.008013,friction-sweep,knee_flexion_right_joint,RS04,6.684999,1.500000,0.000000,0.0000,2.0000,6.684999,1.140078,0.005493,28.00
1.016013,friction-sweep,knee_flexion_right_joint,RS04,6.694587,1.500000,0.000000,0.0000,2.0000,6.694587,1.210573,0.682999,28.00
1.024014,friction-sweep,knee_flexion_right_joint,RS04,6.704173,1.500000,0.000000,0.0000,2.0000,6.704173,1.166170,1.151749,28.00
1.032015,friction-sweep,knee_flexion_right_joint,RS04,6.713761,1.500000,0.000000,0.0000,2.0000,6.713761,1.201418,0.280151,28.00
1.040014,friction-sweep,knee_flexion_right_joint,RS04,6.722964,1.500000,0.000000,0.0000,2.0000,6.722964,1.176241,0.250854,28.00
1.048113,friction-sweep,knee_flexion_right_joint,RS04,6.732553,1.500000,0.000000,0.0000,2.0000,6.732553,1.233006,1.115128,28.00
1.056022,friction-sweep,knee_flexion_right_joint,RS04,6.742141,1.500000,0.000000,0.0000,2.0000,6.742141,1.135500,0.858780,28.00
1.064015,friction-sweep,knee_flexion_right_joint,RS04,6.751346,1.500000,0.000000,0.0000,2.0000,6.751346,1.209200,-0.075073,28.00
1.072015,friction-sweep,knee_flexion_right_joint,RS04,6.760932,1.500000,0.000000,0.0000,2.0000,6.760932,1.216066,0.726944,28.00
1.080028,friction-sweep,knee_flexion_right_joint,RS04,6.770904,1.500000,0.000000,0.0000,2.0000,6.770904,1.152895,1.235977,28.00
1.088017,friction-sweep,knee_flexion_right_joint,RS04,6.780107,1.500000,0.000000,0.0000,2.0000,6.780107,1.098877,0.265503,28.00
1.096013,friction-sweep,knee_flexion_right_joint,RS04,6.789695,1.500000,0.000000,0.0000,2.0000,6.789695,1.247654,0.210571,28.00
1.104014,friction-sweep,knee_flexion_right_joint,RS04,6.799281,1.500000,0.000000,0.0000,2.0000,6.799281,1.249943,1.173721,28.00
1.112013,friction-sweep,knee_flexion_right_joint,RS04,6.808869,1.500000,0.000000,0.0000,2.0000,6.808869,1.237125,0.745255,28.00
1.120013,friction-sweep,knee_flexion_right_joint,RS04,6.818456,1.500000,0.000000,0.0000,2.0000,6.818456,1.206911,-0.045776,28.00
1.128013,friction-sweep,knee_flexion_right_joint,RS04,6.828046,1.500000,0.000000,0.0000,2.0000,6.828046,1.238499,0.690323,28.00
1.136013,friction-sweep,knee_flexion_right_joint,RS04,6.837632,1.500000,0.000000,0.0000,2.0000,6.837632,1.180819,1.126114,28.00
1.144014,friction-sweep,knee_flexion_right_joint,RS04,6.847220,1.500000,0.000000,0.0000,2.0000,6.847220,1.159304,0.170288,28.00
1.152014,friction-sweep,knee_flexion_right_joint,RS04,6.856423,1.500000,0.000000,0.0000,2.0000,6.856423,1.185854,0.272827,28.00
1.160013,friction-sweep,knee_flexion_right_joint,RS04,6.866395,1.500000,0.000000,0.0000,2.0000,6.866395,1.252689,1.177383,28.00
1.168012,friction-sweep,knee_flexion_right_joint,RS04,6.875981,1.500000,0.000000,0.0000,2.0000,6.875981,1.193178,0.730606,28.00
1.176012,friction-sweep,knee_flexion_right_joint,RS04,6.885186,1.500000,0.000000,0.0000,2.0000,6.885186,1.195009,-0.023804,28.00
1.184014,friction-sweep,knee_flexion_right_joint,RS04,6.894773,1.500000,0.000000,0.0000,2.0000,6.894773,1.209200,0.748917,28.00
1.192013,friction-sweep,knee_flexion_right_joint,RS04,6.904744,1.500000,0.000000,0.0000,2.0000,6.904744,1.215609,1.122452,28.00
1.200014,friction-sweep,knee_flexion_right_joint,RS04,6.913949,1.500000,0.000000,0.0000,2.0000,6.913949,1.166170,0.221558,28.00
1.208016,friction-sweep,knee_flexion_right_joint,RS04,6.923537,1.500000,0.000000,0.0000,2.0000,6.923537,1.208284,0.272827,28.00
1.216017,friction-sweep,knee_flexion_right_joint,RS04,6.933124,1.500000,0.000000,0.0000,2.0000,6.933124,1.232090,1.188370,28.00
1.224013,friction-sweep,knee_flexion_right_joint,RS04,6.942712,1.500000,0.000000,0.0000,2.0000,6.942712,1.203249,0.661026,28.00
1.232013,friction-sweep,knee_flexion_right_joint,RS04,6.952300,1.500000,0.000000,0.0000,2.0000,6.952300,1.149233,0.012817,28.00
1.240012,friction-sweep,knee_flexion_right_joint,RS04,6.961886,1.500000,0.000000,0.0000,2.0000,6.961886,1.263218,0.770889,28.00
1.248014,friction-sweep,knee_flexion_right_joint,RS04,6.971475,1.500000,0.000000,0.0000,2.0000,6.971475,1.166170,1.170059,28.00
1.256014,friction-sweep,knee_flexion_right_joint,RS04,6.981061,1.500000,0.000000,0.0000,2.0000,6.981061,1.189058,0.155640,28.00
1.264021,friction-sweep,knee_flexion_right_joint,RS04,6.990266,1.500000,0.000000,0.0000,2.0000,6.990266,1.228426,0.342407,28.00
1.272017,friction-sweep,knee_flexion_right_joint,RS04,7.000236,1.500000,0.000000,0.0000,2.0000,7.000236,1.254978,1.188370,28.00
1.280015,friction-sweep,knee_flexion_right_joint,RS04,7.009440,1.500000,0.000000,0.0000,2.0000,7.009440,1.155184,0.672012,28.00
1.288015,friction-sweep,knee_flexion_right_joint,RS04,7.019027,1.500000,0.000000,0.0000,2.0000,7.019027,1.117189,-0.031128,28.00
1.296016,friction-sweep,knee_flexion_right_joint,RS04,7.028617,1.500000,0.000000,0.0000,2.0000,7.028617,1.237125,0.803848,28.00
1.304020,friction-sweep,knee_flexion_right_joint,RS04,7.038203,1.500000,0.000000,0.0000,2.0000,7.038203,1.184481,1.144424,28.00
1.312019,friction-sweep,knee_flexion_right_joint,RS04,7.047791,1.500000,0.000000,0.0000,2.0000,7.047791,1.213320,0.140991,28.00
1.320016,friction-sweep,knee_flexion_right_joint,RS04,7.056994,1.500000,0.000000,0.0000,2.0000,7.056994,1.249485,0.408325,28.00
1.328018,friction-sweep,knee_flexion_right_joint,RS04,7.066966,1.500000,0.000000,0.0000,2.0000,7.066966,1.175325,1.129776,28.00
1.336017,friction-sweep,knee_flexion_right_joint,RS04,7.076169,1.500000,0.000000,0.0000,2.0000,7.076169,1.137331,0.642715,28.00
1.344014,friction-sweep,knee_flexion_right_joint,RS04,7.085757,1.500000,0.000000,0.0000,2.0000,7.085757,1.211946,0.060425,28.00
1.352013,friction-sweep,knee_flexion_right_joint,RS04,7.095344,1.500000,0.000000,0.0000,2.0000,7.095344,1.203707,0.774551,28.00
1.360013,friction-sweep,knee_flexion_right_joint,RS04,7.104932,1.500000,0.000000,0.0000,2.0000,7.104932,1.213320,1.148087,28.00
1.368013,friction-sweep,knee_flexion_right_joint,RS04,7.114135,1.500000,0.000000,0.0000,2.0000,7.114135,1.146944,0.137329,28.00
1.376013,friction-sweep,knee_flexion_right_joint,RS04,7.123725,1.500000,0.000000,0.0000,2.0000,7.123725,1.135500,0.404663,28.00
1.384012,friction-sweep,knee_flexion_right_joint,RS04,7.133311,1.500000,0.000000,0.0000,2.0000,7.133311,1.219728,1.170059,28.00
1.392014,friction-sweep,knee_flexion_right_joint,RS04,7.142516,1.500000,0.000000,0.0000,2.0000,7.142516,1.151522,0.661026,28.00
1.400013,friction-sweep,knee_flexion_right_joint,RS04,7.152102,1.500000,0.000000,0.0000,2.0000,7.152102,1.178988,0.053101,28.00
1.408013,friction-sweep,knee_flexion_right_joint,RS04,7.161691,1.500000,0.000000,0.0000,2.0000,7.161691,1.246281,0.866104,28.00
1.416013,friction-sweep,knee_flexion_right_joint,RS04,7.171277,1.500000,0.000000,0.0000,2.0000,7.171277,1.184938,1.137100,28.00
1.424014,friction-sweep,knee_flexion_right_joint,RS04,7.180482,1.500000,0.000000,0.0000,2.0000,7.180482,1.117647,0.162964,28.00
1.432015,friction-sweep,knee_flexion_right_joint,RS04,7.189685,1.500000,0.000000,0.0000,2.0000,7.189685,1.245365,0.390015,28.00
1.440014,friction-sweep,knee_flexion_right_joint,RS04,7.199273,1.500000,0.000000,0.0000,2.0000,7.199273,1.207369,1.173721,28.00
1.448014,friction-sweep,knee_flexion_right_joint,RS04,7.208478,1.500000,0.000000,0.0000,2.0000,7.208478,1.107574,0.675674,28.00
1.456013,friction-sweep,knee_flexion_right_joint,RS04,7.218066,1.500000,0.000000,0.0000,2.0000,7.218066,1.127260,-0.031128,28.00
1.464012,friction-sweep,knee_flexion_right_joint,RS04,7.227269,1.500000,0.000000,0.0000,2.0000,7.227269,1.256809,0.825821,28.00
1.472013,friction-sweep,knee_flexion_right_joint,RS04,7.236857,1.500000,0.000000,0.0000,2.0000,7.236857,1.173494,1.203018,28.00
1.480015,friction-sweep,knee_flexion_right_joint,RS04,7.246060,1.500000,0.000000,0.0000,2.0000,7.246060,1.190432,0.254517,28.00
1.488018,friction-sweep,knee_flexion_right_joint,RS04,7.255265,1.500000,0.000000,0.0000,2.0000,7.255265,1.163424,0.368042,28.00
1.496015,friction-sweep,knee_flexion_right_joint,RS04,7.265235,1.500000,0.000000,0.0000,2.0000,7.265235,1.231174,1.159073,28.00
1.504013,friction-sweep,knee_flexion_right_joint,RS04,7.274440,1.500000,0.000000,0.0000,2.0000,7.274440,1.167086,0.833145,28.00
1.512014,friction-sweep,knee_flexion_right_joint,RS04,7.283643,1.500000,0.000000,0.0000,2.0000,7.283643,1.205996,-0.023804,28.00
1.520015,friction-sweep,knee_flexion_right_joint,RS04,7.292848,1.500000,0.000000,0.0000,2.0000,7.292848,1.189516,0.737930,28.00
1.528070,friction-sweep,knee_flexion_right_joint,RS04,7.302434,1.500000,0.000000,0.0000,2.0000,7.302434,1.184481,1.228653,28.00
1.536041,friction-sweep,knee_flexion_right_joint,RS04,7.311639,1.500000,0.000000,0.0000,2.0000,7.311639,1.133669,0.313110,28.00
1.544036,friction-sweep,knee_flexion_right_joint,RS04,7.320844,1.500000,0.000000,0.0000,2.0000,7.320844,1.179445,0.272827,28.00
1.552024,friction-sweep,knee_flexion_right_joint,RS04,7.330432,1.500000,0.000000,0.0000,2.0000,7.330432,1.153811,1.148087,28.00
1.560130,friction-sweep,knee_flexion_right_joint,RS04,7.340018,1.500000,0.000000,0.0000,2.0000,7.340018,1.168001,0.910049,28.00
1.568022,friction-sweep,knee_flexion_right_joint,RS04,7.349223,1.500000,0.000000,0.0000,2.0000,7.349223,1.147860,-0.078735,28.00
1.576018,friction-sweep,knee_flexion_right_joint,RS04,7.358426,1.500000,0.000000,0.0000,2.0000,7.358426,1.117189,0.697647,28.00
1.584021,friction-sweep,knee_flexion_right_joint,RS04,7.368014,1.500000,0.000000,0.0000,2.0000,7.368014,1.167086,1.177383,28.00
1.592012,friction-sweep,knee_flexion_right_joint,RS04,7.377601,1.500000,0.000000,0.0000,2.0000,7.377601,1.104370,0.386353,28.00
1.600016,friction-sweep,knee_flexion_right_joint,RS04,7.386806,-1.500000,0.000000,0.0000,2.0000,7.386806,1.142366,0.210571,28.00
1.608014,friction-sweep,knee_flexion_right_joint,RS04,7.396392,-1.500000,0.000000,0.0000,2.0000,7.396392,1.186312,1.078506,28.00
1.616015,friction-sweep,knee_flexion_right_joint,RS04,7.404447,-1.500000,0.000000,0.0000,2.0000,7.404447,0.860379,-0.873428,28.00
1.624020,friction-sweep,knee_flexion_right_joint,RS04,7.409432,-1.500000,0.000000,0.0000,2.0000,7.409432,0.475395,-1.375145,28.00
1.632023,friction-sweep,knee_flexion_right_joint,RS04,7.410966,-1.500000,0.000000,0.0000,2.0000,7.410966,-0.006638,-1.400780,28.00
1.640020,friction-sweep,knee_flexion_right_joint,RS04,7.409432,-1.500000,0.000000,0.0000,2.0000,7.409432,-0.286794,-1.199364,28.00
1.648012,friction-sweep,knee_flexion_right_joint,RS04,7.406747,-1.500000,0.000000,0.0000,2.0000,7.406747,-0.386130,-1.067520,28.00
1.656016,friction-sweep,knee_flexion_right_joint,RS04,7.402144,-1.500000,0.000000,0.0000,2.0000,7.402144,-0.619593,-0.573128,28.00
1.664014,friction-sweep,knee_flexion_right_joint,RS04,7.396775,-1.500000,0.000000,0.0000,2.0000,7.396775,-0.799954,-0.441292,28.00
1.672015,friction-sweep,knee_flexion_right_joint,RS04,7.389873,-1.500000,0.000000,0.0000,2.0000,7.389873,-0.940948,-1.155411,28.00
1.680014,friction-sweep,knee_flexion_right_joint,RS04,7.382203,-1.500000,0.000000,0.0000,2.0000,7.382203,-0.917602,-1.675446,28.00
1.688021,friction-sweep,knee_flexion_right_joint,RS04,7.374150,-1.500000,0.000000,0.0000,2.0000,7.374150,-1.046235,-0.752579,28.00
1.696015,friction-sweep,knee_flexion_right_joint,RS04,7.366097,-1.500000,0.000000,0.0000,2.0000,7.366097,-1.085146,-0.130005,28.00
1.704011,friction-sweep,knee_flexion_right_joint,RS04,7.357276,-1.500000,0.000000,0.0000,2.0000,7.357276,-1.135958,-0.836807,28.00
1.712015,friction-sweep,knee_flexion_right_joint,RS04,7.348073,-1.500000,0.000000,0.0000,2.0000,7.348073,-1.148776,-1.474022,28.00
1.720016,friction-sweep,knee_flexion_right_joint,RS04,7.339635,-1.500000,0.000000,0.0000,2.0000,7.339635,-1.081025,-0.474251,28.00
1.728020,friction-sweep,knee_flexion_right_joint,RS04,7.330432,-1.500000,0.000000,0.0000,2.0000,7.330432,-1.175784,-0.093384,28.00
1.736015,friction-sweep,knee_flexion_right_joint,RS04,7.320844,-1.500000,0.000000,0.0000,2.0000,7.320844,-1.171664,-1.140762,28.00
1.744015,friction-sweep,knee_flexion_right_joint,RS04,7.311639,-1.500000,0.000000,0.0000,2.0000,7.311639,-1.183566,-0.932022,28.00
1.752078,friction-sweep,knee_flexion_right_joint,RS04,7.302434,-1.500000,0.000000,0.0000,2.0000,7.302434,-1.219273,-0.053101,28.00
1.760056,friction-sweep,knee_flexion_right_joint,RS04,7.293231,-1.500000,0.000000,0.0000,2.0000,7.293231,-1.191806,-0.444954,28.00
1.768033,friction-sweep,knee_flexion_right_joint,RS04,7.283643,-1.500000,0.000000,0.0000,2.0000,7.283643,-1.180362,-1.364159,28.00
1.776031,friction-sweep,knee_flexion_right_joint,RS04,7.274056,-1.500000,0.000000,0.0000,2.0000,7.274056,-1.109865,-0.562141,28.00
1.784026,friction-sweep,knee_flexion_right_joint,RS04,7.264852,-1.500000,0.000000,0.0000,2.0000,7.264852,-1.192721,-0.027466,28.00
1.792028,friction-sweep,knee_flexion_right_joint,RS04,7.255649,-1.500000,0.000000,0.0000,2.0000,7.255649,-1.192721,-0.990616,28.00
1.800020,friction-sweep,knee_flexion_right_joint,RS04,7.246060,-1.500000,0.000000,0.0000,2.0000,7.246060,-1.164798,-1.133438,28.00
1.808019,friction-sweep,knee_flexion_right_joint,RS04,7.236857,-1.500000,0.000000,0.0000,2.0000,7.236857,-1.159305,-0.173950,28.00
1.816015,friction-sweep,knee_flexion_right_joint,RS04,7.227653,-1.500000,0.000000,0.0000,2.0000,7.227653,-1.193637,-0.415657,28.00
1.824015,friction-sweep,knee_flexion_right_joint,RS04,7.218066,-1.500000,0.000000,0.0000,2.0000,7.218066,-1.198215,-1.250633,28.00
1.832035,friction-sweep,knee_flexion_right_joint,RS04,7.208478,-1.500000,0.000000,0.0000,2.0000,7.208478,-1.127718,-0.679329,28.00
1.840013,friction-sweep,knee_flexion_right_joint,RS04,7.199656,-1.500000,0.000000,0.0000,2.0000,7.199656,-1.151065,0.009155,28.00
1.848057,friction-sweep,knee_flexion_right_joint,RS04,7.190070,-1.500000,0.000000,0.0000,2.0000,7.190070,-1.167544,-0.932022,28.00
1.856022,friction-sweep,knee_flexion_right_joint,RS04,7.180482,-1.500000,0.000000,0.0000,2.0000,7.180482,-1.178988,-1.133438,28.00
1.864020,friction-sweep,knee_flexion_right_joint,RS04,7.171277,-1.500000,0.000000,0.0000,2.0000,7.171277,-1.151065,-0.239876,28.00
1.872014,friction-sweep,knee_flexion_right_joint,RS04,7.162074,-1.500000,0.000000,0.0000,2.0000,7.162074,-1.206913,-0.265511,28.00
1.880022,friction-sweep,knee_flexion_right_joint,RS04,7.152486,-1.500000,0.000000,0.0000,2.0000,7.152486,-1.216984,-1.243309,28.00
1.888023,friction-sweep,knee_flexion_right_joint,RS04,7.143283,-1.500000,0.000000,0.0000,2.0000,7.143283,-1.176242,-0.756241,28.00
1.896018,friction-sweep,knee_flexion_right_joint,RS04,7.133695,-1.500000,0.000000,0.0000,2.0000,7.133695,-1.222019,0.005493,28.00
1.904020,friction-sweep,knee_flexion_right_joint,RS04,7.124492,-1.500000,0.000000,0.0000,2.0000,7.124492,-1.212406,-0.770889,28.00
1.912013,friction-sweep,knee_flexion_right_joint,RS04,7.114903,-1.500000,0.000000,0.0000,2.0000,7.114903,-1.216068,-1.316551,28.00
1.920015,friction-sweep,knee_flexion_right_joint,RS04,7.105699,-1.500000,0.000000,0.0000,2.0000,7.105699,-1.148318,-0.368050,28.00
1.928013,friction-sweep,knee_flexion_right_joint,RS04,7.096112,-1.500000,0.000000,0.0000,2.0000,7.096112,-1.251316,-0.232544,28.00
1.936023,friction-sweep,knee_flexion_right_joint,RS04,7.086524,-1.500000,0.000000,0.0000,2.0000,7.086524,-1.188144,-1.181053,28.00
1.944017,friction-sweep,knee_flexion_right_joint,RS04,7.077321,-1.500000,0.000000,0.0000,2.0000,7.077321,-1.173953,-0.807510,28.00
1.952017,friction-sweep,knee_flexion_right_joint,RS04,7.068116,-1.500000,0.000000,0.0000,2.0000,7.068116,-1.141451,0.005493,28.00
1.960015,friction-sweep,knee_flexion_right_joint,RS04,7.058530,-1.500000,0.000000,0.0000,2.0000,7.058530,-1.217442,-0.679329,28.00
1.968015,friction-sweep,knee_flexion_right_joint,RS04,7.049325,-1.500000,0.000000,0.0000,2.0000,7.049325,-1.146487,-1.316551,28.00
1.976020,friction-sweep,knee_flexion_right_joint,RS04,7.039737,-1.500000,0.000000,0.0000,2.0000,7.039737,-1.215611,-0.331429,28.00
1.984020,friction-sweep,knee_flexion_right_joint,RS04,7.030534,-1.500000,0.000000,0.0000,2.0000,7.030534,-1.190433,-0.173950,28.00
1.992017,friction-sweep,knee_flexion_right_joint,RS04,7.020562,-1.500000,0.000000,0.0000,2.0000,7.020562,-1.249027,-1.151749,28.00
2.000021,friction-sweep,knee_flexion_right_joint,RS04,7.011357,-1.500000,0.000000,0.0000,2.0000,7.011357,-1.158389,-0.895401,28.00
2.008013,friction-sweep,knee_flexion_right_joint,RS04,7.001771,-1.500000,0.000000,0.0000,2.0000,7.001771,-1.184939,0.038452,28.00
2.016014,friction-sweep,knee_flexion_right_joint,RS04,6.992183,-1.500000,0.000000,0.0000,2.0000,6.992183,-1.211033,-0.657356,28.00
2.024014,friction-sweep,knee_flexion_right_joint,RS04,6.982594,-1.500000,0.000000,0.0000,2.0000,6.982594,-1.162967,-1.393456,28.00
2.032013,friction-sweep,knee_flexion_right_joint,RS04,6.973008,-1.500000,0.000000,0.0000,2.0000,6.973008,-1.097048,-0.393684,28.00
2.044016,friction-sweep,knee_flexion_right_joint,RS04,6.958819,-1.500000,0.000000,0.0000,2.0000,6.958819,-1.241245,-0.661018,28.00
2.052020,friction-sweep,knee_flexion_right_joint,RS04,6.949231,-1.500000,0.000000,0.0000,2.0000,6.949231,-1.201420,-1.159073,28.00
2.060015,friction-sweep,knee_flexion_right_joint,RS04,6.939645,-1.500000,0.000000,0.0000,2.0000,6.939645,-1.245823,-0.291145,28.00
2.068141,friction-sweep,knee_flexion_right_joint,RS04,6.930440,-1.500000,0.000000,0.0000,2.0000,6.930440,-1.220188,-0.159302,28.00
2.076021,friction-sweep,knee_flexion_right_joint,RS04,6.920468,-1.500000,0.000000,0.0000,2.0000,6.920468,-1.265965,-1.159073,28.00
2.084016,friction-sweep,knee_flexion_right_joint,RS04,6.910880,-1.500000,0.000000,0.0000,2.0000,6.910880,-1.212864,-0.726944,28.00
2.092027,friction-sweep,knee_flexion_right_joint,RS04,6.901677,-1.500000,0.000000,0.0000,2.0000,6.901677,-1.133669,0.023804,28.00
2.100036,friction-sweep,knee_flexion_right_joint,RS04,6.892089,-1.500000,0.000000,0.0000,2.0000,6.892089,-1.176242,-0.712296,28.00
2.108018,friction-sweep,knee_flexion_right_joint,RS04,6.882117,-1.500000,0.000000,0.0000,2.0000,6.882117,-1.153811,-1.276268,28.00
2.116016,friction-sweep,knee_flexion_right_joint,RS04,6.872914,-1.500000,0.000000,0.0000,2.0000,6.872914,-1.247654,-0.276497,28.00
2.124015,friction-sweep,knee_flexion_right_joint,RS04,6.863326,-1.500000,0.000000,0.0000,2.0000,6.863326,-1.229801,-0.228882,28.00
2.132016,friction-sweep,knee_flexion_right_joint,RS04,6.853740,-1.500000,0.000000,0.0000,2.0000,6.853740,-1.163882,-1.250633,28.00
2.140023,friction-sweep,knee_flexion_right_joint,RS04,6.844151,-1.500000,0.000000,0.0000,2.0000,6.844151,-1.161136,-0.704971,28.00
2.148025,friction-sweep,knee_flexion_right_joint,RS04,6.834565,-1.500000,0.000000,0.0000,2.0000,6.834565,-1.206913,-0.009155,28.00
2.156016,friction-sweep,knee_flexion_right_joint,RS04,6.824977,-1.500000,0.000000,0.0000,2.0000,6.824977,-1.215611,-0.752579,28.00
2.164021,friction-sweep,knee_flexion_right_joint,RS04,6.815389,-1.500000,0.000000,0.0000,2.0000,6.815389,-1.187686,-1.166397,28.00
2.172021,friction-sweep,knee_flexion_right_joint,RS04,6.806184,-1.500000,0.000000,0.0000,2.0000,6.806184,-1.184482,-0.225220,28.00
2.180017,friction-sweep,knee_flexion_right_joint,RS04,6.796597,-1.500000,0.000000,0.0000,2.0000,6.796597,-1.211033,-0.195923,28.00
2.188016,friction-sweep,knee_flexion_right_joint,RS04,6.787009,-1.500000,0.000000,0.0000,2.0000,6.787009,-1.208286,-1.192039,28.00
2.196015,friction-sweep,knee_flexion_right_joint,RS04,6.777423,-1.500000,0.000000,0.0000,2.0000,6.777423,-1.125429,-0.763565,28.00
2.204029,friction-sweep,knee_flexion_right_joint,RS04,6.767835,-1.500000,0.000000,0.0000,2.0000,6.767835,-1.176242,0.005493,28.00
2.212022,friction-sweep,knee_flexion_right_joint,RS04,6.758248,-1.500000,0.000000,0.0000,2.0000,6.758248,-1.266881,-0.822159,28.00
2.220019,friction-sweep,knee_flexion_right_joint,RS04,6.748660,-1.500000,0.000000,0.0000,2.0000,6.748660,-1.239872,-1.162735,28.00
2.228024,friction-sweep,knee_flexion_right_joint,RS04,6.739457,-1.500000,0.000000,0.0000,2.0000,6.739457,-1.114901,-0.265511,28.00
2.236020,friction-sweep,knee_flexion_right_joint,RS04,6.730252,-1.500000,0.000000,0.0000,2.0000,6.730252,-1.154727,-0.265511,28.00
2.244025,friction-sweep,knee_flexion_right_joint,RS04,6.720281,-1.500000,0.000000,0.0000,2.0000,6.720281,-1.200961,-1.159073,28.00
2.252017,friction-sweep,knee_flexion_right_joint,RS04,6.711076,-1.500000,0.000000,0.0000,2.0000,6.711076,-1.185397,-0.664680,28.00
2.260103,friction-sweep,knee_flexion_right_joint,RS04,6.701489,-1.500000,0.000000,0.0000,2.0000,6.701489,-1.201878,-0.005493,28.00
2.268049,friction-sweep,knee_flexion_right_joint,RS04,6.691901,-1.500000,0.000000,0.0000,2.0000,6.691901,-1.225681,-0.756241,28.00
2.276034,friction-sweep,knee_flexion_right_joint,RS04,6.682315,-1.500000,0.000000,0.0000,2.0000,6.682315,-1.205997,-1.272606,28.00
2.284037,friction-sweep,knee_flexion_right_joint,RS04,6.673110,-1.500000,0.000000,0.0000,2.0000,6.673110,-1.141451,-0.276497,28.00
2.292028,friction-sweep,knee_flexion_right_joint,RS04,6.663524,-1.500000,0.000000,0.0000,2.0000,6.663524,-1.140078,-0.247200,28.00
2.300017,friction-sweep,knee_flexion_right_joint,RS04,6.653935,-1.500000,0.000000,0.0000,2.0000,6.653935,-1.233006,-1.166397,28.00
2.308020,friction-sweep,knee_flexion_right_joint,RS04,6.644732,-1.500000,0.000000,0.0000,2.0000,6.644732,-1.158847,-0.774551,28.00
2.316021,friction-sweep,knee_flexion_right_joint,RS04,6.635528,-1.500000,0.000000,0.0000,2.0000,6.635528,-1.155643,0.049438,28.00
2.324023,friction-sweep,knee_flexion_right_joint,RS04,6.625939,-1.500000,0.000000,0.0000,2.0000,6.625939,-1.137789,-0.789200,28.00
2.332028,friction-sweep,knee_flexion_right_joint,RS04,6.616351,-1.500000,0.000000,0.0000,2.0000,6.616351,-1.157016,-1.309227,28.00
2.344013,friction-sweep,knee_flexion_right_joint,RS04,6.602546,-1.500000,0.000000,0.0000,2.0000,6.602546,-1.129549,0.031128,28.00
2.352005,friction-sweep,knee_flexion_right_joint,RS04,6.592957,-1.500000,0.000000,0.0000,2.0000,6.592957,-1.185855,-0.752579,28.00
2.364099,friction-sweep,knee_flexion_right_joint,RS04,6.578769,-1.500000,0.000000,0.0000,2.0000,6.578769,-1.136873,-0.789200,28.00
2.372070,friction-sweep,knee_flexion_right_joint,RS04,6.569182,-1.500000,0.000000,0.0000,2.0000,6.569182,-1.185855,-0.009155,28.00
2.380032,friction-sweep,knee_flexion_right_joint,RS04,6.559978,-1.500000,0.000000,0.0000,2.0000,6.559978,-1.154269,-0.697639,28.00
2.388022,friction-sweep,knee_flexion_right_joint,RS04,6.550391,-1.500000,0.000000,0.0000,2.0000,6.550391,-1.200503,-1.298241,28.00
2.396021,friction-sweep,knee_flexion_right_joint,RS04,6.541186,-1.500000,0.000000,0.0000,2.0000,6.541186,-1.148318,-0.335091,28.00
2.404052,friction-sweep,knee_flexion_right_joint,RS04,6.531598,-1.500000,0.000000,0.0000,2.0000,6.531598,-1.226139,-0.159302,28.00
2.412049,friction-sweep,knee_flexion_right_joint,RS04,6.522010,-1.500000,0.000000,0.0000,2.0000,6.522010,-1.265050,-1.173729,28.00
2.420038,friction-sweep,knee_flexion_right_joint,RS04,6.512807,-1.500000,0.000000,0.0000,2.0000,6.512807,-1.134584,-0.818497,28.00
2.428042,friction-sweep,knee_flexion_right_joint,RS04,6.503602,-1.500000,0.000000,0.0000,2.0000,6.503602,-1.217899,-0.020142,28.00
2.436022,friction-sweep,knee_flexion_right_joint,RS04,6.494399,-1.500000,0.000000,0.0000,2.0000,6.494399,-1.153811,-0.595100,28.00
2.444287,friction-sweep,knee_flexion_right_joint,RS04,6.484427,-1.500000,0.000000,0.0000,2.0000,6.484427,-1.130465,-1.386131,28.00
2.452049,friction-sweep,knee_flexion_right_joint,RS04,6.475224,-1.500000,0.000000,0.0000,2.0000,6.475224,-1.201878,-0.444954,28.00
2.460030,friction-sweep,knee_flexion_right_joint,RS04,6.466020,-1.500000,0.000000,0.0000,2.0000,6.466020,-1.167544,-0.119019,28.00
2.468021,friction-sweep,knee_flexion_right_joint,RS04,6.456433,-1.500000,0.000000,0.0000,2.0000,6.456433,-1.173495,-1.166397,28.00
2.476015,friction-sweep,knee_flexion_right_joint,RS04,6.447228,-1.500000,0.000000,0.0000,2.0000,6.447228,-1.158847,-0.928360,28.00
2.484015,friction-sweep,knee_flexion_right_joint,RS04,6.438025,-1.500000,0.000000,0.0000,2.0000,6.438025,-1.112154,-0.005493,28.00
2.492021,friction-sweep,knee_flexion_right_joint,RS04,6.428435,-1.500000,0.000000,0.0000,2.0000,6.428435,-1.187686,-0.551155,28.00
2.500020,friction-sweep,knee_flexion_right_joint,RS04,6.418849,-1.500000,0.000000,0.0000,2.0000,6.418849,-1.200046,-1.411766,28.00
2.508017,friction-sweep,knee_flexion_right_joint,RS04,6.409644,-1.500000,0.000000,0.0000,2.0000,6.409644,-1.175784,-0.532845,28.00
2.516014,friction-sweep,knee_flexion_right_joint,RS04,6.400441,-1.500000,0.000000,0.0000,2.0000,6.400441,-1.241703,0.042114,28.00
2.524016,friction-sweep,knee_flexion_right_joint,RS04,6.390853,-1.500000,0.000000,0.0000,2.0000,6.390853,-1.130922,-1.089493,28.00
2.532018,friction-sweep,knee_flexion_right_joint,RS04,6.381267,-1.500000,0.000000,0.0000,2.0000,6.381267,-1.182193,-0.906387,28.00
2.540015,friction-sweep,knee_flexion_right_joint,RS04,6.372062,-1.500000,0.000000,0.0000,2.0000,6.372062,-1.186770,-0.071411,28.00
2.548017,friction-sweep,knee_flexion_right_joint,RS04,6.362475,-1.500000,0.000000,0.0000,2.0000,6.362475,-1.183566,-0.455940,28.00
2.556016,friction-sweep,knee_flexion_right_joint,RS04,6.353271,-1.500000,0.000000,0.0000,2.0000,6.353271,-1.134127,-1.371483,28.00
2.564017,friction-sweep,knee_flexion_right_joint,RS04,6.343684,-1.500000,0.000000,0.0000,2.0000,6.343684,-1.157016,-0.558479,28.00
2.572013,friction-sweep,knee_flexion_right_joint,RS04,6.334479,-1.500000,0.000000,0.0000,2.0000,6.334479,-1.170291,0.012817,28.00
2.580104,friction-sweep,knee_flexion_right_joint,RS04,6.324508,-1.500000,0.000000,0.0000,2.0000,6.324508,-1.283818,-1.034561,28.00
2.588025,friction-sweep,knee_flexion_right_joint,RS04,6.315303,-1.500000,0.000000,0.0000,2.0000,6.315303,-1.203709,-1.034561,28.00
2.596019,friction-sweep,knee_flexion_right_joint,RS04,6.305717,-1.500000,0.000000,0.0000,2.0000,6.305717,-1.207371,-0.140991,28.00
2.604016,friction-sweep,knee_flexion_right_joint,RS04,6.296128,-1.500000,0.000000,0.0000,2.0000,6.296128,-1.254520,-0.452278,28.00
2.612018,friction-sweep,knee_flexion_right_joint,RS04,6.286542,-1.500000,0.000000,0.0000,2.0000,6.286542,-1.176700,-1.203026,28.00
2.620013,friction-sweep,knee_flexion_right_joint,RS04,6.277337,-1.500000,0.000000,0.0000,2.0000,6.277337,-1.170749,-0.554817,28.00
2.628016,friction-sweep,knee_flexion_right_joint,RS04,6.267751,-1.500000,0.000000,0.0000,2.0000,6.267751,-1.223392,0.023804,28.00
2.636014,friction-sweep,knee_flexion_right_joint,RS04,6.258162,-1.500000,0.000000,0.0000,2.0000,6.258162,-1.235752,-1.052872,28.00
2.644013,friction-sweep,knee_flexion_right_joint,RS04,6.248574,-1.500000,0.000000,0.0000,2.0000,6.248574,-1.182651,-0.983292,28.00
2.652013,friction-sweep,knee_flexion_right_joint,RS04,6.238988,-1.500000,0.000000,0.0000,2.0000,6.238988,-1.222477,-0.034790,28.00
2.660015,friction-sweep,knee_flexion_right_joint,RS04,6.229783,-1.500000,0.000000,0.0000,2.0000,6.229783,-1.200503,-0.364388,28.00
2.668014,friction-sweep,knee_flexion_right_joint,RS04,6.219811,-1.500000,0.000000,0.0000,2.0000,6.219811,-1.206913,-1.217674,28.00
2.676015,friction-sweep,knee_flexion_right_joint,RS04,6.210607,-1.500000,0.000000,0.0000,2.0000,6.210607,-1.135500,-0.503548,28.00
2.684014,friction-sweep,knee_flexion_right_joint,RS04,6.201404,-1.500000,0.000000,0.0000,2.0000,6.201404,-1.175784,0.038452,28.00
2.692014,friction-sweep,knee_flexion_right_joint,RS04,6.191432,-1.500000,0.000000,0.0000,2.0000,6.191432,-1.143283,-1.034561,28.00
2.700013,friction-sweep,knee_flexion_right_joint,RS04,6.181846,-1.500000,0.000000,0.0000,2.0000,6.181846,-1.164798,-0.979630,28.00
2.708013,friction-sweep,knee_flexion_right_joint,RS04,6.172257,-1.500000,0.000000,0.0000,2.0000,6.172257,-1.216984,-0.020142,28.00
2.716013,friction-sweep,knee_flexion_right_joint,RS04,6.162671,-1.500000,0.000000,0.0000,2.0000,6.162671,-1.171206,-0.481575,28.00
2.724014,friction-sweep,knee_flexion_right_joint,RS04,6.153083,-1.500000,0.000000,0.0000,2.0000,6.153083,-1.215611,-1.327538,28.00
2.732014,friction-sweep,knee_flexion_right_joint,RS04,6.143880,-1.500000,0.000000,0.0000,2.0000,6.143880,-1.133669,-0.433968,28.00
2.740014,friction-sweep,knee_flexion_right_joint,RS04,6.134290,-1.500000,0.000000,0.0000,2.0000,6.134290,-1.170291,-0.093384,28.00
2.748014,friction-sweep,knee_flexion_right_joint,RS04,6.124320,-1.500000,0.000000,0.0000,2.0000,6.124320,-1.212864,-1.096817,28.00
2.756056,friction-sweep,knee_flexion_right_joint,RS04,6.115115,-1.500000,0.000000,0.0000,2.0000,6.115115,-1.151980,-0.880753,28.00
2.764046,friction-sweep,knee_flexion_right_joint,RS04,6.105529,-1.500000,0.000000,0.0000,2.0000,6.105529,-1.206455,0.020142,28.00
2.772031,friction-sweep,knee_flexion_right_joint,RS04,6.095941,-1.500000,0.000000,0.0000,2.0000,6.095941,-1.185397,-0.510872,28.00
2.780081,friction-sweep,knee_flexion_right_joint,RS04,6.085971,-1.500000,0.000000,0.0000,2.0000,6.085971,-1.219730,-1.375145,28.00
2.788166,friction-sweep,knee_flexion_right_joint,RS04,6.076766,-1.500000,0.000000,0.0000,2.0000,6.076766,-1.143741,-0.459602,28.00
2.796028,friction-sweep,knee_flexion_right_joint,RS04,6.067563,-1.500000,0.000000,0.0000,2.0000,6.067563,-1.172580,-0.056763,28.00
2.804057,friction-sweep,knee_flexion_right_joint,RS04,6.057591,3.000000,0.000000,0.0000,2.0000,6.057591,-1.239872,-1.129776,28.00
2.812022,friction-sweep,knee_flexion_right_joint,RS04,6.048388,3.000000,0.000000,0.0000,2.0000,6.048388,-1.156100,-0.895401,28.00
2.820037,friction-sweep,knee_flexion_right_joint,RS04,6.041101,3.000000,0.000000,0.0000,2.0000,6.041101,-0.692378,2.444504,28.00
2.828021,friction-sweep,knee_flexion_right_joint,RS04,6.037648,3.000000,0.000000,0.0000,2.0000,6.037648,-0.151752,3.034103,28.00
2.836033,friction-sweep,knee_flexion_right_joint,RS04,6.039184,3.000000,0.000000,0.0000,2.0000,6.039184,0.294577,2.730148,28.00
2.844268,friction-sweep,knee_flexion_right_joint,RS04,6.044169,3.000000,0.000000,0.0000,2.0000,6.044169,0.756007,2.429855,28.00
2.852044,friction-sweep,knee_flexion_right_joint,RS04,6.051839,3.000000,0.000000,0.0000,2.0000,6.051839,1.093842,1.660797,28.00
2.860037,friction-sweep,knee_flexion_right_joint,RS04,6.062577,3.000000,0.000000,0.0000,2.0000,6.062577,1.497139,1.741364,28.00
2.868024,friction-sweep,knee_flexion_right_joint,RS04,6.075616,3.000000,0.000000,0.0000,2.0000,6.075616,1.705883,1.935455,28.00
2.876018,friction-sweep,knee_flexion_right_joint,RS04,6.090188,3.000000,0.000000,0.0000,2.0000,6.090188,1.879835,0.921036,28.00
2.884015,friction-sweep,knee_flexion_right_joint,RS04,6.106296,3.000000,0.000000,0.0000,2.0000,6.106296,2.068438,1.818268,28.00
2.892013,friction-sweep,knee_flexion_right_joint,RS04,6.123170,3.000000,0.000000,0.0000,2.0000,6.123170,2.212635,0.617081,28.00
2.900015,friction-sweep,knee_flexion_right_joint,RS04,6.141194,3.000000,0.000000,0.0000,2.0000,6.141194,2.252003,1.528961,28.00
2.908014,friction-sweep,knee_flexion_right_joint,RS04,6.159986,3.000000,0.000000,0.0000,2.0000,6.159986,2.364157,0.811172,28.00
2.916013,friction-sweep,knee_flexion_right_joint,RS04,6.179160,3.000000,0.000000,0.0000,2.0000,6.179160,2.449760,0.906387,28.00
2.924013,friction-sweep,knee_flexion_right_joint,RS04,6.198720,3.000000,0.000000,0.0000,2.0000,6.198720,2.406731,1.162735,28.00
2.932013,friction-sweep,knee_flexion_right_joint,RS04,6.218661,3.000000,0.000000,0.0000,2.0000,6.218661,2.578394,0.214233,28.00
2.940013,friction-sweep,knee_flexion_right_joint,RS04,6.238988,3.000000,0.000000,0.0000,2.0000,6.238988,2.546808,1.532623,28.00
2.948013,friction-sweep,knee_flexion_right_joint,RS04,6.259313,3.000000,0.000000,0.0000,2.0000,6.259313,2.500114,0.573135,28.00
2.956014,friction-sweep,knee_flexion_right_joint,RS04,6.280021,3.000000,0.000000,0.0000,2.0000,6.280021,2.612726,0.653702,28.00
2.964012,friction-sweep,knee_flexion_right_joint,RS04,6.300731,3.000000,0.000000,0.0000,2.0000,6.300731,2.631037,1.356827,28.00
2.972012,friction-sweep,knee_flexion_right_joint,RS04,6.321439,3.000000,0.000000,0.0000,2.0000,6.321439,2.564203,0.108032,28.00
2.980013,friction-sweep,knee_flexion_right_joint,RS04,6.342149,3.000000,0.000000,0.0000,2.0000,6.342149,2.588465,1.129776,28.00
2.988012,friction-sweep,knee_flexion_right_joint,RS04,6.362859,3.000000,0.000000,0.0000,2.0000,6.362859,2.679562,0.803848,28.00
2.996014,friction-sweep,knee_flexion_right_joint,RS04,6.383950,3.000000,0.000000,0.0000,2.0000,6.383950,2.612726,0.280151,28.00
3.004014,friction-sweep,knee_flexion_right_joint,RS04,6.404658,3.000000,0.000000,0.0000,2.0000,6.404658,2.624628,1.422760,28.00
3.012014,friction-sweep,knee_flexion_right_joint,RS04,6.425368,3.000000,0.000000,0.0000,2.0000,6.425368,2.597162,0.584122,28.00
3.020012,friction-sweep,knee_flexion_right_joint,RS04,6.446462,3.000000,0.000000,0.0000,2.0000,6.446462,2.626001,0.668350,28.00
3.028013,friction-sweep,knee_flexion_right_joint,RS04,6.467553,3.000000,0.000000,0.0000,2.0000,6.467553,2.680477,1.338516,28.00
3.036012,friction-sweep,knee_flexion_right_joint,RS04,6.488263,3.000000,0.000000,0.0000,2.0000,6.488263,2.554590,0.082397,28.00
3.044013,friction-sweep,knee_flexion_right_joint,RS04,6.509355,3.000000,0.000000,0.0000,2.0000,6.509355,2.614100,1.049210,28.00
3.052014,friction-sweep,knee_flexion_right_joint,RS04,6.530065,3.000000,0.000000,0.0000,2.0000,6.530065,2.630579,0.928360,28.00
3.060060,friction-sweep,knee_flexion_right_joint,RS04,6.550775,3.000000,0.000000,0.0000,2.0000,6.550775,2.589380,0.177612,28.00
3.068042,friction-sweep,knee_flexion_right_joint,RS04,6.571483,3.000000,0.000000,0.0000,2.0000,6.571483,2.544062,1.430084,28.00
3.076036,friction-sweep,knee_flexion_right_joint,RS04,6.592191,3.000000,0.000000,0.0000,2.0000,6.592191,2.645687,0.613419,28.00
3.084176,friction-sweep,knee_flexion_right_joint,RS04,6.613284,3.000000,0.000000,0.0000,2.0000,6.613284,2.584803,0.591446,28.00
3.092064,friction-sweep,knee_flexion_right_joint,RS04,6.634377,3.000000,0.000000,0.0000,2.0000,6.634377,2.643398,1.474030,28.00
3.100028,friction-sweep,knee_flexion_right_joint,RS04,6.654702,3.000000,0.000000,0.0000,2.0000,6.654702,2.603113,0.173950,28.00
3.108018,friction-sweep,knee_flexion_right_joint,RS04,6.675410,3.000000,0.000000,0.0000,2.0000,6.675410,2.657589,0.994278,28.00
3.116015,friction-sweep,knee_flexion_right_joint,RS04,6.696120,3.000000,0.000000,0.0000,2.0000,6.696120,2.560083,0.950333,28.00
3.124016,friction-sweep,knee_flexion_right_joint,RS04,6.717212,3.000000,0.000000,0.0000,2.0000,6.717212,2.580683,0.151978,28.00
3.132016,friction-sweep,knee_flexion_right_joint,RS04,6.737922,3.000000,0.000000,0.0000,2.0000,6.737922,2.631952,1.382462,28.00
3.140015,friction-sweep,knee_flexion_right_joint,RS04,6.759015,3.000000,0.000000,0.0000,2.0000,6.759015,2.603113,0.613419,28.00
3.148021,friction-sweep,knee_flexion_right_joint,RS04,6.779723,3.000000,0.000000,0.0000,2.0000,6.779723,2.575190,0.492569,28.00
3.156030,friction-sweep,knee_flexion_right_joint,RS04,6.800817,3.000000,0.000000,0.0000,2.0000,6.800817,2.655758,1.474030,28.00
3.164024,friction-sweep,knee_flexion_right_joint,RS04,6.821908,3.000000,0.000000,0.0000,2.0000,6.821908,2.624628,0.221558,28.00
3.172017,friction-sweep,knee_flexion_right_joint,RS04,6.843001,3.000000,0.000000,0.0000,2.0000,6.843001,2.626459,0.803848,28.00
3.180016,friction-sweep,knee_flexion_right_joint,RS04,6.864095,3.000000,0.000000,0.0000,2.0000,6.864095,2.619135,1.093155,28.00
3.188015,friction-sweep,knee_flexion_right_joint,RS04,6.885186,3.000000,0.000000,0.0000,2.0000,6.885186,2.626001,0.108032,28.00
3.196016,friction-sweep,knee_flexion_right_joint,RS04,6.906278,3.000000,0.000000,0.0000,2.0000,6.906278,2.612726,1.184708,28.00
3.204021,friction-sweep,knee_flexion_right_joint,RS04,6.926988,3.000000,0.000000,0.0000,2.0000,6.926988,2.701534,0.712296,28.00
3.212026,friction-sweep,knee_flexion_right_joint,RS04,6.948081,3.000000,0.000000,0.0000,2.0000,6.948081,2.606775,0.151978,28.00
3.220017,friction-sweep,knee_flexion_right_joint,RS04,6.969172,3.000000,0.000000,0.0000,2.0000,6.969172,2.627832,1.477692,28.00
3.228019,friction-sweep,knee_flexion_right_joint,RS04,6.990266,3.000000,0.000000,0.0000,2.0000,6.990266,2.630121,0.488907,28.00
3.236016,friction-sweep,knee_flexion_right_joint,RS04,7.010974,3.000000,0.000000,0.0000,2.0000,7.010974,2.577478,0.584122,28.00
3.244016,friction-sweep,knee_flexion_right_joint,RS04,7.032067,3.000000,0.000000,0.0000,2.0000,7.032067,2.573816,1.265274,28.00
3.252020,friction-sweep,knee_flexion_right_joint,RS04,7.053161,3.000000,0.000000,0.0000,2.0000,7.053161,2.613184,0.038452,28.00
3.260017,friction-sweep,knee_flexion_right_joint,RS04,7.073869,3.000000,0.000000,0.0000,2.0000,7.073869,2.596704,1.089493,28.00
3.268029,friction-sweep,knee_flexion_right_joint,RS04,7.094960,3.000000,0.000000,0.0000,2.0000,7.094960,2.626459,0.888077,28.00
3.276021,friction-sweep,knee_flexion_right_joint,RS04,7.115670,3.000000,0.000000,0.0000,2.0000,7.115670,2.618219,0.144653,28.00
3.284017,friction-sweep,knee_flexion_right_joint,RS04,7.136764,3.000000,0.000000,0.0000,2.0000,7.136764,2.693752,1.437408,28.00
3.292012,friction-sweep,knee_flexion_right_joint,RS04,7.157472,3.000000,0.000000,0.0000,2.0000,7.157472,2.682766,0.595108,28.00
3.300016,friction-sweep,knee_flexion_right_joint,RS04,7.178565,3.000000,0.000000,0.0000,2.0000,7.178565,2.609064,0.507217,28.00
3.308015,friction-sweep,knee_flexion_right_joint,RS04,7.199273,3.000000,0.000000,0.0000,2.0000,7.199273,2.626459,1.455719,28.00
3.316297,friction-sweep,knee_flexion_right_joint,RS04,7.220750,3.000000,0.000000,0.0000,2.0000,7.220750,2.642941,0.243530,28.00
3.324047,friction-sweep,knee_flexion_right_joint,RS04,7.241076,3.000000,0.000000,0.0000,2.0000,7.241076,2.673611,0.924698,28.00
3.332029,friction-sweep,knee_flexion_right_joint,RS04,7.261785,3.000000,0.000000,0.0000,2.0000,7.261785,2.624170,1.030899,28.00
3.340019,friction-sweep,knee_flexion_right_joint,RS04,7.282493,3.000000,0.000000,0.0000,2.0000,7.282493,2.658504,0.173950,28.00
3.348025,friction-sweep,knee_flexion_right_joint,RS04,7.303586,3.000000,0.000000,0.0000,2.0000,7.303586,2.714352,1.338516,28.00
3.356021,friction-sweep,knee_flexion_right_joint,RS04,7.324296,3.000000,0.000000,0.0000,2.0000,7.324296,2.617762,0.617081,28.00
3.364015,friction-sweep,knee_flexion_right_joint,RS04,7.345004,3.000000,0.000000,0.0000,2.0000,7.345004,2.598993,0.488907,28.00
3.372015,friction-sweep,knee_flexion_right_joint,RS04,7.365712,3.000000,0.000000,0.0000,2.0000,7.365712,2.629663,1.481354,28.00
3.380013,friction-sweep,knee_flexion_right_joint,RS04,7.386422,3.000000,0.000000,0.0000,2.0000,7.386422,2.613184,0.199585,28.00
3.388013,friction-sweep,knee_flexion_right_joint,RS04,7.407130,3.000000,0.000000,0.0000,2.0000,7.407130,2.589838,0.899063,28.00
3.396013,friction-sweep,knee_flexion_right_joint,RS04,7.427840,3.000000,0.000000,0.0000,2.0000,7.427840,2.585718,0.997940,28.00
3.404014,friction-sweep,knee_flexion_right_joint,RS04,7.448934,3.000000,0.000000,0.0000,2.0000,7.448934,2.674068,0.184937,28.00
3.412015,friction-sweep,knee_flexion_right_joint,RS04,7.469642,3.000000,0.000000,0.0000,2.0000,7.469642,2.621424,1.301895,28.00
3.420018,friction-sweep,knee_flexion_right_joint,RS04,7.490733,3.000000,0.000000,0.0000,2.0000,7.490733,2.620966,0.624405,28.00
3.428016,friction-sweep,knee_flexion_right_joint,RS04,7.511828,3.000000,0.000000,0.0000,2.0000,7.511828,2.579767,0.397339,28.00
3.436014,friction-sweep,knee_flexion_right_joint,RS04,7.532537,3.000000,0.000000,0.0000,2.0000,7.532537,2.577936,1.598541,28.00
3.444016,friction-sweep,knee_flexion_right_joint,RS04,7.553628,3.000000,0.000000,0.0000,2.0000,7.553628,2.686428,0.313110,28.00
3.452016,friction-sweep,knee_flexion_right_joint,RS04,7.574721,3.000000,0.000000,0.0000,2.0000,7.574721,2.585718,0.745255,28.00
3.460016,friction-sweep,knee_flexion_right_joint,RS04,7.595813,3.000000,0.000000,0.0000,2.0000,7.595813,2.604944,1.082169,28.00
3.468018,friction-sweep,knee_flexion_right_joint,RS04,7.616906,3.000000,0.000000,0.0000,2.0000,7.616906,2.617304,0.089722,28.00
3.476013,friction-sweep,knee_flexion_right_joint,RS04,7.638000,3.000000,0.000000,0.0000,2.0000,7.638000,2.652096,1.221329,28.00
3.484014,friction-sweep,knee_flexion_right_joint,RS04,7.658708,3.000000,0.000000,0.0000,2.0000,7.658708,2.619135,0.741592,28.00
3.492019,friction-sweep,knee_flexion_right_joint,RS04,7.679801,3.000000,0.000000,0.0000,2.0000,7.679801,2.596704,0.155640,28.00
3.500018,friction-sweep,knee_flexion_right_joint,RS04,7.700892,3.000000,0.000000,0.0000,2.0000,7.700892,2.637905,1.496002,28.00
3.508017,friction-sweep,knee_flexion_right_joint,RS04,7.721602,3.000000,0.000000,0.0000,2.0000,7.721602,2.682308,0.536514,28.00
3.516016,friction-sweep,knee_flexion_right_joint,RS04,7.742694,3.000000,0.000000,0.0000,2.0000,7.742694,2.665829,0.642715,28.00
3.524015,friction-sweep,knee_flexion_right_joint,RS04,7.763404,3.000000,0.000000,0.0000,2.0000,7.763404,2.586634,1.250626,28.00
3.532017,friction-sweep,knee_flexion_right_joint,RS04,7.784112,3.000000,0.000000,0.0000,2.0000,7.784112,2.653011,0.097046,28.00
3.540059,friction-sweep,knee_flexion_right_joint,RS04,7.805205,3.000000,0.000000,0.0000,2.0000,7.805205,2.604944,0.990616,28.00
3.548046,friction-sweep,knee_flexion_right_joint,RS04,7.825915,3.000000,0.000000,0.0000,2.0000,7.825915,2.565577,0.953995,28.00
3.556023,friction-sweep,knee_flexion_right_joint,RS04,7.847007,3.000000,0.000000,0.0000,2.0000,7.847007,2.613184,0.093384,28.00
3.564023,friction-sweep,knee_flexion_right_joint,RS04,7.867715,3.000000,0.000000,0.0000,2.0000,7.867715,2.619593,1.455719,28.00
3.572035,friction-sweep,knee_flexion_right_joint,RS04,7.888808,3.000000,0.000000,0.0000,2.0000,7.888808,2.677273,0.609756,28.00
3.580019,friction-sweep,knee_flexion_right_joint,RS04,7.909518,3.000000,0.000000,0.0000,2.0000,7.909518,2.567408,0.540176,28.00
3.588024,friction-sweep,knee_flexion_right_joint,RS04,7.930226,3.000000,0.000000,0.0000,2.0000,7.930226,2.619593,1.433746,28.00
3.596128,friction-sweep,knee_flexion_right_joint,RS04,7.951320,3.000000,0.000000,0.0000,2.0000,7.951320,2.652096,0.236206,28.00
3.604028,friction-sweep,knee_flexion_right_joint,RS04,7.971644,3.000000,0.000000,0.0000,2.0000,7.971644,2.535364,1.016251,28.00
3.612018,friction-sweep,knee_flexion_right_joint,RS04,7.992736,3.000000,0.000000,0.0000,2.0000,7.992736,2.605402,1.038223,28.00
3.620019,friction-sweep,knee_flexion_right_joint,RS04,8.013448,3.000000,0.000000,0.0000,2.0000,8.013448,2.564203,0.130005,28.00
3.628016,friction-sweep,knee_flexion_right_joint,RS04,8.034156,3.000000,0.000000,0.0000,2.0000,8.034156,2.651638,1.455719,28.00
3.636015,friction-sweep,knee_flexion_right_joint,RS04,8.054864,3.000000,0.000000,0.0000,2.0000,8.054864,2.645229,0.639053,28.00
3.644015,friction-sweep,knee_flexion_right_joint,RS04,8.075574,3.000000,0.000000,0.0000,2.0000,8.075574,2.521173,0.569473,28.00
3.652016,friction-sweep,knee_flexion_right_joint,RS04,8.096282,3.000000,0.000000,0.0000,2.0000,8.096282,2.587549,1.481354,28.00
3.660090,friction-sweep,knee_flexion_right_joint,RS04,8.117375,3.000000,0.000000,0.0000,2.0000,8.117375,2.658962,0.126343,28.00
3.668038,friction-sweep,knee_flexion_right_joint,RS04,8.138083,3.000000,0.000000,0.0000,2.0000,8.138083,2.554132,0.943008,28.00
3.676024,friction-sweep,knee_flexion_right_joint,RS04,8.159177,3.000000,0.000000,0.0000,2.0000,8.159177,2.687801,0.983292,28.00
3.684030,friction-sweep,knee_flexion_right_joint,RS04,8.179885,3.000000,0.000000,0.0000,2.0000,8.179885,2.623255,0.111694,28.00
3.692024,friction-sweep,knee_flexion_right_joint,RS04,8.200978,3.000000,0.000000,0.0000,2.0000,8.200978,2.615931,1.353165,28.00
3.704015,friction-sweep,knee_flexion_right_joint,RS04,8.232041,3.000000,0.000000,0.0000,2.0000,8.232041,2.593958,1.521637,28.00
3.712012,friction-sweep,knee_flexion_right_joint,RS04,8.253135,3.000000,0.000000,0.0000,2.0000,8.253135,2.642483,0.510880,28.00
3.720021,friction-sweep,knee_flexion_right_joint,RS04,8.274226,3.000000,0.000000,0.0000,2.0000,8.274226,2.637905,0.620743,28.00
3.728021,friction-sweep,knee_flexion_right_joint,RS04,8.295320,3.000000,0.000000,0.0000,2.0000,8.295320,2.605402,1.305557,28.00
3.740012,friction-sweep,knee_flexion_right_joint,RS04,8.326768,3.000000,0.000000,0.0000,2.0000,8.326768,2.615015,1.122452,28.00
3.748012,friction-sweep,knee_flexion_right_joint,RS04,8.347093,3.000000,0.000000,0.0000,2.0000,8.347093,2.582056,0.137329,28.00
3.756020,friction-sweep,knee_flexion_right_joint,RS04,8.368567,3.000000,0.000000,0.0000,2.0000,8.368567,2.583887,1.195694,28.00
3.764019,friction-sweep,knee_flexion_right_joint,RS04,8.389277,3.000000,0.000000,0.0000,2.0000,8.389277,2.630121,0.672012,28.00
3.772015,friction-sweep,knee_flexion_right_joint,RS04,8.409987,3.000000,0.000000,0.0000,2.0000,8.409987,2.573816,0.243530,28.00
3.780021,friction-sweep,knee_flexion_right_joint,RS04,8.431079,3.000000,0.000000,0.0000,2.0000,8.431079,2.648434,1.558258,28.00
3.788021,friction-sweep,knee_flexion_right_joint,RS04,8.451789,3.000000,0.000000,0.0000,2.0000,8.451789,2.625086,0.441284,28.00
3.796014,friction-sweep,knee_flexion_right_joint,RS04,8.472497,3.000000,0.000000,0.0000,2.0000,8.472497,2.554590,0.730606,28.00
3.804075,friction-sweep,knee_flexion_right_joint,RS04,8.493590,3.000000,0.000000,0.0000,2.0000,8.493590,2.641109,1.159073,28.00
3.812038,friction-sweep,knee_flexion_right_joint,RS04,8.514298,3.000000,0.000000,0.0000,2.0000,8.514298,2.548639,0.045776,28.00
3.820026,friction-sweep,knee_flexion_right_joint,RS04,8.535392,3.000000,0.000000,0.0000,2.0000,8.535392,2.561914,1.199356,28.00
3.828053,friction-sweep,knee_flexion_right_joint,RS04,8.556100,3.000000,0.000000,0.0000,2.0000,8.556100,2.609522,0.752579,28.00
3.836021,friction-sweep,knee_flexion_right_joint,RS04,8.577193,3.000000,0.000000,0.0000,2.0000,8.577193,2.633783,0.250854,28.00
3.844016,friction-sweep,knee_flexion_right_joint,RS04,8.597903,3.000000,0.000000,0.0000,2.0000,8.597903,2.656216,1.569244,28.00
3.852020,friction-sweep,knee_flexion_right_joint,RS04,8.618611,3.000000,0.000000,0.0000,2.0000,8.618611,2.639736,0.540176,28.00
3.860018,friction-sweep,knee_flexion_right_joint,RS04,8.639703,3.000000,0.000000,0.0000,2.0000,8.639703,2.677273,0.668350,28.00
3.868017,friction-sweep,knee_flexion_right_joint,RS04,8.660029,3.000000,0.000000,0.0000,2.0000,8.660029,2.607233,1.257950,28.00
3.876019,friction-sweep,knee_flexion_right_joint,RS04,8.681121,3.000000,0.000000,0.0000,2.0000,8.681121,2.616388,0.082397,28.00
3.884065,friction-sweep,knee_flexion_right_joint,RS04,8.701831,3.000000,0.000000,0.0000,2.0000,8.701831,2.599909,1.148087,28.00
3.892048,friction-sweep,knee_flexion_right_joint,RS04,8.722541,3.000000,0.000000,0.0000,2.0000,8.722541,2.562830,0.814835,28.00
3.900042,friction-sweep,knee_flexion_right_joint,RS04,8.743249,3.000000,0.000000,0.0000,2.0000,8.743249,2.596704,0.151978,28.00
3.908031,friction-sweep,knee_flexion_right_joint,RS04,8.763957,3.000000,0.000000,0.0000,2.0000,8.763957,2.660336,1.532623,28.00
3.916029,friction-sweep,knee_flexion_right_joint,RS04,8.784667,3.000000,0.000000,0.0000,2.0000,8.784667,2.571985,0.576797,28.00
3.924028,friction-sweep,knee_flexion_right_joint,RS04,8.805760,3.000000,0.000000,0.0000,2.0000,8.805760,2.632410,0.679337,28.00
3.932021,friction-sweep,knee_flexion_right_joint,RS04,8.826468,3.000000,0.000000,0.0000,2.0000,8.826468,2.592585,1.301895,28.00
3.940019,friction-sweep,knee_flexion_right_joint,RS04,8.847178,3.000000,0.000000,0.0000,2.0000,8.847178,2.644314,0.045776,28.00
3.948021,friction-sweep,knee_flexion_right_joint,RS04,8.868270,3.000000,0.000000,0.0000,2.0000,8.868270,2.582056,1.115128,28.00
3.956020,friction-sweep,knee_flexion_right_joint,RS04,8.888980,3.000000,0.000000,0.0000,2.0000,8.888980,2.678188,0.877090,28.00
3.964018,friction-sweep,knee_flexion_right_joint,RS04,8.909688,3.000000,0.000000,0.0000,2.0000,8.909688,2.544062,0.097046,28.00
3.972016,friction-sweep,knee_flexion_right_joint,RS04,8.931165,3.000000,0.000000,0.0000,2.0000,8.931165,2.626917,1.386124,28.00
3.980019,friction-sweep,knee_flexion_right_joint,RS04,8.951489,3.000000,0.000000,0.0000,2.0000,8.951489,2.595789,0.536514,28.00
3.988022,friction-sweep,knee_flexion_right_joint,RS04,8.972583,3.000000,0.000000,0.0000,2.0000,8.972583,2.583429,0.584122,28.00
3.996018,friction-sweep,knee_flexion_right_joint,RS04,8.993676,3.000000,0.000000,0.0000,2.0000,8.993676,2.553675,1.371475,28.00
4.004019,friction-sweep,knee_flexion_right_joint,RS04,9.014384,-3.000000,0.000000,0.0000,2.0000,9.014384,2.603571,0.140991,28.00
4.012019,friction-sweep,knee_flexion_right_joint,RS04,9.035092,-3.000000,0.000000,0.0000,2.0000,9.035092,2.598536,0.983292,28.00
4.020019,friction-sweep,knee_flexion_right_joint,RS04,9.053884,-3.000000,0.000000,0.0000,2.0000,9.053884,2.218128,-3.041428,28.00
4.028018,friction-sweep,knee_flexion_right_joint,RS04,9.066155,-3.000000,0.000000,0.0000,2.0000,9.066155,1.142824,-2.887619,28.00
4.036017,friction-sweep,knee_flexion_right_joint,RS04,9.070374,-3.000000,0.000000,0.0000,2.0000,9.070374,0.210804,-2.653244,28.00
4.044019,friction-sweep,knee_flexion_right_joint,RS04,9.068841,-3.000000,0.000000,0.0000,2.0000,9.068841,-0.381553,-2.371254,28.00
4.052041,friction-sweep,knee_flexion_right_joint,RS04,9.063472,-3.000000,0.000000,0.0000,2.0000,9.063472,-0.858549,-1.704742,28.00
4.060019,friction-sweep,knee_flexion_right_joint,RS04,9.054652,-3.000000,0.000000,0.0000,2.0000,9.054652,-1.303960,-1.803619,28.00
4.072011,friction-sweep,knee_flexion_right_joint,RS04,9.036628,-3.000000,0.000000,0.0000,2.0000,9.036628,-1.645456,-1.653473,28.00
4.080019,friction-sweep,knee_flexion_right_joint,RS04,9.022437,-3.000000,0.000000,0.0000,2.0000,9.022437,-1.899519,-1.243309,28.00
4.088017,friction-sweep,knee_flexion_right_joint,RS04,9.007098,-3.000000,0.000000,0.0000,2.0000,9.007098,-1.979172,-1.730377,28.00
4.096018,friction-sweep,knee_flexion_right_joint,RS04,8.990224,-3.000000,0.000000,0.0000,2.0000,8.990224,-2.171893,-0.822159,28.00
4.104019,friction-sweep,knee_flexion_right_joint,RS04,8.972583,-3.000000,0.000000,0.0000,2.0000,8.972583,-2.218128,-1.426414,28.00
4.112114,friction-sweep,knee_flexion_right_joint,RS04,8.953792,-3.000000,0.000000,0.0000,2.0000,8.953792,-2.389334,-0.899063,28.00
4.120032,friction-sweep,knee_flexion_right_joint,RS04,8.934999,-3.000000,0.000000,0.0000,2.0000,8.934999,-2.417715,-0.800186,28.00
4.128021,friction-sweep,knee_flexion_right_joint,RS04,8.915441,-3.000000,0.000000,0.0000,2.0000,8.915441,-2.437400,-1.400780,28.00
4.136019,friction-sweep,knee_flexion_right_joint,RS04,8.895499,-3.000000,0.000000,0.0000,2.0000,8.895499,-2.539482,-0.217896,28.00
4.144018,friction-sweep,knee_flexion_right_joint,RS04,8.875556,-3.000000,0.000000,0.0000,2.0000,8.875556,-2.545433,-1.565575,28.00
4.152018,friction-sweep,knee_flexion_right_joint,RS04,8.855231,-3.000000,0.000000,0.0000,2.0000,8.855231,-2.546806,-0.576790,28.00
4.160020,friction-sweep,knee_flexion_right_joint,RS04,8.834907,-3.000000,0.000000,0.0000,2.0000,8.834907,-2.497826,-0.628059,28.00
4.168017,friction-sweep,knee_flexion_right_joint,RS04,8.814197,-3.000000,0.000000,0.0000,2.0000,8.814197,-2.523003,-1.404442,28.00
4.176019,friction-sweep,knee_flexion_right_joint,RS04,8.793489,-3.000000,0.000000,0.0000,2.0000,8.793489,-2.599450,-0.122681,28.00
4.184018,friction-sweep,knee_flexion_right_joint,RS04,8.772779,-3.000000,0.000000,0.0000,2.0000,8.772779,-2.619135,-1.133438,28.00
4.192019,friction-sweep,knee_flexion_right_joint,RS04,8.752452,-3.000000,0.000000,0.0000,2.0000,8.752452,-2.531700,-0.869766,28.00
4.200019,friction-sweep,knee_flexion_right_joint,RS04,8.731360,-3.000000,0.000000,0.0000,2.0000,8.731360,-2.532158,-0.280159,28.00
4.208016,friction-sweep,knee_flexion_right_joint,RS04,8.710652,-3.000000,0.000000,0.0000,2.0000,8.710652,-2.587090,-1.646149,28.00
4.216018,friction-sweep,knee_flexion_right_joint,RS04,8.689942,-3.000000,0.000000,0.0000,2.0000,8.689942,-2.589379,-0.411995,28.00
4.224019,friction-sweep,knee_flexion_right_joint,RS04,8.669232,-3.000000,0.000000,0.0000,2.0000,8.669232,-2.574273,-0.587776,28.00
4.232018,friction-sweep,knee_flexion_right_joint,RS04,8.648141,-3.000000,0.000000,0.0000,2.0000,8.648141,-2.641565,-1.386131,28.00
4.240017,friction-sweep,knee_flexion_right_joint,RS04,8.627816,-3.000000,0.000000,0.0000,2.0000,8.627816,-2.559625,-0.126343,28.00
4.248019,friction-sweep,knee_flexion_right_joint,RS04,8.606723,-3.000000,0.000000,0.0000,2.0000,8.606723,-2.557794,-1.148087,28.00
4.256017,friction-sweep,knee_flexion_right_joint,RS04,8.586013,-3.000000,0.000000,0.0000,2.0000,8.586013,-2.587090,-0.858780,28.00
4.264017,friction-sweep,knee_flexion_right_joint,RS04,8.565305,-3.000000,0.000000,0.0000,2.0000,8.565305,-2.556420,-0.335091,28.00
4.272023,friction-sweep,knee_flexion_right_joint,RS04,8.544211,-3.000000,0.000000,0.0000,2.0000,8.544211,-2.553216,-1.616844,28.00
4.280019,friction-sweep,knee_flexion_right_joint,RS04,8.523503,-3.000000,0.000000,0.0000,2.0000,8.523503,-2.632868,-0.393684,28.00
4.288019,friction-sweep,knee_flexion_right_joint,RS04,8.502410,-3.000000,0.000000,0.0000,2.0000,8.502410,-2.580224,-0.609749,28.00
4.296021,friction-sweep,knee_flexion_right_joint,RS04,8.482083,-3.000000,0.000000,0.0000,2.0000,8.482083,-2.614100,-1.338524,28.00
4.304020,friction-sweep,knee_flexion_right_joint,RS04,8.460992,-3.000000,0.000000,0.0000,2.0000,8.460992,-2.629663,-0.159302,28.00
4.312018,friction-sweep,knee_flexion_right_joint,RS04,8.440284,-3.000000,0.000000,0.0000,2.0000,8.440284,-2.556878,-1.104141,28.00
4.320019,friction-sweep,knee_flexion_right_joint,RS04,8.419190,-3.000000,0.000000,0.0000,2.0000,8.419190,-2.629663,-0.953995,28.00
4.328059,friction-sweep,knee_flexion_right_joint,RS04,8.398099,-3.000000,0.000000,0.0000,2.0000,8.398099,-2.655298,-0.151978,28.00
4.336038,friction-sweep,knee_flexion_right_joint,RS04,8.377389,-3.000000,0.000000,0.0000,2.0000,8.377389,-2.593041,-1.558250,28.00
4.344043,friction-sweep,knee_flexion_right_joint,RS04,8.356679,-3.000000,0.000000,0.0000,2.0000,8.356679,-2.613642,-0.591438,28.00
4.352035,friction-sweep,knee_flexion_right_joint,RS04,8.335588,-3.000000,0.000000,0.0000,2.0000,8.335588,-2.598077,-0.536507,28.00
4.360020,friction-sweep,knee_flexion_right_joint,RS04,8.314496,-3.000000,0.000000,0.0000,2.0000,8.314496,-2.682765,-1.430077,28.00
4.368055,friction-sweep,knee_flexion_right_joint,RS04,8.293784,-3.000000,0.000000,0.0000,2.0000,8.293784,-2.598077,-0.060425,28.00
4.376070,friction-sweep,knee_flexion_right_joint,RS04,8.272309,-3.000000,0.000000,0.0000,2.0000,8.272309,-2.653009,-0.822159,28.00
4.384112,friction-sweep,knee_flexion_right_joint,RS04,8.251218,-3.000000,0.000000,0.0000,2.0000,8.251218,-2.586633,-1.144424,28.00
4.392095,friction-sweep,knee_flexion_right_joint,RS04,8.230508,-3.000000,0.000000,0.0000,2.0000,8.230508,-2.542686,-0.001831,28.00
4.400041,friction-sweep,knee_flexion_right_joint,RS04,8.209416,-3.000000,0.000000,0.0000,2.0000,8.209416,-2.619135,-1.177391,28.00
4.408033,friction-sweep,knee_flexion_right_joint,RS04,8.188323,-3.000000,0.000000,0.0000,2.0000,8.188323,-2.669490,-0.723282,28.00
4.420023,friction-sweep,knee_flexion_right_joint,RS04,8.156877,-3.000000,0.000000,0.0000,2.0000,8.156877,-2.598992,-0.565804,28.00
4.432030,friction-sweep,knee_flexion_right_joint,RS04,8.125428,-3.000000,0.000000,0.0000,2.0000,8.125428,-2.629663,-0.258186,28.00
4.444025,friction-sweep,knee_flexion_right_joint,RS04,8.093982,-3.000000,0.000000,0.0000,2.0000,8.093982,-2.625086,-0.148315,28.00
4.456020,friction-sweep,knee_flexion_right_joint,RS04,8.062535,-3.000000,0.000000,0.0000,2.0000,8.062535,-2.579766,-0.089722,28.00
4.468016,friction-sweep,knee_flexion_right_joint,RS04,8.031470,-3.000000,0.000000,0.0000,2.0000,8.031470,-2.630121,-0.067749,28.00
4.476021,friction-sweep,knee_flexion_right_joint,RS04,8.010379,-3.000000,0.000000,0.0000,2.0000,8.010379,-2.614557,-1.360497,28.00
4.488019,friction-sweep,knee_flexion_right_joint,RS04,7.979314,-3.000000,0.000000,0.0000,2.0000,7.979314,-2.588464,-1.624168,28.00
4.496014,friction-sweep,knee_flexion_right_joint,RS04,7.958222,-3.000000,0.000000,0.0000,2.0000,7.958222,-2.599908,-0.415657,28.00
4.504022,friction-sweep,knee_flexion_right_joint,RS04,7.937514,-3.000000,0.000000,0.0000,2.0000,7.937514,-2.617304,-0.653694,28.00
4.516015,friction-sweep,knee_flexion_right_joint,RS04,7.906451,-3.000000,0.000000,0.0000,2.0000,7.906451,-2.541771,-0.873428,28.00
4.524016,friction-sweep,knee_flexion_right_joint,RS04,7.885356,-3.000000,0.000000,0.0000,2.0000,7.885356,-2.623713,-1.170059,28.00
4.532021,friction-sweep,knee_flexion_right_joint,RS04,7.864648,-3.000000,0.000000,0.0000,2.0000,7.864648,-2.632410,-0.093384,28.00
4.540011,friction-sweep,knee_flexion_right_joint,RS04,7.843556,-3.000000,0.000000,0.0000,2.0000,7.843556,-2.605859,-1.261620,28.00
4.548021,friction-sweep,knee_flexion_right_joint,RS04,7.822846,-3.000000,0.000000,0.0000,2.0000,7.822846,-2.601281,-0.701302,28.00
4.556011,friction-sweep,knee_flexion_right_joint,RS04,7.802136,-3.000000,0.000000,0.0000,2.0000,7.802136,-2.576562,-0.499886,28.00
4.564021,friction-sweep,knee_flexion_right_joint,RS04,7.781428,-3.000000,0.000000,0.0000,2.0000,7.781428,-2.616388,-1.558250,28.00
4.572017,friction-sweep,knee_flexion_right_joint,RS04,7.760718,-3.000000,0.000000,0.0000,2.0000,7.760718,-2.605859,-0.225220,28.00
4.580020,friction-sweep,knee_flexion_right_joint,RS04,7.739627,-3.000000,0.000000,0.0000,2.0000,7.739627,-2.565576,-0.763565,28.00
4.588019,friction-sweep,knee_flexion_right_joint,RS04,7.718919,-3.000000,0.000000,0.0000,2.0000,7.718919,-2.637903,-1.203026,28.00
4.596019,friction-sweep,knee_flexion_right_joint,RS04,7.697824,-3.000000,0.000000,0.0000,2.0000,7.697824,-2.649805,-0.137329,28.00
4.604016,friction-sweep,knee_flexion_right_joint,RS04,7.677115,-3.000000,0.000000,0.0000,2.0000,7.677115,-2.621424,-1.181053,28.00
4.612019,friction-sweep,knee_flexion_right_joint,RS04,7.656024,-3.000000,0.000000,0.0000,2.0000,7.656024,-2.646143,-0.748917,28.00
4.624013,friction-sweep,knee_flexion_right_joint,RS04,7.624578,-3.000000,0.000000,0.0000,2.0000,7.624578,-2.673610,-0.525520,28.00
4.632013,friction-sweep,knee_flexion_right_joint,RS04,7.603482,-3.000000,0.000000,0.0000,2.0000,7.603482,-2.580682,-0.481575,28.00
4.640018,friction-sweep,knee_flexion_right_joint,RS04,7.582774,-3.000000,0.000000,0.0000,2.0000,7.582774,-2.593499,-1.503319,28.00
4.648128,friction-sweep,knee_flexion_right_joint,RS04,7.561683,-3.000000,0.000000,0.0000,2.0000,7.561683,-2.689174,-0.195923,28.00
4.656029,friction-sweep,knee_flexion_right_joint,RS04,7.540589,-3.000000,0.000000,0.0000,2.0000,7.540589,-2.637445,-0.778214,28.00
4.664019,friction-sweep,knee_flexion_right_joint,RS04,7.519498,-3.000000,0.000000,0.0000,2.0000,7.519498,-2.607232,-1.188377,28.00
4.672015,friction-sweep,knee_flexion_right_joint,RS04,7.498405,-3.000000,0.000000,0.0000,2.0000,7.498405,-2.648890,-0.082397,28.00
4.680019,friction-sweep,knee_flexion_right_joint,RS04,7.477311,-3.000000,0.000000,0.0000,2.0000,7.477311,-2.607691,-1.115128,28.00
4.688019,friction-sweep,knee_flexion_right_joint,RS04,7.456220,-3.000000,0.000000,0.0000,2.0000,7.456220,-2.680934,-0.774551,28.00
4.696013,friction-sweep,knee_flexion_right_joint,RS04,7.435512,-3.000000,0.000000,0.0000,2.0000,7.435512,-2.619593,-0.287483,28.00
4.704019,friction-sweep,knee_flexion_right_joint,RS04,7.414418,-3.000000,0.000000,0.0000,2.0000,7.414418,-2.611811,-1.613182,28.00
4.712018,friction-sweep,knee_flexion_right_joint,RS04,7.393708,-3.000000,0.000000,0.0000,2.0000,7.393708,-2.583428,-0.411995,28.00
4.720014,friction-sweep,knee_flexion_right_joint,RS04,7.373000,-3.000000,0.000000,0.0000,2.0000,7.373000,-2.635157,-0.624397,28.00
4.728020,friction-sweep,knee_flexion_right_joint,RS04,7.351907,-3.000000,0.000000,0.0000,2.0000,7.351907,-2.628290,-1.276268,28.00
4.736017,friction-sweep,knee_flexion_right_joint,RS04,7.331199,-3.000000,0.000000,0.0000,2.0000,7.331199,-2.625086,-0.133667,28.00
4.744014,friction-sweep,knee_flexion_right_joint,RS04,7.310105,-3.000000,0.000000,0.0000,2.0000,7.310105,-2.671321,-1.093155,28.00
4.752018,friction-sweep,knee_flexion_right_joint,RS04,7.289395,-3.000000,0.000000,0.0000,2.0000,7.289395,-2.627375,-0.906387,28.00
4.760015,friction-sweep,knee_flexion_right_joint,RS04,7.268687,-3.000000,0.000000,0.0000,2.0000,7.268687,-2.529869,-0.243538,28.00
4.768013,friction-sweep,knee_flexion_right_joint,RS04,7.247596,-3.000000,0.000000,0.0000,2.0000,7.247596,-2.653925,-1.580223,28.00
4.776017,friction-sweep,knee_flexion_right_joint,RS04,7.226886,-3.000000,0.000000,0.0000,2.0000,7.226886,-2.642023,-0.444954,28.00
4.784018,friction-sweep,knee_flexion_right_joint,RS04,7.206176,-3.000000,0.000000,0.0000,2.0000,7.206176,-2.617304,-0.657356,28.00
4.792014,friction-sweep,knee_flexion_right_joint,RS04,7.185468,-3.000000,0.000000,0.0000,2.0000,7.185468,-2.647058,-1.397118,28.00
4.800018,friction-sweep,knee_flexion_right_joint,RS04,7.164758,-3.000000,0.000000,0.0000,2.0000,7.164758,-2.508812,-0.126343,28.00
4.808018,friction-sweep,knee_flexion_right_joint,RS04,7.143666,-3.000000,0.000000,0.0000,2.0000,7.143666,-2.558251,-1.005264,28.00
4.820014,friction-sweep,knee_flexion_right_joint,RS04,7.112218,-3.000000,0.000000,0.0000,2.0000,7.112218,-2.581597,-1.301903,28.00
4.832011,friction-sweep,knee_flexion_right_joint,RS04,7.081155,-3.000000,0.000000,0.0000,2.0000,7.081155,-2.586175,-1.481346,28.00
4.840013,friction-sweep,knee_flexion_right_joint,RS04,7.060447,-3.000000,0.000000,0.0000,2.0000,7.060447,-2.581597,-0.510872,28.00
4.848019,friction-sweep,knee_flexion_right_joint,RS04,7.039353,-3.000000,0.000000,0.0000,2.0000,7.039353,-2.574273,-0.576790,28.00
4.856016,friction-sweep,knee_flexion_right_joint,RS04,7.018643,-3.000000,0.000000,0.0000,2.0000,7.018643,-2.633783,-1.430077,28.00
4.864021,friction-sweep,knee_flexion_right_joint,RS04,6.997935,-3.000000,0.000000,0.0000,2.0000,6.997935,-2.588464,-0.049438,28.00
4.872017,friction-sweep,knee_flexion_right_joint,RS04,6.976844,-3.000000,0.000000,0.0000,2.0000,6.976844,-2.644770,-0.972305,28.00
4.880013,friction-sweep,knee_flexion_right_joint,RS04,6.956134,-3.000000,0.000000,0.0000,2.0000,6.956134,-2.577477,-1.030899,28.00
4.888019,friction-sweep,knee_flexion_right_joint,RS04,6.935042,-3.000000,0.000000,0.0000,2.0000,6.935042,-2.571527,0.016479,28.00
4.896018,friction-sweep,knee_flexion_right_joint,RS04,6.913949,-3.000000,0.000000,0.0000,2.0000,6.913949,-2.649805,-1.334862,28.00
4.904015,friction-sweep,knee_flexion_right_joint,RS04,6.892856,-3.000000,0.000000,0.0000,2.0000,6.892856,-2.655298,-0.639046,28.00
4.912020,friction-sweep,knee_flexion_right_joint,RS04,6.871764,-3.000000,0.000000,0.0000,2.0000,6.871764,-2.620966,-0.433968,28.00
4.920022,friction-sweep,knee_flexion_right_joint,RS04,6.850671,-3.000000,0.000000,0.0000,2.0000,6.850671,-2.592584,-1.580223,28.00
4.928015,friction-sweep,knee_flexion_right_joint,RS04,6.829579,-3.000000,0.000000,0.0000,2.0000,6.829579,-2.636072,-0.206909,28.00
4.936018,friction-sweep,knee_flexion_right_joint,RS04,6.808486,-3.000000,0.000000,0.0000,2.0000,6.808486,-2.593041,-0.661018,28.00
4.944017,friction-sweep,knee_flexion_right_joint,RS04,6.787393,-3.000000,0.000000,0.0000,2.0000,6.787393,-2.689631,-1.309227,28.00
4.952013,friction-sweep,knee_flexion_right_joint,RS04,6.766685,-3.000000,0.000000,0.0000,2.0000,6.766685,-2.582513,-0.111694,28.00
4.960018,friction-sweep,knee_flexion_right_joint,RS04,6.745593,-3.000000,0.000000,0.0000,2.0000,6.745593,-2.632868,-1.118790,28.00
4.968018,friction-sweep,knee_flexion_right_joint,RS04,6.724498,-3.000000,0.000000,0.0000,2.0000,6.724498,-2.590753,-0.851456,28.00
4.976014,friction-sweep,knee_flexion_right_joint,RS04,6.703406,-3.000000,0.000000,0.0000,2.0000,6.703406,-2.634241,-0.104370,28.00
4.984018,friction-sweep,knee_flexion_right_joint,RS04,6.682698,-3.000000,0.000000,0.0000,2.0000,6.682698,-2.626459,-1.594872,28.00
4.992016,friction-sweep,knee_flexion_right_joint,RS04,6.661605,-3.000000,0.000000,0.0000,2.0000,6.661605,-2.634699,-0.503548,28.00
5.000014,friction-sweep,knee_flexion_right_joint,RS04,6.640897,-3.000000,0.000000,0.0000,2.0000,6.640897,-2.610437,-0.554817,28.00
5.008017,friction-sweep,knee_flexion_right_joint,RS04,6.619803,-3.000000,0.000000,0.0000,2.0000,6.619803,-2.543602,-1.455711,28.00
5.016017,friction-sweep,knee_flexion_right_joint,RS04,6.599093,-3.000000,0.000000,0.0000,2.0000,6.599093,-2.634241,-0.173950,28.00
5.024013,friction-sweep,knee_flexion_right_joint,RS04,6.578002,-3.000000,0.000000,0.0000,2.0000,6.578002,-2.659418,-0.986954,28.00
5.032019,friction-sweep,knee_flexion_right_joint,RS04,6.557294,-3.000000,0.000000,0.0000,2.0000,6.557294,-2.607691,-1.027237,28.00
5.040017,friction-sweep,knee_flexion_right_joint,RS04,6.536584,-3.000000,0.000000,0.0000,2.0000,6.536584,-2.611811,-0.104370,28.00
5.048013,friction-sweep,knee_flexion_right_joint,RS04,6.515491,-3.000000,0.000000,0.0000,2.0000,6.515491,-2.638361,-1.539940,28.00
5.056018,friction-sweep,knee_flexion_right_joint,RS04,6.494782,-3.000000,0.000000,0.0000,2.0000,6.494782,-2.597161,-0.565804,28.00
5.064016,friction-sweep,knee_flexion_right_joint,RS04,6.474072,-3.000000,0.000000,0.0000,2.0000,6.474072,-2.565576,-0.543831,28.00
5.072013,friction-sweep,knee_flexion_right_joint,RS04,6.452981,-3.000000,0.000000,0.0000,2.0000,6.452981,-2.572442,-1.550926,28.00
5.080018,friction-sweep,knee_flexion_right_joint,RS04,6.432273,-3.000000,0.000000,0.0000,2.0000,6.432273,-2.697413,-0.108032,28.00
5.088018,friction-sweep,knee_flexion_right_joint,RS04,6.411178,-3.000000,0.000000,0.0000,2.0000,6.411178,-2.592584,-0.917374,28.00
5.096014,friction-sweep,knee_flexion_right_joint,RS04,6.390470,-3.000000,0.000000,0.0000,2.0000,6.390470,-2.615931,-1.093155,28.00
5.104018,friction-sweep,knee_flexion_right_joint,RS04,6.369761,-3.000000,0.000000,0.0000,2.0000,6.369761,-2.574731,0.005493,28.00
5.112032,friction-sweep,knee_flexion_right_joint,RS04,6.349051,-3.000000,0.000000,0.0000,2.0000,6.349051,-2.661707,-1.375145,28.00
5.120016,friction-sweep,knee_flexion_right_joint,RS04,6.327958,-3.000000,0.000000,0.0000,2.0000,6.327958,-2.560082,-0.602425,28.00
5.128020,friction-sweep,knee_flexion_right_joint,RS04,6.307250,-3.000000,0.000000,0.0000,2.0000,6.307250,-2.645685,-0.448616,28.00
5.136026,friction-sweep,knee_flexion_right_joint,RS04,6.286157,-3.000000,0.000000,0.0000,2.0000,6.286157,-2.641565,-1.514305,28.00
5.144018,friction-sweep,knee_flexion_right_joint,RS04,6.265065,-3.000000,0.000000,0.0000,2.0000,6.265065,-2.648890,-0.140991,28.00
5.152087,friction-sweep,knee_flexion_right_joint,RS04,6.244357,-3.000000,0.000000,0.0000,2.0000,6.244357,-2.580224,-0.726944,28.00
5.160027,friction-sweep,knee_flexion_right_joint,RS04,6.223264,-3.000000,0.000000,0.0000,2.0000,6.223264,-2.589379,-1.232323,28.00
5.168021,friction-sweep,knee_flexion_right_joint,RS04,6.202170,-3.000000,0.000000,0.0000,2.0000,6.202170,-2.587090,-0.173950,28.00
5.176022,friction-sweep,knee_flexion_right_joint,RS04,6.181079,-3.000000,0.000000,0.0000,2.0000,6.181079,-2.669490,-1.155411,28.00
5.184019,friction-sweep,knee_flexion_right_joint,RS04,6.159986,-3.000000,0.000000,0.0000,2.0000,6.159986,-2.643854,-0.763565,28.00
5.192014,friction-sweep,knee_flexion_right_joint,RS04,6.138894,-3.000000,0.000000,0.0000,2.0000,6.138894,-2.681392,-0.195923,28.00
5.200020,friction-sweep,knee_flexion_right_joint,RS04,6.118184,4.500000,0.000000,0.0000,2.0000,6.118184,-2.621881,-1.561913,28.00
5.208021,friction-sweep,knee_flexion_right_joint,RS04,6.097091,4.500000,0.000000,0.0000,2.0000,6.097091,-2.647058,-0.463264,28.00
5.220013,friction-sweep,knee_flexion_right_joint,RS04,6.073316,4.500000,0.000000,0.0000,2.0000,6.073316,-1.288396,4.345161,28.00
5.228012,friction-sweep,knee_flexion_right_joint,RS04,6.068330,4.500000,0.000000,0.0000,2.0000,6.068330,-0.295491,4.601509,28.00
5.236022,friction-sweep,knee_flexion_right_joint,RS04,6.071013,4.500000,0.000000,0.0000,2.0000,6.071013,0.591668,4.019226,28.00
5.244020,friction-sweep,knee_flexion_right_joint,RS04,6.079066,4.500000,0.000000,0.0000,2.0000,6.079066,1.168459,3.414978,28.00
5.252015,friction-sweep,knee_flexion_right_joint,RS04,6.091723,4.500000,0.000000,0.0000,2.0000,6.091723,1.840010,2.492111,28.00
5.260020,friction-sweep,knee_flexion_right_joint,RS04,6.108979,4.500000,0.000000,0.0000,2.0000,6.108979,2.279011,2.495773,28.00
5.268018,friction-sweep,knee_flexion_right_joint,RS04,6.128922,4.500000,0.000000,0.0000,2.0000,6.128922,2.615473,2.114899,28.00
5.276014,friction-sweep,knee_flexion_right_joint,RS04,6.151933,4.500000,0.000000,0.0000,2.0000,6.151933,2.862667,1.583893,28.00
5.284019,friction-sweep,knee_flexion_right_joint,RS04,6.176860,4.500000,0.000000,0.0000,2.0000,6.176860,3.142824,1.777985,28.00
5.292017,friction-sweep,knee_flexion_right_joint,RS04,6.202937,4.500000,0.000000,0.0000,2.0000,6.202937,3.399176,2.056305,28.00
5.300014,friction-sweep,knee_flexion_right_joint,RS04,6.230933,4.500000,0.000000,0.0000,2.0000,6.230933,3.525520,1.528961,28.00
5.308018,friction-sweep,knee_flexion_right_joint,RS04,6.259313,4.500000,0.000000,0.0000,2.0000,6.259313,3.620737,1.012589,28.00
5.316019,friction-sweep,knee_flexion_right_joint,RS04,6.288842,4.500000,0.000000,0.0000,2.0000,6.288842,3.663309,0.642715,28.00
5.328011,friction-sweep,knee_flexion_right_joint,RS04,6.334479,4.500000,0.000000,0.0000,2.0000,6.334479,3.816664,1.470367,28.00
5.336010,friction-sweep,knee_flexion_right_joint,RS04,6.365542,4.500000,0.000000,0.0000,2.0000,6.365542,3.888533,1.309219,28.00
5.344018,friction-sweep,knee_flexion_right_joint,RS04,6.396989,4.500000,0.000000,0.0000,2.0000,6.396989,3.984665,1.089493,28.00
5.352018,friction-sweep,knee_flexion_right_joint,RS04,6.428435,4.500000,0.000000,0.0000,2.0000,6.428435,3.896772,0.880753,28.00
5.360013,friction-sweep,knee_flexion_right_joint,RS04,6.460267,4.500000,0.000000,0.0000,2.0000,6.460267,4.034103,0.781876,28.00
5.368018,friction-sweep,knee_flexion_right_joint,RS04,6.492480,4.500000,0.000000,0.0000,2.0000,6.492480,3.991531,0.719620,28.00
5.376018,friction-sweep,knee_flexion_right_joint,RS04,6.524695,4.500000,0.000000,0.0000,2.0000,6.524695,3.983749,0.587784,28.00
5.384013,friction-sweep,knee_flexion_right_joint,RS04,6.556911,4.500000,0.000000,0.0000,2.0000,6.556911,3.995651,0.463257,28.00
5.392019,friction-sweep,knee_flexion_right_joint,RS04,6.589124,4.500000,0.000000,0.0000,2.0000,6.589124,4.092241,0.320435,28.00
5.400018,friction-sweep,knee_flexion_right_joint,RS04,6.621337,4.500000,0.000000,0.0000,2.0000,6.621337,4.009842,0.294800,28.00
5.412011,friction-sweep,knee_flexion_right_joint,RS04,6.670043,4.500000,0.000000,0.0000,2.0000,6.670043,3.991989,1.594879,28.00
5.420016,friction-sweep,knee_flexion_right_joint,RS04,6.702256,4.500000,0.000000,0.0000,2.0000,6.702256,4.032730,1.591217,28.00
5.428019,friction-sweep,knee_flexion_right_joint,RS04,6.735238,4.500000,0.000000,0.0000,2.0000,6.735238,4.072557,1.543610,28.00
5.436016,friction-sweep,knee_flexion_right_joint,RS04,6.767451,4.500000,0.000000,0.0000,2.0000,6.767451,4.078966,1.419098,28.00
5.444016,friction-sweep,knee_flexion_right_joint,RS04,6.800048,4.500000,0.000000,0.0000,2.0000,6.800048,4.073931,1.217667,28.00
5.452014,friction-sweep,knee_flexion_right_joint,RS04,6.832646,4.500000,0.000000,0.0000,2.0000,6.832646,4.058825,1.192032,28.00
5.460017,friction-sweep,knee_flexion_right_joint,RS04,6.865245,4.500000,0.000000,0.0000,2.0000,6.865245,4.066607,1.170059,28.00
5.468016,friction-sweep,knee_flexion_right_joint,RS04,6.897841,4.500000,0.000000,0.0000,2.0000,6.897841,4.082628,1.162735,28.00
5.476019,friction-sweep,knee_flexion_right_joint,RS04,6.930823,4.500000,0.000000,0.0000,2.0000,6.930823,4.091326,1.085831,28.00
5.484015,friction-sweep,knee_flexion_right_joint,RS04,6.963420,4.500000,0.000000,0.0000,2.0000,6.963420,4.166859,1.071182,28.00
5.492022,friction-sweep,knee_flexion_right_joint,RS04,6.996018,4.500000,0.000000,0.0000,2.0000,6.996018,4.060656,1.041885,28.00
5.500014,friction-sweep,knee_flexion_right_joint,RS04,7.029000,4.500000,0.000000,0.0000,2.0000,7.029000,4.118792,1.005264,28.00
5.508019,friction-sweep,knee_flexion_right_joint,RS04,7.061597,4.500000,0.000000,0.0000,2.0000,7.061597,4.032730,0.979630,28.00
5.516016,friction-sweep,knee_flexion_right_joint,RS04,7.094193,4.500000,0.000000,0.0000,2.0000,7.094193,4.110552,0.913712,28.00
5.524023,friction-sweep,knee_flexion_right_joint,RS04,7.126792,4.500000,0.000000,0.0000,2.0000,7.126792,4.104143,0.877090,28.00
5.532012,friction-sweep,knee_flexion_right_joint,RS04,7.159390,4.500000,0.000000,0.0000,2.0000,7.159390,4.082628,0.792862,28.00
5.540020,friction-sweep,knee_flexion_right_joint,RS04,7.192370,4.500000,0.000000,0.0000,2.0000,7.192370,4.093157,0.741592,28.00
5.548012,friction-sweep,knee_flexion_right_joint,RS04,7.224586,4.500000,0.000000,0.0000,2.0000,7.224586,4.107347,0.686661,28.00
5.556020,friction-sweep,knee_flexion_right_joint,RS04,7.257182,4.500000,0.000000,0.0000,2.0000,7.257182,4.014877,0.661026,28.00
5.564016,friction-sweep,knee_flexion_right_joint,RS04,7.289779,4.500000,0.000000,0.0000,2.0000,7.289779,4.082170,0.606094,28.00
5.572018,friction-sweep,knee_flexion_right_joint,RS04,7.322377,4.500000,0.000000,0.0000,2.0000,7.322377,4.005264,0.492569,28.00
5.580016,friction-sweep,knee_flexion_right_joint,RS04,7.354976,4.500000,0.000000,0.0000,2.0000,7.354976,4.049212,0.452271,28.00
5.588018,friction-sweep,knee_flexion_right_joint,RS04,7.387189,4.500000,0.000000,0.0000,2.0000,7.387189,4.063860,0.357056,28.00
5.596013,friction-sweep,knee_flexion_right_joint,RS04,7.419404,4.500000,0.000000,0.0000,2.0000,7.419404,4.053789,0.225220,28.00
5.604018,friction-sweep,knee_flexion_right_joint,RS04,7.452384,4.500000,0.000000,0.0000,2.0000,7.452384,4.110552,0.225220,28.00
5.612017,friction-sweep,knee_flexion_right_joint,RS04,7.484982,4.500000,0.000000,0.0000,2.0000,7.484982,4.103685,0.243530,28.00
5.620011,friction-sweep,knee_flexion_right_joint,RS04,7.517581,4.500000,0.000000,0.0000,2.0000,7.517581,4.163197,0.214233,28.00
5.628019,friction-sweep,knee_flexion_right_joint,RS04,7.550178,4.500000,0.000000,0.0000,2.0000,7.550178,4.034103,0.188599,28.00
5.636017,friction-sweep,knee_flexion_right_joint,RS04,7.582774,4.500000,0.000000,0.0000,2.0000,7.582774,4.148088,0.232544,28.00
5.644014,friction-sweep,knee_flexion_right_joint,RS04,7.615373,4.500000,0.000000,0.0000,2.0000,7.615373,4.072557,0.170288,28.00
5.652019,friction-sweep,knee_flexion_right_joint,RS04,7.648353,4.500000,0.000000,0.0000,2.0000,7.648353,4.070726,0.225220,28.00
5.660018,friction-sweep,knee_flexion_right_joint,RS04,7.680951,4.500000,0.000000,0.0000,2.0000,7.680951,4.087206,0.269165,28.00
5.668015,friction-sweep,knee_flexion_right_joint,RS04,7.713933,4.500000,0.000000,0.0000,2.0000,7.713933,4.092241,0.232544,28.00
5.676069,friction-sweep,knee_flexion_right_joint,RS04,7.746146,4.500000,0.000000,0.0000,2.0000,7.746146,4.016251,0.254517,28.00
5.684024,friction-sweep,knee_flexion_right_joint,RS04,7.779126,4.500000,0.000000,0.0000,2.0000,7.779126,4.083086,0.335083,28.00
5.692015,friction-sweep,knee_flexion_right_joint,RS04,7.811725,4.500000,0.000000,0.0000,2.0000,7.811725,4.118792,0.444946,28.00
5.700018,friction-sweep,knee_flexion_right_joint,RS04,7.844323,4.500000,0.000000,0.0000,2.0000,7.844323,4.057451,0.485245,28.00
5.708019,friction-sweep,knee_flexion_right_joint,RS04,7.876920,4.500000,0.000000,0.0000,2.0000,7.876920,4.068895,0.584122,28.00
5.716015,friction-sweep,knee_flexion_right_joint,RS04,7.909518,4.500000,0.000000,0.0000,2.0000,7.909518,4.054247,0.675674,28.00
5.724019,friction-sweep,knee_flexion_right_joint,RS04,7.942115,4.500000,0.000000,0.0000,2.0000,7.942115,4.093157,0.690323,28.00
5.732017,friction-sweep,knee_flexion_right_joint,RS04,7.974713,4.500000,0.000000,0.0000,2.0000,7.974713,4.044176,0.767227,28.00
5.740014,friction-sweep,knee_flexion_right_joint,RS04,8.006928,4.500000,0.000000,0.0000,2.0000,8.006928,4.072100,0.836807,28.00
5.748018,friction-sweep,knee_flexion_right_joint,RS04,8.039525,4.500000,0.000000,0.0000,2.0000,8.039525,4.025406,0.953995,28.00
5.756017,friction-sweep,knee_flexion_right_joint,RS04,8.072122,4.500000,0.000000,0.0000,2.0000,8.072122,4.093157,1.045547,28.00
5.764015,friction-sweep,knee_flexion_right_joint,RS04,8.104337,4.500000,0.000000,0.0000,2.0000,8.104337,4.040512,1.126114,28.00
5.772019,friction-sweep,knee_flexion_right_joint,RS04,8.136933,4.500000,0.000000,0.0000,2.0000,8.136933,4.093157,1.228653,28.00
5.780017,friction-sweep,knee_flexion_right_joint,RS04,8.169532,4.500000,0.000000,0.0000,2.0000,8.169532,4.077593,1.342178,28.00
5.788015,friction-sweep,knee_flexion_right_joint,RS04,8.202130,4.500000,0.000000,0.0000,2.0000,8.202130,4.109636,1.305557,28.00
5.796018,friction-sweep,knee_flexion_right_joint,RS04,8.234727,4.500000,0.000000,0.0000,2.0000,8.234727,4.096819,1.382462,28.00
5.804018,friction-sweep,knee_flexion_right_joint,RS04,8.267323,4.500000,0.000000,0.0000,2.0000,8.267323,4.139849,1.371475,28.00
5.812014,friction-sweep,knee_flexion_right_joint,RS04,8.299922,4.500000,0.000000,0.0000,2.0000,8.299922,4.136187,1.367813,28.00
5.820018,friction-sweep,knee_flexion_right_joint,RS04,8.332519,4.500000,0.000000,0.0000,2.0000,8.332519,4.052874,1.426422,28.00
5.828018,friction-sweep,knee_flexion_right_joint,RS04,8.365500,4.500000,0.000000,0.0000,2.0000,8.365500,4.107805,1.514313,28.00
5.836014,friction-sweep,knee_flexion_right_joint,RS04,8.397716,4.500000,0.000000,0.0000,2.0000,8.397716,4.101854,1.587555,28.00
5.844027,friction-sweep,knee_flexion_right_joint,RS04,8.430312,4.500000,0.000000,0.0000,2.0000,8.430312,4.055620,1.583893,28.00
5.852019,friction-sweep,knee_flexion_right_joint,RS04,8.462909,4.500000,0.000000,0.0000,2.0000,8.462909,4.111467,1.492340,28.00
5.864015,friction-sweep,knee_flexion_right_joint,RS04,8.511615,4.500000,0.000000,0.0000,2.0000,8.511615,4.092241,0.294800,28.00
5.872015,friction-sweep,knee_flexion_right_joint,RS04,8.544211,4.500000,0.000000,0.0000,2.0000,8.544211,4.072100,0.258179,28.00
5.880017,friction-sweep,knee_flexion_right_joint,RS04,8.577193,4.500000,0.000000,0.0000,2.0000,8.577193,4.037766,0.382690,28.00
5.888016,friction-sweep,knee_flexion_right_joint,RS04,8.609408,4.500000,0.000000,0.0000,2.0000,8.609408,4.019913,0.503555,28.00
5.896018,friction-sweep,knee_flexion_right_joint,RS04,8.642388,4.500000,0.000000,0.0000,2.0000,8.642388,4.089952,0.485245,28.00
5.908019,friction-sweep,knee_flexion_right_joint,RS04,8.691094,4.500000,0.000000,0.0000,2.0000,8.691094,4.062029,1.085831,28.00
5.916017,friction-sweep,knee_flexion_right_joint,RS04,8.723691,4.500000,0.000000,0.0000,2.0000,8.723691,4.013504,1.027237,28.00
5.924023,friction-sweep,knee_flexion_right_joint,RS04,8.755904,4.500000,0.000000,0.0000,2.0000,8.755904,4.031357,0.946671,28.00
5.932018,friction-sweep,knee_flexion_right_joint,RS04,8.788503,4.500000,0.000000,0.0000,2.0000,8.788503,4.028610,0.891739,28.00
5.940014,friction-sweep,knee_flexion_right_joint,RS04,8.820716,4.500000,0.000000,0.0000,2.0000,8.820716,4.023117,0.770889,28.00
5.948020,friction-sweep,knee_flexion_right_joint,RS04,8.853312,4.500000,0.000000,0.0000,2.0000,8.853312,4.046465,0.639053,28.00
5.956019,friction-sweep,knee_flexion_right_joint,RS04,8.885913,4.500000,0.000000,0.0000,2.0000,8.885913,4.096819,0.672012,28.00
5.968013,friction-sweep,knee_flexion_right_joint,RS04,8.934999,4.500000,0.000000,0.0000,2.0000,8.934999,4.089495,1.126114,28.00
5.976011,friction-sweep,knee_flexion_right_joint,RS04,8.967597,4.500000,0.000000,0.0000,2.0000,8.967597,4.059740,1.235977,28.00
5.984018,friction-sweep,knee_flexion_right_joint,RS04,9.000196,4.500000,0.000000,0.0000,2.0000,9.000196,4.023117,1.268936,28.00
5.992016,friction-sweep,knee_flexion_right_joint,RS04,9.032792,4.500000,0.000000,0.0000,2.0000,9.032792,4.058825,1.327530,28.00
6.000013,friction-sweep,knee_flexion_right_joint,RS04,9.065389,4.500000,0.000000,0.0000,2.0000,9.065389,4.088121,1.375137,28.00
6.008018,friction-sweep,knee_flexion_right_joint,RS04,9.097604,4.500000,0.000000,0.0000,2.0000,9.097604,4.090410,1.371475,28.00
6.016018,friction-sweep,knee_flexion_right_joint,RS04,9.130202,4.500000,0.000000,0.0000,2.0000,9.130202,4.057451,1.470367,28.00
6.024013,friction-sweep,knee_flexion_right_joint,RS04,9.162799,4.500000,0.000000,0.0000,2.0000,9.162799,4.119249,1.543610,28.00
6.032017,friction-sweep,knee_flexion_right_joint,RS04,9.195014,4.500000,0.000000,0.0000,2.0000,9.195014,4.078966,1.550934,28.00
6.040020,friction-sweep,knee_flexion_right_joint,RS04,9.227611,4.500000,0.000000,0.0000,2.0000,9.227611,4.046923,1.558258,28.00
6.048015,friction-sweep,knee_flexion_right_joint,RS04,9.260207,4.500000,0.000000,0.0000,2.0000,9.260207,4.054705,1.510651,28.00
6.056019,friction-sweep,knee_flexion_right_joint,RS04,9.293189,4.500000,0.000000,0.0000,2.0000,9.293189,4.108263,1.452057,28.00
6.064019,friction-sweep,knee_flexion_right_joint,RS04,9.325404,4.500000,0.000000,0.0000,2.0000,9.325404,4.045549,1.287247,28.00
6.072017,friction-sweep,knee_flexion_right_joint,RS04,9.358001,4.500000,0.000000,0.0000,2.0000,9.358001,4.078051,1.184708,28.00
6.080020,friction-sweep,knee_flexion_right_joint,RS04,9.390599,4.500000,0.000000,0.0000,2.0000,9.390599,4.044634,1.140762,28.00
6.088017,friction-sweep,knee_flexion_right_joint,RS04,9.422812,4.500000,0.000000,0.0000,2.0000,9.422812,4.018082,1.122452,28.00
6.096014,friction-sweep,knee_flexion_right_joint,RS04,9.455409,4.500000,0.000000,0.0000,2.0000,9.455409,4.108263,1.067520,28.00
6.104019,friction-sweep,knee_flexion_right_joint,RS04,9.487624,4.500000,0.000000,0.0000,2.0000,9.487624,4.086748,0.972305,28.00
6.112018,friction-sweep,knee_flexion_right_joint,RS04,9.520223,4.500000,0.000000,0.0000,2.0000,9.520223,4.119707,0.943008,28.00
6.124012,friction-sweep,knee_flexion_right_joint,RS04,9.568927,4.500000,0.000000,0.0000,2.0000,9.568927,4.024490,0.807510,28.00
6.132011,friction-sweep,knee_flexion_right_joint,RS04,9.601909,4.500000,0.000000,0.0000,2.0000,9.601909,4.141222,0.855118,28.00
6.140019,friction-sweep,knee_flexion_right_joint,RS04,9.634505,4.500000,0.000000,0.0000,2.0000,9.634505,4.044176,0.975967,28.00
6.148021,friction-sweep,knee_flexion_right_joint,RS04,9.667102,4.500000,0.000000,0.0000,2.0000,9.667102,4.112841,0.946671,28.00
6.160011,friction-sweep,knee_flexion_right_joint,RS04,9.715808,4.500000,0.000000,0.0000,2.0000,9.715808,4.124743,0.617081,28.00
6.172014,friction-sweep,knee_flexion_right_joint,RS04,9.764512,4.500000,0.000000,0.0000,2.0000,9.764512,4.043261,1.224991,28.00
6.180015,friction-sweep,knee_flexion_right_joint,RS04,9.797494,4.500000,0.000000,0.0000,2.0000,9.797494,4.051043,1.294571,28.00
6.188020,friction-sweep,knee_flexion_right_joint,RS04,9.830091,4.500000,0.000000,0.0000,2.0000,9.830091,4.003891,1.298233,28.00
6.196018,friction-sweep,knee_flexion_right_joint,RS04,9.862304,4.500000,0.000000,0.0000,2.0000,9.862304,4.069811,1.342178,28.00
6.204067,friction-sweep,knee_flexion_right_joint,RS04,9.894902,4.500000,0.000000,0.0000,2.0000,9.894902,4.038681,1.404434,28.00
6.212128,friction-sweep,knee_flexion_right_joint,RS04,9.927501,4.500000,0.000000,0.0000,2.0000,9.927501,4.084459,1.481354,28.00
6.220031,friction-sweep,knee_flexion_right_joint,RS04,9.960097,4.500000,0.000000,0.0000,2.0000,9.960097,4.113756,1.455719,28.00
6.228018,friction-sweep,knee_flexion_right_joint,RS04,9.992312,4.500000,0.000000,0.0000,2.0000,9.992312,4.068895,1.506989,28.00
6.236023,friction-sweep,knee_flexion_right_joint,RS04,10.024909,4.500000,0.000000,0.0000,2.0000,10.024909,4.078051,1.485016,28.00
6.244013,friction-sweep,knee_flexion_right_joint,RS04,10.057506,4.500000,0.000000,0.0000,2.0000,10.057506,4.062029,1.415436,28.00
6.252021,friction-sweep,knee_flexion_right_joint,RS04,10.090489,4.500000,0.000000,0.0000,2.0000,10.090489,4.141222,1.367813,28.00
6.260011,friction-sweep,knee_flexion_right_joint,RS04,10.122703,4.500000,0.000000,0.0000,2.0000,10.122703,4.056536,1.221329,28.00
6.268020,friction-sweep,knee_flexion_right_joint,RS04,10.155299,4.500000,0.000000,0.0000,2.0000,10.155299,4.078966,1.137100,28.00
6.280013,friction-sweep,knee_flexion_right_joint,RS04,10.204005,4.500000,0.000000,0.0000,2.0000,10.204005,4.088579,0.573135,28.00
6.288012,friction-sweep,knee_flexion_right_joint,RS04,10.236218,4.500000,0.000000,0.0000,2.0000,10.236218,4.066149,0.602432,28.00
6.296020,friction-sweep,knee_flexion_right_joint,RS04,10.268817,4.500000,0.000000,0.0000,2.0000,10.268817,4.076220,0.693985,28.00
6.308014,friction-sweep,knee_flexion_right_joint,RS04,10.317904,4.500000,0.000000,0.0000,2.0000,10.317904,4.039597,0.877090,28.00
6.316011,friction-sweep,knee_flexion_right_joint,RS04,10.350501,4.500000,0.000000,0.0000,2.0000,10.350501,4.073473,0.789200,28.00
6.324021,friction-sweep,knee_flexion_right_joint,RS04,10.383483,4.500000,0.000000,0.0000,2.0000,10.383483,4.024490,0.759903,28.00
6.332019,friction-sweep,knee_flexion_right_joint,RS04,10.415696,4.500000,0.000000,0.0000,2.0000,10.415696,4.045549,0.693985,28.00
6.344012,friction-sweep,knee_flexion_right_joint,RS04,10.464786,4.500000,0.000000,0.0000,2.0000,10.464786,4.080797,1.005264,28.00
6.356010,friction-sweep,knee_flexion_right_joint,RS04,10.513873,4.500000,0.000000,0.0000,2.0000,10.513873,4.046007,0.587784,28.00
6.364012,friction-sweep,knee_flexion_right_joint,RS04,10.546086,4.500000,0.000000,0.0000,2.0000,10.546086,4.127031,0.540176,28.00
6.372019,friction-sweep,knee_flexion_right_joint,RS04,10.579068,4.500000,0.000000,0.0000,2.0000,10.579068,4.115587,0.525528,28.00
6.380012,friction-sweep,knee_flexion_right_joint,RS04,10.611667,4.500000,0.000000,0.0000,2.0000,10.611667,4.116503,0.477921,28.00
6.388021,friction-sweep,knee_flexion_right_joint,RS04,10.644263,4.500000,0.000000,0.0000,2.0000,10.644263,4.080797,0.338745,28.00
6.396063,friction-sweep,knee_flexion_right_joint,RS04,10.676862,4.500000,0.000000,0.0000,2.0000,10.676862,4.027695,0.346069,28.00
6.404074,friction-sweep,knee_flexion_right_joint,RS04,10.709842,-4.500000,0.000000,0.0000,2.0000,10.709842,4.119249,0.357056,28.00
6.412061,friction-sweep,knee_flexion_right_joint,RS04,10.742055,-4.500000,0.000000,0.0000,2.0000,10.742055,3.991531,0.338745,28.00
6.420046,friction-sweep,knee_flexion_right_joint,RS04,10.770820,-4.500000,0.000000,0.0000,2.0000,10.770820,3.125429,-5.663536,28.00
6.428058,friction-sweep,knee_flexion_right_joint,RS04,10.788461,-4.500000,0.000000,0.0000,2.0000,10.788461,1.626688,-4.978714,28.00
6.436029,friction-sweep,knee_flexion_right_joint,RS04,10.794980,-4.500000,0.000000,0.0000,2.0000,10.794980,0.367819,-3.407646,28.00
6.444057,friction-sweep,knee_flexion_right_joint,RS04,10.792295,-4.500000,0.000000,0.0000,2.0000,10.792295,-0.608148,-3.389336,28.00
6.452040,friction-sweep,knee_flexion_right_joint,RS04,10.783475,-4.500000,0.000000,0.0000,2.0000,10.783475,-1.330969,-2.865646,28.00
6.460034,friction-sweep,knee_flexion_right_joint,RS04,10.770053,-4.500000,0.000000,0.0000,2.0000,10.770053,-1.836347,-3.209892,28.00
6.468024,friction-sweep,knee_flexion_right_joint,RS04,10.752795,-4.500000,0.000000,0.0000,2.0000,10.752795,-2.294118,-2.074615,28.00
6.480015,friction-sweep,knee_flexion_right_joint,RS04,10.721347,-4.500000,0.000000,0.0000,2.0000,10.721347,-2.810941,-1.510643,28.00
6.488013,friction-sweep,knee_flexion_right_joint,RS04,10.697570,-4.500000,0.000000,0.0000,2.0000,10.697570,-3.072785,-1.807281,28.00
6.496025,friction-sweep,knee_flexion_right_joint,RS04,10.671876,-4.500000,0.000000,0.0000,2.0000,10.671876,-3.302128,-2.173500,28.00
6.504021,friction-sweep,knee_flexion_right_joint,RS04,10.645030,-4.500000,0.000000,0.0000,2.0000,10.645030,-3.466926,-1.561913,28.00
6.512012,friction-sweep,knee_flexion_right_joint,RS04,10.616651,-4.500000,0.000000,0.0000,2.0000,10.616651,-3.610209,-1.181053,28.00
6.520019,friction-sweep,knee_flexion_right_joint,RS04,10.587506,-4.500000,0.000000,0.0000,2.0000,10.587506,-3.673381,-0.693977,28.00
6.528013,friction-sweep,knee_flexion_right_joint,RS04,10.557977,-4.500000,0.000000,0.0000,2.0000,10.557977,-3.671092,-0.715958,28.00
6.536021,friction-sweep,knee_flexion_right_joint,RS04,10.527678,-4.500000,0.000000,0.0000,2.0000,10.527678,-3.818952,-0.855118,28.00
6.544012,friction-sweep,knee_flexion_right_joint,RS04,10.496999,-4.500000,0.000000,0.0000,2.0000,10.496999,-3.867476,-0.910049,28.00
6.552019,friction-sweep,knee_flexion_right_joint,RS04,10.465552,-4.500000,0.000000,0.0000,2.0000,10.465552,-3.920577,-1.104141,28.00
6.560015,friction-sweep,knee_flexion_right_joint,RS04,10.434104,-4.500000,0.000000,0.0000,2.0000,10.434104,-3.890821,-1.243309,28.00
6.568017,friction-sweep,knee_flexion_right_joint,RS04,10.402274,-4.500000,0.000000,0.0000,2.0000,10.402274,-3.965897,-1.305565,28.00
6.576015,friction-sweep,knee_flexion_right_joint,RS04,10.370061,-4.500000,0.000000,0.0000,2.0000,10.370061,-4.065232,-1.470360,28.00
6.584019,friction-sweep,knee_flexion_right_joint,RS04,10.337846,-4.500000,0.000000,0.0000,2.0000,10.337846,-4.040971,-1.583885,28.00
6.592017,friction-sweep,knee_flexion_right_joint,RS04,10.305633,-4.500000,0.000000,0.0000,2.0000,10.305633,-4.092241,-1.616844,28.00
6.600019,friction-sweep,knee_flexion_right_joint,RS04,10.273036,-4.500000,0.000000,0.0000,2.0000,10.273036,-4.005264,-1.616844,28.00
6.608016,friction-sweep,knee_flexion_right_joint,RS04,10.240821,-4.500000,0.000000,0.0000,2.0000,10.240821,-4.008926,-1.550926,28.00
6.616018,friction-sweep,knee_flexion_right_joint,RS04,10.208222,-4.500000,0.000000,0.0000,2.0000,10.208222,-4.067979,-1.452049,28.00
6.628012,friction-sweep,knee_flexion_right_joint,RS04,10.159902,-4.500000,0.000000,0.0000,2.0000,10.159902,-4.046464,-0.364388,28.00
6.636011,friction-sweep,knee_flexion_right_joint,RS04,10.127303,-4.500000,0.000000,0.0000,2.0000,10.127303,-4.013504,-0.477913,28.00
6.644019,friction-sweep,knee_flexion_right_joint,RS04,10.094707,-4.500000,0.000000,0.0000,2.0000,10.094707,-3.998398,-0.529182,28.00
6.652017,friction-sweep,knee_flexion_right_joint,RS04,10.062108,-4.500000,0.000000,0.0000,2.0000,10.062108,-4.076220,-0.646370,28.00
6.660014,friction-sweep,knee_flexion_right_joint,RS04,10.029511,-4.500000,0.000000,0.0000,2.0000,10.029511,-4.166858,-0.661018,28.00
6.668018,friction-sweep,knee_flexion_right_joint,RS04,9.997298,-4.500000,0.000000,0.0000,2.0000,9.997298,-4.082170,-0.653694,28.00
6.676017,friction-sweep,knee_flexion_right_joint,RS04,9.964700,-4.500000,0.000000,0.0000,2.0000,9.964700,-4.076677,-0.741592,28.00
6.684012,friction-sweep,knee_flexion_right_joint,RS04,9.932101,-4.500000,0.000000,0.0000,2.0000,9.932101,-4.051042,-0.789200,28.00
6.692018,friction-sweep,knee_flexion_right_joint,RS04,9.899505,-4.500000,0.000000,0.0000,2.0000,9.899505,-4.056535,-0.851456,28.00
6.700018,friction-sweep,knee_flexion_right_joint,RS04,9.867291,-4.500000,0.000000,0.0000,2.0000,9.867291,-4.088121,-0.983292,28.00
6.712011,friction-sweep,knee_flexion_right_joint,RS04,9.818585,-4.500000,0.000000,0.0000,2.0000,9.818585,-4.088579,-0.672005,28.00
6.720011,friction-sweep,knee_flexion_right_joint,RS04,9.785989,-4.500000,0.000000,0.0000,2.0000,9.785989,-4.109636,-0.536507,28.00
6.728017,friction-sweep,knee_flexion_right_joint,RS04,9.753390,-4.500000,0.000000,0.0000,2.0000,9.753390,-4.053330,-0.419319,28.00
6.736017,friction-sweep,knee_flexion_right_joint,RS04,9.720794,-4.500000,0.000000,0.0000,2.0000,9.720794,-4.043717,-0.353401,28.00
6.748112,friction-sweep,knee_flexion_right_joint,RS04,9.672090,-4.500000,0.000000,0.0000,2.0000,9.672090,-4.114672,-1.371483,28.00
6.756016,friction-sweep,knee_flexion_right_joint,RS04,9.639491,-4.500000,0.000000,0.0000,2.0000,9.639491,-4.041429,-1.426414,28.00
6.764023,friction-sweep,knee_flexion_right_joint,RS04,9.606893,-4.500000,0.000000,0.0000,2.0000,9.606893,-4.073473,-1.517967,28.00
6.772019,friction-sweep,knee_flexion_right_joint,RS04,9.573913,-4.500000,0.000000,0.0000,2.0000,9.573913,-4.065690,-1.583885,28.00
6.780014,friction-sweep,knee_flexion_right_joint,RS04,9.541698,-4.500000,0.000000,0.0000,2.0000,9.541698,-4.018540,-1.532616,28.00
6.788018,friction-sweep,knee_flexion_right_joint,RS04,9.509101,-4.500000,0.000000,0.0000,2.0000,9.509101,-4.026780,-1.521629,28.00
6.796017,friction-sweep,knee_flexion_right_joint,RS04,9.476121,-4.500000,0.000000,0.0000,2.0000,9.476121,-3.963150,-1.506981,28.00
6.804013,friction-sweep,knee_flexion_right_joint,RS04,9.443906,-4.500000,0.000000,0.0000,2.0000,9.443906,-4.046464,-1.466698,28.00
6.812017,friction-sweep,knee_flexion_right_joint,RS04,9.411307,-4.500000,0.000000,0.0000,2.0000,9.411307,-4.062486,-1.360497,28.00
6.820018,friction-sweep,knee_flexion_right_joint,RS04,9.378711,-4.500000,0.000000,0.0000,2.0000,9.378711,-4.029984,-1.419090,28.00
6.828013,friction-sweep,knee_flexion_right_joint,RS04,9.346112,-4.500000,0.000000,0.0000,2.0000,9.346112,-4.121996,-1.323875,28.00
6.836018,friction-sweep,knee_flexion_right_joint,RS04,9.313516,-4.500000,0.000000,0.0000,2.0000,9.313516,-4.111010,-1.283592,28.00
6.844017,friction-sweep,knee_flexion_right_joint,RS04,9.281302,-4.500000,0.000000,0.0000,2.0000,9.281302,-4.007095,-1.268944,28.00
6.852012,friction-sweep,knee_flexion_right_joint,RS04,9.248702,-4.500000,0.000000,0.0000,2.0000,9.248702,-4.085833,-1.122452,28.00
6.860079,friction-sweep,knee_flexion_right_joint,RS04,9.215722,-4.500000,0.000000,0.0000,2.0000,9.215722,-4.101854,-1.104141,28.00
6.868040,friction-sweep,knee_flexion_right_joint,RS04,9.183509,-4.500000,0.000000,0.0000,2.0000,9.183509,-4.081713,-0.913712,28.00
6.876075,friction-sweep,knee_flexion_right_joint,RS04,9.150910,-4.500000,0.000000,0.0000,2.0000,9.150910,-4.045548,-0.906387,28.00
6.884128,friction-sweep,knee_flexion_right_joint,RS04,9.118314,-4.500000,0.000000,0.0000,2.0000,9.118314,-4.045091,-0.789200,28.00
6.896019,friction-sweep,knee_flexion_right_joint,RS04,9.069991,-4.500000,0.000000,0.0000,2.0000,9.069991,-4.093157,-1.001602,28.00
6.904016,friction-sweep,knee_flexion_right_joint,RS04,9.037395,-4.500000,0.000000,0.0000,2.0000,9.037395,-4.022660,-1.104141,28.00
6.912015,friction-sweep,knee_flexion_right_joint,RS04,9.004798,-4.500000,0.000000,0.0000,2.0000,9.004798,-4.103685,-1.137100,28.00
6.920016,friction-sweep,knee_flexion_right_joint,RS04,8.972198,-4.500000,0.000000,0.0000,2.0000,8.972198,-4.116045,-1.170059,28.00
6.928016,friction-sweep,knee_flexion_right_joint,RS04,8.939601,-4.500000,0.000000,0.0000,2.0000,8.939601,-4.049211,-1.261620,28.00
6.936016,friction-sweep,knee_flexion_right_joint,RS04,8.907004,-4.500000,0.000000,0.0000,2.0000,8.907004,-4.109179,-1.268944,28.00
6.944022,friction-sweep,knee_flexion_right_joint,RS04,8.874406,-4.500000,0.000000,0.0000,2.0000,8.874406,-4.105516,-1.345848,28.00
6.952024,friction-sweep,knee_flexion_right_joint,RS04,8.841809,-4.500000,0.000000,0.0000,2.0000,8.841809,-4.067979,-1.426414,28.00
6.960020,friction-sweep,knee_flexion_right_joint,RS04,8.809211,-4.500000,0.000000,0.0000,2.0000,8.809211,-4.053788,-1.525291,28.00
6.968012,friction-sweep,knee_flexion_right_joint,RS04,8.776612,-4.500000,0.000000,0.0000,2.0000,8.776612,-4.125658,-1.591209,28.00
6.976015,friction-sweep,knee_flexion_right_joint,RS04,8.744016,-4.500000,0.000000,0.0000,2.0000,8.744016,-4.044175,-1.609520,28.00
6.984015,friction-sweep,knee_flexion_right_joint,RS04,8.711802,-4.500000,0.000000,0.0000,2.0000,8.711802,-4.008469,-1.550926,28.00
6.992015,friction-sweep,knee_flexion_right_joint,RS04,8.678821,-4.500000,0.000000,0.0000,2.0000,8.678821,-4.066606,-1.495995,28.00
7.000013,friction-sweep,knee_flexion_right_joint,RS04,8.646607,-4.500000,0.000000,0.0000,2.0000,8.646607,-4.056993,-1.463036,28.00
7.008013,friction-sweep,knee_flexion_right_joint,RS04,8.614009,-4.500000,0.000000,0.0000,2.0000,8.614009,-4.076220,-1.400780,28.00
7.016014,friction-sweep,knee_flexion_right_joint,RS04,8.581410,-4.500000,0.000000,0.0000,2.0000,8.581410,-4.071641,-1.323875,28.00
7.024011,friction-sweep,knee_flexion_right_joint,RS04,8.548814,-4.500000,0.000000,0.0000,2.0000,8.548814,-4.072099,-1.309227,28.00
7.032015,friction-sweep,knee_flexion_right_joint,RS04,8.516217,-4.500000,0.000000,0.0000,2.0000,8.516217,-4.015336,-1.294579,28.00
7.040021,friction-sweep,knee_flexion_right_joint,RS04,8.483619,-4.500000,0.000000,0.0000,2.0000,8.483619,-4.091784,-1.159073,28.00
7.048018,friction-sweep,knee_flexion_right_joint,RS04,8.451020,-4.500000,0.000000,0.0000,2.0000,8.451020,-4.127489,-1.122452,28.00
7.056026,friction-sweep,knee_flexion_right_joint,RS04,8.418807,-4.500000,0.000000,0.0000,2.0000,8.418807,-4.058824,-0.979630,28.00
7.064020,friction-sweep,knee_flexion_right_joint,RS04,8.386209,-4.500000,0.000000,0.0000,2.0000,8.386209,-4.049668,-0.884415,28.00
7.072015,friction-sweep,knee_flexion_right_joint,RS04,8.353612,-4.500000,0.000000,0.0000,2.0000,8.353612,-4.065232,-0.759903,28.00
7.080010,friction-sweep,knee_flexion_right_joint,RS04,8.321015,-4.500000,0.000000,0.0000,2.0000,8.321015,-4.016709,-0.693977,28.00
7.088016,friction-sweep,knee_flexion_right_joint,RS04,8.288417,-4.500000,0.000000,0.0000,2.0000,8.288417,-4.145801,-0.701302,28.00
7.096041,friction-sweep,knee_flexion_right_joint,RS04,8.255435,-4.500000,0.000000,0.0000,2.0000,8.255435,-4.060655,-0.646370,28.00
7.104016,friction-sweep,knee_flexion_right_joint,RS04,8.223222,-4.500000,0.000000,0.0000,2.0000,8.223222,-4.099566,-0.584114,28.00
7.112015,friction-sweep,knee_flexion_right_joint,RS04,8.190240,-4.500000,0.000000,0.0000,2.0000,8.190240,-4.066148,-0.503548,28.00
7.120015,friction-sweep,knee_flexion_right_joint,RS04,8.157643,-4.500000,0.000000,0.0000,2.0000,8.157643,-4.031816,-0.437630,28.00
7.128014,friction-sweep,knee_flexion_right_joint,RS04,8.125045,-4.500000,0.000000,0.0000,2.0000,8.125045,-4.096361,-0.430305,28.00
7.136018,friction-sweep,knee_flexion_right_joint,RS04,8.092446,-4.500000,0.000000,0.0000,2.0000,8.092446,-4.094530,-0.357063,28.00
7.144022,friction-sweep,knee_flexion_right_joint,RS04,8.059850,-4.500000,0.000000,0.0000,2.0000,8.059850,-4.101397,-0.287483,28.00
7.152015,friction-sweep,knee_flexion_right_joint,RS04,8.027253,-4.500000,0.000000,0.0000,2.0000,8.027253,-4.053330,-0.313118,28.00
7.160024,friction-sweep,knee_flexion_right_joint,RS04,7.994655,-4.500000,0.000000,0.0000,2.0000,7.994655,-4.070268,-0.250862,28.00
7.168018,friction-sweep,knee_flexion_right_joint,RS04,7.962056,-4.500000,0.000000,0.0000,2.0000,7.962056,-4.083544,-0.302132,28.00
7.176016,friction-sweep,knee_flexion_right_joint,RS04,7.929460,-4.500000,0.000000,0.0000,2.0000,7.929460,-4.055161,-0.309456,28.00
7.184015,friction-sweep,knee_flexion_right_joint,RS04,7.896861,-4.500000,0.000000,0.0000,2.0000,7.896861,-4.114672,-0.250862,28.00
7.192012,friction-sweep,knee_flexion_right_joint,RS04,7.864264,-4.500000,0.000000,0.0000,2.0000,7.864264,-4.039140,-0.203247,28.00
7.200016,friction-sweep,knee_flexion_right_joint,RS04,7.831668,-4.500000,0.000000,0.0000,2.0000,7.831668,-4.053788,-0.283821,28.00
7.208021,friction-sweep,knee_flexion_right_joint,RS04,7.799069,-4.500000,0.000000,0.0000,2.0000,7.799069,-4.070725,-0.217896,28.00
7.216016,friction-sweep,knee_flexion_right_joint,RS04,7.766854,-4.500000,0.000000,0.0000,2.0000,7.766854,-4.053330,-0.294807,28.00
7.224018,friction-sweep,knee_flexion_right_joint,RS04,7.733874,-4.500000,0.000000,0.0000,2.0000,7.733874,-4.089495,-0.426643,28.00
7.232021,friction-sweep,knee_flexion_right_joint,RS04,7.701659,-4.500000,0.000000,0.0000,2.0000,7.701659,-4.054704,-0.481575,28.00
7.240015,friction-sweep,knee_flexion_right_joint,RS04,7.669446,-4.500000,0.000000,0.0000,2.0000,7.669446,-4.029069,-0.551155,28.00
7.252151,friction-sweep,knee_flexion_right_joint,RS04,7.620358,-4.500000,0.000000,0.0000,2.0000,7.620358,-4.074846,-1.078506,28.00
7.260026,friction-sweep,knee_flexion_right_joint,RS04,7.587760,-4.500000,0.000000,0.0000,2.0000,7.587760,-4.089952,-0.983292,28.00
7.268015,friction-sweep,knee_flexion_right_joint,RS04,7.554780,-4.500000,0.000000,0.0000,2.0000,7.554780,-4.132983,-0.899063,28.00
7.276019,friction-sweep,knee_flexion_right_joint,RS04,7.522182,-4.500000,0.000000,0.0000,2.0000,7.522182,-4.014421,-0.873428,28.00
7.284016,friction-sweep,knee_flexion_right_joint,RS04,7.489200,-4.500000,0.000000,0.0000,2.0000,7.489200,-4.089495,-0.807510,28.00
7.292017,friction-sweep,knee_flexion_right_joint,RS04,7.456603,-4.500000,0.000000,0.0000,2.0000,7.456603,-4.077135,-0.774551,28.00
7.300026,friction-sweep,knee_flexion_right_joint,RS04,7.424006,-4.500000,0.000000,0.0000,2.0000,7.424006,-4.118334,-0.697639,28.00
7.308017,friction-sweep,knee_flexion_right_joint,RS04,7.391408,-4.500000,0.000000,0.0000,2.0000,7.391408,-4.042344,-0.690315,28.00
7.316015,friction-sweep,knee_flexion_right_joint,RS04,7.358809,-4.500000,0.000000,0.0000,2.0000,7.358809,-4.041429,-0.595100,28.00
7.324296,friction-sweep,knee_flexion_right_joint,RS04,7.325446,-4.500000,0.000000,0.0000,2.0000,7.325446,-4.085375,-0.672005,28.00
7.332042,friction-sweep,knee_flexion_right_joint,RS04,7.293614,-4.500000,0.000000,0.0000,2.0000,7.293614,-4.051957,-0.488899,28.00
7.340032,friction-sweep,knee_flexion_right_joint,RS04,7.261018,-4.500000,0.000000,0.0000,2.0000,7.261018,-4.065232,-0.386360,28.00
7.348022,friction-sweep,knee_flexion_right_joint,RS04,7.228805,-4.500000,0.000000,0.0000,2.0000,7.228805,-4.089495,-0.294807,28.00
7.356016,friction-sweep,knee_flexion_right_joint,RS04,7.195821,-4.500000,0.000000,0.0000,2.0000,7.195821,-4.122454,-0.349739,28.00
7.364016,friction-sweep,knee_flexion_right_joint,RS04,7.163608,-4.500000,0.000000,0.0000,2.0000,7.163608,-4.075762,-0.291145,28.00
7.372016,friction-sweep,knee_flexion_right_joint,RS04,7.131011,-4.500000,0.000000,0.0000,2.0000,7.131011,-4.145801,-0.316780,28.00
7.380014,friction-sweep,knee_flexion_right_joint,RS04,7.098413,-4.500000,0.000000,0.0000,2.0000,7.098413,-4.040513,-0.298470,28.00
7.388013,friction-sweep,knee_flexion_right_joint,RS04,7.065816,-4.500000,0.000000,0.0000,2.0000,7.065816,-4.062028,-0.254524,28.00
7.396014,friction-sweep,knee_flexion_right_joint,RS04,7.033601,-4.500000,0.000000,0.0000,2.0000,7.033601,-4.058824,-0.272835,28.00
7.404014,friction-sweep,knee_flexion_right_joint,RS04,7.001002,-4.500000,0.000000,0.0000,2.0000,7.001002,-4.040055,-0.217896,28.00
7.412015,friction-sweep,knee_flexion_right_joint,RS04,6.968022,-4.500000,0.000000,0.0000,2.0000,6.968022,-4.121080,-0.258186,28.00
7.420019,friction-sweep,knee_flexion_right_joint,RS04,6.935809,-4.500000,0.000000,0.0000,2.0000,6.935809,-4.086748,-0.265511,28.00
7.428017,friction-sweep,knee_flexion_right_joint,RS04,6.902827,-4.500000,0.000000,0.0000,2.0000,6.902827,-4.034562,-0.335091,28.00
7.436020,friction-sweep,knee_flexion_right_joint,RS04,6.870231,-4.500000,0.000000,0.0000,2.0000,6.870231,-4.036393,-0.357063,28.00
7.444026,friction-sweep,knee_flexion_right_joint,RS04,6.837632,-4.500000,0.000000,0.0000,2.0000,6.837632,-4.090868,-0.470589,28.00
7.452021,friction-sweep,knee_flexion_right_joint,RS04,6.804650,-4.500000,0.000000,0.0000,2.0000,6.804650,-4.133441,-0.503548,28.00
7.460016,friction-sweep,knee_flexion_right_joint,RS04,6.772054,-4.500000,0.000000,0.0000,2.0000,6.772054,-4.096819,-0.573128,28.00
7.468017,friction-sweep,knee_flexion_right_joint,RS04,6.739457,-4.500000,0.000000,0.0000,2.0000,6.739457,-4.017167,-0.573128,28.00
7.476016,friction-sweep,knee_flexion_right_joint,RS04,6.706475,-4.500000,0.000000,0.0000,2.0000,6.706475,-4.070268,-0.635384,28.00
7.484015,friction-sweep,knee_flexion_right_joint,RS04,6.673877,-4.500000,0.000000,0.0000,2.0000,6.673877,-4.060655,-0.624397,28.00
7.492013,friction-sweep,knee_flexion_right_joint,RS04,6.641280,-4.500000,0.000000,0.0000,2.0000,6.641280,-4.150378,-0.682991,28.00
7.500018,friction-sweep,knee_flexion_right_joint,RS04,6.609065,-4.500000,0.000000,0.0000,2.0000,6.609065,-4.055619,-0.814835,28.00
7.508016,friction-sweep,knee_flexion_right_joint,RS04,6.576085,-4.500000,0.000000,0.0000,2.0000,6.576085,-4.013046,-0.862442,28.00
7.516015,friction-sweep,knee_flexion_right_joint,RS04,6.543870,-4.500000,0.000000,0.0000,2.0000,6.543870,-4.048753,-0.979630,28.00
7.524015,friction-sweep,knee_flexion_right_joint,RS04,6.511271,-4.500000,0.000000,0.0000,2.0000,6.511271,-4.041429,-1.082169,28.00
7.532016,friction-sweep,knee_flexion_right_joint,RS04,6.478675,-4.500000,0.000000,0.0000,2.0000,6.478675,-4.050126,-1.133438,28.00
7.540015,friction-sweep,knee_flexion_right_joint,RS04,6.446078,-4.500000,0.000000,0.0000,2.0000,6.446078,-4.041429,-1.203026,28.00
7.548016,friction-sweep,knee_flexion_right_joint,RS04,6.413480,-4.500000,0.000000,0.0000,2.0000,6.413480,-4.100481,-1.250633,28.00
7.556015,friction-sweep,knee_flexion_right_joint,RS04,6.380883,-4.500000,0.000000,0.0000,2.0000,6.380883,-4.056077,-1.323875,28.00
7.564013,friction-sweep,knee_flexion_right_joint,RS04,6.348668,-4.500000,0.000000,0.0000,2.0000,6.348668,-4.078051,-1.386131,28.00
7.572058,friction-sweep,knee_flexion_right_joint,RS04,6.315686,-4.500000,0.000000,0.0000,2.0000,6.315686,-4.073473,-1.459373,28.00
7.580055,friction-sweep,knee_flexion_right_joint,RS04,6.283090,-4.500000,0.000000,0.0000,2.0000,6.283090,-4.098650,-1.561913,28.00
7.588035,friction-sweep,knee_flexion_right_joint,RS04,6.250876,-4.500000,0.000000,0.0000,2.0000,6.250876,-4.007095,-1.547264,28.00
7.596026,friction-sweep,knee_flexion_right_joint,RS04,6.217895,-4.500000,0.000000,0.0000,2.0000,6.217895,-4.073015,-1.635155,28.00
7.604018,friction-sweep,knee_flexion_right_joint,RS04,6.185296,6.000000,0.000000,0.0000,2.0000,6.185296,-4.080339,-1.543602,28.00
7.612019,friction-sweep,knee_flexion_right_joint,RS04,6.152699,6.000000,0.000000,0.0000,2.0000,6.152699,-4.001144,-1.532616,28.00
7.620012,friction-sweep,knee_flexion_right_joint,RS04,6.124703,6.000000,0.000000,0.0000,2.0000,6.124703,-2.917144,6.970924,28.00
7.628016,friction-sweep,knee_flexion_right_joint,RS04,6.110898,6.000000,0.000000,0.0000,2.0000,6.110898,-1.124514,6.253151,28.00
7.636024,friction-sweep,knee_flexion_right_joint,RS04,6.108979,6.000000,0.000000,0.0000,2.0000,6.108979,0.169146,5.055611,28.00
7.644022,friction-sweep,knee_flexion_right_joint,RS04,6.115882,6.000000,0.000000,0.0000,2.0000,6.115882,1.244450,4.612495,28.00
7.652015,friction-sweep,knee_flexion_right_joint,RS04,6.130839,6.000000,0.000000,0.0000,2.0000,6.130839,2.170521,3.718933,28.00
7.660015,friction-sweep,knee_flexion_right_joint,RS04,6.151549,6.000000,0.000000,0.0000,2.0000,6.151549,2.722134,3.294128,28.00
7.668016,friction-sweep,knee_flexion_right_joint,RS04,6.176860,6.000000,0.000000,0.0000,2.0000,6.176860,3.336460,2.858322,28.00
7.676021,friction-sweep,knee_flexion_right_joint,RS04,6.206389,6.000000,0.000000,0.0000,2.0000,6.206389,3.767223,2.708176,28.00
7.684021,friction-sweep,knee_flexion_right_joint,RS04,6.238221,6.000000,0.000000,0.0000,2.0000,6.238221,4.192036,2.477463,28.00
7.692027,friction-sweep,knee_flexion_right_joint,RS04,6.272735,6.000000,0.000000,0.0000,2.0000,6.272735,4.450676,2.217438,28.00
7.700015,friction-sweep,knee_flexion_right_joint,RS04,6.309167,6.000000,0.000000,0.0000,2.0000,6.309167,4.645229,1.843903,28.00
7.708014,friction-sweep,knee_flexion_right_joint,RS04,6.347518,6.000000,0.000000,0.0000,2.0000,6.347518,4.832912,1.506989,28.00
7.716014,friction-sweep,knee_flexion_right_joint,RS04,6.386634,6.000000,0.000000,0.0000,2.0000,6.386634,4.914854,1.052872,28.00
7.724014,friction-sweep,knee_flexion_right_joint,RS04,6.427285,6.000000,0.000000,0.0000,2.0000,6.427285,5.056305,1.214005,28.00
7.732017,friction-sweep,knee_flexion_right_joint,RS04,6.468705,6.000000,0.000000,0.0000,2.0000,6.468705,5.218815,1.558258,28.00
7.740014,friction-sweep,knee_flexion_right_joint,RS04,6.510505,6.000000,0.000000,0.0000,2.0000,6.510505,5.235752,1.279922,28.00
7.748022,friction-sweep,knee_flexion_right_joint,RS04,6.553075,6.000000,0.000000,0.0000,2.0000,6.553075,5.371710,0.704971,28.00
7.756114,friction-sweep,knee_flexion_right_joint,RS04,6.596026,6.000000,0.000000,0.0000,2.0000,6.596026,5.406042,1.173721,28.00
7.764019,friction-sweep,knee_flexion_right_joint,RS04,6.639363,6.000000,0.000000,0.0000,2.0000,6.639363,5.383154,1.547272,28.00
7.772022,friction-sweep,knee_flexion_right_joint,RS04,6.682698,6.000000,0.000000,0.0000,2.0000,6.682698,5.430761,0.576797,28.00
7.780017,friction-sweep,knee_flexion_right_joint,RS04,6.726033,6.000000,0.000000,0.0000,2.0000,6.726033,5.427557,0.759903,28.00
7.788016,friction-sweep,knee_flexion_right_joint,RS04,6.770137,6.000000,0.000000,0.0000,2.0000,6.770137,5.503090,1.671783,28.00
7.796014,friction-sweep,knee_flexion_right_joint,RS04,6.813855,6.000000,0.000000,0.0000,2.0000,6.813855,5.507210,0.609756,28.00
7.804025,friction-sweep,knee_flexion_right_joint,RS04,6.858342,6.000000,0.000000,0.0000,2.0000,6.858342,5.530098,0.653702,28.00
7.812016,friction-sweep,knee_flexion_right_joint,RS04,6.902444,6.000000,0.000000,0.0000,2.0000,6.902444,5.526894,1.558258,28.00
7.820014,friction-sweep,knee_flexion_right_joint,RS04,6.946548,6.000000,0.000000,0.0000,2.0000,6.946548,5.547035,0.639053,28.00
7.828012,friction-sweep,knee_flexion_right_joint,RS04,6.990649,6.000000,0.000000,0.0000,2.0000,6.990649,5.499428,0.554825,28.00
7.836016,friction-sweep,knee_flexion_right_joint,RS04,7.035520,6.000000,0.000000,0.0000,2.0000,7.035520,5.591440,1.474030,28.00
7.844015,friction-sweep,knee_flexion_right_joint,RS04,7.079621,6.000000,0.000000,0.0000,2.0000,7.079621,5.544746,0.682999,28.00
7.852014,friction-sweep,knee_flexion_right_joint,RS04,7.123725,6.000000,0.000000,0.0000,2.0000,7.123725,5.577250,0.639053,28.00
7.860065,friction-sweep,knee_flexion_right_joint,RS04,7.168593,6.000000,0.000000,0.0000,2.0000,7.168593,5.530556,1.514313,28.00
7.868052,friction-sweep,knee_flexion_right_joint,RS04,7.213078,6.000000,0.000000,0.0000,2.0000,7.213078,5.445410,0.646378,28.00
7.876042,friction-sweep,knee_flexion_right_joint,RS04,7.257182,6.000000,0.000000,0.0000,2.0000,7.257182,5.525063,0.708633,28.00
7.884024,friction-sweep,knee_flexion_right_joint,RS04,7.301667,6.000000,0.000000,0.0000,2.0000,7.301667,5.578623,1.536285,28.00
7.892019,friction-sweep,knee_flexion_right_joint,RS04,7.345771,6.000000,0.000000,0.0000,2.0000,7.345771,5.564888,0.675674,28.00
7.900085,friction-sweep,knee_flexion_right_joint,RS04,7.390256,6.000000,0.000000,0.0000,2.0000,7.390256,5.490730,0.657364,28.00
7.908041,friction-sweep,knee_flexion_right_joint,RS04,7.434360,6.000000,0.000000,0.0000,2.0000,7.434360,5.572214,1.532623,28.00
7.916086,friction-sweep,knee_flexion_right_joint,RS04,7.479230,6.000000,0.000000,0.0000,2.0000,7.479230,5.549324,0.518204,28.00
7.924045,friction-sweep,knee_flexion_right_joint,RS04,7.522948,6.000000,0.000000,0.0000,2.0000,7.522948,5.593729,0.635391,28.00
7.932029,friction-sweep,knee_flexion_right_joint,RS04,7.567435,6.000000,0.000000,0.0000,2.0000,7.567435,5.567636,1.569244,28.00
7.940020,friction-sweep,knee_flexion_right_joint,RS04,7.611922,6.000000,0.000000,0.0000,2.0000,7.611922,5.506752,0.587784,28.00
7.948018,friction-sweep,knee_flexion_right_joint,RS04,7.656407,6.000000,0.000000,0.0000,2.0000,7.656407,5.505379,0.657364,28.00
7.956022,friction-sweep,knee_flexion_right_joint,RS04,7.700892,6.000000,0.000000,0.0000,2.0000,7.700892,5.617075,1.466705,28.00
7.964021,friction-sweep,knee_flexion_right_joint,RS04,7.745379,6.000000,0.000000,0.0000,2.0000,7.745379,5.551155,0.514542,28.00
7.972028,friction-sweep,knee_flexion_right_joint,RS04,7.789865,6.000000,0.000000,0.0000,2.0000,7.789865,5.559853,0.693985,28.00
7.980022,friction-sweep,knee_flexion_right_joint,RS04,7.833968,6.000000,0.000000,0.0000,2.0000,7.833968,5.591440,1.532623,28.00
7.988015,friction-sweep,knee_flexion_right_joint,RS04,7.878453,6.000000,0.000000,0.0000,2.0000,7.878453,5.552986,0.620743,28.00
7.996019,friction-sweep,knee_flexion_right_joint,RS04,7.922940,6.000000,0.000000,0.0000,2.0000,7.922940,5.573130,0.701309,28.00
8.004016,friction-sweep,knee_flexion_right_joint,RS04,7.967809,6.000000,0.000000,0.0000,2.0000,7.967809,5.603342,1.481354,28.00
8.012015,friction-sweep,knee_flexion_right_joint,RS04,8.011529,6.000000,0.000000,0.0000,2.0000,8.011529,5.551155,0.631729,28.00
8.020020,friction-sweep,knee_flexion_right_joint,RS04,8.056014,6.000000,0.000000,0.0000,2.0000,8.056014,5.574503,0.745255,28.00
8.028027,friction-sweep,knee_flexion_right_joint,RS04,8.100501,6.000000,0.000000,0.0000,2.0000,8.100501,5.500801,1.470367,28.00
8.036016,friction-sweep,knee_flexion_right_joint,RS04,8.144605,6.000000,0.000000,0.0000,2.0000,8.144605,5.526436,0.591446,28.00
8.044017,friction-sweep,knee_flexion_right_joint,RS04,8.189090,6.000000,0.000000,0.0000,2.0000,8.189090,5.604258,0.741592,28.00
8.052015,friction-sweep,knee_flexion_right_joint,RS04,8.233193,6.000000,0.000000,0.0000,2.0000,8.233193,5.503548,1.481354,28.00
8.060014,friction-sweep,knee_flexion_right_joint,RS04,8.277678,6.000000,0.000000,0.0000,2.0000,8.277678,5.562599,0.529190,28.00
8.068015,friction-sweep,knee_flexion_right_joint,RS04,8.322165,6.000000,0.000000,0.0000,2.0000,8.322165,5.534676,0.759903,28.00
8.076015,friction-sweep,knee_flexion_right_joint,RS04,8.366651,6.000000,0.000000,0.0000,2.0000,8.366651,5.595102,1.441071,28.00
8.084088,friction-sweep,knee_flexion_right_joint,RS04,8.411138,6.000000,0.000000,0.0000,2.0000,8.411138,5.592356,0.474258,28.00
8.092038,friction-sweep,knee_flexion_right_joint,RS04,8.455239,6.000000,0.000000,0.0000,2.0000,8.455239,5.529182,0.748917,28.00
8.100037,friction-sweep,knee_flexion_right_joint,RS04,8.499343,6.000000,0.000000,0.0000,2.0000,8.499343,5.509956,1.506989,28.00
8.108030,friction-sweep,knee_flexion_right_joint,RS04,8.543828,6.000000,0.000000,0.0000,2.0000,8.543828,5.545204,0.496231,28.00
8.116022,friction-sweep,knee_flexion_right_joint,RS04,8.588313,6.000000,0.000000,0.0000,2.0000,8.588313,5.520027,0.770889,28.00
8.124021,friction-sweep,knee_flexion_right_joint,RS04,8.632800,6.000000,0.000000,0.0000,2.0000,8.632800,5.525063,1.496002,28.00
8.132018,friction-sweep,knee_flexion_right_joint,RS04,8.677285,6.000000,0.000000,0.0000,2.0000,8.677285,5.579996,0.532852,28.00
8.140018,friction-sweep,knee_flexion_right_joint,RS04,8.721005,6.000000,0.000000,0.0000,2.0000,8.721005,5.514992,0.792862,28.00
8.148019,friction-sweep,knee_flexion_right_joint,RS04,8.765492,6.000000,0.000000,0.0000,2.0000,8.765492,5.550240,1.441071,28.00
8.156019,friction-sweep,knee_flexion_right_joint,RS04,8.809594,6.000000,0.000000,0.0000,2.0000,8.809594,5.531471,0.503555,28.00
8.164019,friction-sweep,knee_flexion_right_joint,RS04,8.854081,6.000000,0.000000,0.0000,2.0000,8.854081,5.563972,0.745255,28.00
8.172019,friction-sweep,knee_flexion_right_joint,RS04,8.898568,6.000000,0.000000,0.0000,2.0000,8.898568,5.514076,1.481354,28.00
8.180017,friction-sweep,knee_flexion_right_joint,RS04,8.942670,6.000000,0.000000,0.0000,2.0000,8.942670,5.525520,0.485245,28.00
8.188017,friction-sweep,knee_flexion_right_joint,RS04,8.987157,6.000000,0.000000,0.0000,2.0000,8.987157,5.569010,0.811172,28.00
8.196018,friction-sweep,knee_flexion_right_joint,RS04,9.031642,6.000000,0.000000,0.0000,2.0000,9.031642,5.525520,1.441071,28.00
8.204019,friction-sweep,knee_flexion_right_joint,RS04,9.075744,6.000000,0.000000,0.0000,2.0000,9.075744,5.509041,0.496231,28.00
8.212017,friction-sweep,knee_flexion_right_joint,RS04,9.120231,6.000000,0.000000,0.0000,2.0000,9.120231,5.522774,0.763565,28.00
8.220017,friction-sweep,knee_flexion_right_joint,RS04,9.164332,6.000000,0.000000,0.0000,2.0000,9.164332,5.588236,1.419098,28.00
8.228016,friction-sweep,knee_flexion_right_joint,RS04,9.208819,6.000000,0.000000,0.0000,2.0000,9.208819,5.527809,0.488907,28.00
8.236017,friction-sweep,knee_flexion_right_joint,RS04,9.253304,6.000000,0.000000,0.0000,2.0000,9.253304,5.579081,0.807510,28.00
8.244019,friction-sweep,knee_flexion_right_joint,RS04,9.297791,6.000000,0.000000,0.0000,2.0000,9.297791,5.609293,1.466705,28.00
8.252014,friction-sweep,knee_flexion_right_joint,RS04,9.341893,6.000000,0.000000,0.0000,2.0000,9.341893,5.572214,0.441284,28.00
8.260017,friction-sweep,knee_flexion_right_joint,RS04,9.386380,6.000000,0.000000,0.0000,2.0000,9.386380,5.557106,0.825821,28.00
8.268153,friction-sweep,knee_flexion_right_joint,RS04,9.430482,6.000000,0.000000,0.0000,2.0000,9.430482,5.555275,1.448395,28.00
8.276031,friction-sweep,knee_flexion_right_joint,RS04,9.474969,6.000000,0.000000,0.0000,2.0000,9.474969,5.460518,0.411987,28.00
8.284020,friction-sweep,knee_flexion_right_joint,RS04,9.519073,6.000000,0.000000,0.0000,2.0000,9.519073,5.509499,0.767227,28.00
8.292019,friction-sweep,knee_flexion_right_joint,RS04,9.563174,6.000000,0.000000,0.0000,2.0000,9.563174,5.545204,1.459381,28.00
8.300020,friction-sweep,knee_flexion_right_joint,RS04,9.608045,6.000000,0.000000,0.0000,2.0000,9.608045,5.530556,0.441284,28.00
8.308018,friction-sweep,knee_flexion_right_joint,RS04,9.652146,6.000000,0.000000,0.0000,2.0000,9.652146,5.554817,0.781876,28.00
8.316018,friction-sweep,knee_flexion_right_joint,RS04,9.696633,6.000000,0.000000,0.0000,2.0000,9.696633,5.556648,1.455719,28.00
8.324018,friction-sweep,knee_flexion_right_joint,RS04,9.740735,6.000000,0.000000,0.0000,2.0000,9.740735,5.464638,0.547501,28.00
8.332019,friction-sweep,knee_flexion_right_joint,RS04,9.785222,6.000000,0.000000,0.0000,2.0000,9.785222,5.581369,0.745255,28.00
8.340017,friction-sweep,knee_flexion_right_joint,RS04,9.829707,6.000000,0.000000,0.0000,2.0000,9.829707,5.498055,1.411774,28.00
8.348017,friction-sweep,knee_flexion_right_joint,RS04,9.873811,6.000000,0.000000,0.0000,2.0000,9.873811,5.480659,0.543839,28.00
8.356017,friction-sweep,knee_flexion_right_joint,RS04,9.917912,6.000000,0.000000,0.0000,2.0000,9.917912,5.520943,0.829483,28.00
8.364018,friction-sweep,knee_flexion_right_joint,RS04,9.962398,6.000000,0.000000,0.0000,2.0000,9.962398,5.521400,1.437408,28.00
8.372035,friction-sweep,knee_flexion_right_joint,RS04,10.006885,6.000000,0.000000,0.0000,2.0000,10.006885,5.552528,0.529190,28.00
8.380019,friction-sweep,knee_flexion_right_joint,RS04,10.051370,6.000000,0.000000,0.0000,2.0000,10.051370,5.528267,0.869766,28.00
8.388019,friction-sweep,knee_flexion_right_joint,RS04,10.095473,6.000000,0.000000,0.0000,2.0000,10.095473,5.508125,1.441071,28.00
8.396018,friction-sweep,knee_flexion_right_joint,RS04,10.139958,6.000000,0.000000,0.0000,2.0000,10.139958,5.522774,0.463257,28.00
8.404017,friction-sweep,knee_flexion_right_joint,RS04,10.184062,6.000000,0.000000,0.0000,2.0000,10.184062,5.544746,0.836807,28.00
8.412225,friction-sweep,knee_flexion_right_joint,RS04,10.229699,6.000000,0.000000,0.0000,2.0000,10.229699,5.491646,1.378799,28.00
8.420109,friction-sweep,knee_flexion_right_joint,RS04,10.273036,6.000000,0.000000,0.0000,2.0000,10.273036,5.484779,0.419312,28.00
8.428279,friction-sweep,knee_flexion_right_joint,RS04,10.318288,6.000000,0.000000,0.0000,2.0000,10.318288,5.598764,0.946671,28.00
8.436037,friction-sweep,knee_flexion_right_joint,RS04,10.361625,6.000000,0.000000,0.0000,2.0000,10.361625,5.503548,1.444733,28.00
8.444021,friction-sweep,knee_flexion_right_joint,RS04,10.406110,6.000000,0.000000,0.0000,2.0000,10.406110,5.526894,0.353394,28.00
8.452017,friction-sweep,knee_flexion_right_joint,RS04,10.450595,6.000000,0.000000,0.0000,2.0000,10.450595,5.567179,0.792862,28.00
8.460027,friction-sweep,knee_flexion_right_joint,RS04,10.495082,6.000000,0.000000,0.0000,2.0000,10.495082,5.579538,1.411774,28.00
8.468072,friction-sweep,knee_flexion_right_joint,RS04,10.539567,6.000000,0.000000,0.0000,2.0000,10.539567,5.563515,0.327759,28.00
8.476064,friction-sweep,knee_flexion_right_joint,RS04,10.583671,6.000000,0.000000,0.0000,2.0000,10.583671,5.598764,0.862442,28.00
8.484024,friction-sweep,knee_flexion_right_joint,RS04,10.627772,6.000000,0.000000,0.0000,2.0000,10.627772,5.565804,1.400772,28.00
8.492029,friction-sweep,knee_flexion_right_joint,RS04,10.672259,6.000000,0.000000,0.0000,2.0000,10.672259,5.487526,0.452271,28.00
8.500027,friction-sweep,knee_flexion_right_joint,RS04,10.717128,6.000000,0.000000,0.0000,2.0000,10.717128,5.558022,0.917374,28.00
8.508026,friction-sweep,knee_flexion_right_joint,RS04,10.761231,6.000000,0.000000,0.0000,2.0000,10.761231,5.525063,1.367813,28.00
8.516018,friction-sweep,knee_flexion_right_joint,RS04,10.805718,6.000000,0.000000,0.0000,2.0000,10.805718,5.540627,0.441284,28.00
8.524020,friction-sweep,knee_flexion_right_joint,RS04,10.849820,6.000000,0.000000,0.0000,2.0000,10.849820,5.474709,0.895401,28.00
8.532021,friction-sweep,knee_flexion_right_joint,RS04,10.893924,6.000000,0.000000,0.0000,2.0000,10.893924,5.520485,1.364151,28.00
8.540258,friction-sweep,knee_flexion_right_joint,RS04,10.939559,6.000000,0.000000,0.0000,2.0000,10.939559,5.513161,0.426636,28.00
8.548040,friction-sweep,knee_flexion_right_joint,RS04,10.982896,6.000000,0.000000,0.0000,2.0000,10.982896,5.557106,0.913712,28.00
8.556026,friction-sweep,knee_flexion_right_joint,RS04,11.027381,6.000000,0.000000,0.0000,2.0000,11.027381,5.595102,1.356827,28.00
8.564021,friction-sweep,knee_flexion_right_joint,RS04,11.071485,6.000000,0.000000,0.0000,2.0000,11.071485,5.493477,0.375366,28.00
8.572017,friction-sweep,knee_flexion_right_joint,RS04,11.116353,6.000000,0.000000,0.0000,2.0000,11.116353,5.588236,0.924698,28.00
8.580018,friction-sweep,knee_flexion_right_joint,RS04,11.160457,6.000000,0.000000,0.0000,2.0000,11.160457,5.471504,1.360489,28.00
8.588017,friction-sweep,knee_flexion_right_joint,RS04,11.204942,6.000000,0.000000,0.0000,2.0000,11.204942,5.522316,0.360718,28.00
8.596015,friction-sweep,knee_flexion_right_joint,RS04,11.249045,6.000000,0.000000,0.0000,2.0000,11.249045,5.538338,0.986954,28.00
8.604015,friction-sweep,knee_flexion_right_joint,RS04,11.293530,6.000000,0.000000,0.0000,2.0000,11.293530,5.543831,1.356827,28.00
8.612017,friction-sweep,knee_flexion_right_joint,RS04,11.338016,6.000000,0.000000,0.0000,2.0000,11.338016,5.539711,0.305786,28.00
8.620014,friction-sweep,knee_flexion_right_joint,RS04,11.382503,6.000000,0.000000,0.0000,2.0000,11.382503,5.640421,1.096817,28.00
8.628016,friction-sweep,knee_flexion_right_joint,RS04,11.426990,6.000000,0.000000,0.0000,2.0000,11.426990,5.504463,1.312881,28.00
8.636013,friction-sweep,knee_flexion_right_joint,RS04,11.471477,6.000000,0.000000,0.0000,2.0000,11.471477,5.618448,0.357056,28.00
8.644012,friction-sweep,knee_flexion_right_joint,RS04,11.515962,6.000000,0.000000,0.0000,2.0000,11.515962,5.594187,1.005264,28.00
8.652013,friction-sweep,knee_flexion_right_joint,RS04,11.560065,6.000000,0.000000,0.0000,2.0000,11.560065,5.468300,1.279922,28.00
8.660013,friction-sweep,knee_flexion_right_joint,RS04,11.604167,6.000000,0.000000,0.0000,2.0000,11.604167,5.601511,0.382690,28.00
8.668015,friction-sweep,knee_flexion_right_joint,RS04,11.648654,6.000000,0.000000,0.0000,2.0000,11.648654,5.576334,0.986954,28.00
8.676014,friction-sweep,knee_flexion_right_joint,RS04,11.693139,6.000000,0.000000,0.0000,2.0000,11.693139,5.498970,1.272598,28.00
8.684013,friction-sweep,knee_flexion_right_joint,RS04,11.737626,6.000000,0.000000,0.0000,2.0000,11.737626,5.593271,0.335083,28.00
8.692013,friction-sweep,knee_flexion_right_joint,RS04,11.781728,6.000000,0.000000,0.0000,2.0000,11.781728,5.579081,0.979630,28.00
8.700012,friction-sweep,knee_flexion_right_joint,RS04,11.826213,6.000000,0.000000,0.0000,2.0000,11.826213,5.545204,1.210342,28.00
8.708013,friction-sweep,knee_flexion_right_joint,RS04,11.871083,6.000000,0.000000,0.0000,2.0000,11.871083,5.577707,0.371704,28.00
8.716013,friction-sweep,knee_flexion_right_joint,RS04,11.915568,6.000000,0.000000,0.0000,2.0000,11.915568,5.547951,1.056534,28.00
8.724013,friction-sweep,knee_flexion_right_joint,RS04,11.959672,6.000000,0.000000,0.0000,2.0000,11.959672,5.544746,1.159073,28.00
8.732013,friction-sweep,knee_flexion_right_joint,RS04,12.003774,6.000000,0.000000,0.0000,2.0000,12.003774,5.523689,0.426636,28.00
8.740013,friction-sweep,knee_flexion_right_joint,RS04,12.048644,6.000000,0.000000,0.0000,2.0000,12.048644,5.576334,1.082169,28.00
8.748013,friction-sweep,knee_flexion_right_joint,RS04,12.092748,6.000000,0.000000,0.0000,2.0000,12.092748,5.533760,1.188370,28.00
8.756013,friction-sweep,knee_flexion_right_joint,RS04,12.137235,6.000000,0.000000,0.0000,2.0000,12.137235,5.455025,0.401001,28.00
8.764012,friction-sweep,knee_flexion_right_joint,RS04,12.181720,6.000000,0.000000,0.0000,2.0000,12.181720,5.504463,1.115128,28.00
8.772131,friction-sweep,knee_flexion_right_joint,RS04,12.226207,6.000000,0.000000,0.0000,2.0000,12.226207,5.614328,1.170059,28.00
8.780022,friction-sweep,knee_flexion_right_joint,RS04,12.270308,6.000000,0.000000,0.0000,2.0000,12.270308,5.506294,0.331421,28.00
8.788016,friction-sweep,knee_flexion_right_joint,RS04,12.314794,6.000000,0.000000,0.0000,2.0000,12.314794,5.519112,1.118790,28.00
8.796013,friction-sweep,knee_flexion_right_joint,RS04,12.359281,6.000000,0.000000,0.0000,2.0000,12.359281,5.623941,1.137100,28.00
8.804013,friction-sweep,knee_flexion_right_joint,RS04,12.403382,-6.000000,0.000000,0.0000,2.0000,12.403382,5.525063,0.309448,28.00
8.812015,friction-sweep,knee_flexion_right_joint,RS04,12.447869,-6.000000,0.000000,0.0000,2.0000,12.447869,5.550240,1.034561,28.00
8.820013,friction-sweep,knee_flexion_right_joint,RS04,12.486218,-6.000000,0.000000,0.0000,2.0000,12.486218,4.131151,-7.761963,28.00
8.828014,friction-sweep,knee_flexion_right_joint,RS04,12.508845,-6.000000,0.000000,0.0000,2.0000,12.508845,2.182880,-7.095444,28.00
8.836013,friction-sweep,knee_flexion_right_joint,RS04,12.517282,-6.000000,0.000000,0.0000,2.0000,12.517282,0.455254,-4.839546,28.00
8.844013,friction-sweep,knee_flexion_right_joint,RS04,12.514215,-6.000000,0.000000,0.0000,2.0000,12.514215,-0.864500,-4.561226,28.00
8.852015,friction-sweep,knee_flexion_right_joint,RS04,12.502326,-6.000000,0.000000,0.0000,2.0000,12.502326,-1.748455,-4.425720,28.00
8.860012,friction-sweep,knee_flexion_right_joint,RS04,12.485068,-6.000000,0.000000,0.0000,2.0000,12.485068,-2.461204,-3.341728,28.00
8.868015,friction-sweep,knee_flexion_right_joint,RS04,12.462058,-6.000000,0.000000,0.0000,2.0000,12.462058,-3.065003,-3.301445,28.00
8.876017,friction-sweep,knee_flexion_right_joint,RS04,12.434447,-6.000000,0.000000,0.0000,2.0000,12.434447,-3.514534,-3.019455,28.00
8.884016,friction-sweep,knee_flexion_right_joint,RS04,12.404149,-6.000000,0.000000,0.0000,2.0000,12.404149,-4.035478,-2.514076,28.00
8.892015,friction-sweep,knee_flexion_right_joint,RS04,12.370402,-6.000000,0.000000,0.0000,2.0000,12.370402,-4.328450,-2.283363,28.00
8.900014,friction-sweep,knee_flexion_right_joint,RS04,12.335120,-6.000000,0.000000,0.0000,2.0000,12.335120,-4.528038,-2.202797,28.00
8.908013,friction-sweep,knee_flexion_right_joint,RS04,12.297153,-6.000000,0.000000,0.0000,2.0000,12.297153,-4.803617,-1.994049,28.00
8.916013,friction-sweep,knee_flexion_right_joint,RS04,12.258803,-6.000000,0.000000,0.0000,2.0000,12.258803,-4.951018,-1.426414,28.00
8.924076,friction-sweep,knee_flexion_right_joint,RS04,12.218535,-6.000000,0.000000,0.0000,2.0000,12.218535,-5.048066,-0.924698,28.00
8.932163,friction-sweep,knee_flexion_right_joint,RS04,12.177117,-6.000000,0.000000,0.0000,2.0000,12.177117,-5.175325,-1.250633,28.00
8.940025,friction-sweep,knee_flexion_right_joint,RS04,12.136083,-6.000000,0.000000,0.0000,2.0000,12.136083,-5.243075,-1.679108,28.00
8.948028,friction-sweep,knee_flexion_right_joint,RS04,12.093898,-6.000000,0.000000,0.0000,2.0000,12.093898,-5.277409,-1.364159,28.00
8.956021,friction-sweep,knee_flexion_right_joint,RS04,12.051330,-6.000000,0.000000,0.0000,2.0000,12.051330,-5.352941,-0.532845,28.00
8.964019,friction-sweep,knee_flexion_right_joint,RS04,12.008376,-6.000000,0.000000,0.0000,2.0000,12.008376,-5.330052,-1.100479,28.00
8.972023,friction-sweep,knee_flexion_right_joint,RS04,11.965041,-6.000000,0.000000,0.0000,2.0000,11.965041,-5.413366,-1.521629,28.00
8.980036,friction-sweep,knee_flexion_right_joint,RS04,11.921704,-6.000000,0.000000,0.0000,2.0000,11.921704,-5.409704,-0.628059,28.00
8.988036,friction-sweep,knee_flexion_right_joint,RS04,11.877603,-6.000000,0.000000,0.0000,2.0000,11.877603,-5.502632,-0.723282,28.00
8.996025,friction-sweep,knee_flexion_right_joint,RS04,11.833884,-6.000000,0.000000,0.0000,2.0000,11.833884,-5.496223,-1.653473,28.00
9.004025,friction-sweep,knee_flexion_right_joint,RS04,11.789781,-6.000000,0.000000,0.0000,2.0000,11.789781,-5.431220,-0.650032,28.00
9.012021,friction-sweep,knee_flexion_right_joint,RS04,11.745679,-6.000000,0.000000,0.0000,2.0000,11.745679,-5.531929,-0.620735,28.00
9.020017,friction-sweep,knee_flexion_right_joint,RS04,11.701192,-6.000000,0.000000,0.0000,2.0000,11.701192,-5.554360,-1.594872,28.00
9.028018,friction-sweep,knee_flexion_right_joint,RS04,11.657090,-6.000000,0.000000,0.0000,2.0000,11.657090,-5.552529,-0.642708,28.00
9.036019,friction-sweep,knee_flexion_right_joint,RS04,11.612603,-6.000000,0.000000,0.0000,2.0000,11.612603,-5.523232,-0.554817,28.00
9.044034,friction-sweep,knee_flexion_right_joint,RS04,11.568118,-6.000000,0.000000,0.0000,2.0000,11.568118,-5.514992,-1.580223,28.00
9.052017,friction-sweep,knee_flexion_right_joint,RS04,11.524014,-6.000000,0.000000,0.0000,2.0000,11.524014,-5.514076,-0.602425,28.00
9.060016,friction-sweep,knee_flexion_right_joint,RS04,11.479529,-6.000000,0.000000,0.0000,2.0000,11.479529,-5.617075,-0.639046,28.00
9.068013,friction-sweep,knee_flexion_right_joint,RS04,11.435426,-6.000000,0.000000,0.0000,2.0000,11.435426,-5.518196,-1.558250,28.00
9.076045,friction-sweep,knee_flexion_right_joint,RS04,11.390941,-6.000000,0.000000,0.0000,2.0000,11.390941,-5.510872,-0.609749,28.00
9.084018,friction-sweep,knee_flexion_right_joint,RS04,11.346456,-6.000000,0.000000,0.0000,2.0000,11.346456,-5.578164,-0.664680,28.00
9.092015,friction-sweep,knee_flexion_right_joint,RS04,11.301969,-6.000000,0.000000,0.0000,2.0000,11.301969,-5.539254,-1.517967,28.00
9.100096,friction-sweep,knee_flexion_right_joint,RS04,11.257865,-6.000000,0.000000,0.0000,2.0000,11.257865,-5.601511,-0.635384,28.00
9.108037,friction-sweep,knee_flexion_right_joint,RS04,11.213378,-6.000000,0.000000,0.0000,2.0000,11.213378,-5.517281,-0.620735,28.00
9.116020,friction-sweep,knee_flexion_right_joint,RS04,11.168893,-6.000000,0.000000,0.0000,2.0000,11.168893,-5.525520,-1.536278,28.00
9.124023,friction-sweep,knee_flexion_right_joint,RS04,11.124789,-6.000000,0.000000,0.0000,2.0000,11.124789,-5.572671,-0.569466,28.00
9.132022,friction-sweep,knee_flexion_right_joint,RS04,11.080304,-6.000000,0.000000,0.0000,2.0000,11.080304,-5.543374,-0.650032,28.00
9.140018,friction-sweep,knee_flexion_right_joint,RS04,11.035817,-6.000000,0.000000,0.0000,2.0000,11.035817,-5.573129,-1.547264,28.00
9.148021,friction-sweep,knee_flexion_right_joint,RS04,10.991332,-6.000000,0.000000,0.0000,2.0000,10.991332,-5.523232,-0.532845,28.00
9.156018,friction-sweep,knee_flexion_right_joint,RS04,10.946847,-6.000000,0.000000,0.0000,2.0000,10.946847,-5.552529,-0.712296,28.00
9.164014,friction-sweep,knee_flexion_right_joint,RS04,10.902743,-6.000000,0.000000,0.0000,2.0000,10.902743,-5.581368,-1.536278,28.00
9.172021,friction-sweep,knee_flexion_right_joint,RS04,10.857875,-6.000000,0.000000,0.0000,2.0000,10.857875,-5.545663,-0.584114,28.00
9.180018,friction-sweep,knee_flexion_right_joint,RS04,10.814155,-6.000000,0.000000,0.0000,2.0000,10.814155,-5.607462,-0.712296,28.00
9.188013,friction-sweep,knee_flexion_right_joint,RS04,10.769670,-6.000000,0.000000,0.0000,2.0000,10.769670,-5.513161,-1.594872,28.00
9.196019,friction-sweep,knee_flexion_right_joint,RS04,10.725183,-6.000000,0.000000,0.0000,2.0000,10.725183,-5.574044,-0.609749,28.00
9.204019,friction-sweep,knee_flexion_right_joint,RS04,10.681081,-6.000000,0.000000,0.0000,2.0000,10.681081,-5.590066,-0.759903,28.00
9.212015,friction-sweep,knee_flexion_right_joint,RS04,10.636594,-6.000000,0.000000,0.0000,2.0000,10.636594,-5.584573,-1.536278,28.00
9.220022,friction-sweep,knee_flexion_right_joint,RS04,10.592107,-6.000000,0.000000,0.0000,2.0000,10.592107,-5.507668,-0.532845,28.00
9.228022,friction-sweep,knee_flexion_right_joint,RS04,10.547620,-6.000000,0.000000,0.0000,2.0000,10.547620,-5.549783,-0.745255,28.00
9.236014,friction-sweep,knee_flexion_right_joint,RS04,10.503518,-6.000000,0.000000,0.0000,2.0000,10.503518,-5.579537,-1.455711,28.00
9.244020,friction-sweep,knee_flexion_right_joint,RS04,10.459416,-6.000000,0.000000,0.0000,2.0000,10.459416,-5.533302,-0.499886,28.00
9.252017,friction-sweep,knee_flexion_right_joint,RS04,10.414929,-6.000000,0.000000,0.0000,2.0000,10.414929,-5.602884,-0.741592,28.00
9.260014,friction-sweep,knee_flexion_right_joint,RS04,10.370444,-6.000000,0.000000,0.0000,2.0000,10.370444,-5.557107,-1.455711,28.00
9.268130,friction-sweep,knee_flexion_right_joint,RS04,10.325957,-6.000000,0.000000,0.0000,2.0000,10.325957,-5.527809,-0.481575,28.00
9.276026,friction-sweep,knee_flexion_right_joint,RS04,10.281472,-6.000000,0.000000,0.0000,2.0000,10.281472,-5.571298,-0.778214,28.00
9.284016,friction-sweep,knee_flexion_right_joint,RS04,10.236985,-6.000000,0.000000,0.0000,2.0000,10.236985,-5.618448,-1.404442,28.00
9.292018,friction-sweep,knee_flexion_right_joint,RS04,10.192500,-6.000000,0.000000,0.0000,2.0000,10.192500,-5.562142,-0.408333,28.00
9.300018,friction-sweep,knee_flexion_right_joint,RS04,10.148013,-6.000000,0.000000,0.0000,2.0000,10.148013,-5.504921,-0.807510,28.00
9.308015,friction-sweep,knee_flexion_right_joint,RS04,10.103528,-6.000000,0.000000,0.0000,2.0000,10.103528,-5.560311,-1.455711,28.00
9.316019,friction-sweep,knee_flexion_right_joint,RS04,10.059424,-6.000000,0.000000,0.0000,2.0000,10.059424,-5.547494,-0.485237,28.00
9.324018,friction-sweep,knee_flexion_right_joint,RS04,10.014939,-6.000000,0.000000,0.0000,2.0000,10.014939,-5.576333,-0.840469,28.00
9.332013,friction-sweep,knee_flexion_right_joint,RS04,9.970836,-6.000000,0.000000,0.0000,2.0000,9.970836,-5.576791,-1.397118,28.00
9.340016,friction-sweep,knee_flexion_right_joint,RS04,9.926732,-6.000000,0.000000,0.0000,2.0000,9.926732,-5.490730,-0.514534,28.00
9.348017,friction-sweep,knee_flexion_right_joint,RS04,9.881864,-6.000000,0.000000,0.0000,2.0000,9.881864,-5.579537,-0.844131,28.00
9.356013,friction-sweep,knee_flexion_right_joint,RS04,9.837760,-6.000000,0.000000,0.0000,2.0000,9.837760,-5.475165,-1.411766,28.00
9.364017,friction-sweep,knee_flexion_right_joint,RS04,9.793658,-6.000000,0.000000,0.0000,2.0000,9.793658,-5.514534,-0.554817,28.00
9.372016,friction-sweep,knee_flexion_right_joint,RS04,9.749171,-6.000000,0.000000,0.0000,2.0000,9.749171,-5.568551,-0.822159,28.00
9.380013,friction-sweep,knee_flexion_right_joint,RS04,9.705070,-6.000000,0.000000,0.0000,2.0000,9.705070,-5.544747,-1.474022,28.00
9.388018,friction-sweep,knee_flexion_right_joint,RS04,9.660583,-6.000000,0.000000,0.0000,2.0000,9.660583,-5.578164,-0.485237,28.00
9.396017,friction-sweep,knee_flexion_right_joint,RS04,9.616481,-6.000000,0.000000,0.0000,2.0000,9.616481,-5.574960,-0.836807,28.00
9.404015,friction-sweep,knee_flexion_right_joint,RS04,9.571994,-6.000000,0.000000,0.0000,2.0000,9.571994,-5.575875,-1.345848,28.00
9.412019,friction-sweep,knee_flexion_right_joint,RS04,9.527509,-6.000000,0.000000,0.0000,2.0000,9.527509,-5.587319,-0.401009,28.00
9.420022,friction-sweep,knee_flexion_right_joint,RS04,9.483407,-6.000000,0.000000,0.0000,2.0000,9.483407,-5.510414,-0.880753,28.00
9.428016,friction-sweep,knee_flexion_right_joint,RS04,9.438920,-6.000000,0.000000,0.0000,2.0000,9.438920,-5.495308,-1.393456,28.00
9.436020,friction-sweep,knee_flexion_right_joint,RS04,9.394435,-6.000000,0.000000,0.0000,2.0000,9.394435,-5.566720,-0.455940,28.00
9.444015,friction-sweep,knee_flexion_right_joint,RS04,9.349948,-6.000000,0.000000,0.0000,2.0000,9.349948,-5.570382,-0.880753,28.00
9.452019,friction-sweep,knee_flexion_right_joint,RS04,9.305846,-6.000000,0.000000,0.0000,2.0000,9.305846,-5.556191,-1.411766,28.00
9.460022,friction-sweep,knee_flexion_right_joint,RS04,9.261359,-6.000000,0.000000,0.0000,2.0000,9.261359,-5.522774,-0.430305,28.00
9.468018,friction-sweep,knee_flexion_right_joint,RS04,9.216872,-6.000000,0.000000,0.0000,2.0000,9.216872,-5.561227,-0.910049,28.00
9.476015,friction-sweep,knee_flexion_right_joint,RS04,9.172769,-6.000000,0.000000,0.0000,2.0000,9.172769,-5.565347,-1.375145,28.00
9.484018,friction-sweep,knee_flexion_right_joint,RS04,9.128667,-6.000000,0.000000,0.0000,2.0000,9.128667,-5.586404,-0.411995,28.00
9.492020,friction-sweep,knee_flexion_right_joint,RS04,9.084182,-6.000000,0.000000,0.0000,2.0000,9.084182,-5.485695,-0.858780,28.00
9.500026,friction-sweep,knee_flexion_right_joint,RS04,9.040078,-6.000000,0.000000,0.0000,2.0000,9.040078,-5.547494,-1.375145,28.00
9.508017,friction-sweep,knee_flexion_right_joint,RS04,8.995976,-6.000000,0.000000,0.0000,2.0000,8.995976,-5.467841,-0.477913,28.00
9.516020,friction-sweep,knee_flexion_right_joint,RS04,8.951489,-6.000000,0.000000,0.0000,2.0000,8.951489,-5.596933,-0.836807,28.00
9.524017,friction-sweep,knee_flexion_right_joint,RS04,8.907004,-6.000000,0.000000,0.0000,2.0000,8.907004,-5.534218,-1.360497,28.00
9.532016,friction-sweep,knee_flexion_right_joint,RS04,8.862517,-6.000000,0.000000,0.0000,2.0000,8.862517,-5.509499,-0.411995,28.00
9.540019,friction-sweep,knee_flexion_right_joint,RS04,8.818032,-6.000000,0.000000,0.0000,2.0000,8.818032,-5.532845,-0.891739,28.00
9.548016,friction-sweep,knee_flexion_right_joint,RS04,8.773929,-6.000000,0.000000,0.0000,2.0000,8.773929,-5.519112,-1.338524,28.00
9.556021,friction-sweep,knee_flexion_right_joint,RS04,8.729444,-6.000000,0.000000,0.0000,2.0000,8.729444,-5.567636,-0.408333,28.00
9.564015,friction-sweep,knee_flexion_right_joint,RS04,8.684957,-6.000000,0.000000,0.0000,2.0000,8.684957,-5.552072,-0.961319,28.00
9.572018,friction-sweep,knee_flexion_right_joint,RS04,8.640855,-6.000000,0.000000,0.0000,2.0000,8.640855,-5.538796,-1.338524,28.00
9.580017,friction-sweep,knee_flexion_right_joint,RS04,8.596368,-6.000000,0.000000,0.0000,2.0000,8.596368,-5.545663,-0.441292,28.00
9.588015,friction-sweep,knee_flexion_right_joint,RS04,8.551881,-6.000000,0.000000,0.0000,2.0000,8.551881,-5.481117,-0.917374,28.00
9.596013,friction-sweep,knee_flexion_right_joint,RS04,8.507779,-6.000000,0.000000,0.0000,2.0000,8.507779,-5.525063,-1.364159,28.00
9.604018,friction-sweep,knee_flexion_right_joint,RS04,8.463292,-6.000000,0.000000,0.0000,2.0000,8.463292,-5.532845,-0.346077,28.00
9.612018,friction-sweep,knee_flexion_right_joint,RS04,8.419190,-6.000000,0.000000,0.0000,2.0000,8.419190,-5.541543,-0.862442,28.00
9.620014,friction-sweep,knee_flexion_right_joint,RS04,8.374703,-6.000000,0.000000,0.0000,2.0000,8.374703,-5.568551,-1.345848,28.00
9.628019,friction-sweep,knee_flexion_right_joint,RS04,8.330218,-6.000000,0.000000,0.0000,2.0000,8.330218,-5.625315,-0.346077,28.00
9.636017,friction-sweep,knee_flexion_right_joint,RS04,8.286115,-6.000000,0.000000,0.0000,2.0000,8.286115,-5.539712,-0.851456,28.00
9.644015,friction-sweep,knee_flexion_right_joint,RS04,8.242013,-6.000000,0.000000,0.0000,2.0000,8.242013,-5.523232,-1.349510,28.00
9.652018,friction-sweep,knee_flexion_right_joint,RS04,8.197526,-6.000000,0.000000,0.0000,2.0000,8.197526,-5.544290,-0.390022,28.00
9.660017,friction-sweep,knee_flexion_right_joint,RS04,8.152658,-6.000000,0.000000,0.0000,2.0000,8.152658,-5.558022,-0.946671,28.00
9.668014,friction-sweep,knee_flexion_right_joint,RS04,8.108556,-6.000000,0.000000,0.0000,2.0000,8.108556,-5.598307,-1.279930,28.00
9.676020,friction-sweep,knee_flexion_right_joint,RS04,8.064069,-6.000000,0.000000,0.0000,2.0000,8.064069,-5.541085,-0.335091,28.00
9.684016,friction-sweep,knee_flexion_right_joint,RS04,8.019584,-6.000000,0.000000,0.0000,2.0000,8.019584,-5.568551,-0.986954,28.00
9.696011,friction-sweep,knee_flexion_right_joint,RS04,7.953237,-6.000000,0.000000,0.0000,2.0000,7.953237,-5.549325,-1.060196,28.00
9.704011,friction-sweep,knee_flexion_right_joint,RS04,7.908751,-6.000000,0.000000,0.0000,2.0000,7.908751,-5.563516,-1.298241,28.00
9.712019,friction-sweep,knee_flexion_right_joint,RS04,7.864264,-6.000000,0.000000,0.0000,2.0000,7.864264,-5.587777,-0.382698,28.00
9.720018,friction-sweep,knee_flexion_right_joint,RS04,7.819779,-6.000000,0.000000,0.0000,2.0000,7.819779,-5.578622,-1.045547,28.00
9.728013,friction-sweep,knee_flexion_right_joint,RS04,7.775676,-6.000000,0.000000,0.0000,2.0000,7.775676,-5.578164,-1.283592,28.00
9.736018,friction-sweep,knee_flexion_right_joint,RS04,7.731191,-6.000000,0.000000,0.0000,2.0000,7.731191,-5.514534,-0.349739,28.00
9.744020,friction-sweep,knee_flexion_right_joint,RS04,7.687087,-6.000000,0.000000,0.0000,2.0000,7.687087,-5.549325,-1.001602,28.00
9.752013,friction-sweep,knee_flexion_right_joint,RS04,7.642602,-6.000000,0.000000,0.0000,2.0000,7.642602,-5.561685,-1.254295,28.00
9.760018,friction-sweep,knee_flexion_right_joint,RS04,7.598115,-6.000000,0.000000,0.0000,2.0000,7.598115,-5.523232,-0.331429,28.00
9.768079,friction-sweep,knee_flexion_right_joint,RS04,7.553628,-6.000000,0.000000,0.0000,2.0000,7.553628,-5.568551,-1.067520,28.00
9.776019,friction-sweep,knee_flexion_right_joint,RS04,7.509141,-6.000000,0.000000,0.0000,2.0000,7.509141,-5.531471,-1.228661,28.00
9.784020,friction-sweep,knee_flexion_right_joint,RS04,7.465039,-6.000000,0.000000,0.0000,2.0000,7.465039,-5.548409,-0.324104,28.00
9.792018,friction-sweep,knee_flexion_right_joint,RS04,7.420171,-6.000000,0.000000,0.0000,2.0000,7.420171,-5.557565,-1.115128,28.00
9.800014,friction-sweep,knee_flexion_right_joint,RS04,7.376067,-6.000000,0.000000,0.0000,2.0000,7.376067,-5.569467,-1.162735,28.00
9.808020,friction-sweep,knee_flexion_right_joint,RS04,7.331582,-6.000000,0.000000,0.0000,2.0000,7.331582,-5.529182,-0.379036,28.00
9.816017,friction-sweep,knee_flexion_right_joint,RS04,7.287095,-6.000000,0.000000,0.0000,2.0000,7.287095,-5.504921,-1.214012,28.00
9.824015,friction-sweep,knee_flexion_right_joint,RS04,7.242993,-6.000000,0.000000,0.0000,2.0000,7.242993,-5.523689,-1.140762,28.00
9.832018,friction-sweep,knee_flexion_right_joint,RS04,7.198506,-6.000000,0.000000,0.0000,2.0000,7.198506,-5.501717,-0.455940,28.00
9.840017,friction-sweep,knee_flexion_right_joint,RS04,7.154021,-6.000000,0.000000,0.0000,2.0000,7.154021,-5.568551,-1.192039,28.00
9.848013,friction-sweep,knee_flexion_right_joint,RS04,7.109534,-6.000000,0.000000,0.0000,2.0000,7.109534,-5.545205,-1.210350,28.00
9.856018,friction-sweep,knee_flexion_right_joint,RS04,7.065049,-6.000000,0.000000,0.0000,2.0000,7.065049,-5.522316,-0.309456,28.00
9.864019,friction-sweep,knee_flexion_right_joint,RS04,7.020946,-6.000000,0.000000,0.0000,2.0000,7.020946,-5.520485,-1.243309,28.00
9.876012,friction-sweep,knee_flexion_right_joint,RS04,6.954217,-6.000000,0.000000,0.0000,2.0000,6.954217,-5.573586,-1.221336,28.00
9.884011,friction-sweep,knee_flexion_right_joint,RS04,6.909730,-6.000000,0.000000,0.0000,2.0000,6.909730,-5.558480,-1.155411,28.00
9.892019,friction-sweep,knee_flexion_right_joint,RS04,6.865245,-6.000000,0.000000,0.0000,2.0000,6.865245,-5.568551,-0.331429,28.00
9.900018,friction-sweep,knee_flexion_right_joint,RS04,6.820758,-6.000000,0.000000,0.0000,2.0000,6.820758,-5.568551,-1.235985,28.00
9.908014,friction-sweep,knee_flexion_right_joint,RS04,6.776273,-6.000000,0.000000,0.0000,2.0000,6.776273,-5.521858,-1.074844,28.00
9.916018,friction-sweep,knee_flexion_right_joint,RS04,6.731786,-6.000000,0.000000,0.0000,2.0000,6.731786,-5.562142,-0.313118,28.00
9.924017,friction-sweep,knee_flexion_right_joint,RS04,6.687299,-6.000000,0.000000,0.0000,2.0000,6.687299,-5.586862,-1.276268,28.00
9.932013,friction-sweep,knee_flexion_right_joint,RS04,6.643580,-6.000000,0.000000,0.0000,2.0000,6.643580,-5.534218,-1.089493,28.00
9.940018,friction-sweep,knee_flexion_right_joint,RS04,6.599093,-6.000000,0.000000,0.0000,2.0000,6.599093,-5.503548,-0.357063,28.00
9.948081,friction-sweep,knee_flexion_right_joint,RS04,6.554225,-6.000000,0.000000,0.0000,2.0000,6.554225,-5.567636,-1.367821,28.00
9.956104,friction-sweep,knee_flexion_right_joint,RS04,6.509738,-6.000000,0.000000,0.0000,2.0000,6.509738,-5.514992,-0.997940,28.00
9.964024,friction-sweep,knee_flexion_right_joint,RS04,6.466020,-6.000000,0.000000,0.0000,2.0000,6.466020,-5.596933,-0.386360,28.00
9.972015,friction-sweep,knee_flexion_right_joint,RS04,6.421533,-6.000000,0.000000,0.0000,2.0000,6.421533,-5.571298,-1.349510,28.00
9.980020,friction-sweep,knee_flexion_right_joint,RS04,6.377048,-6.000000,0.000000,0.0000,2.0000,6.377048,-5.540170,-1.023575,28.00
9.988016,friction-sweep,knee_flexion_right_joint,RS04,6.332946,-6.000000,0.000000,0.0000,2.0000,6.332946,-5.527351,-0.313118,28.00
9.996014,friction-sweep,knee_flexion_right_joint,RS04,6.288075,-6.000000,0.000000,0.0000,2.0000,6.288075,-5.529640,-1.327538,28.00
10.004017,friction-sweep,knee_flexion_right_joint,RS04,6.243974,7.500000,0.000000,0.0000,2.0000,6.243974,-5.538796,-1.019913,28.00
10.012017,friction-sweep,knee_flexion_right_joint,RS04,6.199487,7.500000,0.000000,0.0000,2.0000,6.199487,-5.546578,-0.349739,28.00
10.020017,friction-sweep,knee_flexion_right_joint,RS04,6.162671,7.500000,0.000000,0.0000,2.0000,6.162671,-3.907302,9.516129,28.00
10.028014,friction-sweep,knee_flexion_right_joint,RS04,6.143880,7.500000,0.000000,0.0000,2.0000,6.143880,-1.617533,8.106201,28.00
10.036015,friction-sweep,knee_flexion_right_joint,RS04,6.140044,7.500000,0.000000,0.0000,2.0000,6.140044,0.120165,6.681618,28.00
10.044012,friction-sweep,knee_flexion_right_joint,RS04,6.148097,7.500000,0.000000,0.0000,2.0000,6.148097,1.479286,5.198448,28.00
10.052013,friction-sweep,knee_flexion_right_joint,RS04,6.166121,7.500000,0.000000,0.0000,2.0000,6.166121,2.655300,4.411079,28.00
10.060014,friction-sweep,knee_flexion_right_joint,RS04,6.191432,7.500000,0.000000,0.0000,2.0000,6.191432,3.411535,3.945984,28.00
10.068028,friction-sweep,knee_flexion_right_joint,RS04,6.222495,7.500000,0.000000,0.0000,2.0000,6.222495,4.064775,3.213547,28.00
10.076015,friction-sweep,knee_flexion_right_joint,RS04,6.258929,7.500000,0.000000,0.0000,2.0000,6.258929,4.707027,2.832687,28.00
10.084016,friction-sweep,knee_flexion_right_joint,RS04,6.299197,7.500000,0.000000,0.0000,2.0000,6.299197,5.184481,2.656906,28.00
10.092061,friction-sweep,knee_flexion_right_joint,RS04,6.342532,7.500000,0.000000,0.0000,2.0000,6.342532,5.504463,2.451828,28.00
10.100072,friction-sweep,knee_flexion_right_joint,RS04,6.388553,7.500000,0.000000,0.0000,2.0000,6.388553,5.817579,1.635162,28.00
10.108052,friction-sweep,knee_flexion_right_joint,RS04,6.436490,7.500000,0.000000,0.0000,2.0000,6.436490,6.043261,2.180817,28.00
10.116029,friction-sweep,knee_flexion_right_joint,RS04,6.485578,7.500000,0.000000,0.0000,2.0000,6.485578,6.245136,1.338516,28.00
10.124020,friction-sweep,knee_flexion_right_joint,RS04,6.537351,7.500000,0.000000,0.0000,2.0000,6.537351,6.496452,2.016022,28.00
10.132022,friction-sweep,knee_flexion_right_joint,RS04,6.589124,7.500000,0.000000,0.0000,2.0000,6.589124,6.554131,1.016251,28.00
10.140017,friction-sweep,knee_flexion_right_joint,RS04,6.641664,7.500000,0.000000,0.0000,2.0000,6.641664,6.668573,1.576569,28.00
10.148017,friction-sweep,knee_flexion_right_joint,RS04,6.695354,7.500000,0.000000,0.0000,2.0000,6.695354,6.756924,1.305557,28.00
10.156015,friction-sweep,knee_flexion_right_joint,RS04,6.749427,7.500000,0.000000,0.0000,2.0000,6.749427,6.804989,0.770889,28.00
10.164027,friction-sweep,knee_flexion_right_joint,RS04,6.803884,7.500000,0.000000,0.0000,2.0000,6.803884,6.823757,1.679108,28.00
10.172016,friction-sweep,knee_flexion_right_joint,RS04,6.859109,7.500000,0.000000,0.0000,2.0000,6.859109,6.901579,0.840469,28.00
10.180015,friction-sweep,knee_flexion_right_joint,RS04,6.914332,7.500000,0.000000,0.0000,2.0000,6.914332,6.842525,0.723282,28.00
10.188014,friction-sweep,knee_flexion_right_joint,RS04,6.969939,7.500000,0.000000,0.0000,2.0000,6.969939,6.983063,1.602203,28.00
10.196015,friction-sweep,knee_flexion_right_joint,RS04,7.025548,7.500000,0.000000,0.0000,2.0000,7.025548,6.961088,0.781876,28.00
10.204026,friction-sweep,knee_flexion_right_joint,RS04,7.081155,7.500000,0.000000,0.0000,2.0000,7.081155,6.964750,0.606094,28.00
10.212025,friction-sweep,knee_flexion_right_joint,RS04,7.137530,7.500000,0.000000,0.0000,2.0000,7.137530,7.008240,1.517975,28.00
10.220032,friction-sweep,knee_flexion_right_joint,RS04,7.193521,7.500000,0.000000,0.0000,2.0000,7.193521,7.058136,0.957657,28.00
10.228019,friction-sweep,knee_flexion_right_joint,RS04,7.249513,7.500000,0.000000,0.0000,2.0000,7.249513,6.972075,0.518204,28.00
10.236023,friction-sweep,knee_flexion_right_joint,RS04,7.305886,7.500000,0.000000,0.0000,2.0000,7.305886,7.065460,1.419098,28.00
10.244019,friction-sweep,knee_flexion_right_joint,RS04,7.361495,7.500000,0.000000,0.0000,2.0000,7.361495,7.010071,1.034561,28.00
10.252018,friction-sweep,knee_flexion_right_joint,RS04,7.417487,7.500000,0.000000,0.0000,2.0000,7.417487,7.055847,0.408325,28.00
10.260020,friction-sweep,knee_flexion_right_joint,RS04,7.473861,7.500000,0.000000,0.0000,2.0000,7.473861,7.014191,1.173721,28.00
10.268015,friction-sweep,knee_flexion_right_joint,RS04,7.529853,7.500000,0.000000,0.0000,2.0000,7.529853,7.066376,1.159073,28.00
10.276158,friction-sweep,knee_flexion_right_joint,RS04,7.586610,7.500000,0.000000,0.0000,2.0000,7.586610,7.077362,0.430298,28.00
10.284035,friction-sweep,knee_flexion_right_joint,RS04,7.642217,7.500000,0.000000,0.0000,2.0000,7.642217,7.024719,0.880753,28.00
10.296017,friction-sweep,knee_flexion_right_joint,RS04,7.726972,7.500000,0.000000,0.0000,2.0000,7.726972,7.012360,1.001602,28.00
10.308018,friction-sweep,knee_flexion_right_joint,RS04,7.810958,7.500000,0.000000,0.0000,2.0000,7.810958,7.027924,0.628067,28.00
10.316018,friction-sweep,knee_flexion_right_joint,RS04,7.867332,7.500000,0.000000,0.0000,2.0000,7.867332,7.077362,1.569244,28.00
10.324021,friction-sweep,knee_flexion_right_joint,RS04,7.923707,7.500000,0.000000,0.0000,2.0000,7.923707,7.005035,0.829483,28.00
10.332019,friction-sweep,knee_flexion_right_joint,RS04,7.980081,7.500000,0.000000,0.0000,2.0000,7.980081,7.025177,0.477921,28.00
10.340015,friction-sweep,knee_flexion_right_joint,RS04,8.036456,7.500000,0.000000,0.0000,2.0000,8.036456,7.066376,1.426422,28.00
10.348020,friction-sweep,knee_flexion_right_joint,RS04,8.092446,7.500000,0.000000,0.0000,2.0000,8.092446,7.007324,1.038223,28.00
10.356017,friction-sweep,knee_flexion_right_joint,RS04,8.148438,7.500000,0.000000,0.0000,2.0000,8.148438,6.989929,0.375366,28.00
10.364014,friction-sweep,knee_flexion_right_joint,RS04,8.204814,7.500000,0.000000,0.0000,2.0000,8.204814,6.989014,1.257950,28.00
10.372019,friction-sweep,knee_flexion_right_joint,RS04,8.260804,7.500000,0.000000,0.0000,2.0000,8.260804,7.016022,1.129776,28.00
10.380017,friction-sweep,knee_flexion_right_joint,RS04,8.317180,7.500000,0.000000,0.0000,2.0000,8.317180,7.038452,0.496231,28.00
10.392013,friction-sweep,knee_flexion_right_joint,RS04,8.401166,7.500000,0.000000,0.0000,2.0000,8.401166,6.981689,1.485016,28.00
10.400015,friction-sweep,knee_flexion_right_joint,RS04,8.457156,7.500000,0.000000,0.0000,2.0000,8.457156,7.011444,1.008926,28.00
10.408020,friction-sweep,knee_flexion_right_joint,RS04,8.513532,7.500000,0.000000,0.0000,2.0000,8.513532,6.987183,0.485245,28.00
10.416016,friction-sweep,knee_flexion_right_joint,RS04,8.569905,7.500000,0.000000,0.0000,2.0000,8.569905,7.082855,1.301895,28.00
10.424018,friction-sweep,knee_flexion_right_joint,RS04,8.625897,7.500000,0.000000,0.0000,2.0000,8.625897,7.042572,1.104141,28.00
10.436051,friction-sweep,knee_flexion_right_joint,RS04,8.710652,7.500000,0.000000,0.0000,2.0000,8.710652,7.038910,0.573135,28.00
10.444060,friction-sweep,knee_flexion_right_joint,RS04,8.767026,7.500000,0.000000,0.0000,2.0000,8.767026,6.988556,1.433746,28.00
10.452076,friction-sweep,knee_flexion_right_joint,RS04,8.823018,7.500000,0.000000,0.0000,2.0000,8.823018,7.020599,0.957657,28.00
10.460029,friction-sweep,knee_flexion_right_joint,RS04,8.878625,7.500000,0.000000,0.0000,2.0000,8.878625,6.994049,0.444946,28.00
10.468020,friction-sweep,knee_flexion_right_joint,RS04,8.934999,7.500000,0.000000,0.0000,2.0000,8.934999,7.042114,1.382462,28.00
10.476020,friction-sweep,knee_flexion_right_joint,RS04,8.990991,7.500000,0.000000,0.0000,2.0000,8.990991,7.003662,1.118790,28.00
10.484074,friction-sweep,knee_flexion_right_joint,RS04,9.047748,7.500000,0.000000,0.0000,2.0000,9.047748,6.969328,0.452271,28.00
10.492061,friction-sweep,knee_flexion_right_joint,RS04,9.103740,7.500000,0.000000,0.0000,2.0000,9.103740,7.010986,1.030899,28.00
10.500081,friction-sweep,knee_flexion_right_joint,RS04,9.160113,7.500000,0.000000,0.0000,2.0000,9.160113,7.066376,1.371475,28.00
10.508055,friction-sweep,knee_flexion_right_joint,RS04,9.215722,7.500000,0.000000,0.0000,2.0000,9.215722,7.061340,0.529190,28.00
10.516045,friction-sweep,knee_flexion_right_joint,RS04,9.272096,7.500000,0.000000,0.0000,2.0000,9.272096,7.037994,0.866104,28.00
10.524034,friction-sweep,knee_flexion_right_joint,RS04,9.328471,7.500000,0.000000,0.0000,2.0000,9.328471,7.018768,1.620514,28.00
10.532063,friction-sweep,knee_flexion_right_joint,RS04,9.384463,7.500000,0.000000,0.0000,2.0000,9.384463,7.000458,0.745255,28.00
10.540049,friction-sweep,knee_flexion_right_joint,RS04,9.440837,7.500000,0.000000,0.0000,2.0000,9.440837,7.037537,0.675674,28.00
10.548028,friction-sweep,knee_flexion_right_joint,RS04,9.496829,7.500000,0.000000,0.0000,2.0000,9.496829,7.018311,1.455719,28.00
10.556021,friction-sweep,knee_flexion_right_joint,RS04,9.552819,7.500000,0.000000,0.0000,2.0000,9.552819,6.983978,0.774551,28.00
10.564018,friction-sweep,knee_flexion_right_joint,RS04,9.608811,7.500000,0.000000,0.0000,2.0000,9.608811,7.010986,0.481583,28.00
10.572019,friction-sweep,knee_flexion_right_joint,RS04,9.664802,7.500000,0.000000,0.0000,2.0000,9.664802,7.044861,1.382462,28.00
10.580021,friction-sweep,knee_flexion_right_joint,RS04,9.721177,7.500000,0.000000,0.0000,2.0000,9.721177,7.027924,1.038223,28.00
10.588019,friction-sweep,knee_flexion_right_joint,RS04,9.777169,7.500000,0.000000,0.0000,2.0000,9.777169,7.000916,0.474258,28.00
10.596016,friction-sweep,knee_flexion_right_joint,RS04,9.833159,7.500000,0.000000,0.0000,2.0000,9.833159,7.045319,1.221329,28.00
10.604016,friction-sweep,knee_flexion_right_joint,RS04,9.889533,7.500000,0.000000,0.0000,2.0000,9.889533,6.996338,1.224991,28.00
10.612018,friction-sweep,knee_flexion_right_joint,RS04,9.945525,7.500000,0.000000,0.0000,2.0000,9.945525,7.059967,0.441284,28.00
10.620018,friction-sweep,knee_flexion_right_joint,RS04,10.001899,7.500000,0.000000,0.0000,2.0000,10.001899,7.016937,0.928360,28.00
10.628020,friction-sweep,knee_flexion_right_joint,RS04,10.058274,7.500000,0.000000,0.0000,2.0000,10.058274,7.071411,1.433746,28.00
10.636018,friction-sweep,knee_flexion_right_joint,RS04,10.114264,7.500000,0.000000,0.0000,2.0000,10.114264,7.048065,0.609756,28.00
10.644032,friction-sweep,knee_flexion_right_joint,RS04,10.170640,7.500000,0.000000,0.0000,2.0000,10.170640,6.982605,0.712296,28.00
10.652022,friction-sweep,knee_flexion_right_joint,RS04,10.226630,7.500000,0.000000,0.0000,2.0000,10.226630,6.949186,1.452057,28.00
10.660015,friction-sweep,knee_flexion_right_joint,RS04,10.283006,7.500000,0.000000,0.0000,2.0000,10.283006,7.119020,0.741592,28.00
10.668019,friction-sweep,knee_flexion_right_joint,RS04,10.338996,7.500000,0.000000,0.0000,2.0000,10.338996,7.071411,0.635391,28.00
10.676019,friction-sweep,knee_flexion_right_joint,RS04,10.395371,7.500000,0.000000,0.0000,2.0000,10.395371,7.106661,1.444733,28.00
10.688011,friction-sweep,knee_flexion_right_joint,RS04,10.478974,7.500000,0.000000,0.0000,2.0000,10.478974,7.084686,0.466919,28.00
10.696012,friction-sweep,knee_flexion_right_joint,RS04,10.535348,7.500000,0.000000,0.0000,2.0000,10.535348,6.940947,0.807510,28.00
10.704020,friction-sweep,knee_flexion_right_joint,RS04,10.591340,7.500000,0.000000,0.0000,2.0000,10.591340,6.991302,1.558258,28.00
10.712016,friction-sweep,knee_flexion_right_joint,RS04,10.647714,7.500000,0.000000,0.0000,2.0000,10.647714,7.079651,0.748917,28.00
10.724010,friction-sweep,knee_flexion_right_joint,RS04,10.732085,7.500000,0.000000,0.0000,2.0000,10.732085,7.050354,1.038223,28.00
10.732012,friction-sweep,knee_flexion_right_joint,RS04,10.788461,7.500000,0.000000,0.0000,2.0000,10.788461,7.038910,1.338516,28.00
10.740020,friction-sweep,knee_flexion_right_joint,RS04,10.844834,7.500000,0.000000,0.0000,2.0000,10.844834,7.007324,0.503555,28.00
10.748017,friction-sweep,knee_flexion_right_joint,RS04,10.900826,7.500000,0.000000,0.0000,2.0000,10.900826,7.041199,0.829483,28.00
10.760012,friction-sweep,knee_flexion_right_joint,RS04,10.985196,7.500000,0.000000,0.0000,2.0000,10.985196,7.124514,1.082169,28.00
10.768012,friction-sweep,knee_flexion_right_joint,RS04,11.041186,7.500000,0.000000,0.0000,2.0000,11.041186,6.992676,0.422974,28.00
10.776018,friction-sweep,knee_flexion_right_joint,RS04,11.097562,7.500000,0.000000,0.0000,2.0000,11.097562,7.014191,1.038223,28.00
10.784018,friction-sweep,knee_flexion_right_joint,RS04,11.153937,7.500000,0.000000,0.0000,2.0000,11.153937,7.005951,1.301895,28.00
10.792012,friction-sweep,knee_flexion_right_joint,RS04,11.209928,7.500000,0.000000,0.0000,2.0000,11.209928,6.995880,0.532852,28.00
10.800016,friction-sweep,knee_flexion_right_joint,RS04,11.266303,7.500000,0.000000,0.0000,2.0000,11.266303,6.999084,0.844131,28.00
10.808138,friction-sweep,knee_flexion_right_joint,RS04,11.322293,7.500000,0.000000,0.0000,2.0000,11.322293,7.079651,1.525299,28.00
10.816020,friction-sweep,knee_flexion_right_joint,RS04,11.379052,7.500000,0.000000,0.0000,2.0000,11.379052,7.094759,0.701309,28.00
10.824019,friction-sweep,knee_flexion_right_joint,RS04,11.435426,7.500000,0.000000,0.0000,2.0000,11.435426,7.090181,0.606094,28.00
10.832019,friction-sweep,knee_flexion_right_joint,RS04,11.491418,7.500000,0.000000,0.0000,2.0000,11.491418,7.105745,1.463043,28.00
10.840013,friction-sweep,knee_flexion_right_joint,RS04,11.547027,7.500000,0.000000,0.0000,2.0000,11.547027,6.968870,0.825821,28.00
10.848019,friction-sweep,knee_flexion_right_joint,RS04,11.603400,7.500000,0.000000,0.0000,2.0000,11.603400,7.064087,0.477921,28.00
10.856018,friction-sweep,knee_flexion_right_joint,RS04,11.659390,7.500000,0.000000,0.0000,2.0000,11.659390,7.028381,1.389786,28.00
10.864014,friction-sweep,knee_flexion_right_joint,RS04,11.715766,7.500000,0.000000,0.0000,2.0000,11.715766,7.010071,1.067520,28.00
10.872020,friction-sweep,knee_flexion_right_joint,RS04,11.772140,7.500000,0.000000,0.0000,2.0000,11.772140,7.038452,0.463257,28.00
10.880021,friction-sweep,knee_flexion_right_joint,RS04,11.828515,7.500000,0.000000,0.0000,2.0000,11.828515,7.024261,1.096817,28.00
10.888016,friction-sweep,knee_flexion_right_joint,RS04,11.884505,7.500000,0.000000,0.0000,2.0000,11.884505,7.044403,1.257950,28.00
10.896018,friction-sweep,knee_flexion_right_joint,RS04,11.940881,7.500000,0.000000,0.0000,2.0000,11.940881,7.057678,0.503555,28.00
10.904015,friction-sweep,knee_flexion_right_joint,RS04,11.997254,7.500000,0.000000,0.0000,2.0000,11.997254,7.044861,0.803848,28.00
10.912019,friction-sweep,knee_flexion_right_joint,RS04,12.053246,7.500000,0.000000,0.0000,2.0000,12.053246,7.040283,1.547272,28.00
10.920016,friction-sweep,knee_flexion_right_joint,RS04,12.109620,7.500000,0.000000,0.0000,2.0000,12.109620,7.047607,0.734268,28.00
10.928014,friction-sweep,knee_flexion_right_joint,RS04,12.165612,7.500000,0.000000,0.0000,2.0000,12.165612,6.999542,0.686661,28.00
10.936018,friction-sweep,knee_flexion_right_joint,RS04,12.221986,7.500000,0.000000,0.0000,2.0000,12.221986,6.981689,1.455719,28.00
10.944016,friction-sweep,knee_flexion_right_joint,RS04,12.278361,7.500000,0.000000,0.0000,2.0000,12.278361,6.986267,0.862442,28.00
10.952014,friction-sweep,knee_flexion_right_joint,RS04,12.334353,7.500000,0.000000,0.0000,2.0000,12.334353,6.951017,0.459595,28.00
10.960019,friction-sweep,knee_flexion_right_joint,RS04,12.390727,7.500000,0.000000,0.0000,2.0000,12.390727,7.028381,1.411774,28.00
10.968016,friction-sweep,knee_flexion_right_joint,RS04,12.447103,7.500000,0.000000,0.0000,2.0000,12.447103,7.067749,1.016251,28.00
10.976072,friction-sweep,knee_flexion_right_joint,RS04,12.503476,7.500000,0.000000,0.0000,2.0000,12.503476,6.972075,0.408325,28.00
10.984057,friction-sweep,knee_flexion_right_joint,RS04,12.559852,7.500000,0.000000,0.0000,2.0000,12.559852,7.065002,1.067520,28.00
10.992035,friction-sweep,knee_flexion_right_joint,RS04,-12.509613,7.500000,0.000000,0.0000,2.0000,-12.509613,7.025177,1.192032,28.00
11.000021,friction-sweep,knee_flexion_right_joint,RS04,-12.453238,7.500000,0.000000,0.0000,2.0000,-12.453238,7.011444,0.514542,28.00
11.008018,friction-sweep,knee_flexion_right_joint,RS04,-12.397631,7.500000,0.000000,0.0000,2.0000,-12.397631,7.002289,0.873428,28.00
11.016016,friction-sweep,knee_flexion_right_joint,RS04,-12.340488,7.500000,0.000000,0.0000,2.0000,-12.340488,6.967497,1.536285,28.00
11.024015,friction-sweep,knee_flexion_right_joint,RS04,-12.284497,7.500000,0.000000,0.0000,2.0000,-12.284497,7.054016,0.734268,28.00
11.032015,friction-sweep,knee_flexion_right_joint,RS04,-12.228506,7.500000,0.000000,0.0000,2.0000,-12.228506,7.020142,0.701309,28.00
11.040013,friction-sweep,knee_flexion_right_joint,RS04,-12.172132,7.500000,0.000000,0.0000,2.0000,-12.172132,7.014648,1.488678,28.00
11.048014,friction-sweep,knee_flexion_right_joint,RS04,-12.116140,7.500000,0.000000,0.0000,2.0000,-12.116140,6.941404,0.836807,28.00
11.056016,friction-sweep,knee_flexion_right_joint,RS04,-12.060149,7.500000,0.000000,0.0000,2.0000,-12.060149,6.973907,0.444946,28.00
11.064016,friction-sweep,knee_flexion_right_joint,RS04,-12.003775,7.500000,0.000000,0.0000,2.0000,-12.003775,7.087433,1.408112,28.00
11.072015,friction-sweep,knee_flexion_right_joint,RS04,-11.947400,7.500000,0.000000,0.0000,2.0000,-11.947400,7.012360,1.023575,28.00
11.080014,friction-sweep,knee_flexion_right_joint,RS04,-11.891026,7.500000,0.000000,0.0000,2.0000,-11.891026,6.976654,0.422974,28.00
11.088014,friction-sweep,knee_flexion_right_joint,RS04,-11.835034,7.500000,0.000000,0.0000,2.0000,-11.835034,7.059967,1.082169,28.00
11.096012,friction-sweep,knee_flexion_right_joint,RS04,-11.778660,7.500000,0.000000,0.0000,2.0000,-11.778660,7.018311,1.184708,28.00
11.104012,friction-sweep,knee_flexion_right_joint,RS04,-11.722669,7.500000,0.000000,0.0000,2.0000,-11.722669,7.063629,0.452271,28.00
11.112013,friction-sweep,knee_flexion_right_joint,RS04,-11.666294,7.500000,0.000000,0.0000,2.0000,-11.666294,7.073700,0.891739,28.00
11.120014,friction-sweep,knee_flexion_right_joint,RS04,-11.609920,7.500000,0.000000,0.0000,2.0000,-11.609920,7.087433,1.609528,28.00
11.128016,friction-sweep,knee_flexion_right_joint,RS04,-11.553545,7.500000,0.000000,0.0000,2.0000,-11.553545,7.044861,0.661026,28.00
11.136014,friction-sweep,knee_flexion_right_joint,RS04,-11.497170,7.500000,0.000000,0.0000,2.0000,-11.497170,7.051727,0.701309,28.00
11.144013,friction-sweep,knee_flexion_right_joint,RS04,-11.441563,7.500000,0.000000,0.0000,2.0000,-11.441563,6.963835,1.444733,28.00
11.152015,friction-sweep,knee_flexion_right_joint,RS04,-11.385187,7.500000,0.000000,0.0000,2.0000,-11.385187,7.058594,0.745255,28.00
11.160013,friction-sweep,knee_flexion_right_joint,RS04,-11.329197,7.500000,0.000000,0.0000,2.0000,-11.329197,7.070953,0.499893,28.00
11.168013,friction-sweep,knee_flexion_right_joint,RS04,-11.273206,7.500000,0.000000,0.0000,2.0000,-11.273206,7.068207,1.452057,28.00
11.176014,friction-sweep,knee_flexion_right_joint,RS04,-11.216831,7.500000,0.000000,0.0000,2.0000,-11.216831,7.063171,1.063858,28.00
11.184014,friction-sweep,knee_flexion_right_joint,RS04,-11.160456,7.500000,0.000000,0.0000,2.0000,-11.160456,6.993591,0.492569,28.00
11.192015,friction-sweep,knee_flexion_right_joint,RS04,-11.104465,7.500000,0.000000,0.0000,2.0000,-11.104465,7.011902,1.221329,28.00
11.200013,friction-sweep,knee_flexion_right_joint,RS04,-11.048090,-7.500000,0.000000,0.0000,2.0000,-11.048090,7.128176,1.239639,28.00
11.208016,friction-sweep,knee_flexion_right_joint,RS04,-10.991715,-7.500000,0.000000,0.0000,2.0000,-10.991715,7.044861,0.426636,28.00
11.216016,friction-sweep,knee_flexion_right_joint,RS04,-10.944161,-7.500000,0.000000,0.0000,2.0000,-10.944161,5.148775,-10.296181,28.00
11.224013,friction-sweep,knee_flexion_right_joint,RS04,-10.916550,-7.500000,0.000000,0.0000,2.0000,-10.916550,2.624628,-8.468758,28.00
11.232016,friction-sweep,knee_flexion_right_joint,RS04,-10.906961,-7.500000,0.000000,0.0000,2.0000,-10.906961,0.501030,-6.187225,28.00
11.240016,friction-sweep,knee_flexion_right_joint,RS04,-10.911947,-7.500000,0.000000,0.0000,2.0000,-10.911947,-1.086061,-5.484093,28.00
11.248017,friction-sweep,knee_flexion_right_joint,RS04,-10.926904,-7.500000,0.000000,0.0000,2.0000,-10.926904,-2.231861,-4.821236,28.00
11.260013,friction-sweep,knee_flexion_right_joint,RS04,-10.963720,-7.500000,0.000000,0.0000,2.0000,-10.963720,-3.589608,-4.231628,28.00
11.268012,friction-sweep,knee_flexion_right_joint,RS04,-10.995550,-7.500000,0.000000,0.0000,2.0000,-10.995550,-4.229572,-3.609070,28.00
11.276012,friction-sweep,knee_flexion_right_joint,RS04,-11.032367,-7.500000,0.000000,0.0000,2.0000,-11.032367,-4.763790,-3.250175,28.00
11.284014,friction-sweep,knee_flexion_right_joint,RS04,-11.073401,-7.500000,0.000000,0.0000,2.0000,-11.073401,-5.243075,-2.503090,28.00
11.292014,friction-sweep,knee_flexion_right_joint,RS04,-11.116737,-7.500000,0.000000,0.0000,2.0000,-11.116737,-5.576791,-1.843903,28.00
11.300016,friction-sweep,knee_flexion_right_joint,RS04,-11.163140,-7.500000,0.000000,0.0000,2.0000,-11.163140,-5.912795,-2.411537,28.00
11.308111,friction-sweep,knee_flexion_right_joint,RS04,-11.211079,-7.500000,0.000000,0.0000,2.0000,-11.211079,-6.086748,-1.415428,28.00
11.316026,friction-sweep,knee_flexion_right_joint,RS04,-11.261316,-7.500000,0.000000,0.0000,2.0000,-11.261316,-6.371023,-2.027008,28.00
11.324018,friction-sweep,knee_flexion_right_joint,RS04,-11.312323,-7.500000,0.000000,0.0000,2.0000,-11.312323,-6.420920,-1.005264,28.00
11.332018,friction-sweep,knee_flexion_right_joint,RS04,-11.364479,-7.500000,0.000000,0.0000,2.0000,-11.364479,-6.571527,-1.832916,28.00
11.340017,friction-sweep,knee_flexion_right_joint,RS04,-11.417786,-7.500000,0.000000,0.0000,2.0000,-11.417786,-6.761959,-0.979630,28.00
11.348017,friction-sweep,knee_flexion_right_joint,RS04,-11.471092,-7.500000,0.000000,0.0000,2.0000,-11.471092,-6.663539,-1.192039,28.00
11.356017,friction-sweep,knee_flexion_right_joint,RS04,-11.525549,-7.500000,0.000000,0.0000,2.0000,-11.525549,-6.792172,-1.528954,28.00
11.364013,friction-sweep,knee_flexion_right_joint,RS04,-11.580007,-7.500000,0.000000,0.0000,2.0000,-11.580007,-6.859922,-0.690315,28.00
11.372014,friction-sweep,knee_flexion_right_joint,RS04,-11.634847,-7.500000,0.000000,0.0000,2.0000,-11.634847,-6.917602,-1.353172,28.00
11.380014,friction-sweep,knee_flexion_right_joint,RS04,-11.690454,-7.500000,0.000000,0.0000,2.0000,-11.690454,-6.877775,-1.294579,28.00
11.388012,friction-sweep,knee_flexion_right_joint,RS04,-11.746062,-7.500000,0.000000,0.0000,2.0000,-11.746062,-6.961548,-0.587776,28.00
11.396012,friction-sweep,knee_flexion_right_joint,RS04,-11.801670,-7.500000,0.000000,0.0000,2.0000,-11.801670,-6.940490,-1.214012,28.00
11.404015,friction-sweep,knee_flexion_right_joint,RS04,-11.857278,-7.500000,0.000000,0.0000,2.0000,-11.857278,-7.060425,-1.217674,28.00
11.412014,friction-sweep,knee_flexion_right_joint,RS04,-11.912885,-7.500000,0.000000,0.0000,2.0000,-11.912885,-6.950104,-0.444954,28.00
11.420014,friction-sweep,knee_flexion_right_joint,RS04,-11.969260,-7.500000,0.000000,0.0000,2.0000,-11.969260,-6.988556,-1.074844,28.00
11.428014,friction-sweep,knee_flexion_right_joint,RS04,-12.025251,-7.500000,0.000000,0.0000,2.0000,-12.025251,-7.065919,-1.393456,28.00
11.436010,friction-sweep,knee_flexion_right_joint,RS04,-12.081243,-7.500000,0.000000,0.0000,2.0000,-12.081243,-7.036164,-0.514534,28.00
11.444014,friction-sweep,knee_flexion_right_joint,RS04,-12.137617,-7.500000,0.000000,0.0000,2.0000,-12.137617,-7.078737,-0.774551,28.00
11.452013,friction-sweep,knee_flexion_right_joint,RS04,-12.193608,-7.500000,0.000000,0.0000,2.0000,-12.193608,-7.033875,-1.550926,28.00
11.460014,friction-sweep,knee_flexion_right_joint,RS04,-12.249983,-7.500000,0.000000,0.0000,2.0000,-12.249983,-7.027466,-0.624397,28.00
11.468015,friction-sweep,knee_flexion_right_joint,RS04,-12.305591,-7.500000,0.000000,0.0000,2.0000,-12.305591,-7.047150,-0.737930,28.00
11.476013,friction-sweep,knee_flexion_right_joint,RS04,-12.361965,-7.500000,0.000000,0.0000,2.0000,-12.361965,-6.986267,-1.528954,28.00
11.484014,friction-sweep,knee_flexion_right_joint,RS04,-12.417956,-7.500000,0.000000,0.0000,2.0000,-12.417956,-7.061342,-0.888077,28.00
11.492012,friction-sweep,knee_flexion_right_joint,RS04,-12.474331,-7.500000,0.000000,0.0000,2.0000,-12.474331,-6.987640,-0.474251,28.00
11.500017,friction-sweep,knee_flexion_right_joint,RS04,-12.530705,-7.500000,0.000000,0.0000,2.0000,-12.530705,-7.035706,-1.309227,28.00
11.508016,friction-sweep,knee_flexion_right_joint,RS04,12.538760,-7.500000,0.000000,0.0000,2.0000,12.538760,-7.024720,-1.052872,28.00
11.516018,friction-sweep,knee_flexion_right_joint,RS04,12.482385,-7.500000,0.000000,0.0000,2.0000,12.482385,-7.031128,-0.386360,28.00
11.524014,friction-sweep,knee_flexion_right_joint,RS04,12.426011,-7.500000,0.000000,0.0000,2.0000,12.426011,-7.021515,-1.115128,28.00
11.532019,friction-sweep,knee_flexion_right_joint,RS04,12.369636,-7.500000,0.000000,0.0000,2.0000,12.369636,-7.083314,-1.345848,28.00
11.540032,friction-sweep,knee_flexion_right_joint,RS04,12.313643,-7.500000,0.000000,0.0000,2.0000,12.313643,-7.060884,-0.444954,28.00
11.548021,friction-sweep,knee_flexion_right_joint,RS04,12.257270,-7.500000,0.000000,0.0000,2.0000,12.257270,-7.044861,-0.825821,28.00
11.556016,friction-sweep,knee_flexion_right_joint,RS04,12.201278,-7.500000,0.000000,0.0000,2.0000,12.201278,-7.008698,-1.580223,28.00
11.564013,friction-sweep,knee_flexion_right_joint,RS04,12.144904,-7.500000,0.000000,0.0000,2.0000,12.144904,-7.026093,-0.576790,28.00
11.572017,friction-sweep,knee_flexion_right_joint,RS04,12.088529,-7.500000,0.000000,0.0000,2.0000,12.088529,-7.029297,-0.686653,28.00
11.580014,friction-sweep,knee_flexion_right_joint,RS04,12.032538,-7.500000,0.000000,0.0000,2.0000,12.032538,-7.049439,-1.547264,28.00
11.588016,friction-sweep,knee_flexion_right_joint,RS04,11.976163,-7.500000,0.000000,0.0000,2.0000,11.976163,-7.078279,-0.807510,28.00
11.596015,friction-sweep,knee_flexion_right_joint,RS04,11.920171,-7.500000,0.000000,0.0000,2.0000,11.920171,-7.033875,-0.466927,28.00
11.604058,friction-sweep,knee_flexion_right_joint,RS04,11.863797,-7.500000,0.000000,0.0000,2.0000,11.863797,-7.003663,-1.356834,28.00
11.612040,friction-sweep,knee_flexion_right_joint,RS04,11.807422,-7.500000,0.000000,0.0000,2.0000,11.807422,-7.027009,-1.067520,28.00
11.620041,friction-sweep,knee_flexion_right_joint,RS04,11.751431,-7.500000,0.000000,0.0000,2.0000,11.751431,-6.933166,-0.463264,28.00
11.628021,friction-sweep,knee_flexion_right_joint,RS04,11.695056,-7.500000,0.000000,0.0000,2.0000,11.695056,-7.010529,-1.206688,28.00
11.636018,friction-sweep,knee_flexion_right_joint,RS04,11.639066,-7.500000,0.000000,0.0000,2.0000,11.639066,-7.004578,-1.331200,28.00
11.644015,friction-sweep,knee_flexion_right_joint,RS04,11.582307,-7.500000,0.000000,0.0000,2.0000,11.582307,-7.049897,-0.357063,28.00
11.652015,friction-sweep,knee_flexion_right_joint,RS04,11.526315,-7.500000,0.000000,0.0000,2.0000,11.526315,-7.056305,-0.822159,28.00
11.660021,friction-sweep,knee_flexion_right_joint,RS04,11.470325,-7.500000,0.000000,0.0000,2.0000,11.470325,-6.989929,-1.547264,28.00
11.668024,friction-sweep,knee_flexion_right_joint,RS04,11.413949,-7.500000,0.000000,0.0000,2.0000,11.413949,-7.044861,-0.595100,28.00
11.676026,friction-sweep,knee_flexion_right_joint,RS04,11.357575,-7.500000,0.000000,0.0000,2.0000,11.357575,-7.057679,-0.778214,28.00
11.684017,friction-sweep,knee_flexion_right_joint,RS04,11.301969,-7.500000,0.000000,0.0000,2.0000,11.301969,-7.024720,-1.554588,28.00
11.692017,friction-sweep,knee_flexion_right_joint,RS04,11.245593,-7.500000,0.000000,0.0000,2.0000,11.245593,-7.074159,-0.822159,28.00
11.700015,friction-sweep,knee_flexion_right_joint,RS04,11.188836,-7.500000,0.000000,0.0000,2.0000,11.188836,-7.022889,-0.503548,28.00
11.708015,friction-sweep,knee_flexion_right_joint,RS04,11.132844,-7.500000,0.000000,0.0000,2.0000,11.132844,-6.983978,-1.331200,28.00
11.716015,friction-sweep,knee_flexion_right_joint,RS04,11.076470,-7.500000,0.000000,0.0000,2.0000,11.076470,-7.051270,-1.060196,28.00
11.724014,friction-sweep,knee_flexion_right_joint,RS04,11.020478,-7.500000,0.000000,0.0000,2.0000,11.020478,-6.984436,-0.401009,28.00
11.732024,friction-sweep,knee_flexion_right_joint,RS04,10.964105,-7.500000,0.000000,0.0000,2.0000,10.964105,-7.049439,-1.188377,28.00
11.740017,friction-sweep,knee_flexion_right_joint,RS04,10.907729,-7.500000,0.000000,0.0000,2.0000,10.907729,-7.033875,-1.265282,28.00
11.748014,friction-sweep,knee_flexion_right_joint,RS04,10.852122,-7.500000,0.000000,0.0000,2.0000,10.852122,-7.025635,-0.338753,28.00
11.756020,friction-sweep,knee_flexion_right_joint,RS04,10.795363,-7.500000,0.000000,0.0000,2.0000,10.795363,-6.987183,-0.932022,28.00
11.764021,friction-sweep,knee_flexion_right_joint,RS04,10.738988,-7.500000,0.000000,0.0000,2.0000,10.738988,-7.017395,-1.532616,28.00
11.772023,friction-sweep,knee_flexion_right_joint,RS04,10.682998,-7.500000,0.000000,0.0000,2.0000,10.682998,-7.063173,-0.620735,28.00
11.780016,friction-sweep,knee_flexion_right_joint,RS04,10.626622,-7.500000,0.000000,0.0000,2.0000,10.626622,-7.091096,-0.803848,28.00
11.788026,friction-sweep,knee_flexion_right_joint,RS04,10.570249,-7.500000,0.000000,0.0000,2.0000,10.570249,-7.104829,-1.576561,28.00
11.796116,friction-sweep,knee_flexion_right_joint,RS04,10.515023,-7.500000,0.000000,0.0000,2.0000,10.515023,-7.078279,-0.664680,28.00
11.804021,friction-sweep,knee_flexion_right_joint,RS04,10.458266,-7.500000,0.000000,0.0000,2.0000,10.458266,-7.033875,-0.529182,28.00
11.812017,friction-sweep,knee_flexion_right_joint,RS04,10.402658,-7.500000,0.000000,0.0000,2.0000,10.402658,-7.091554,-1.397118,28.00
11.820022,friction-sweep,knee_flexion_right_joint,RS04,10.346282,-7.500000,0.000000,0.0000,2.0000,10.346282,-7.084230,-0.917374,28.00
11.828020,friction-sweep,knee_flexion_right_joint,RS04,10.289908,-7.500000,0.000000,0.0000,2.0000,10.289908,-7.095674,-0.441292,28.00
11.836014,friction-sweep,knee_flexion_right_joint,RS04,10.233916,-7.500000,0.000000,0.0000,2.0000,10.233916,-7.000915,-1.243309,28.00
11.844026,friction-sweep,knee_flexion_right_joint,RS04,10.177543,-7.500000,0.000000,0.0000,2.0000,10.177543,-7.006409,-1.261620,28.00
11.852015,friction-sweep,knee_flexion_right_joint,RS04,10.121552,-7.500000,0.000000,0.0000,2.0000,10.121552,-7.048066,-0.382698,28.00
11.860015,friction-sweep,knee_flexion_right_joint,RS04,10.065177,-7.500000,0.000000,0.0000,2.0000,10.065177,-7.108491,-1.008926,28.00
11.868053,friction-sweep,knee_flexion_right_joint,RS04,10.009187,-7.500000,0.000000,0.0000,2.0000,10.009187,-6.993134,-1.386131,28.00
11.876046,friction-sweep,knee_flexion_right_joint,RS04,9.952044,-7.500000,0.000000,0.0000,2.0000,9.952044,-6.994049,-0.565804,28.00
11.884025,friction-sweep,knee_flexion_right_joint,RS04,9.896438,-7.500000,0.000000,0.0000,2.0000,9.896438,-7.010987,-0.763565,28.00
11.892019,friction-sweep,knee_flexion_right_joint,RS04,9.840446,-7.500000,0.000000,0.0000,2.0000,9.840446,-6.941863,-1.514305,28.00
11.900029,friction-sweep,knee_flexion_right_joint,RS04,9.784455,-7.500000,0.000000,0.0000,2.0000,9.784455,-6.982605,-0.635384,28.00
11.908017,friction-sweep,knee_flexion_right_joint,RS04,9.728463,-7.500000,0.000000,0.0000,2.0000,9.728463,-7.046692,-0.639046,28.00
11.916022,friction-sweep,knee_flexion_right_joint,RS04,9.672473,-7.500000,0.000000,0.0000,2.0000,9.672473,-7.032502,-1.525291,28.00
11.924022,friction-sweep,knee_flexion_right_joint,RS04,9.616097,-7.500000,0.000000,0.0000,2.0000,9.616097,-7.048523,-0.895401,28.00
11.932015,friction-sweep,knee_flexion_right_joint,RS04,9.560105,-7.500000,0.000000,0.0000,2.0000,9.560105,-7.010529,-0.525520,28.00
11.940015,friction-sweep,knee_flexion_right_joint,RS04,9.503348,-7.500000,0.000000,0.0000,2.0000,9.503348,-6.999542,-1.294579,28.00
11.948015,friction-sweep,knee_flexion_right_joint,RS04,9.447740,-7.500000,0.000000,0.0000,2.0000,9.447740,-7.032044,-1.140762,28.00
11.956027,friction-sweep,knee_flexion_right_joint,RS04,9.390983,-7.500000,0.000000,0.0000,2.0000,9.390983,-7.079652,-0.444954,28.00
11.964015,friction-sweep,knee_flexion_right_joint,RS04,9.335374,-7.500000,0.000000,0.0000,2.0000,9.335374,-7.030213,-1.126114,28.00
11.972036,friction-sweep,knee_flexion_right_joint,RS04,9.279000,-7.500000,0.000000,0.0000,2.0000,9.279000,-7.009614,-1.408104,28.00
11.980017,friction-sweep,knee_flexion_right_joint,RS04,9.222625,-7.500000,0.000000,0.0000,2.0000,9.222625,-7.034791,-0.477913,28.00
11.988015,friction-sweep,knee_flexion_right_joint,RS04,9.166633,-7.500000,0.000000,0.0000,2.0000,9.166633,-7.018311,-0.862442,28.00
11.996081,friction-sweep,knee_flexion_right_joint,RS04,9.110259,-7.500000,0.000000,0.0000,2.0000,9.110259,-7.023346,-1.521629,28.00
12.004118,friction-sweep,knee_flexion_right_joint,RS04,9.053500,-7.500000,0.000000,0.0000,2.0000,9.053500,-7.030213,-0.672005,28.00
12.012082,friction-sweep,knee_flexion_right_joint,RS04,8.998277,-7.500000,0.000000,0.0000,2.0000,8.998277,-6.972076,-0.701302,28.00
12.020044,friction-sweep,knee_flexion_right_joint,RS04,8.942286,-7.500000,0.000000,0.0000,2.0000,8.942286,-7.033875,-1.569237,28.00
12.028039,friction-sweep,knee_flexion_right_joint,RS04,8.885913,-7.500000,0.000000,0.0000,2.0000,8.885913,-7.069582,-0.756241,28.00
12.036035,friction-sweep,knee_flexion_right_joint,RS04,8.829921,-7.500000,0.000000,0.0000,2.0000,8.829921,-7.049439,-0.529182,28.00
12.044033,friction-sweep,knee_flexion_right_joint,RS04,8.773545,-7.500000,0.000000,0.0000,2.0000,8.773545,-7.011445,-1.437401,28.00
12.052061,friction-sweep,knee_flexion_right_joint,RS04,8.717172,-7.500000,0.000000,0.0000,2.0000,8.717172,-7.044404,-1.052872,28.00
12.060021,friction-sweep,knee_flexion_right_joint,RS04,8.661563,-7.500000,0.000000,0.0000,2.0000,8.661563,-7.026093,-0.514534,28.00
12.068022,friction-sweep,knee_flexion_right_joint,RS04,8.605189,-7.500000,0.000000,0.0000,2.0000,8.605189,-7.030671,-1.265282,28.00
12.076018,friction-sweep,knee_flexion_right_joint,RS04,8.548814,-7.500000,0.000000,0.0000,2.0000,8.548814,-7.046235,-1.276268,28.00
12.084020,friction-sweep,knee_flexion_right_joint,RS04,8.493207,-7.500000,0.000000,0.0000,2.0000,8.493207,-7.021058,-0.551155,28.00
12.096015,friction-sweep,knee_flexion_right_joint,RS04,8.408837,-7.500000,0.000000,0.0000,2.0000,8.408837,-7.065462,-1.459373,28.00
12.104011,friction-sweep,knee_flexion_right_joint,RS04,8.352845,-7.500000,0.000000,0.0000,2.0000,8.352845,-7.021515,-0.858780,28.00
12.112019,friction-sweep,knee_flexion_right_joint,RS04,8.296472,-7.500000,0.000000,0.0000,2.0000,8.296472,-6.907531,-0.510872,28.00
12.120017,friction-sweep,knee_flexion_right_joint,RS04,8.240479,-7.500000,0.000000,0.0000,2.0000,8.240479,-7.023804,-1.254295,28.00
12.128014,friction-sweep,knee_flexion_right_joint,RS04,8.184104,-7.500000,0.000000,0.0000,2.0000,8.184104,-7.086519,-1.192039,28.00
12.136019,friction-sweep,knee_flexion_right_joint,RS04,8.127730,-7.500000,0.000000,0.0000,2.0000,8.127730,-6.970703,-0.415657,28.00
12.144017,friction-sweep,knee_flexion_right_joint,RS04,8.071738,-7.500000,0.000000,0.0000,2.0000,8.071738,-7.026551,-1.027237,28.00
12.156012,friction-sweep,knee_flexion_right_joint,RS04,7.987369,-7.500000,0.000000,0.0000,2.0000,7.987369,-7.043946,-0.939346,28.00
12.164012,friction-sweep,knee_flexion_right_joint,RS04,7.931378,-7.500000,0.000000,0.0000,2.0000,7.931378,-6.983063,-0.485237,28.00
12.172018,friction-sweep,knee_flexion_right_joint,RS04,7.875003,-7.500000,0.000000,0.0000,2.0000,7.875003,-7.053559,-1.349510,28.00
12.180018,friction-sweep,knee_flexion_right_joint,RS04,7.818629,-7.500000,0.000000,0.0000,2.0000,7.818629,-7.056305,-1.192039,28.00
12.188016,friction-sweep,knee_flexion_right_joint,RS04,7.762637,-7.500000,0.000000,0.0000,2.0000,7.762637,-7.022431,-0.419319,28.00
12.196019,friction-sweep,knee_flexion_right_joint,RS04,7.706262,-7.500000,0.000000,0.0000,2.0000,7.706262,-6.999542,-1.016251,28.00
12.204013,friction-sweep,knee_flexion_right_joint,RS04,7.650271,-7.500000,0.000000,0.0000,2.0000,7.650271,-7.021515,-1.389793,28.00
12.212018,friction-sweep,knee_flexion_right_joint,RS04,7.593896,-7.500000,0.000000,0.0000,2.0000,7.593896,-7.044404,-0.437630,28.00
12.220011,friction-sweep,knee_flexion_right_joint,RS04,7.537906,-7.500000,0.000000,0.0000,2.0000,7.537906,-6.991760,-0.800186,28.00
12.228017,friction-sweep,knee_flexion_right_joint,RS04,7.481530,-7.500000,0.000000,0.0000,2.0000,7.481530,-7.131838,-1.569237,28.00
12.236014,friction-sweep,knee_flexion_right_joint,RS04,7.425540,-7.500000,0.000000,0.0000,2.0000,7.425540,-7.091554,-0.591438,28.00
12.244018,friction-sweep,knee_flexion_right_joint,RS04,7.369164,-7.500000,0.000000,0.0000,2.0000,7.369164,-6.985352,-0.613411,28.00
12.252013,friction-sweep,knee_flexion_right_joint,RS04,7.313172,-7.500000,0.000000,0.0000,2.0000,7.313172,-7.056305,-1.547264,28.00
12.260277,friction-sweep,knee_flexion_right_joint,RS04,7.255265,-7.500000,0.000000,0.0000,2.0000,7.255265,-7.003663,-1.019913,28.00
12.268046,friction-sweep,knee_flexion_right_joint,RS04,7.200423,-7.500000,0.000000,0.0000,2.0000,7.200423,-7.002289,-0.529182,28.00
12.276028,friction-sweep,knee_flexion_right_joint,RS04,7.144433,-7.500000,0.000000,0.0000,2.0000,7.144433,-6.981689,-1.356834,28.00
12.284019,friction-sweep,knee_flexion_right_joint,RS04,7.088058,-7.500000,0.000000,0.0000,2.0000,7.088058,-7.013276,-1.060196,28.00
12.292020,friction-sweep,knee_flexion_right_joint,RS04,7.032067,-7.500000,0.000000,0.0000,2.0000,7.032067,-6.985809,-0.419319,28.00
12.300128,friction-sweep,knee_flexion_right_joint,RS04,6.975692,-7.500000,0.000000,0.0000,2.0000,6.975692,-6.966125,-1.122452,28.00
12.308025,friction-sweep,knee_flexion_right_joint,RS04,6.919316,-7.500000,0.000000,0.0000,2.0000,6.919316,-7.072786,-1.342186,28.00
12.316021,friction-sweep,knee_flexion_right_joint,RS04,6.863326,-7.500000,0.000000,0.0000,2.0000,6.863326,-7.055390,-0.426643,28.00
12.324020,friction-sweep,knee_flexion_right_joint,RS04,6.806952,-7.500000,0.000000,0.0000,2.0000,6.806952,-7.033417,-0.833145,28.00
12.332017,friction-sweep,knee_flexion_right_joint,RS04,6.750577,-7.500000,0.000000,0.0000,2.0000,6.750577,-7.086519,-1.532616,28.00
12.340017,friction-sweep,knee_flexion_right_joint,RS04,6.694203,-7.500000,0.000000,0.0000,2.0000,6.694203,-6.943236,-0.551155,28.00
12.348019,friction-sweep,knee_flexion_right_joint,RS04,6.638597,-7.500000,0.000000,0.0000,2.0000,6.638597,-7.031128,-0.672005,28.00
12.356019,friction-sweep,knee_flexion_right_joint,RS04,6.581838,-7.500000,0.000000,0.0000,2.0000,6.581838,-7.049897,-1.594872,28.00
12.364017,friction-sweep,knee_flexion_right_joint,RS04,6.525846,-7.500000,0.000000,0.0000,2.0000,6.525846,-6.966583,-0.759903,28.00
12.372018,friction-sweep,knee_flexion_right_joint,RS04,6.469855,-7.500000,0.000000,0.0000,2.0000,6.469855,-7.012818,-0.547493,28.00
12.380016,friction-sweep,knee_flexion_right_joint,RS04,6.413480,-7.500000,0.000000,0.0000,2.0000,6.413480,-7.056763,-1.415428,28.00
12.388018,friction-sweep,knee_flexion_right_joint,RS04,6.357490,-7.500000,0.000000,0.0000,2.0000,6.357490,-7.000000,-1.085831,28.00
12.396019,friction-sweep,knee_flexion_right_joint,RS04,6.301114,-7.500000,0.000000,0.0000,2.0000,6.301114,-7.030671,-0.408333,28.00
12.404017,friction-sweep,knee_flexion_right_joint,RS04,6.245124,9.000000,0.000000,0.0000,2.0000,6.245124,-7.010071,-1.151749,28.00
12.412017,friction-sweep,knee_flexion_right_joint,RS04,6.188748,9.000000,0.000000,0.0000,2.0000,6.188748,-7.017853,-1.331200,28.00
12.420019,friction-sweep,knee_flexion_right_joint,RS04,6.142344,9.000000,0.000000,0.0000,2.0000,6.142344,-4.818265,12.112610,28.00
12.428020,friction-sweep,knee_flexion_right_joint,RS04,6.118567,9.000000,0.000000,0.0000,2.0000,6.118567,-1.979172,8.944839,28.00
12.436018,friction-sweep,knee_flexion_right_joint,RS04,6.114348,9.000000,0.000000,0.0000,2.0000,6.114348,0.111010,7.351799,28.00
12.444018,friction-sweep,knee_flexion_right_joint,RS04,6.124703,9.000000,0.000000,0.0000,2.0000,6.124703,1.906843,6.524147,28.00
12.452056,friction-sweep,knee_flexion_right_joint,RS04,6.146564,9.000000,0.000000,0.0000,2.0000,6.146564,3.083313,5.780724,28.00
12.464064,friction-sweep,knee_flexion_right_joint,RS04,6.195268,9.000000,0.000000,0.0000,2.0000,6.195268,4.648434,4.356148,28.00
12.472033,friction-sweep,knee_flexion_right_joint,RS04,6.236302,9.000000,0.000000,0.0000,2.0000,6.236302,5.454567,3.865417,28.00
12.480025,friction-sweep,knee_flexion_right_joint,RS04,6.282323,9.000000,0.000000,0.0000,2.0000,6.282323,6.011673,2.942551,28.00
12.488027,friction-sweep,knee_flexion_right_joint,RS04,6.332946,9.000000,0.000000,0.0000,2.0000,6.332946,6.535362,2.865646,28.00
12.496023,friction-sweep,knee_flexion_right_joint,RS04,6.387019,9.000000,0.000000,0.0000,2.0000,6.387019,6.866331,2.235748,28.00
12.504024,friction-sweep,knee_flexion_right_joint,RS04,6.443778,9.000000,0.000000,0.0000,2.0000,6.443778,7.238041,2.195465,28.00
12.512020,friction-sweep,knee_flexion_right_joint,RS04,6.503219,9.000000,0.000000,0.0000,2.0000,6.503219,7.523689,2.217438,28.00
12.520030,friction-sweep,knee_flexion_right_joint,RS04,6.564197,9.000000,0.000000,0.0000,2.0000,6.564197,7.707714,1.891510,28.00
12.528022,friction-sweep,knee_flexion_right_joint,RS04,6.626323,9.000000,0.000000,0.0000,2.0000,6.626323,7.829481,1.496002,28.00
12.540012,friction-sweep,knee_flexion_right_joint,RS04,6.721814,9.000000,0.000000,0.0000,2.0000,6.721814,8.022202,0.953995,28.00
12.548024,friction-sweep,knee_flexion_right_joint,RS04,6.786626,9.000000,0.000000,0.0000,2.0000,6.786626,8.124743,0.891739,28.00
12.556025,friction-sweep,knee_flexion_right_joint,RS04,6.852206,9.000000,0.000000,0.0000,2.0000,6.852206,8.233692,0.946671,28.00
12.564029,friction-sweep,knee_flexion_right_joint,RS04,6.918166,9.000000,0.000000,0.0000,2.0000,6.918166,8.224079,0.741592,28.00
12.572023,friction-sweep,knee_flexion_right_joint,RS04,6.984897,9.000000,0.000000,0.0000,2.0000,6.984897,8.344015,0.745255,28.00
12.580050,friction-sweep,knee_flexion_right_joint,RS04,7.052394,9.000000,0.000000,0.0000,2.0000,7.052394,8.389336,0.584122,28.00
12.588050,friction-sweep,knee_flexion_right_joint,RS04,7.119506,9.000000,0.000000,0.0000,2.0000,7.119506,8.418633,0.624405,28.00
12.596028,friction-sweep,knee_flexion_right_joint,RS04,7.186618,9.000000,0.000000,0.0000,2.0000,7.186618,8.489128,0.587784,28.00
12.604021,friction-sweep,knee_flexion_right_joint,RS04,7.254115,9.000000,0.000000,0.0000,2.0000,7.254115,8.464867,0.657364,28.00
12.612018,friction-sweep,knee_flexion_right_joint,RS04,7.321994,9.000000,0.000000,0.0000,2.0000,7.321994,8.450218,0.598770,28.00
12.620017,friction-sweep,knee_flexion_right_joint,RS04,7.389489,9.000000,0.000000,0.0000,2.0000,7.389489,8.450676,0.653702,28.00
12.628017,friction-sweep,knee_flexion_right_joint,RS04,7.457370,9.000000,0.000000,0.0000,2.0000,7.457370,8.480888,0.682999,28.00
12.636013,friction-sweep,knee_flexion_right_joint,RS04,7.525250,9.000000,0.000000,0.0000,2.0000,7.525250,8.498283,0.869766,28.00
12.644022,friction-sweep,knee_flexion_right_joint,RS04,7.593513,9.000000,0.000000,0.0000,2.0000,7.593513,8.516594,0.891739,28.00
12.652022,friction-sweep,knee_flexion_right_joint,RS04,7.661393,9.000000,0.000000,0.0000,2.0000,7.661393,8.545891,1.126114,28.00
12.660017,friction-sweep,knee_flexion_right_joint,RS04,7.728889,9.000000,0.000000,0.0000,2.0000,7.728889,8.537193,1.115128,28.00
12.668017,friction-sweep,knee_flexion_right_joint,RS04,7.796767,9.000000,0.000000,0.0000,2.0000,7.796767,8.477226,1.239639,28.00
12.676015,friction-sweep,knee_flexion_right_joint,RS04,7.865031,9.000000,0.000000,0.0000,2.0000,7.865031,8.545891,1.408112,28.00
12.684015,friction-sweep,knee_flexion_right_joint,RS04,7.933295,9.000000,0.000000,0.0000,2.0000,7.933295,8.597618,1.598541,28.00
12.692017,friction-sweep,knee_flexion_right_joint,RS04,8.001559,9.000000,0.000000,0.0000,2.0000,8.001559,8.591209,1.572906,28.00
12.700018,friction-sweep,knee_flexion_right_joint,RS04,8.069438,9.000000,0.000000,0.0000,2.0000,8.069438,8.541771,1.444733,28.00
12.708015,friction-sweep,knee_flexion_right_joint,RS04,8.137317,9.000000,0.000000,0.0000,2.0000,8.137317,8.557793,1.323868,28.00
12.716022,friction-sweep,knee_flexion_right_joint,RS04,8.205581,9.000000,0.000000,0.0000,2.0000,8.205581,8.511559,1.217667,28.00
12.724016,friction-sweep,knee_flexion_right_joint,RS04,8.273459,9.000000,0.000000,0.0000,2.0000,8.273459,8.473564,1.019913,28.00
12.732018,friction-sweep,knee_flexion_right_joint,RS04,8.341340,9.000000,0.000000,0.0000,2.0000,8.341340,8.535820,0.961319,28.00
12.740020,friction-sweep,knee_flexion_right_joint,RS04,8.409221,9.000000,0.000000,0.0000,2.0000,8.409221,8.475853,0.752579,28.00
12.748015,friction-sweep,knee_flexion_right_joint,RS04,8.477483,9.000000,0.000000,0.0000,2.0000,8.477483,8.485466,0.668350,28.00
12.756018,friction-sweep,knee_flexion_right_joint,RS04,8.545745,9.000000,0.000000,0.0000,2.0000,8.545745,8.537193,0.576797,28.00
12.764018,friction-sweep,knee_flexion_right_joint,RS04,8.613626,9.000000,0.000000,0.0000,2.0000,8.613626,8.516594,0.598770,28.00
12.772014,friction-sweep,knee_flexion_right_joint,RS04,8.681504,9.000000,0.000000,0.0000,2.0000,8.681504,8.430534,0.481583,28.00
12.780016,friction-sweep,knee_flexion_right_joint,RS04,8.749768,9.000000,0.000000,0.0000,2.0000,8.749768,8.516594,0.584122,28.00
12.788016,friction-sweep,knee_flexion_right_joint,RS04,8.817649,9.000000,0.000000,0.0000,2.0000,8.817649,8.509270,0.525528,28.00
12.796024,friction-sweep,knee_flexion_right_joint,RS04,8.885528,9.000000,0.000000,0.0000,2.0000,8.885528,8.538109,0.690323,28.00
12.804012,friction-sweep,knee_flexion_right_joint,RS04,8.953792,9.000000,0.000000,0.0000,2.0000,8.953792,8.518883,0.778214,28.00
12.812168,friction-sweep,knee_flexion_right_joint,RS04,9.021670,9.000000,0.000000,0.0000,2.0000,9.021670,8.534904,0.891739,28.00
12.820021,friction-sweep,knee_flexion_right_joint,RS04,9.089551,9.000000,0.000000,0.0000,2.0000,9.089551,8.486839,0.997940,28.00
12.828018,friction-sweep,knee_flexion_right_joint,RS04,9.157046,9.000000,0.000000,0.0000,2.0000,9.157046,8.468987,1.100479,28.00
12.836022,friction-sweep,knee_flexion_right_joint,RS04,9.225310,9.000000,0.000000,0.0000,2.0000,9.225310,8.508812,1.239639,28.00
12.844017,friction-sweep,knee_flexion_right_joint,RS04,9.292806,9.000000,0.000000,0.0000,2.0000,9.292806,8.515221,1.353165,28.00
12.852018,friction-sweep,knee_flexion_right_joint,RS04,9.361068,9.000000,0.000000,0.0000,2.0000,9.361068,8.542229,1.481354,28.00
12.860011,friction-sweep,knee_flexion_right_joint,RS04,9.428948,9.000000,0.000000,0.0000,2.0000,9.428948,8.486382,1.503326,28.00
12.868061,friction-sweep,knee_flexion_right_joint,RS04,9.497596,9.000000,0.000000,0.0000,2.0000,9.497596,8.559624,1.393448,28.00
12.876028,friction-sweep,knee_flexion_right_joint,RS04,9.565091,9.000000,0.000000,0.0000,2.0000,9.565091,8.498741,1.441071,28.00
12.884032,friction-sweep,knee_flexion_right_joint,RS04,9.632972,9.000000,0.000000,0.0000,2.0000,9.632972,8.429161,1.378799,28.00
12.892034,friction-sweep,knee_flexion_right_joint,RS04,9.700850,9.000000,0.000000,0.0000,2.0000,9.700850,8.462578,1.261612,28.00
12.900028,friction-sweep,knee_flexion_right_joint,RS04,9.769114,9.000000,0.000000,0.0000,2.0000,9.769114,8.466698,1.008926,28.00
12.908017,friction-sweep,knee_flexion_right_joint,RS04,9.836993,9.000000,0.000000,0.0000,2.0000,9.836993,8.415428,0.910049,28.00
12.916015,friction-sweep,knee_flexion_right_joint,RS04,9.904874,9.000000,0.000000,0.0000,2.0000,9.904874,8.544518,0.803848,28.00
12.924020,friction-sweep,knee_flexion_right_joint,RS04,9.972754,9.000000,0.000000,0.0000,2.0000,9.972754,8.432365,0.690323,28.00
12.932019,friction-sweep,knee_flexion_right_joint,RS04,10.041017,9.000000,0.000000,0.0000,2.0000,10.041017,8.501030,0.576797,28.00
12.940024,friction-sweep,knee_flexion_right_joint,RS04,10.108895,9.000000,0.000000,0.0000,2.0000,10.108895,8.528954,0.584122,28.00
12.948017,friction-sweep,knee_flexion_right_joint,RS04,10.177159,9.000000,0.000000,0.0000,2.0000,10.177159,8.458916,0.496231,28.00
12.956014,friction-sweep,knee_flexion_right_joint,RS04,10.245038,9.000000,0.000000,0.0000,2.0000,10.245038,8.444725,0.455933,28.00
12.964015,friction-sweep,knee_flexion_right_joint,RS04,10.312535,9.000000,0.000000,0.0000,2.0000,10.312535,8.477226,0.488907,28.00
12.972012,friction-sweep,knee_flexion_right_joint,RS04,10.380416,9.000000,0.000000,0.0000,2.0000,10.380416,8.531242,0.653702,28.00
12.980019,friction-sweep,knee_flexion_right_joint,RS04,10.448678,9.000000,0.000000,0.0000,2.0000,10.448678,8.548180,0.741592,28.00
12.988014,friction-sweep,knee_flexion_right_joint,RS04,10.516557,9.000000,0.000000,0.0000,2.0000,10.516557,8.513847,0.818497,28.00
12.996020,friction-sweep,knee_flexion_right_joint,RS04,10.584437,9.000000,0.000000,0.0000,2.0000,10.584437,8.535820,0.928360,28.00
13.004018,friction-sweep,knee_flexion_right_joint,RS04,10.652701,9.000000,0.000000,0.0000,2.0000,10.652701,8.553673,1.133438,28.00
13.012019,friction-sweep,knee_flexion_right_joint,RS04,10.720963,9.000000,0.000000,0.0000,2.0000,10.720963,8.612267,1.210342,28.00
13.020079,friction-sweep,knee_flexion_right_joint,RS04,10.789227,9.000000,0.000000,0.0000,2.0000,10.789227,8.531242,1.488678,28.00
13.028052,friction-sweep,knee_flexion_right_joint,RS04,10.857491,9.000000,0.000000,0.0000,2.0000,10.857491,8.496910,1.470367,28.00
13.036042,friction-sweep,knee_flexion_right_joint,RS04,10.924987,9.000000,0.000000,0.0000,2.0000,10.924987,8.528496,1.463043,28.00
13.044031,friction-sweep,knee_flexion_right_joint,RS04,10.992866,9.000000,0.000000,0.0000,2.0000,10.992866,8.504234,1.532623,28.00
13.052020,friction-sweep,knee_flexion_right_joint,RS04,11.061130,9.000000,0.000000,0.0000,2.0000,11.061130,8.540855,1.477692,28.00
13.060017,friction-sweep,knee_flexion_right_joint,RS04,11.129008,9.000000,0.000000,0.0000,2.0000,11.129008,8.566948,1.342178,28.00
13.068016,friction-sweep,knee_flexion_right_joint,RS04,11.197272,9.000000,0.000000,0.0000,2.0000,11.197272,8.509270,1.122452,28.00
13.076047,friction-sweep,knee_flexion_right_joint,RS04,11.265153,9.000000,0.000000,0.0000,2.0000,11.265153,8.456627,1.038223,28.00
13.084017,friction-sweep,knee_flexion_right_joint,RS04,11.333032,9.000000,0.000000,0.0000,2.0000,11.333032,8.560997,0.895401,28.00
13.092015,friction-sweep,knee_flexion_right_joint,RS04,11.401294,9.000000,0.000000,0.0000,2.0000,11.401294,8.521172,0.814835,28.00
13.100019,friction-sweep,knee_flexion_right_joint,RS04,11.469174,9.000000,0.000000,0.0000,2.0000,11.469174,8.532158,0.653702,28.00
13.108017,friction-sweep,knee_flexion_right_joint,RS04,11.537055,9.000000,0.000000,0.0000,2.0000,11.537055,8.445641,0.624405,28.00
13.116017,friction-sweep,knee_flexion_right_joint,RS04,11.604934,9.000000,0.000000,0.0000,2.0000,11.604934,8.492332,0.470596,28.00
13.124015,friction-sweep,knee_flexion_right_joint,RS04,11.673198,9.000000,0.000000,0.0000,2.0000,11.673198,8.490959,0.404663,28.00
13.132012,friction-sweep,knee_flexion_right_joint,RS04,11.741076,9.000000,0.000000,0.0000,2.0000,11.741076,8.484093,0.514542,28.00
13.140012,friction-sweep,knee_flexion_right_joint,RS04,11.809339,9.000000,0.000000,0.0000,2.0000,11.809339,8.514305,0.573135,28.00
13.148017,friction-sweep,knee_flexion_right_joint,RS04,11.877219,9.000000,0.000000,0.0000,2.0000,11.877219,8.488670,0.628067,28.00
13.156013,friction-sweep,knee_flexion_right_joint,RS04,11.945100,9.000000,0.000000,0.0000,2.0000,11.945100,8.506523,0.756241,28.00
13.164015,friction-sweep,knee_flexion_right_joint,RS04,12.013362,9.000000,0.000000,0.0000,2.0000,12.013362,8.582970,0.910049,28.00
13.172015,friction-sweep,knee_flexion_right_joint,RS04,12.081626,9.000000,0.000000,0.0000,2.0000,12.081626,8.474022,1.148087,28.00
13.180020,friction-sweep,knee_flexion_right_joint,RS04,12.149507,9.000000,0.000000,0.0000,2.0000,12.149507,8.511101,1.155411,28.00
13.188017,friction-sweep,knee_flexion_right_joint,RS04,12.217769,9.000000,0.000000,0.0000,2.0000,12.217769,8.533989,1.309219,28.00
13.196012,friction-sweep,knee_flexion_right_joint,RS04,12.285647,9.000000,0.000000,0.0000,2.0000,12.285647,8.535820,1.463043,28.00
13.204021,friction-sweep,knee_flexion_right_joint,RS04,12.353911,9.000000,0.000000,0.0000,2.0000,12.353911,8.464867,1.536285,28.00
13.212018,friction-sweep,knee_flexion_right_joint,RS04,12.421792,9.000000,0.000000,0.0000,2.0000,12.421792,8.464867,1.503326,28.00
13.220017,friction-sweep,knee_flexion_right_joint,RS04,12.490054,9.000000,0.000000,0.0000,2.0000,12.490054,8.506523,1.481354,28.00
13.228013,friction-sweep,knee_flexion_right_joint,RS04,12.558318,9.000000,0.000000,0.0000,2.0000,12.558318,8.496452,1.283585,28.00
13.236014,friction-sweep,knee_flexion_right_joint,RS04,-12.499258,9.000000,0.000000,0.0000,2.0000,-12.499258,8.485466,1.173721,28.00
13.244022,friction-sweep,knee_flexion_right_joint,RS04,-12.431378,9.000000,0.000000,0.0000,2.0000,-12.431378,8.454796,0.946671,28.00
13.252014,friction-sweep,knee_flexion_right_joint,RS04,-12.363115,9.000000,0.000000,0.0000,2.0000,-12.363115,8.520714,0.862442,28.00
13.260015,friction-sweep,knee_flexion_right_joint,RS04,-12.294852,9.000000,0.000000,0.0000,2.0000,-12.294852,8.492332,0.748917,28.00
13.268014,friction-sweep,knee_flexion_right_joint,RS04,-12.226973,9.000000,0.000000,0.0000,2.0000,-12.226973,8.538567,0.639053,28.00
13.276020,friction-sweep,knee_flexion_right_joint,RS04,-12.158710,9.000000,0.000000,0.0000,2.0000,-12.158710,8.478142,0.466919,28.00
13.284016,friction-sweep,knee_flexion_right_joint,RS04,-12.091597,9.000000,0.000000,0.0000,2.0000,-12.091597,8.456169,0.514542,28.00
13.292016,friction-sweep,knee_flexion_right_joint,RS04,-12.023334,9.000000,0.000000,0.0000,2.0000,-12.023334,8.483635,0.415649,28.00
13.300014,friction-sweep,knee_flexion_right_joint,RS04,-11.955070,9.000000,0.000000,0.0000,2.0000,-11.955070,8.458000,0.598770,28.00
13.308158,friction-sweep,knee_flexion_right_joint,RS04,-11.887191,9.000000,0.000000,0.0000,2.0000,-11.887191,8.458000,0.562149,28.00
13.316022,friction-sweep,knee_flexion_right_joint,RS04,-11.818928,9.000000,0.000000,0.0000,2.0000,-11.818928,8.517509,0.679337,28.00
13.324016,friction-sweep,knee_flexion_right_joint,RS04,-11.751048,9.000000,0.000000,0.0000,2.0000,-11.751048,8.514763,0.712296,28.00
13.332029,friction-sweep,knee_flexion_right_joint,RS04,-11.682401,9.000000,0.000000,0.0000,2.0000,-11.682401,8.513847,1.034561,28.00
13.340016,friction-sweep,knee_flexion_right_joint,RS04,-11.614904,9.000000,0.000000,0.0000,2.0000,-11.614904,8.592125,1.159073,28.00
13.348015,friction-sweep,knee_flexion_right_joint,RS04,-11.546641,9.000000,0.000000,0.0000,2.0000,-11.546641,8.526207,1.243301,28.00
13.356017,friction-sweep,knee_flexion_right_joint,RS04,-11.478762,9.000000,0.000000,0.0000,2.0000,-11.478762,8.528496,1.320206,28.00
13.364017,friction-sweep,knee_flexion_right_joint,RS04,-11.410882,9.000000,0.000000,0.0000,2.0000,-11.410882,8.482262,1.477692,28.00
13.372017,friction-sweep,knee_flexion_right_joint,RS04,-11.342619,9.000000,0.000000,0.0000,2.0000,-11.342619,8.541771,1.580231,28.00
13.380015,friction-sweep,knee_flexion_right_joint,RS04,-11.274739,9.000000,0.000000,0.0000,2.0000,-11.274739,8.465782,1.565582,28.00
13.392013,friction-sweep,knee_flexion_right_joint,RS04,-11.172729,9.000000,0.000000,0.0000,2.0000,-11.172729,8.481804,1.452057,28.00
13.400014,friction-sweep,knee_flexion_right_joint,RS04,-11.104465,9.000000,0.000000,0.0000,2.0000,-11.104465,8.501945,1.320206,28.00
13.408050,friction-sweep,knee_flexion_right_joint,RS04,-11.036585,9.000000,0.000000,0.0000,2.0000,-11.036585,8.478600,1.118790,28.00
13.416037,friction-sweep,knee_flexion_right_joint,RS04,-10.968705,9.000000,0.000000,0.0000,2.0000,-10.968705,8.519798,0.986954,28.00
13.424029,friction-sweep,knee_flexion_right_joint,RS04,-10.900442,9.000000,0.000000,0.0000,2.0000,-10.900442,8.585716,0.840469,28.00
13.432022,friction-sweep,knee_flexion_right_joint,RS04,-10.832179,9.000000,0.000000,0.0000,2.0000,-10.832179,8.505150,0.686661,28.00
13.440020,friction-sweep,knee_flexion_right_joint,RS04,-10.764683,9.000000,0.000000,0.0000,2.0000,-10.764683,8.456627,0.554825,28.00
13.448019,friction-sweep,knee_flexion_right_joint,RS04,-10.696803,9.000000,0.000000,0.0000,2.0000,-10.696803,8.454338,0.485245,28.00
13.456018,friction-sweep,knee_flexion_right_joint,RS04,-10.628540,9.000000,0.000000,0.0000,2.0000,-10.628540,8.514305,0.459595,28.00
13.464025,friction-sweep,knee_flexion_right_joint,RS04,-10.560660,9.000000,0.000000,0.0000,2.0000,-10.560660,8.500572,0.492569,28.00
13.472031,friction-sweep,knee_flexion_right_joint,RS04,-10.492014,9.000000,0.000000,0.0000,2.0000,-10.492014,8.466698,0.540176,28.00
13.480020,friction-sweep,knee_flexion_right_joint,RS04,-10.424518,9.000000,0.000000,0.0000,2.0000,-10.424518,8.428703,0.606094,28.00
13.488017,friction-sweep,knee_flexion_right_joint,RS04,-10.356638,9.000000,0.000000,0.0000,2.0000,-10.356638,8.503319,0.675674,28.00
13.496015,friction-sweep,knee_flexion_right_joint,RS04,-10.288758,9.000000,0.000000,0.0000,2.0000,-10.288758,8.501030,0.858780,28.00
13.504018,friction-sweep,knee_flexion_right_joint,RS04,-10.220495,9.000000,0.000000,0.0000,2.0000,-10.220495,8.557793,0.961319,28.00
13.512024,friction-sweep,knee_flexion_right_joint,RS04,-10.152231,9.000000,0.000000,0.0000,2.0000,-10.152231,8.521629,1.126114,28.00
13.520019,friction-sweep,knee_flexion_right_joint,RS04,-10.083969,9.000000,0.000000,0.0000,2.0000,-10.083969,8.550926,1.243301,28.00
13.528028,friction-sweep,knee_flexion_right_joint,RS04,-10.016472,9.000000,0.000000,0.0000,2.0000,-10.016472,8.504234,1.294571,28.00
13.536018,friction-sweep,knee_flexion_right_joint,RS04,-9.948593,9.000000,0.000000,0.0000,2.0000,-9.948593,8.437401,1.503326,28.00
13.544019,friction-sweep,knee_flexion_right_joint,RS04,-9.880329,9.000000,0.000000,0.0000,2.0000,-9.880329,8.552757,1.668121,28.00
13.552024,friction-sweep,knee_flexion_right_joint,RS04,-9.812450,9.000000,0.000000,0.0000,2.0000,-9.812450,8.480431,1.510651,28.00
13.560291,friction-sweep,knee_flexion_right_joint,RS04,-9.742270,9.000000,0.000000,0.0000,2.0000,-9.742270,8.468529,1.342178,28.00
13.568041,friction-sweep,knee_flexion_right_joint,RS04,-9.676307,9.000000,0.000000,0.0000,2.0000,-9.676307,8.496910,1.364151,28.00
13.576030,friction-sweep,knee_flexion_right_joint,RS04,-9.608427,9.000000,0.000000,0.0000,2.0000,-9.608427,8.507439,1.268936,28.00
13.588034,friction-sweep,knee_flexion_right_joint,RS04,-9.506033,9.000000,0.000000,0.0000,2.0000,-9.506033,8.547722,0.979630,28.00
13.596029,friction-sweep,knee_flexion_right_joint,RS04,-9.438152,9.000000,0.000000,0.0000,2.0000,-9.438152,8.502403,0.862442,28.00
13.604025,friction-sweep,knee_flexion_right_joint,RS04,-9.370657,-9.000000,0.000000,0.0000,2.0000,-9.370657,8.492790,0.693985,28.00
13.612019,friction-sweep,knee_flexion_right_joint,RS04,-9.302777,-9.000000,0.000000,0.0000,2.0000,-9.302777,8.428246,0.613419,28.00
13.620062,friction-sweep,knee_flexion_right_joint,RS04,-9.245252,-9.000000,0.000000,0.0000,2.0000,-9.245252,6.016251,-13.559166,28.00
13.628027,friction-sweep,knee_flexion_right_joint,RS04,-9.213037,-9.000000,0.000000,0.0000,2.0000,-9.213037,2.901121,-10.871140,28.00
13.636021,friction-sweep,knee_flexion_right_joint,RS04,-9.202299,-9.000000,0.000000,0.0000,2.0000,-9.202299,0.597161,-7.868164,28.00
13.644012,friction-sweep,knee_flexion_right_joint,RS04,-9.206902,-9.000000,0.000000,0.0000,2.0000,-9.206902,-1.148776,-7.176010,28.00
13.652027,friction-sweep,knee_flexion_right_joint,RS04,-9.223776,-9.000000,0.000000,0.0000,2.0000,-9.223776,-2.602197,-5.890594,28.00
13.660020,friction-sweep,knee_flexion_right_joint,RS04,-9.250621,-9.000000,0.000000,0.0000,2.0000,-9.250621,-3.753033,-4.839546,28.00
13.668017,friction-sweep,knee_flexion_right_joint,RS04,-9.285520,-9.000000,0.000000,0.0000,2.0000,-9.285520,-4.607233,-4.077820,28.00
13.676014,friction-sweep,knee_flexion_right_joint,RS04,-9.326938,-9.000000,0.000000,0.0000,2.0000,-9.326938,-5.455482,-3.609070,28.00
13.684015,friction-sweep,knee_flexion_right_joint,RS04,-9.373341,-9.000000,0.000000,0.0000,2.0000,-9.373341,-6.002518,-3.374687,28.00
13.692019,friction-sweep,knee_flexion_right_joint,RS04,-9.424347,-9.000000,0.000000,0.0000,2.0000,-9.424347,-6.505150,-2.645920,28.00
13.700011,friction-sweep,knee_flexion_right_joint,RS04,-9.478420,-9.000000,0.000000,0.0000,2.0000,-9.478420,-6.932250,-2.374916,28.00
13.708014,friction-sweep,knee_flexion_right_joint,RS04,-9.535179,-9.000000,0.000000,0.0000,2.0000,-9.535179,-7.229343,-2.561684,28.00
13.716020,friction-sweep,knee_flexion_right_joint,RS04,-9.595005,-9.000000,0.000000,0.0000,2.0000,-9.595005,-7.478371,-2.070953,28.00
13.724022,friction-sweep,knee_flexion_right_joint,RS04,-9.655981,-9.000000,0.000000,0.0000,2.0000,-9.655981,-7.659190,-1.602196,28.00
13.732016,friction-sweep,knee_flexion_right_joint,RS04,-9.718109,-9.000000,0.000000,0.0000,2.0000,-9.718109,-7.821698,-1.133438,28.00
13.740014,friction-sweep,knee_flexion_right_joint,RS04,-9.781386,-9.000000,0.000000,0.0000,2.0000,-9.781386,-7.957656,-1.129776,28.00
13.748013,friction-sweep,knee_flexion_right_joint,RS04,-9.845815,-9.000000,0.000000,0.0000,2.0000,-9.845815,-8.049211,-1.217674,28.00
13.756010,friction-sweep,knee_flexion_right_joint,RS04,-9.911010,-9.000000,0.000000,0.0000,2.0000,-9.911010,-8.170978,-1.206688,28.00
13.764021,friction-sweep,knee_flexion_right_joint,RS04,-9.976972,-9.000000,0.000000,0.0000,2.0000,-9.976972,-8.286793,-1.159073,28.00
13.772015,friction-sweep,knee_flexion_right_joint,RS04,-10.042934,-9.000000,0.000000,0.0000,2.0000,-10.042934,-8.344015,-1.166397,28.00
13.780016,friction-sweep,knee_flexion_right_joint,RS04,-10.109663,-9.000000,0.000000,0.0000,2.0000,-10.109663,-8.337606,-1.129776,28.00
13.788015,friction-sweep,knee_flexion_right_joint,RS04,-10.176393,-9.000000,0.000000,0.0000,2.0000,-10.176393,-8.388418,-1.056534,28.00
13.796012,friction-sweep,knee_flexion_right_joint,RS04,-10.243889,-9.000000,0.000000,0.0000,2.0000,-10.243889,-8.379263,-0.961319,28.00
13.804015,friction-sweep,knee_flexion_right_joint,RS04,-10.311384,-9.000000,0.000000,0.0000,2.0000,-10.311384,-8.484093,-1.001602,28.00
13.812117,friction-sweep,knee_flexion_right_joint,RS04,-10.378881,-9.000000,0.000000,0.0000,2.0000,-10.378881,-8.462120,-0.781876,28.00
13.820039,friction-sweep,knee_flexion_right_joint,RS04,-10.446377,-9.000000,0.000000,0.0000,2.0000,-10.446377,-8.387503,-0.598763,28.00
13.828015,friction-sweep,knee_flexion_right_joint,RS04,-10.513873,-9.000000,0.000000,0.0000,2.0000,-10.513873,-8.434196,-0.598763,28.00
13.836013,friction-sweep,knee_flexion_right_joint,RS04,-10.581753,-9.000000,0.000000,0.0000,2.0000,-10.581753,-8.463951,-0.543831,28.00
13.844011,friction-sweep,knee_flexion_right_joint,RS04,-10.650016,-9.000000,0.000000,0.0000,2.0000,-10.650016,-8.491417,-0.470589,28.00
13.852015,friction-sweep,knee_flexion_right_joint,RS04,-10.717896,-9.000000,0.000000,0.0000,2.0000,-10.717896,-8.502403,-0.536507,28.00
13.860017,friction-sweep,knee_flexion_right_joint,RS04,-10.785775,-9.000000,0.000000,0.0000,2.0000,-10.785775,-8.498741,-0.499886,28.00
13.868062,friction-sweep,knee_flexion_right_joint,RS04,-10.853655,-9.000000,0.000000,0.0000,2.0000,-10.853655,-8.489586,-0.587776,28.00
13.876034,friction-sweep,knee_flexion_right_joint,RS04,-10.921535,-9.000000,0.000000,0.0000,2.0000,-10.921535,-8.516594,-0.752579,28.00
13.884035,friction-sweep,knee_flexion_right_joint,RS04,-10.989799,-9.000000,0.000000,0.0000,2.0000,-10.989799,-8.529869,-0.957657,28.00
13.892024,friction-sweep,knee_flexion_right_joint,RS04,-11.057678,-9.000000,0.000000,0.0000,2.0000,-11.057678,-8.510643,-1.034561,28.00
13.900021,friction-sweep,knee_flexion_right_joint,RS04,-11.125174,-9.000000,0.000000,0.0000,2.0000,-11.125174,-8.528954,-1.118790,28.00
13.908021,friction-sweep,knee_flexion_right_joint,RS04,-11.193438,-9.000000,0.000000,0.0000,2.0000,-11.193438,-8.528954,-1.298241,28.00
13.916023,friction-sweep,knee_flexion_right_joint,RS04,-11.261316,-9.000000,0.000000,0.0000,2.0000,-11.261316,-8.528496,-1.495995,28.00
13.924018,friction-sweep,knee_flexion_right_joint,RS04,-11.329197,-9.000000,0.000000,0.0000,2.0000,-11.329197,-8.486382,-1.631493,28.00
13.932018,friction-sweep,knee_flexion_right_joint,RS04,-11.397460,-9.000000,0.000000,0.0000,2.0000,-11.397460,-8.534904,-1.572899,28.00
13.940016,friction-sweep,knee_flexion_right_joint,RS04,-11.465723,-9.000000,0.000000,0.0000,2.0000,-11.465723,-8.523460,-1.503319,28.00
13.948017,friction-sweep,knee_flexion_right_joint,RS04,-11.533603,-9.000000,0.000000,0.0000,2.0000,-11.533603,-8.547723,-1.441063,28.00
13.956015,friction-sweep,knee_flexion_right_joint,RS04,-11.601099,-9.000000,0.000000,0.0000,2.0000,-11.601099,-8.403524,-1.334862,28.00
13.964015,friction-sweep,knee_flexion_right_joint,RS04,-11.669745,-9.000000,0.000000,0.0000,2.0000,-11.669745,-8.481804,-1.224998,28.00
13.972014,friction-sweep,knee_flexion_right_joint,RS04,-11.737625,-9.000000,0.000000,0.0000,2.0000,-11.737625,-8.503777,-0.983292,28.00
13.980014,friction-sweep,knee_flexion_right_joint,RS04,-11.805505,-9.000000,0.000000,0.0000,2.0000,-11.805505,-8.479515,-0.807510,28.00
13.988015,friction-sweep,knee_flexion_right_joint,RS04,-11.873768,-9.000000,0.000000,0.0000,2.0000,-11.873768,-8.554589,-0.730606,28.00
13.996014,friction-sweep,knee_flexion_right_joint,RS04,-11.941648,-9.000000,0.000000,0.0000,2.0000,-11.941648,-8.470818,-0.602425,28.00
14.004022,friction-sweep,knee_flexion_right_joint,RS04,-12.009911,-9.000000,0.000000,0.0000,2.0000,-12.009911,-8.547265,-0.521858,28.00
14.012020,friction-sweep,knee_flexion_right_joint,RS04,-12.078175,-9.000000,0.000000,0.0000,2.0000,-12.078175,-8.528954,-0.521858,28.00
14.020023,friction-sweep,knee_flexion_right_joint,RS04,-12.146053,-9.000000,0.000000,0.0000,2.0000,-12.146053,-8.453423,-0.477913,28.00
14.028015,friction-sweep,knee_flexion_right_joint,RS04,-12.213934,-9.000000,0.000000,0.0000,2.0000,-12.213934,-8.488213,-0.481575,28.00
14.036012,friction-sweep,knee_flexion_right_joint,RS04,-12.281429,-9.000000,0.000000,0.0000,2.0000,-12.281429,-8.490044,-0.562141,28.00
14.044082,friction-sweep,knee_flexion_right_joint,RS04,-12.350077,-9.000000,0.000000,0.0000,2.0000,-12.350077,-8.519341,-0.752579,28.00
14.052105,friction-sweep,knee_flexion_right_joint,RS04,-12.418723,-9.000000,0.000000,0.0000,2.0000,-12.418723,-8.556420,-0.880753,28.00
14.060020,friction-sweep,knee_flexion_right_joint,RS04,-12.485836,-9.000000,0.000000,0.0000,2.0000,-12.485836,-8.459373,-0.943008,28.00
14.068047,friction-sweep,knee_flexion_right_joint,RS04,-12.554099,-9.000000,0.000000,0.0000,2.0000,-12.554099,-8.482262,-1.144424,28.00
14.076018,friction-sweep,knee_flexion_right_joint,RS04,12.503476,-9.000000,0.000000,0.0000,2.0000,12.503476,-8.564202,-1.283592,28.00
14.084017,friction-sweep,knee_flexion_right_joint,RS04,12.435214,-9.000000,0.000000,0.0000,2.0000,12.435214,-8.527122,-1.305565,28.00
14.092015,friction-sweep,knee_flexion_right_joint,RS04,12.366950,-9.000000,0.000000,0.0000,2.0000,12.366950,-8.515221,-1.488670,28.00
14.100017,friction-sweep,knee_flexion_right_joint,RS04,12.299069,-9.000000,0.000000,0.0000,2.0000,12.299069,-8.454796,-1.499657,28.00
14.108018,friction-sweep,knee_flexion_right_joint,RS04,12.231193,-9.000000,0.000000,0.0000,2.0000,12.231193,-8.521629,-1.510643,28.00
14.116015,friction-sweep,knee_flexion_right_joint,RS04,12.162929,-9.000000,0.000000,0.0000,2.0000,12.162929,-8.614557,-1.444725,28.00
14.124015,friction-sweep,knee_flexion_right_joint,RS04,12.094665,-9.000000,0.000000,0.0000,2.0000,12.094665,-8.549096,-1.367821,28.00
14.132015,friction-sweep,knee_flexion_right_joint,RS04,12.026786,-9.000000,0.000000,0.0000,2.0000,12.026786,-8.523918,-1.122452,28.00
14.140015,friction-sweep,knee_flexion_right_joint,RS04,11.958522,-9.000000,0.000000,0.0000,2.0000,11.958522,-8.483635,-0.961319,28.00
14.148016,friction-sweep,knee_flexion_right_joint,RS04,11.890641,-9.000000,0.000000,0.0000,2.0000,11.890641,-8.490044,-0.796524,28.00
14.156015,friction-sweep,knee_flexion_right_joint,RS04,11.822762,-9.000000,0.000000,0.0000,2.0000,11.822762,-8.456169,-0.672005,28.00
14.164015,friction-sweep,knee_flexion_right_joint,RS04,11.754500,-9.000000,0.000000,0.0000,2.0000,11.754500,-8.495079,-0.580452,28.00
14.172014,friction-sweep,knee_flexion_right_joint,RS04,11.686236,-9.000000,0.000000,0.0000,2.0000,11.686236,-8.555963,-0.466927,28.00
14.180014,friction-sweep,knee_flexion_right_joint,RS04,11.618356,-9.000000,0.000000,0.0000,2.0000,11.618356,-8.525291,-0.433968,28.00
14.188013,friction-sweep,knee_flexion_right_joint,RS04,11.550477,-9.000000,0.000000,0.0000,2.0000,11.550477,-8.506523,-0.382698,28.00
14.196012,friction-sweep,knee_flexion_right_joint,RS04,11.482213,-9.000000,0.000000,0.0000,2.0000,11.482213,-8.621424,-0.470589,28.00
14.204020,friction-sweep,knee_flexion_right_joint,RS04,11.414334,-9.000000,0.000000,0.0000,2.0000,11.414334,-8.450217,-0.650032,28.00
14.212018,friction-sweep,knee_flexion_right_joint,RS04,11.346070,-9.000000,0.000000,0.0000,2.0000,11.346070,-8.548181,-0.730606,28.00
14.220018,friction-sweep,knee_flexion_right_joint,RS04,11.277808,-9.000000,0.000000,0.0000,2.0000,11.277808,-8.536278,-0.888077,28.00
14.228017,friction-sweep,knee_flexion_right_joint,RS04,11.210311,-9.000000,0.000000,0.0000,2.0000,11.210311,-8.543145,-0.961319,28.00
14.236018,friction-sweep,knee_flexion_right_joint,RS04,11.142047,-9.000000,0.000000,0.0000,2.0000,11.142047,-8.549554,-1.195702,28.00
14.244015,friction-sweep,knee_flexion_right_joint,RS04,11.074168,-9.000000,0.000000,0.0000,2.0000,11.074168,-8.489128,-1.345848,28.00
14.252016,friction-sweep,knee_flexion_right_joint,RS04,11.005904,-9.000000,0.000000,0.0000,2.0000,11.005904,-8.544518,-1.419090,28.00
14.260016,friction-sweep,knee_flexion_right_joint,RS04,10.938025,-9.000000,0.000000,0.0000,2.0000,10.938025,-8.506981,-1.543602,28.00
14.268018,friction-sweep,knee_flexion_right_joint,RS04,10.869763,-9.000000,0.000000,0.0000,2.0000,10.869763,-8.489128,-1.554588,28.00
14.276016,friction-sweep,knee_flexion_right_joint,RS04,10.801883,-9.000000,0.000000,0.0000,2.0000,10.801883,-8.497826,-1.488670,28.00
14.284017,friction-sweep,knee_flexion_right_joint,RS04,10.734002,-9.000000,0.000000,0.0000,2.0000,10.734002,-8.500572,-1.393456,28.00
14.292106,friction-sweep,knee_flexion_right_joint,RS04,10.665740,-9.000000,0.000000,0.0000,2.0000,10.665740,-8.506065,-1.389793,28.00
14.300021,friction-sweep,knee_flexion_right_joint,RS04,10.597859,-9.000000,0.000000,0.0000,2.0000,10.597859,-8.496910,-1.217674,28.00
14.308015,friction-sweep,knee_flexion_right_joint,RS04,10.529981,-9.000000,0.000000,0.0000,2.0000,10.529981,-8.479973,-0.946671,28.00
14.316014,friction-sweep,knee_flexion_right_joint,RS04,10.461719,-9.000000,0.000000,0.0000,2.0000,10.461719,-8.526207,-0.811172,28.00
14.324059,friction-sweep,knee_flexion_right_joint,RS04,10.393838,-9.000000,0.000000,0.0000,2.0000,10.393838,-8.452048,-0.690315,28.00
14.332054,friction-sweep,knee_flexion_right_joint,RS04,10.325957,-9.000000,0.000000,0.0000,2.0000,10.325957,-8.545892,-0.613411,28.00
14.340027,friction-sweep,knee_flexion_right_joint,RS04,10.257693,-9.000000,0.000000,0.0000,2.0000,10.257693,-8.473564,-0.554817,28.00
14.348023,friction-sweep,knee_flexion_right_joint,RS04,10.189431,-9.000000,0.000000,0.0000,2.0000,10.189431,-8.532158,-0.507210,28.00
14.356027,friction-sweep,knee_flexion_right_joint,RS04,10.121552,-9.000000,0.000000,0.0000,2.0000,10.121552,-8.530785,-0.499886,28.00
14.364017,friction-sweep,knee_flexion_right_joint,RS04,10.053672,-9.000000,0.000000,0.0000,2.0000,10.053672,-8.482719,-0.540169,28.00
14.372013,friction-sweep,knee_flexion_right_joint,RS04,9.985793,-9.000000,0.000000,0.0000,2.0000,9.985793,-8.475853,-0.635384,28.00
14.380015,friction-sweep,knee_flexion_right_joint,RS04,9.917529,-9.000000,0.000000,0.0000,2.0000,9.917529,-8.527580,-0.719620,28.00
14.388015,friction-sweep,knee_flexion_right_joint,RS04,9.849648,-9.000000,0.000000,0.0000,2.0000,9.849648,-8.494621,-0.763565,28.00
14.396011,friction-sweep,knee_flexion_right_joint,RS04,9.781770,-9.000000,0.000000,0.0000,2.0000,9.781770,-8.545434,-0.884415,28.00
14.404016,friction-sweep,knee_flexion_right_joint,RS04,9.713891,-9.000000,0.000000,0.0000,2.0000,9.713891,-8.537193,-1.104141,28.00
14.412055,friction-sweep,knee_flexion_right_joint,RS04,9.645627,-9.000000,0.000000,0.0000,2.0000,9.645627,-8.458916,-1.254295,28.00
14.420030,friction-sweep,knee_flexion_right_joint,RS04,9.577748,-9.000000,0.000000,0.0000,2.0000,9.577748,-8.553674,-1.419090,28.00
14.428020,friction-sweep,knee_flexion_right_joint,RS04,9.509868,-9.000000,0.000000,0.0000,2.0000,9.509868,-8.497368,-1.400780,28.00
14.436030,friction-sweep,knee_flexion_right_joint,RS04,9.441987,-9.000000,0.000000,0.0000,2.0000,9.441987,-8.469444,-1.536278,28.00
14.444027,friction-sweep,knee_flexion_right_joint,RS04,9.373723,-9.000000,0.000000,0.0000,2.0000,9.373723,-8.494621,-1.631493,28.00
14.452024,friction-sweep,knee_flexion_right_joint,RS04,9.305846,-9.000000,0.000000,0.0000,2.0000,9.305846,-8.501030,-1.547264,28.00
14.460022,friction-sweep,knee_flexion_right_joint,RS04,9.237966,-9.000000,0.000000,0.0000,2.0000,9.237966,-8.483177,-1.393456,28.00
14.468038,friction-sweep,knee_flexion_right_joint,RS04,9.169702,-9.000000,0.000000,0.0000,2.0000,9.169702,-8.501488,-1.309227,28.00
14.476027,friction-sweep,knee_flexion_right_joint,RS04,9.102206,-9.000000,0.000000,0.0000,2.0000,9.102206,-8.483635,-1.137100,28.00
14.484266,friction-sweep,knee_flexion_right_joint,RS04,9.032409,-9.000000,0.000000,0.0000,2.0000,9.032409,-8.472649,-0.855118,28.00
14.492042,friction-sweep,knee_flexion_right_joint,RS04,8.966447,-9.000000,0.000000,0.0000,2.0000,8.966447,-8.404898,-0.873428,28.00
14.500028,friction-sweep,knee_flexion_right_joint,RS04,8.898568,-9.000000,0.000000,0.0000,2.0000,8.898568,-8.545434,-0.814835,28.00
14.508023,friction-sweep,knee_flexion_right_joint,RS04,8.830688,-9.000000,0.000000,0.0000,2.0000,8.830688,-8.441978,-0.639046,28.00
14.516021,friction-sweep,knee_flexion_right_joint,RS04,8.763190,-9.000000,0.000000,0.0000,2.0000,8.763190,-8.490044,-0.598763,28.00
14.524018,friction-sweep,knee_flexion_right_joint,RS04,8.695312,-9.000000,0.000000,0.0000,2.0000,8.695312,-8.452048,-0.481575,28.00
14.532021,friction-sweep,knee_flexion_right_joint,RS04,8.627048,-9.000000,0.000000,0.0000,2.0000,8.627048,-8.516594,-0.510872,28.00
14.540020,friction-sweep,knee_flexion_right_joint,RS04,8.559169,-9.000000,0.000000,0.0000,2.0000,8.559169,-8.456627,-0.525520,28.00
14.548019,friction-sweep,knee_flexion_right_joint,RS04,8.491288,-9.000000,0.000000,0.0000,2.0000,8.491288,-8.459831,-0.576790,28.00
14.556019,friction-sweep,knee_flexion_right_joint,RS04,8.423409,-9.000000,0.000000,0.0000,2.0000,8.423409,-8.484550,-0.481575,28.00
14.564019,friction-sweep,knee_flexion_right_joint,RS04,8.355145,-9.000000,0.000000,0.0000,2.0000,8.355145,-8.513847,-0.661018,28.00
14.572017,friction-sweep,knee_flexion_right_joint,RS04,8.287265,-9.000000,0.000000,0.0000,2.0000,8.287265,-8.502861,-0.763565,28.00
14.580018,friction-sweep,knee_flexion_right_joint,RS04,8.219003,-9.000000,0.000000,0.0000,2.0000,8.219003,-8.499657,-1.012589,28.00
14.588017,friction-sweep,knee_flexion_right_joint,RS04,8.151124,-9.000000,0.000000,0.0000,2.0000,8.151124,-8.494621,-1.195702,28.00
14.596015,friction-sweep,knee_flexion_right_joint,RS04,8.082860,-9.000000,0.000000,0.0000,2.0000,8.082860,-8.552758,-1.305565,28.00
14.604014,friction-sweep,knee_flexion_right_joint,RS04,8.014981,-9.000000,0.000000,0.0000,2.0000,8.014981,-8.517967,-1.415428,28.00
14.612018,friction-sweep,knee_flexion_right_joint,RS04,7.947101,-9.000000,0.000000,0.0000,2.0000,7.947101,-8.444724,-1.609520,28.00
14.620020,friction-sweep,knee_flexion_right_joint,RS04,7.878837,-9.000000,0.000000,0.0000,2.0000,7.878837,-8.550469,-1.591209,28.00
14.628016,friction-sweep,knee_flexion_right_joint,RS04,7.810958,-9.000000,0.000000,0.0000,2.0000,7.810958,-8.541772,-1.594872,28.00
14.636014,friction-sweep,knee_flexion_right_joint,RS04,7.743079,-9.000000,0.000000,0.0000,2.0000,7.743079,-8.501030,-1.400780,28.00
14.644012,friction-sweep,knee_flexion_right_joint,RS04,7.675199,-9.000000,0.000000,0.0000,2.0000,7.675199,-8.452965,-1.349510,28.00
14.652015,friction-sweep,knee_flexion_right_joint,RS04,7.607318,-9.000000,0.000000,0.0000,2.0000,7.607318,-8.531242,-1.228661,28.00
14.660014,friction-sweep,knee_flexion_right_joint,RS04,7.539056,-9.000000,0.000000,0.0000,2.0000,7.539056,-8.507439,-1.038223,28.00
14.668015,friction-sweep,knee_flexion_right_joint,RS04,7.471175,-9.000000,0.000000,0.0000,2.0000,7.471175,-8.494164,-0.888077,28.00
14.676014,friction-sweep,knee_flexion_right_joint,RS04,7.402911,-9.000000,0.000000,0.0000,2.0000,7.402911,-8.488670,-0.774551,28.00
14.684014,friction-sweep,knee_flexion_right_joint,RS04,7.335034,-9.000000,0.000000,0.0000,2.0000,7.335034,-8.497368,-0.646370,28.00
14.692014,friction-sweep,knee_flexion_right_joint,RS04,7.266770,-9.000000,0.000000,0.0000,2.0000,7.266770,-8.513847,-0.532845,28.00
14.700012,friction-sweep,knee_flexion_right_joint,RS04,7.198890,-9.000000,0.000000,0.0000,2.0000,7.198890,-8.517967,-0.532845,28.00
14.708014,friction-sweep,knee_flexion_right_joint,RS04,7.130628,-9.000000,0.000000,0.0000,2.0000,7.130628,-8.495079,-0.510872,28.00
14.716015,friction-sweep,knee_flexion_right_joint,RS04,7.062747,-9.000000,0.000000,0.0000,2.0000,7.062747,-8.534447,-0.404671,28.00
14.724015,friction-sweep,knee_flexion_right_joint,RS04,6.994866,-9.000000,0.000000,0.0000,2.0000,6.994866,-8.496452,-0.488899,28.00
14.732016,friction-sweep,knee_flexion_right_joint,RS04,6.926988,-9.000000,0.000000,0.0000,2.0000,6.926988,-8.474480,-0.562141,28.00
14.740014,friction-sweep,knee_flexion_right_joint,RS04,6.858726,-9.000000,0.000000,0.0000,2.0000,6.858726,-8.444266,-0.704971,28.00
14.748013,friction-sweep,knee_flexion_right_joint,RS04,6.790462,-9.000000,0.000000,0.0000,2.0000,6.790462,-8.564202,-0.895401,28.00
14.756014,friction-sweep,knee_flexion_right_joint,RS04,6.722198,-9.000000,0.000000,0.0000,2.0000,6.722198,-8.593958,-1.096817,28.00
14.764013,friction-sweep,knee_flexion_right_joint,RS04,6.654319,-9.000000,0.000000,0.0000,2.0000,6.654319,-8.471275,-1.268944,28.00
14.772015,friction-sweep,knee_flexion_right_joint,RS04,6.586055,-9.000000,0.000000,0.0000,2.0000,6.586055,-8.574274,-1.426414,28.00
14.780014,friction-sweep,knee_flexion_right_joint,RS04,6.518176,-9.000000,0.000000,0.0000,2.0000,6.518176,-8.534904,-1.547264,28.00
14.788099,friction-sweep,knee_flexion_right_joint,RS04,6.450297,-9.000000,0.000000,0.0000,2.0000,6.450297,-8.579767,-1.653473,28.00
14.796023,friction-sweep,knee_flexion_right_joint,RS04,6.381650,-9.000000,0.000000,0.0000,2.0000,6.381650,-8.635157,-1.565575,28.00
