t_s,maneuver,joint,model,cmd_pos,cmd_vel,cmd_tau,cmd_kp,cmd_kd,fb_pos,fb_vel,fb_tau,fb_temp
0.000001,torque-chirp,hip_flexion_right_joint,RS04,3.515746,0.000000,0.000043,0.0000,0.0000,3.515746,-0.013046,-0.001831,32.00
0.008057,torque-chirp,hip_flexion_right_joint,RS04,3.517663,0.000000,0.640578,0.0000,0.0000,3.517663,0.087664,-0.100708,32.00
0.016027,torque-chirp,hip_flexion_right_joint,RS04,3.518432,0.000000,1.279450,0.0000,0.0000,3.518432,0.055161,-0.199585,31.00
0.024050,torque-chirp,hip_flexion_right_joint,RS04,3.519198,0.000000,1.927301,0.0000,0.0000,3.519198,0.152666,-0.097046,32.00
0.032026,torque-chirp,hip_flexion_right_joint,RS04,3.521882,0.000000,2.575616,0.0000,0.0000,3.521882,0.424583,0.093384,32.00
0.040022,torque-chirp,hip_flexion_right_joint,RS04,3.525718,0.000000,3.229313,0.0000,0.0000,3.525718,0.508354,0.518204,32.00
0.048021,torque-chirp,hip_flexion_right_joint,RS04,3.531087,0.000000,3.886580,0.0000,0.0000,3.531087,0.644771,1.422760,32.00
0.056015,torque-chirp,hip_flexion_right_joint,RS04,3.537990,0.000000,4.546221,0.0000,0.0000,3.537990,0.834744,2.261383,32.00
0.064015,torque-chirp,hip_flexion_right_joint,RS04,3.546042,0.000000,5.208537,0.0000,0.0000,3.546042,1.087891,1.741364,32.00
0.072015,torque-chirp,hip_flexion_right_joint,RS04,3.556397,0.000000,5.872646,0.0000,0.0000,3.556397,1.484322,1.774323,32.00
0.080013,torque-chirp,hip_flexion_right_joint,RS04,3.571353,0.000000,6.537555,0.0000,0.0000,3.571353,1.995193,3.118332,32.00
0.088013,torque-chirp,hip_flexion_right_joint,RS04,3.589379,0.000000,7.203196,0.0000,0.0000,3.589379,2.514763,2.418869,31.00
0.096013,torque-chirp,hip_flexion_right_joint,RS04,3.612773,0.000000,7.868702,0.0000,0.0000,3.612773,3.089722,3.045090,32.00
0.104011,torque-chirp,hip_flexion_right_joint,RS04,3.640767,0.000000,8.533282,0.0000,0.0000,3.640767,3.771343,3.737244,31.00
0.112012,torque-chirp,hip_flexion_right_joint,RS04,3.674899,0.000000,9.196633,0.0000,0.0000,3.674899,4.574732,3.945984,31.00
0.120012,torque-chirp,hip_flexion_right_joint,RS04,3.715934,0.000000,9.857810,0.0000,0.0000,3.715934,5.401007,3.674988,31.00
0.128013,torque-chirp,hip_flexion_right_joint,RS04,3.763104,0.000000,10.516108,0.0000,0.0000,3.763104,6.227741,4.942085,32.00
0.136014,torque-chirp,hip_flexion_right_joint,RS04,3.817945,0.000000,11.170886,0.0000,0.0000,3.817945,7.152895,4.301216,32.00
0.144013,torque-chirp,hip_flexion_right_joint,RS04,3.880839,0.000000,11.821177,0.0000,0.0000,3.880839,8.217213,4.821236,32.00
0.152010,torque-chirp,hip_flexion_right_joint,RS04,3.952937,0.000000,12.466209,0.0000,0.0000,3.952937,9.333258,5.081245,31.00
0.160012,torque-chirp,hip_flexion_right_joint,RS04,4.033473,0.000000,13.105793,0.0000,0.0000,4.033473,10.570152,6.494850,32.00
0.168013,torque-chirp,hip_flexion_right_joint,RS04,4.123979,0.000000,13.738528,0.0000,0.0000,4.123979,11.756237,5.674522,32.00
0.176013,torque-chirp,hip_flexion_right_joint,RS04,4.224456,0.000000,14.363724,0.0000,0.0000,4.224456,12.967499,6.022423,32.00
0.184012,torque-chirp,hip_flexion_right_joint,RS04,4.335288,0.000000,14.980471,0.0000,0.0000,4.335288,14.385672,7.388420,31.00
0.192013,torque-chirp,hip_flexion_right_joint,RS04,4.457623,0.000000,15.588171,0.0000,0.0000,4.457623,15.000000,7.106438,31.00
0.200012,torque-chirp,hip_flexion_right_joint,RS04,4.591466,0.000000,16.185686,0.0000,0.0000,4.591466,15.000000,7.483635,31.00
0.208014,torque-chirp,hip_flexion_right_joint,RS04,4.737964,0.000000,16.772396,0.0000,0.0000,4.737964,15.000000,12.932938,32.00
0.216012,torque-chirp,hip_flexion_right_joint,RS04,4.897500,0.000000,17.347057,0.0000,0.0000,4.897500,15.000000,6.113991,32.00
0.224013,torque-chirp,hip_flexion_right_joint,RS04,5.070077,0.000000,17.909185,0.0000,0.0000,5.070077,15.000000,3.352722,31.00
0.232013,torque-chirp,hip_flexion_right_joint,RS04,5.249169,0.000000,18.457563,0.0000,0.0000,5.249169,15.000000,2.016022,32.00
0.240012,torque-chirp,hip_flexion_right_joint,RS04,5.432099,0.000000,18.991297,0.0000,0.0000,5.432099,15.000000,2.034332,32.00
0.248012,torque-chirp,hip_flexion_right_joint,RS04,5.616565,0.000000,19.509590,0.0000,0.0000,5.616565,15.000000,1.430084,32.00
0.256014,torque-chirp,hip_flexion_right_joint,RS04,5.801795,0.000000,20.011599,0.0000,0.0000,5.801795,15.000000,0.983292,32.00
0.268013,torque-chirp,hip_flexion_right_joint,RS04,6.079066,0.000000,20.731447,0.0000,0.0000,6.079066,15.000000,0.822159,31.00
0.276015,torque-chirp,hip_flexion_right_joint,RS04,6.266215,0.000000,21.188215,0.0000,0.0000,6.266215,15.000000,0.917374,31.00
0.284014,torque-chirp,hip_flexion_right_joint,RS04,6.451831,0.000000,21.625086,0.0000,0.0000,6.451831,15.000000,0.726944,32.00
0.292012,torque-chirp,hip_flexion_right_joint,RS04,6.637444,0.000000,22.041286,0.0000,0.0000,6.637444,15.000000,0.807510,32.00
0.300015,torque-chirp,hip_flexion_right_joint,RS04,6.822675,0.000000,22.436085,0.0000,0.0000,6.822675,15.000000,1.133438,31.00
0.308014,torque-chirp,hip_flexion_right_joint,RS04,7.006755,0.000000,22.808157,0.0000,0.0000,7.006755,15.000000,1.089493,31.00
0.316013,torque-chirp,hip_flexion_right_joint,RS04,7.193521,0.000000,23.156830,0.0000,0.0000,7.193521,15.000000,0.745255,32.00
0.324015,torque-chirp,hip_flexion_right_joint,RS04,7.378753,0.000000,23.481234,0.0000,0.0000,7.378753,15.000000,0.679337,32.00
0.332012,torque-chirp,hip_flexion_right_joint,RS04,7.563983,0.000000,23.780163,0.0000,0.0000,7.563983,15.000000,1.217667,31.00
0.340013,torque-chirp,hip_flexion_right_joint,RS04,7.749599,0.000000,24.053118,0.0000,0.0000,7.749599,15.000000,0.595108,31.00
0.348015,torque-chirp,hip_flexion_right_joint,RS04,7.934829,0.000000,24.299063,0.0000,0.0000,7.934829,15.000000,1.265274,32.00
0.356013,torque-chirp,hip_flexion_right_joint,RS04,8.120444,0.000000,24.517027,0.0000,0.0000,8.120444,15.000000,0.719620,32.00
0.364011,torque-chirp,hip_flexion_right_joint,RS04,8.304141,0.000000,24.706285,0.0000,0.0000,8.304141,15.000000,1.338516,31.00
0.372013,torque-chirp,hip_flexion_right_joint,RS04,8.490905,0.000000,24.866146,0.0000,0.0000,8.490905,15.000000,0.880753,31.00
0.380013,torque-chirp,hip_flexion_right_joint,RS04,8.676135,0.000000,24.995682,0.0000,0.0000,8.676135,15.000000,1.250626,32.00
0.388014,torque-chirp,hip_flexion_right_joint,RS04,8.861751,0.000000,25.094177,0.0000,0.0000,8.861751,15.000000,1.162735,32.00
0.396011,torque-chirp,hip_flexion_right_joint,RS04,9.047364,0.000000,25.160894,0.0000,0.0000,9.047364,15.000000,0.792862,32.00
0.404015,torque-chirp,hip_flexion_right_joint,RS04,9.232980,0.000000,25.195206,0.0000,0.0000,9.232980,15.000000,1.052872,31.00
0.412012,torque-chirp,hip_flexion_right_joint,RS04,9.418595,0.000000,25.196405,0.0000,0.0000,9.418595,15.000000,0.785538,32.00
0.420059,torque-chirp,hip_flexion_right_joint,RS04,9.604209,0.000000,25.163618,0.0000,0.0000,9.604209,15.000000,1.265274,32.00
0.432055,torque-chirp,hip_flexion_right_joint,RS04,9.882630,0.000000,25.050196,0.0000,0.0000,9.882630,15.000000,1.159073,31.00
0.444062,torque-chirp,hip_flexion_right_joint,RS04,10.161437,0.000000,24.857800,0.0000,0.0000,10.161437,15.000000,0.584122,32.00
0.452082,torque-chirp,hip_flexion_right_joint,RS04,10.348201,0.000000,24.684582,0.0000,0.0000,10.348201,15.000000,1.177383,32.00
0.464018,torque-chirp,hip_flexion_right_joint,RS04,10.625855,0.000000,24.359531,0.0000,0.0000,10.625855,15.000000,1.181046,31.00
0.472052,torque-chirp,hip_flexion_right_joint,RS04,10.811469,0.000000,24.095041,0.0000,0.0000,10.811469,15.000000,0.657364,31.00
0.480023,torque-chirp,hip_flexion_right_joint,RS04,10.997085,0.000000,23.795992,0.0000,0.0000,10.997085,15.000000,1.104141,31.00
0.488023,torque-chirp,hip_flexion_right_joint,RS04,11.182700,0.000000,23.458992,0.0000,0.0000,11.182700,15.000000,0.576797,32.00
0.496017,torque-chirp,hip_flexion_right_joint,RS04,11.368314,0.000000,23.085249,0.0000,0.0000,11.368314,15.000000,1.214005,32.00
0.504016,torque-chirp,hip_flexion_right_joint,RS04,11.553929,0.000000,22.674231,0.0000,0.0000,11.553929,15.000000,0.950333,31.00
0.512015,torque-chirp,hip_flexion_right_joint,RS04,11.737626,0.000000,22.226196,0.0000,0.0000,11.737626,15.000000,1.452057,32.00
0.520014,torque-chirp,hip_flexion_right_joint,RS04,11.923240,0.000000,21.741219,0.0000,0.0000,11.923240,15.000000,1.162735,32.00
0.528149,torque-chirp,hip_flexion_right_joint,RS04,12.109620,0.000000,21.210316,0.0000,0.0000,12.109620,15.000000,0.840469,32.00
0.536020,torque-chirp,hip_flexion_right_joint,RS04,12.294852,0.000000,20.660784,0.0000,0.0000,12.294852,15.000000,0.811172,31.00
0.544014,torque-chirp,hip_flexion_right_joint,RS04,12.480083,0.000000,20.066790,0.0000,0.0000,12.480083,15.000000,0.734268,32.00
0.552012,torque-chirp,hip_flexion_right_joint,RS04,-12.460141,0.000000,19.436758,0.0000,0.0000,-12.460141,15.000000,1.012589,32.00
0.560012,torque-chirp,hip_flexion_right_joint,RS04,-12.274910,0.000000,18.771332,0.0000,0.0000,-12.274910,15.000000,1.279922,32.00
0.568013,torque-chirp,hip_flexion_right_joint,RS04,-12.089679,0.000000,18.071159,0.0000,0.0000,-12.089679,15.000000,0.789200,32.00
0.576015,torque-chirp,hip_flexion_right_joint,RS04,-11.904449,0.000000,17.336908,0.0000,0.0000,-11.904449,15.000000,1.184708,31.00
0.584017,torque-chirp,hip_flexion_right_joint,RS04,-11.719217,0.000000,16.569290,0.0000,0.0000,-11.719217,15.000000,0.928360,32.00
0.592014,torque-chirp,hip_flexion_right_joint,RS04,-11.533986,0.000000,15.769821,0.0000,0.0000,-11.533986,15.000000,0.730606,32.00
0.600012,torque-chirp,hip_flexion_right_joint,RS04,-11.348755,0.000000,14.938672,0.0000,0.0000,-11.348755,15.000000,0.825821,32.00
0.608014,torque-chirp,hip_flexion_right_joint,RS04,-11.163908,0.000000,14.076728,0.0000,0.0000,-11.163908,15.000000,0.953995,32.00
0.616011,torque-chirp,hip_flexion_right_joint,RS04,-10.978677,0.000000,13.185891,0.0000,0.0000,-10.978677,15.000000,1.184708,32.00
0.624012,torque-chirp,hip_flexion_right_joint,RS04,-10.793446,0.000000,12.266434,0.0000,0.0000,-10.793446,15.000000,0.507217,32.00
0.632015,torque-chirp,hip_flexion_right_joint,RS04,-10.608214,0.000000,11.319891,0.0000,0.0000,-10.608214,15.000000,0.983292,31.00
0.640013,torque-chirp,hip_flexion_right_joint,RS04,-10.422600,0.000000,10.348332,0.0000,0.0000,-10.422600,15.000000,1.060196,31.00
0.648016,torque-chirp,hip_flexion_right_joint,RS04,-10.237370,0.000000,9.352190,0.0000,0.0000,-10.237370,15.000000,1.173721,32.00
0.656015,torque-chirp,hip_flexion_right_joint,RS04,-10.052138,0.000000,8.333950,0.0000,0.0000,-10.052138,15.000000,0.624405,32.00
0.664014,torque-chirp,hip_flexion_right_joint,RS04,-9.866524,0.000000,7.294969,0.0000,0.0000,-9.866524,15.000000,1.188370,32.00
0.672012,torque-chirp,hip_flexion_right_joint,RS04,-9.680909,0.000000,6.236936,0.0000,0.0000,-9.680909,15.000000,1.104141,31.00
0.680013,torque-chirp,hip_flexion_right_joint,RS04,-9.495295,0.000000,5.161208,0.0000,0.0000,-9.495295,15.000000,0.781876,32.00
0.688014,torque-chirp,hip_flexion_right_joint,RS04,-9.309680,0.000000,4.070007,0.0000,0.0000,-9.309680,15.000000,0.858780,32.00
0.696013,torque-chirp,hip_flexion_right_joint,RS04,-9.124065,0.000000,2.965718,0.0000,0.0000,-9.124065,15.000000,1.290909,32.00
0.704014,torque-chirp,hip_flexion_right_joint,RS04,-8.938451,0.000000,1.849767,0.0000,0.0000,-8.938451,15.000000,0.928360,31.00
0.712009,torque-chirp,hip_flexion_right_joint,RS04,-8.752453,0.000000,0.725381,0.0000,0.0000,-8.752453,15.000000,1.338516,32.00
0.720014,torque-chirp,hip_flexion_right_joint,RS04,-8.567989,0.000000,-0.407349,0.0000,0.0000,-8.567989,15.000000,1.030899,32.00
0.728017,torque-chirp,hip_flexion_right_joint,RS04,-8.381224,0.000000,-1.544569,0.0000,0.0000,-8.381224,15.000000,1.104141,32.00
0.736014,torque-chirp,hip_flexion_right_joint,RS04,-8.195610,0.000000,-2.683324,0.0000,0.0000,-8.195610,15.000000,0.759903,32.00
0.744015,torque-chirp,hip_flexion_right_joint,RS04,-8.010761,0.000000,-3.822563,0.0000,0.0000,-8.010761,15.000000,0.137329,32.00
0.752014,torque-chirp,hip_flexion_right_joint,RS04,-7.827832,0.000000,-4.959172,0.0000,0.0000,-7.827832,15.000000,0.346069,32.00
0.760013,torque-chirp,hip_flexion_right_joint,RS04,-7.647586,0.000000,-6.090734,0.0000,0.0000,-7.647586,15.000000,-0.496223,32.00
0.768013,torque-chirp,hip_flexion_right_joint,RS04,-7.471943,0.000000,-7.214932,0.0000,0.0000,-7.471943,15.000000,-1.525291,32.00
0.776013,torque-chirp,hip_flexion_right_joint,RS04,-7.301285,0.000000,-8.328890,0.0000,0.0000,-7.301285,15.000000,-3.228203,31.00
0.784012,torque-chirp,hip_flexion_right_joint,RS04,-7.137530,0.000000,-9.429832,0.0000,0.0000,-7.137530,15.000000,-2.653244,32.00
0.792013,torque-chirp,hip_flexion_right_joint,RS04,-6.980294,0.000000,-10.515703,0.0000,0.0000,-6.980294,15.000000,-3.887390,32.00
0.800013,torque-chirp,hip_flexion_right_joint,RS04,-6.831880,0.000000,-11.583187,0.0000,0.0000,-6.831880,15.000000,-3.810486,32.00
0.808013,torque-chirp,hip_flexion_right_joint,RS04,-6.692669,0.000000,-12.629730,0.0000,0.0000,-6.692669,15.000000,-4.425720,32.00
0.816013,torque-chirp,hip_flexion_right_joint,RS04,-6.566113,0.000000,-13.652601,0.0000,0.0000,-6.566113,15.000000,-4.517281,32.00
0.824013,torque-chirp,hip_flexion_right_joint,RS04,-6.452214,0.000000,-14.649113,0.0000,0.0000,-6.452214,13.787825,-5.839317,31.00
0.832011,torque-chirp,hip_flexion_right_joint,RS04,-6.350586,0.000000,-15.616386,0.0000,0.0000,-6.350586,12.109179,-6.604713,32.00
0.840010,torque-chirp,hip_flexion_right_joint,RS04,-6.261997,0.000000,-16.551880,0.0000,0.0000,-6.261997,10.407644,-6.271454,32.00
0.848012,torque-chirp,hip_flexion_right_joint,RS04,-6.188748,0.000000,-17.453276,0.0000,0.0000,-6.188748,8.587090,-7.337151,31.00
0.856013,torque-chirp,hip_flexion_right_joint,RS04,-6.129689,0.000000,-18.317348,0.0000,0.0000,-6.129689,6.624628,-7.186996,32.00
0.864013,torque-chirp,hip_flexion_right_joint,RS04,-6.086737,0.000000,-19.141521,0.0000,0.0000,-6.086737,4.628748,-7.857178,32.00
0.872014,torque-chirp,hip_flexion_right_joint,RS04,-6.059892,0.000000,-19.923504,0.0000,0.0000,-6.059892,2.606318,-7.553215,32.00
0.880011,torque-chirp,hip_flexion_right_joint,RS04,-6.049921,0.000000,-20.660118,0.0000,0.0000,-6.049921,0.604028,-8.585945,32.00
0.888012,torque-chirp,hip_flexion_right_joint,RS04,-6.054906,0.000000,-21.349848,0.0000,0.0000,-6.054906,-1.291142,-10.193642,32.00
0.896014,torque-chirp,hip_flexion_right_joint,RS04,-6.076766,0.000000,-21.989843,0.0000,0.0000,-6.076766,-3.492561,-8.959488,32.00
0.904014,torque-chirp,hip_flexion_right_joint,RS04,-6.116267,0.000000,-22.577690,0.0000,0.0000,-6.116267,-5.760815,-9.937286,32.00
0.912015,torque-chirp,hip_flexion_right_joint,RS04,-6.173025,0.000000,-23.111357,0.0000,0.0000,-6.173025,-7.878920,-10.237587,32.00
0.920013,torque-chirp,hip_flexion_right_joint,RS04,-6.247808,0.000000,-23.588425,0.0000,0.0000,-6.247808,-10.160906,-10.684372,32.00
0.928011,torque-chirp,hip_flexion_right_joint,RS04,-6.341382,0.000000,-24.007238,0.0000,0.0000,-6.341382,-12.503777,-10.600143,32.00
0.936011,torque-chirp,hip_flexion_right_joint,RS04,-6.453748,0.000000,-24.365911,0.0000,0.0000,-6.453748,-14.948730,-12.065002,32.00
0.944010,torque-chirp,hip_flexion_right_joint,RS04,-6.586439,0.000000,-24.662615,0.0000,0.0000,-6.586439,-15.000000,-13.683678,32.00
0.952011,torque-chirp,hip_flexion_right_joint,RS04,-6.737538,0.000000,-24.895794,0.0000,0.0000,-6.737538,-15.000000,-8.882584,32.00
0.960046,torque-chirp,hip_flexion_right_joint,RS04,-6.907813,0.000000,-25.064495,0.0000,0.0000,-6.907813,-15.000000,-4.271912,32.00
0.968034,torque-chirp,hip_flexion_right_joint,RS04,-7.086141,0.000000,-25.165876,0.0000,0.0000,-7.086141,-15.000000,-2.693527,32.00
0.976025,torque-chirp,hip_flexion_right_joint,RS04,-7.269071,0.000000,-25.200001,0.0000,0.0000,-7.269071,-15.000000,-1.723053,32.00
0.984026,torque-chirp,hip_flexion_right_joint,RS04,-7.453918,0.000000,-25.165766,0.0000,0.0000,-7.453918,-15.000000,-1.397118,32.00
0.992025,torque-chirp,hip_flexion_right_joint,RS04,-7.639149,0.000000,-25.062330,0.0000,0.0000,-7.639149,-15.000000,-0.551155,32.00
1.000018,torque-chirp,hip_flexion_right_joint,RS04,-7.824764,0.000000,-24.889271,0.0000,0.0000,-7.824764,-15.000000,-1.067520,32.00
1.008015,torque-chirp,hip_flexion_right_joint,RS04,-8.010378,0.000000,-24.646013,0.0000,0.0000,-8.010378,-15.000000,-1.591209,32.00
1.016016,torque-chirp,hip_flexion_right_joint,RS04,-8.195610,0.000000,-24.332287,0.0000,0.0000,-8.195610,-15.000000,-0.726944,32.00
1.024013,torque-chirp,hip_flexion_right_joint,RS04,-8.380840,0.000000,-23.948338,0.0000,0.0000,-8.380840,-15.000000,-1.100479,32.00
1.032080,torque-chirp,hip_flexion_right_joint,RS04,-8.564537,0.000000,-23.490089,0.0000,0.0000,-8.564537,-15.000000,-0.888077,32.00
1.040015,torque-chirp,hip_flexion_right_joint,RS04,-8.750536,0.000000,-22.970198,0.0000,0.0000,-8.750536,-15.000000,-0.770889,32.00
1.048014,torque-chirp,hip_flexion_right_joint,RS04,-8.933849,0.000000,-22.377474,0.0000,0.0000,-8.933849,-15.000000,-0.730606,32.00
1.056013,torque-chirp,hip_flexion_right_joint,RS04,-9.118696,0.000000,-21.716742,0.0000,0.0000,-9.118696,-15.000000,-0.811172,32.00
1.064013,torque-chirp,hip_flexion_right_joint,RS04,-9.303161,0.000000,-20.989033,0.0000,0.0000,-9.303161,-15.000000,-1.528954,32.00
1.072011,torque-chirp,hip_flexion_right_joint,RS04,-9.487624,0.000000,-20.195881,0.0000,0.0000,-9.487624,-15.000000,-0.708633,32.00
1.080012,torque-chirp,hip_flexion_right_joint,RS04,-9.671705,0.000000,-19.338652,0.0000,0.0000,-9.671705,-15.000000,-1.543602,32.00
1.088013,torque-chirp,hip_flexion_right_joint,RS04,-9.856169,0.000000,-18.419382,0.0000,0.0000,-9.856169,-15.000000,-0.888077,32.00
1.096013,torque-chirp,hip_flexion_right_joint,RS04,-10.040249,0.000000,-17.440205,0.0000,0.0000,-10.040249,-15.000000,-1.250633,32.00
1.104014,torque-chirp,hip_flexion_right_joint,RS04,-10.224713,0.000000,-16.403343,0.0000,0.0000,-10.224713,-15.000000,-0.613411,32.00
1.112013,torque-chirp,hip_flexion_right_joint,RS04,-10.409945,0.000000,-15.311762,0.0000,0.0000,-10.409945,-15.000000,-0.719620,32.00
1.120013,torque-chirp,hip_flexion_right_joint,RS04,-10.592875,0.000000,-14.167871,0.0000,0.0000,-10.592875,-15.000000,-0.851456,32.00
1.128013,torque-chirp,hip_flexion_right_joint,RS04,-10.776571,0.000000,-12.974739,0.0000,0.0000,-10.776571,-15.000000,-0.884415,32.00
1.136013,torque-chirp,hip_flexion_right_joint,RS04,-10.961802,0.000000,-11.735744,0.0000,0.0000,-10.961802,-15.000000,-0.785538,32.00
1.144012,torque-chirp,hip_flexion_right_joint,RS04,-11.145499,0.000000,-10.454300,0.0000,0.0000,-11.145499,-15.000000,-1.041885,32.00
1.152012,torque-chirp,hip_flexion_right_joint,RS04,-11.329580,0.000000,-9.134119,0.0000,0.0000,-11.329580,-15.000000,-0.975967,32.00
1.160013,torque-chirp,hip_flexion_right_joint,RS04,-11.512127,0.000000,-7.778998,0.0000,0.0000,-11.512127,-15.000000,-1.415428,32.00
1.168011,torque-chirp,hip_flexion_right_joint,RS04,-11.696974,0.000000,-6.393470,0.0000,0.0000,-11.696974,-15.000000,-1.217674,32.00
1.176011,torque-chirp,hip_flexion_right_joint,RS04,-11.880287,0.000000,-4.981242,0.0000,0.0000,-11.880287,-15.000000,-0.723282,32.00
1.184013,torque-chirp,hip_flexion_right_joint,RS04,-12.063985,0.000000,-3.546687,0.0000,0.0000,-12.063985,-15.000000,-1.382469,32.00
1.192015,torque-chirp,hip_flexion_right_joint,RS04,-12.247682,0.000000,-2.094720,0.0000,0.0000,-12.247682,-15.000000,-1.177391,32.00
1.200012,torque-chirp,hip_flexion_right_joint,RS04,-12.430228,0.000000,-0.631062,0.0000,0.0000,-12.430228,-15.000000,-1.085831,32.00
1.208015,torque-chirp,hip_flexion_right_joint,RS04,12.511529,0.000000,0.841433,0.0000,0.0000,12.511529,-15.000000,-0.807510,32.00
1.216012,torque-chirp,hip_flexion_right_joint,RS04,12.326684,0.000000,2.315542,0.0000,0.0000,12.326684,-15.000000,-1.712067,32.00
1.224014,torque-chirp,hip_flexion_right_joint,RS04,12.143371,0.000000,3.787922,0.0000,0.0000,12.143371,-15.000000,-0.375374,32.00
1.232012,torque-chirp,hip_flexion_right_joint,RS04,11.962741,0.000000,5.252149,0.0000,0.0000,11.962741,-15.000000,-0.382698,32.00
1.240012,torque-chirp,hip_flexion_right_joint,RS04,11.782878,0.000000,6.703754,0.0000,0.0000,11.782878,-15.000000,1.045547,32.00
1.248012,torque-chirp,hip_flexion_right_joint,RS04,11.606084,0.000000,8.136972,0.0000,0.0000,11.606084,-15.000000,1.624176,32.00
1.256012,torque-chirp,hip_flexion_right_joint,RS04,11.436959,0.000000,9.546442,0.0000,0.0000,11.436959,-15.000000,3.418640,31.00
1.264013,torque-chirp,hip_flexion_right_joint,RS04,11.273206,0.000000,10.927155,0.0000,0.0000,11.273206,-15.000000,3.158615,32.00
1.272014,torque-chirp,hip_flexion_right_joint,RS04,11.118270,0.000000,12.273446,0.0000,0.0000,11.118270,-15.000000,4.356148,32.00
1.280012,torque-chirp,hip_flexion_right_joint,RS04,10.973308,0.000000,13.579620,0.0000,0.0000,10.973308,-15.000000,5.355919,32.00
1.292010,torque-chirp,hip_flexion_right_joint,RS04,10.778872,0.000000,15.452719,0.0000,0.0000,10.778872,-15.000000,6.179909,32.00
1.300018,torque-chirp,hip_flexion_right_joint,RS04,10.665357,0.000000,16.637947,0.0000,0.0000,10.665357,-13.600595,5.872276,32.00
1.308014,torque-chirp,hip_flexion_right_joint,RS04,10.566413,0.000000,17.763487,0.0000,0.0000,10.566413,-11.732891,6.798805,32.00
1.316012,torque-chirp,hip_flexion_right_joint,RS04,10.482810,0.000000,18.826748,0.0000,0.0000,10.482810,-9.781414,7.769279,32.00
1.324013,torque-chirp,hip_flexion_right_joint,RS04,10.415313,0.000000,19.822729,0.0000,0.0000,10.415313,-7.722363,8.106201,32.00
1.332012,torque-chirp,hip_flexion_right_joint,RS04,10.364692,0.000000,20.746422,0.0000,0.0000,10.364692,-5.579995,7.919426,32.00
1.340012,torque-chirp,hip_flexion_right_joint,RS04,10.332093,0.000000,21.593794,0.0000,0.0000,10.332093,-3.335546,8.172119,32.00
1.348013,torque-chirp,hip_flexion_right_joint,RS04,10.317138,0.000000,22.360622,0.0000,0.0000,10.317138,-1.076447,9.164566,32.00
1.356012,torque-chirp,hip_flexion_right_joint,RS04,10.319438,0.000000,23.042843,0.0000,0.0000,10.319438,0.981688,10.449982,32.00
1.364012,torque-chirp,hip_flexion_right_joint,RS04,10.339763,0.000000,23.637030,0.0000,0.0000,10.339763,3.303959,10.376740,32.00
1.372012,torque-chirp,hip_flexion_right_joint,RS04,10.378881,0.000000,24.139845,0.0000,0.0000,10.378881,5.711376,11.134811,32.00
1.380012,torque-chirp,hip_flexion_right_joint,RS04,10.436790,0.000000,24.548262,0.0000,0.0000,10.436790,8.100481,10.611115,32.00
1.388013,torque-chirp,hip_flexion_right_joint,RS04,10.513873,0.000000,24.859722,0.0000,0.0000,10.513873,10.545891,11.955139,32.00
1.396012,torque-chirp,hip_flexion_right_joint,RS04,10.610898,0.000000,25.071810,0.0000,0.0000,10.610898,12.968414,11.724426,32.00
1.404012,torque-chirp,hip_flexion_right_joint,RS04,10.727483,0.000000,25.182682,0.0000,0.0000,10.727483,15.000000,12.306702,32.00
1.412013,torque-chirp,hip_flexion_right_joint,RS04,10.864011,0.000000,25.190819,0.0000,0.0000,10.864011,15.000000,14.174408,32.00
1.420013,torque-chirp,hip_flexion_right_joint,RS04,11.021628,0.000000,25.095108,0.0000,0.0000,11.021628,15.000000,6.813454,32.00
1.428013,torque-chirp,hip_flexion_right_joint,RS04,11.195355,0.000000,24.894882,0.0000,0.0000,11.195355,15.000000,3.715271,32.00
1.436010,torque-chirp,hip_flexion_right_joint,RS04,11.376750,0.000000,24.589987,0.0000,0.0000,11.376750,15.000000,2.224762,32.00
1.444013,torque-chirp,hip_flexion_right_joint,RS04,11.561982,0.000000,24.180363,0.0000,0.0000,11.561982,15.000000,0.983292,32.00
1.452013,torque-chirp,hip_flexion_right_joint,RS04,11.747981,0.000000,23.666992,0.0000,0.0000,11.747981,15.000000,1.400772,32.00
1.460012,torque-chirp,hip_flexion_right_joint,RS04,11.934745,0.000000,23.050947,0.0000,0.0000,11.934745,15.000000,0.924698,32.00
1.468014,torque-chirp,hip_flexion_right_joint,RS04,12.121509,0.000000,22.333534,0.0000,0.0000,12.121509,15.000000,1.345840,32.00
1.476013,torque-chirp,hip_flexion_right_joint,RS04,12.307891,0.000000,21.517406,0.0000,0.0000,12.307891,15.000000,0.580460,32.00
1.484012,torque-chirp,hip_flexion_right_joint,RS04,12.494657,0.000000,20.604921,0.0000,0.0000,12.494657,15.000000,0.964981,32.00
1.492013,torque-chirp,hip_flexion_right_joint,RS04,-12.444801,0.000000,19.598917,0.0000,0.0000,-12.444801,15.000000,0.661026,32.00
1.500012,torque-chirp,hip_flexion_right_joint,RS04,-12.258803,0.000000,18.503244,0.0000,0.0000,-12.258803,15.000000,0.862442,32.00
1.508010,torque-chirp,hip_flexion_right_joint,RS04,-12.072038,0.000000,17.321871,0.0000,0.0000,-12.072038,15.000000,1.177383,32.00
1.516013,torque-chirp,hip_flexion_right_joint,RS04,-11.887574,0.000000,16.058460,0.0000,0.0000,-11.887574,15.000000,1.338516,32.00
1.524013,torque-chirp,hip_flexion_right_joint,RS04,-11.701960,0.000000,14.719142,0.0000,0.0000,-11.701960,15.000000,0.789200,32.00
1.532010,torque-chirp,hip_flexion_right_joint,RS04,-11.516345,0.000000,13.309051,0.0000,0.0000,-11.516345,15.000000,0.360718,32.00
1.540072,torque-chirp,hip_flexion_right_joint,RS04,-11.330730,0.000000,11.821539,0.0000,0.0000,-11.330730,15.000000,1.100479,32.00
1.548021,torque-chirp,hip_flexion_right_joint,RS04,-11.145116,0.000000,10.296254,0.0000,0.0000,-11.145116,15.000000,0.986954,32.00
1.556015,torque-chirp,hip_flexion_right_joint,RS04,-10.959885,0.000000,8.709762,0.0000,0.0000,-10.959885,15.000000,0.668350,32.00
1.564014,torque-chirp,hip_flexion_right_joint,RS04,-10.774654,0.000000,7.076884,0.0000,0.0000,-10.774654,15.000000,0.844131,32.00
1.572012,torque-chirp,hip_flexion_right_joint,RS04,-10.589423,0.000000,5.405586,0.0000,0.0000,-10.589423,15.000000,1.166397,32.00
1.580013,torque-chirp,hip_flexion_right_joint,RS04,-10.403809,0.000000,3.703085,0.0000,0.0000,-10.403809,15.000000,1.239639,32.00
1.588014,torque-chirp,hip_flexion_right_joint,RS04,-10.217044,0.000000,1.977361,0.0000,0.0000,-10.217044,15.000000,0.836807,32.00
1.596012,torque-chirp,hip_flexion_right_joint,RS04,-10.032579,0.000000,0.237246,0.0000,0.0000,-10.032579,15.000000,0.855118,32.00
1.604012,torque-chirp,hip_flexion_right_joint,RS04,-9.846965,0.000000,-1.509809,0.0000,0.0000,-9.846965,15.000000,1.148087,32.00
1.612014,torque-chirp,hip_flexion_right_joint,RS04,-9.661350,0.000000,-3.255608,0.0000,0.0000,-9.661350,15.000000,0.477921,32.00
1.620013,torque-chirp,hip_flexion_right_joint,RS04,-9.476119,0.000000,-4.990375,0.0000,0.0000,-9.476119,15.000000,0.880753,32.00
1.628011,torque-chirp,hip_flexion_right_joint,RS04,-9.292422,0.000000,-6.706333,0.0000,0.0000,-9.292422,15.000000,0.023804,32.00
1.636013,torque-chirp,hip_flexion_right_joint,RS04,-9.111794,0.000000,-8.395291,0.0000,0.0000,-9.111794,15.000000,-1.404442,32.00
1.644014,torque-chirp,hip_flexion_right_joint,RS04,-8.936150,0.000000,-10.047597,0.0000,0.0000,-8.936150,15.000000,-2.872971,32.00
1.652017,torque-chirp,hip_flexion_right_joint,RS04,-8.767409,0.000000,-11.655539,0.0000,0.0000,-8.767409,15.000000,-3.784851,32.00
1.660016,torque-chirp,hip_flexion_right_joint,RS04,-8.607490,0.000000,-13.209135,0.0000,0.0000,-8.607490,15.000000,-4.861519,32.00
1.668012,torque-chirp,hip_flexion_right_joint,RS04,-8.458307,0.000000,-14.700274,0.0000,0.0000,-8.458307,15.000000,-5.183792,32.00
1.676012,torque-chirp,hip_flexion_right_joint,RS04,-8.321781,0.000000,-16.122253,0.0000,0.0000,-8.321781,15.000000,-6.238495,32.00
1.684012,torque-chirp,hip_flexion_right_joint,RS04,-8.200212,0.000000,-17.466116,0.0000,0.0000,-8.200212,14.609522,-6.575417,32.00
1.692011,torque-chirp,hip_flexion_right_joint,RS04,-8.093214,0.000000,-18.724081,0.0000,0.0000,-8.093214,12.621881,-6.992905,32.00
1.700012,torque-chirp,hip_flexion_right_joint,RS04,-8.003475,0.000000,-19.889280,0.0000,0.0000,-8.003475,10.529869,-7.754639,32.00
1.708014,torque-chirp,hip_flexion_right_joint,RS04,-7.930227,0.000000,-20.954597,0.0000,0.0000,-7.930227,8.310598,-7.820557,32.00
1.716012,torque-chirp,hip_flexion_right_joint,RS04,-7.875002,0.000000,-21.912785,0.0000,0.0000,-7.875002,6.069353,-8.919205,32.00
1.724011,torque-chirp,hip_flexion_right_joint,RS04,-7.838186,0.000000,-22.758654,0.0000,0.0000,-7.838186,3.808422,-8.827652,32.00
1.732013,torque-chirp,hip_flexion_right_joint,RS04,-7.821312,0.000000,-23.486496,0.0000,0.0000,-7.821312,1.264591,-9.424583,32.00
1.740081,torque-chirp,hip_flexion_right_joint,RS04,-7.824380,0.000000,-24.095686,0.0000,0.0000,-7.824380,-1.265050,-9.311058,32.00
1.748125,torque-chirp,hip_flexion_right_joint,RS04,-7.847391,0.000000,-24.573843,0.0000,0.0000,-7.847391,-3.721905,-10.911423,32.00
1.756047,torque-chirp,hip_flexion_right_joint,RS04,-7.888808,0.000000,-24.914991,0.0000,0.0000,-7.888808,-6.093615,-11.186081,32.00
1.764015,torque-chirp,hip_flexion_right_joint,RS04,-7.949785,0.000000,-25.125261,0.0000,0.0000,-7.949785,-8.542687,-11.896538,32.00
1.772011,torque-chirp,hip_flexion_right_joint,RS04,-8.031471,0.000000,-25.199883,0.0000,0.0000,-8.031471,-11.112612,-11.094528,32.00
1.780009,torque-chirp,hip_flexion_right_joint,RS04,-8.133099,0.000000,-25.136251,0.0000,0.0000,-8.133099,-13.544290,-11.241013,32.00
1.788012,torque-chirp,hip_flexion_right_joint,RS04,-8.255436,0.000000,-24.933270,0.0000,0.0000,-8.255436,-15.000000,-12.940262,32.00
1.796011,torque-chirp,hip_flexion_right_joint,RS04,-8.398098,0.000000,-24.591005,0.0000,0.0000,-8.398098,-15.000000,-13.090408,32.00
1.804010,torque-chirp,hip_flexion_right_joint,RS04,-8.561470,0.000000,-24.110109,0.0000,0.0000,-8.561470,-15.000000,-6.161591,32.00
1.812010,torque-chirp,hip_flexion_right_joint,RS04,-8.737880,0.000000,-23.491915,0.0000,0.0000,-8.737880,-15.000000,-5.330276,32.00
1.820009,torque-chirp,hip_flexion_right_joint,RS04,-8.920426,0.000000,-22.738964,0.0000,0.0000,-8.920426,-15.000000,-2.162514,32.00
1.832015,torque-chirp,hip_flexion_right_joint,RS04,-9.197314,0.000000,-21.362833,0.0000,0.0000,-9.197314,-15.000000,-1.056534,32.00
1.840017,torque-chirp,hip_flexion_right_joint,RS04,-9.383312,0.000000,-20.287565,0.0000,0.0000,-9.383312,-15.000000,-1.023575,32.00
1.848012,torque-chirp,hip_flexion_right_joint,RS04,-9.568927,0.000000,-19.092947,0.0000,0.0000,-9.568927,-15.000000,-0.748917,32.00
1.856014,torque-chirp,hip_flexion_right_joint,RS04,-9.754541,0.000000,-17.782873,0.0000,0.0000,-9.754541,-15.000000,-0.573128,32.00
1.864015,torque-chirp,hip_flexion_right_joint,RS04,-9.939772,0.000000,-16.365067,0.0000,0.0000,-9.939772,-15.000000,-0.877090,32.00
1.872012,torque-chirp,hip_flexion_right_joint,RS04,-10.125003,0.000000,-14.847414,0.0000,0.0000,-10.125003,-15.000000,-0.807510,32.00
1.880013,torque-chirp,hip_flexion_right_joint,RS04,-10.309851,0.000000,-13.237156,0.0000,0.0000,-10.309851,-15.000000,-0.990616,32.00
1.888011,torque-chirp,hip_flexion_right_joint,RS04,-10.494314,0.000000,-11.543797,0.0000,0.0000,-10.494314,-15.000000,-0.869766,32.00
1.896010,torque-chirp,hip_flexion_right_joint,RS04,-10.678779,0.000000,-9.776568,0.0000,0.0000,-10.678779,-15.000000,-1.283592,32.00
1.904012,torque-chirp,hip_flexion_right_joint,RS04,-10.862860,0.000000,-7.944808,0.0000,0.0000,-10.862860,-15.000000,-0.631721,32.00
1.912010,torque-chirp,hip_flexion_right_joint,RS04,-11.047323,0.000000,-6.060519,0.0000,0.0000,-11.047323,-15.000000,-0.840469,32.00
1.920011,torque-chirp,hip_flexion_right_joint,RS04,-11.231020,0.000000,-4.133341,0.0000,0.0000,-11.231020,-15.000000,-1.206688,32.00
1.928011,torque-chirp,hip_flexion_right_joint,RS04,-11.415101,0.000000,-2.175594,0.0000,0.0000,-11.415101,-15.000000,-0.873428,32.00
1.936010,torque-chirp,hip_flexion_right_joint,RS04,-11.599181,0.000000,-0.199147,0.0000,0.0000,-11.599181,-15.000000,-1.360497,32.00
1.944010,torque-chirp,hip_flexion_right_joint,RS04,-11.782878,0.000000,1.784304,0.0000,0.0000,-11.782878,-15.000000,-0.543831,32.00
1.952008,torque-chirp,hip_flexion_right_joint,RS04,-11.966576,0.000000,3.761682,0.0000,0.0000,-11.966576,-15.000000,-1.159073,32.00
1.960009,torque-chirp,hip_flexion_right_joint,RS04,-12.149506,0.000000,5.721699,0.0000,0.0000,-12.149506,-15.000000,-0.401009,32.00
1.968011,torque-chirp,hip_flexion_right_joint,RS04,-12.330518,0.000000,7.651326,0.0000,0.0000,-12.330518,-15.000000,0.265503,32.00
1.976011,torque-chirp,hip_flexion_right_joint,RS04,-12.508079,0.000000,9.537581,0.0000,0.0000,-12.508079,-15.000000,1.155411,32.00
1.984010,torque-chirp,hip_flexion_right_joint,RS04,12.445952,0.000000,11.368094,0.0000,0.0000,12.445952,-15.000000,4.301216,32.00
1.992069,torque-chirp,hip_flexion_right_joint,RS04,12.280278,0.000000,13.143793,0.0000,0.0000,12.280278,-15.000000,3.543152,32.00
2.000049,torque-chirp,hip_flexion_right_joint,RS04,12.126113,0.000000,14.822194,0.0000,0.0000,12.126113,-15.000000,4.993355,32.00
2.008034,torque-chirp,hip_flexion_right_joint,RS04,11.984599,0.000000,16.410923,0.0000,0.0000,11.984599,-15.000000,6.322731,32.00
2.016036,torque-chirp,hip_flexion_right_joint,RS04,11.857278,0.000000,17.900385,0.0000,0.0000,11.857278,-15.000000,6.238503,32.00
2.024016,torque-chirp,hip_flexion_right_joint,RS04,11.746446,0.000000,19.273300,0.0000,0.0000,11.746446,-13.236668,7.827873,32.00
2.032013,torque-chirp,hip_flexion_right_joint,RS04,11.651338,0.000000,20.526218,0.0000,0.0000,11.651338,-11.152895,8.003662,32.00
2.040180,torque-chirp,hip_flexion_right_joint,RS04,11.574254,0.000000,21.669075,0.0000,0.0000,11.574254,-8.875486,9.043716,32.00
2.048016,torque-chirp,hip_flexion_right_joint,RS04,11.515578,0.000000,22.627491,0.0000,0.0000,11.515578,-6.577477,9.190201,32.00
2.060006,torque-chirp,hip_flexion_right_joint,RS04,11.464189,0.000000,23.815622,0.0000,0.0000,11.464189,-2.764248,9.428238,32.00
2.068011,torque-chirp,hip_flexion_right_joint,RS04,11.454986,0.000000,24.411842,0.0000,0.0000,11.454986,-0.305104,9.981232,32.00
2.076009,torque-chirp,hip_flexion_right_joint,RS04,11.465724,0.000000,24.843632,0.0000,0.0000,11.465724,2.257038,9.735855,32.00
2.084017,torque-chirp,hip_flexion_right_joint,RS04,11.496787,0.000000,25.107626,0.0000,0.0000,11.496787,4.737698,10.995651,32.00
2.092012,torque-chirp,hip_flexion_right_joint,RS04,11.547793,0.000000,25.199898,0.0000,0.0000,11.547793,7.208286,12.013733,32.00
2.100011,torque-chirp,hip_flexion_right_joint,RS04,11.618356,0.000000,25.118942,0.0000,0.0000,11.618356,9.762188,11.889221,32.00
2.108020,torque-chirp,hip_flexion_right_joint,RS04,11.709630,0.000000,24.863451,0.0000,0.0000,11.709630,12.300526,12.669266,32.00
2.116012,torque-chirp,hip_flexion_right_joint,RS04,11.821227,0.000000,24.434855,0.0000,0.0000,11.821227,14.848936,12.233459,32.00
2.124012,torque-chirp,hip_flexion_right_joint,RS04,11.953153,0.000000,23.833765,0.0000,0.0000,11.953153,15.000000,14.324554,32.00
2.132006,torque-chirp,hip_flexion_right_joint,RS04,12.105786,0.000000,23.063925,0.0000,0.0000,12.105786,15.000000,9.215836,32.00
2.140011,torque-chirp,hip_flexion_right_joint,RS04,12.276061,0.000000,22.127882,0.0000,0.0000,12.276061,15.000000,3.455261,32.00
2.148010,torque-chirp,hip_flexion_right_joint,RS04,12.455155,0.000000,21.032724,0.0000,0.0000,12.455155,15.000000,3.206223,32.00
2.156010,torque-chirp,hip_flexion_right_joint,RS04,-12.486603,0.000000,19.784111,0.0000,0.0000,-12.486603,15.000000,1.785309,32.00
2.164011,torque-chirp,hip_flexion_right_joint,RS04,-12.300605,0.000000,18.390078,0.0000,0.0000,-12.300605,15.000000,1.726715,32.00
2.172017,torque-chirp,hip_flexion_right_joint,RS04,-12.114223,0.000000,16.858501,0.0000,0.0000,-12.114223,15.000000,0.961319,32.00
2.180012,torque-chirp,hip_flexion_right_joint,RS04,-11.927842,0.000000,15.202688,0.0000,0.0000,-11.927842,15.000000,1.159073,32.00
2.188007,torque-chirp,hip_flexion_right_joint,RS04,-11.741076,0.000000,13.431731,0.0000,0.0000,-11.741076,15.000000,0.935684,32.00
2.196012,torque-chirp,hip_flexion_right_joint,RS04,-11.555079,0.000000,11.555452,0.0000,0.0000,-11.555079,15.000000,0.972305,32.00
2.204018,torque-chirp,hip_flexion_right_joint,RS04,-11.368697,0.000000,9.588786,0.0000,0.0000,-11.368697,15.000000,0.829483,32.00
2.212011,torque-chirp,hip_flexion_right_joint,RS04,-11.183083,0.000000,7.549199,0.0000,0.0000,-11.183083,15.000000,0.910049,32.00
2.220013,torque-chirp,hip_flexion_right_joint,RS04,-10.997468,0.000000,5.445796,0.0000,0.0000,-10.997468,15.000000,0.701309,32.00
2.228012,torque-chirp,hip_flexion_right_joint,RS04,-10.811470,0.000000,3.297123,0.0000,0.0000,-10.811470,15.000000,0.946671,32.00
2.236009,torque-chirp,hip_flexion_right_joint,RS04,-10.625855,0.000000,1.118837,0.0000,0.0000,-10.625855,15.000000,1.309219,32.00
2.244008,torque-chirp,hip_flexion_right_joint,RS04,-10.439857,0.000000,-1.074093,0.0000,0.0000,-10.439857,15.000000,0.723282,32.00
2.252010,torque-chirp,hip_flexion_right_joint,RS04,-10.254627,0.000000,-3.265442,0.0000,0.0000,-10.254627,15.000000,1.071182,32.00
2.260008,torque-chirp,hip_flexion_right_joint,RS04,-10.069012,0.000000,-5.436091,0.0000,0.0000,-10.069012,15.000000,0.529190,32.00
2.268020,torque-chirp,hip_flexion_right_joint,RS04,-9.884932,0.000000,-7.574059,0.0000,0.0000,-9.884932,15.000000,0.049438,32.00
2.276042,torque-chirp,hip_flexion_right_joint,RS04,-9.702385,0.000000,-9.661602,0.0000,0.0000,-9.702385,15.000000,-1.777985,32.00
2.284043,torque-chirp,hip_flexion_right_joint,RS04,-9.525974,0.000000,-11.673447,0.0000,0.0000,-9.525974,15.000000,-6.209198,32.00
2.292023,torque-chirp,hip_flexion_right_joint,RS04,-9.358385,0.000000,-13.594647,0.0000,0.0000,-9.358385,15.000000,-3.517517,32.00
2.300266,torque-chirp,hip_flexion_right_joint,RS04,-9.194246,0.000000,-15.472684,0.0000,0.0000,-9.194246,15.000000,-4.978714,32.00
2.308041,torque-chirp,hip_flexion_right_joint,RS04,-9.051584,0.000000,-17.130234,0.0000,0.0000,-9.051584,15.000000,-6.597389,32.00
2.316031,torque-chirp,hip_flexion_right_joint,RS04,-8.921193,0.000000,-18.704103,0.0000,0.0000,-8.921193,15.000000,-6.846420,32.00
2.324024,torque-chirp,hip_flexion_right_joint,RS04,-8.806526,0.000000,-20.134150,0.0000,0.0000,-8.806526,13.520943,-8.655525,32.00
2.332020,torque-chirp,hip_flexion_right_joint,RS04,-8.709501,0.000000,-21.407267,0.0000,0.0000,-8.709501,11.379034,-9.259789,32.00
2.340012,torque-chirp,hip_flexion_right_joint,RS04,-8.631267,0.000000,-22.511435,0.0000,0.0000,-8.631267,8.944609,-8.509041,32.00
2.348012,torque-chirp,hip_flexion_right_joint,RS04,-8.572207,0.000000,-23.437626,0.0000,0.0000,-8.572207,6.481804,-9.680939,32.00
2.356010,torque-chirp,hip_flexion_right_joint,RS04,-8.533091,0.000000,-24.175848,0.0000,0.0000,-8.533091,4.001144,-9.783478,32.00
2.364010,torque-chirp,hip_flexion_right_joint,RS04,-8.515450,0.000000,-24.719013,0.0000,0.0000,-8.515450,1.307163,-9.860382,32.00
2.372010,torque-chirp,hip_flexion_right_joint,RS04,-8.518133,0.000000,-25.060961,0.0000,0.0000,-8.518133,-1.219730,-11.347214,32.00
2.380010,torque-chirp,hip_flexion_right_joint,RS04,-8.540760,0.000000,-25.197432,0.0000,0.0000,-8.540760,-3.770428,-10.871140,32.00
2.388011,torque-chirp,hip_flexion_right_joint,RS04,-8.583713,0.000000,-25.125763,0.0000,0.0000,-8.583713,-6.271229,-11.742729,32.00
2.396009,torque-chirp,hip_flexion_right_joint,RS04,-8.647373,0.000000,-24.845156,0.0000,0.0000,-8.647373,-8.860380,-11.980774,32.00
2.404010,torque-chirp,hip_flexion_right_joint,RS04,-8.731360,0.000000,-24.356215,0.0000,0.0000,-8.731360,-11.379492,-11.405807,32.00
2.412044,torque-chirp,hip_flexion_right_joint,RS04,-8.836056,0.000000,-23.658255,0.0000,0.0000,-8.836056,-13.928817,-11.603569,32.00
2.420037,torque-chirp,hip_flexion_right_joint,RS04,-8.959927,0.000000,-22.762489,0.0000,0.0000,-8.959927,-15.000000,-11.885551,32.00
2.428026,torque-chirp,hip_flexion_right_joint,RS04,-9.103356,0.000000,-21.672602,0.0000,0.0000,-9.103356,-15.000000,-12.742500,32.00
2.436017,torque-chirp,hip_flexion_right_joint,RS04,-9.266727,0.000000,-20.395790,0.0000,0.0000,-9.266727,-15.000000,-6.165253,32.00
2.444013,torque-chirp,hip_flexion_right_joint,RS04,-9.443138,0.000000,-18.940804,0.0000,0.0000,-9.443138,-15.000000,-3.689636,32.00
2.456029,torque-chirp,hip_flexion_right_joint,RS04,-9.716958,0.000000,-16.445868,0.0000,0.0000,-9.716958,-15.000000,-1.836578,32.00
2.464024,torque-chirp,hip_flexion_right_joint,RS04,-9.901806,0.000000,-14.599862,0.0000,0.0000,-9.901806,-15.000000,-1.477684,32.00
2.472011,torque-chirp,hip_flexion_right_joint,RS04,-10.087420,0.000000,-12.624777,0.0000,0.0000,-10.087420,-15.000000,-1.448387,32.00
2.480014,torque-chirp,hip_flexion_right_joint,RS04,-10.273035,0.000000,-10.530703,0.0000,0.0000,-10.273035,-15.000000,-0.858780,32.00
2.488015,torque-chirp,hip_flexion_right_joint,RS04,-10.458649,0.000000,-8.339546,0.0000,0.0000,-10.458649,-15.000000,-1.008926,32.00
2.496014,torque-chirp,hip_flexion_right_joint,RS04,-10.643497,0.000000,-6.070510,0.0000,0.0000,-10.643497,-15.000000,-0.946671,32.00
2.504016,torque-chirp,hip_flexion_right_joint,RS04,-10.828728,0.000000,-3.741163,0.0000,0.0000,-10.828728,-15.000000,-0.774551,32.00
2.512020,torque-chirp,hip_flexion_right_joint,RS04,-11.013576,0.000000,-1.372686,0.0000,0.0000,-11.013576,-15.000000,-0.964981,32.00
2.520016,torque-chirp,hip_flexion_right_joint,RS04,-11.197656,0.000000,1.011502,0.0000,0.0000,-11.197656,-15.000000,-1.327538,32.00
2.528010,torque-chirp,hip_flexion_right_joint,RS04,-11.381736,0.000000,3.391445,0.0000,0.0000,-11.381736,-15.000000,-1.239647,32.00
2.536013,torque-chirp,hip_flexion_right_joint,RS04,-11.565434,0.000000,5.748955,0.0000,0.0000,-11.565434,-15.000000,-0.906387,32.00
2.544010,torque-chirp,hip_flexion_right_joint,RS04,-11.747980,0.000000,8.057987,0.0000,0.0000,-11.747980,-15.000000,0.357056,32.00
2.552166,torque-chirp,hip_flexion_right_joint,RS04,-11.926691,0.000000,10.342670,0.0000,0.0000,-11.926691,-15.000000,1.598541,32.00
2.560015,torque-chirp,hip_flexion_right_joint,RS04,-12.100417,0.000000,12.453799,0.0000,0.0000,-12.100417,-15.000000,4.370796,32.00
2.568010,torque-chirp,hip_flexion_right_joint,RS04,-12.265706,0.000000,14.495506,0.0000,0.0000,-12.265706,-15.000000,4.341499,32.00
2.576012,torque-chirp,hip_flexion_right_joint,RS04,-12.420641,0.000000,16.409494,0.0000,0.0000,-12.420641,-15.000000,6.092003,32.00
2.584006,torque-chirp,hip_flexion_right_joint,RS04,-12.561385,0.000000,18.173931,0.0000,0.0000,-12.561385,-15.000000,6.868385,32.00
2.592011,torque-chirp,hip_flexion_right_joint,RS04,12.439433,0.000000,19.775158,0.0000,0.0000,12.439433,-14.932708,8.201416,32.00
2.600007,torque-chirp,hip_flexion_right_joint,RS04,12.332053,0.000000,21.193037,0.0000,0.0000,12.332053,-12.602198,8.336914,32.00
2.608011,torque-chirp,hip_flexion_right_joint,RS04,12.242696,0.000000,22.415762,0.0000,0.0000,12.242696,-10.296864,9.230484,32.00
2.616015,torque-chirp,hip_flexion_right_joint,RS04,12.173282,0.000000,23.429222,0.0000,0.0000,12.173282,-7.850538,10.113068,32.00
2.624010,torque-chirp,hip_flexion_right_joint,RS04,12.123811,0.000000,24.221279,0.0000,0.0000,12.123811,-5.313573,9.805435,32.00
2.632008,torque-chirp,hip_flexion_right_joint,RS04,12.095048,0.000000,24.784439,0.0000,0.0000,12.095048,-2.647974,9.728531,32.00
2.640009,torque-chirp,hip_flexion_right_joint,RS04,12.088145,0.000000,25.111513,0.0000,0.0000,12.088145,0.062487,10.497589,32.00
2.648010,torque-chirp,hip_flexion_right_joint,RS04,12.102334,0.000000,25.197388,0.0000,0.0000,12.102334,2.760128,10.896774,32.00
2.656012,torque-chirp,hip_flexion_right_joint,RS04,12.137235,0.000000,25.039625,0.0000,0.0000,12.137235,5.280155,11.566940,32.00
2.664013,torque-chirp,hip_flexion_right_joint,RS04,12.192073,0.000000,24.638115,0.0000,0.0000,12.192073,7.737011,11.046921,32.00
2.672014,torque-chirp,hip_flexion_right_joint,RS04,12.267623,0.000000,23.995165,0.0000,0.0000,12.267623,10.328907,11.632858,32.00
2.680012,torque-chirp,hip_flexion_right_joint,RS04,12.362733,0.000000,23.115883,0.0000,0.0000,12.362733,12.822384,11.094528,32.00
2.688010,torque-chirp,hip_flexion_right_joint,RS04,12.477782,0.000000,22.006981,0.0000,0.0000,12.477782,15.000000,12.387268,32.00
2.696006,torque-chirp,hip_flexion_right_joint,RS04,-12.513831,0.000000,20.678598,0.0000,0.0000,-12.513831,15.000000,14.280609,32.00
2.704016,torque-chirp,hip_flexion_right_joint,RS04,-12.360814,0.000000,19.138893,0.0000,0.0000,-12.360814,15.000000,9.633316,32.00
2.712012,torque-chirp,hip_flexion_right_joint,RS04,-12.190924,0.000000,17.407673,0.0000,0.0000,-12.190924,15.000000,4.455025,32.00
2.720020,torque-chirp,hip_flexion_right_joint,RS04,-12.012212,0.000000,15.495321,0.0000,0.0000,-12.012212,15.000000,2.404221,32.00
2.728013,torque-chirp,hip_flexion_right_joint,RS04,-11.828515,0.000000,13.426390,0.0000,0.0000,-11.828515,15.000000,1.415436,32.00
2.736012,torque-chirp,hip_flexion_right_joint,RS04,-11.643284,0.000000,11.215686,0.0000,0.0000,-11.643284,15.000000,1.832916,32.00
2.744010,torque-chirp,hip_flexion_right_joint,RS04,-11.456903,0.000000,8.886470,0.0000,0.0000,-11.456903,15.000000,0.840469,32.00
2.752006,torque-chirp,hip_flexion_right_joint,RS04,-11.270905,0.000000,6.462331,0.0000,0.0000,-11.270905,15.000000,1.008926,32.00
2.760073,torque-chirp,hip_flexion_right_joint,RS04,-11.082989,0.000000,3.944254,0.0000,0.0000,-11.082989,15.000000,1.181046,32.00
2.768044,torque-chirp,hip_flexion_right_joint,RS04,-10.896607,0.000000,1.409991,0.0000,0.0000,-10.896607,15.000000,1.019913,32.00
2.776040,torque-chirp,hip_flexion_right_joint,RS04,-10.710609,0.000000,-1.152235,0.0000,0.0000,-10.710609,15.000000,1.016251,32.00
2.784023,torque-chirp,hip_flexion_right_joint,RS04,-10.525762,0.000000,-3.703832,0.0000,0.0000,-10.525762,15.000000,1.155411,32.00
2.792050,torque-chirp,hip_flexion_right_joint,RS04,-10.338614,0.000000,-6.236149,0.0000,0.0000,-10.338614,15.000000,0.734268,32.00
2.800020,torque-chirp,hip_flexion_right_joint,RS04,-10.155300,0.000000,-8.691164,0.0000,0.0000,-10.155300,15.000000,-0.814835,32.00
2.808009,torque-chirp,hip_flexion_right_joint,RS04,-9.974287,0.000000,-11.066102,0.0000,0.0000,-9.974287,15.000000,-1.752350,32.00
2.816012,torque-chirp,hip_flexion_right_joint,RS04,-9.798644,0.000000,-13.333214,0.0000,0.0000,-9.798644,15.000000,-3.847107,32.00
2.824018,torque-chirp,hip_flexion_right_joint,RS04,-9.631821,0.000000,-15.464576,0.0000,0.0000,-9.631821,15.000000,-5.220413,32.00
2.832010,torque-chirp,hip_flexion_right_joint,RS04,-9.476887,0.000000,-17.432310,0.0000,0.0000,-9.476887,15.000000,-7.018539,32.00
2.840012,torque-chirp,hip_flexion_right_joint,RS04,-9.336908,0.000000,-19.220121,0.0000,0.0000,-9.336908,15.000000,-7.937744,32.00
2.848015,torque-chirp,hip_flexion_right_joint,RS04,-9.213421,0.000000,-20.805372,0.0000,0.0000,-9.213421,14.677271,-8.574959,32.00
2.856011,torque-chirp,hip_flexion_right_joint,RS04,-9.108726,0.000000,-22.168236,0.0000,0.0000,-9.108726,12.261616,-9.695587,32.00
2.864006,torque-chirp,hip_flexion_right_joint,RS04,-9.023205,0.000000,-23.293821,0.0000,0.0000,-9.023205,9.797438,-9.351341,32.00
2.872012,torque-chirp,hip_flexion_right_joint,RS04,-8.958393,0.000000,-24.169619,0.0000,0.0000,-8.958393,7.252232,-9.647980,32.00
2.880009,torque-chirp,hip_flexion_right_joint,RS04,-8.914290,0.000000,-24.782217,0.0000,0.0000,-8.914290,4.522547,-10.849167,32.00
2.888009,torque-chirp,hip_flexion_right_joint,RS04,-8.891664,0.000000,-25.124401,0.0000,0.0000,-8.891664,1.834974,-9.860382,32.00
2.896017,torque-chirp,hip_flexion_right_joint,RS04,-8.892047,0.000000,-25.190331,0.0000,0.0000,-8.892047,-1.076447,-9.677277,32.00
2.904009,torque-chirp,hip_flexion_right_joint,RS04,-8.913139,0.000000,-24.977730,0.0000,0.0000,-8.913139,-3.492561,-12.057678,32.00
2.912011,torque-chirp,hip_flexion_right_joint,RS04,-8.954942,0.000000,-24.486866,0.0000,0.0000,-8.954942,-6.120623,-11.303268,32.00
2.924011,torque-chirp,hip_flexion_right_joint,RS04,-9.055802,0.000000,-23.238480,0.0000,0.0000,-9.055802,-9.969101,-11.277634,32.00
2.932013,torque-chirp,hip_flexion_right_joint,RS04,-9.147842,0.000000,-22.075396,0.0000,0.0000,-9.147842,-12.383383,-12.119934,32.00
2.940011,torque-chirp,hip_flexion_right_joint,RS04,-9.259058,0.000000,-20.661673,0.0000,0.0000,-9.259058,-14.726254,-10.845505,32.00
2.948011,torque-chirp,hip_flexion_right_joint,RS04,-9.389448,0.000000,-19.010593,0.0000,0.0000,-9.389448,-15.000000,-11.123825,32.00
2.956012,torque-chirp,hip_flexion_right_joint,RS04,-9.537479,0.000000,-17.139618,0.0000,0.0000,-9.537479,-15.000000,-8.882584,32.00
2.964011,torque-chirp,hip_flexion_right_joint,RS04,-9.702002,0.000000,-15.069686,0.0000,0.0000,-9.702002,-15.000000,-5.392540,32.00
2.972020,torque-chirp,hip_flexion_right_joint,RS04,-9.878029,0.000000,-12.819765,0.0000,0.0000,-9.878029,-15.000000,-3.550476,32.00
2.980012,torque-chirp,hip_flexion_right_joint,RS04,-10.059424,0.000000,-10.422712,0.0000,0.0000,-10.059424,-15.000000,-1.895172,32.00
2.988045,torque-chirp,hip_flexion_right_joint,RS04,-10.244656,0.000000,-7.887212,0.0000,0.0000,-10.244656,-15.000000,-1.386131,32.00
2.996017,torque-chirp,hip_flexion_right_joint,RS04,-10.428352,0.000000,-5.274161,0.0000,0.0000,-10.428352,-15.000000,-0.943008,32.00
3.004015,torque-chirp,hip_flexion_right_joint,RS04,-10.613200,0.000000,-2.586374,0.0000,0.0000,-10.613200,-15.000000,-1.030899,32.00
3.012015,torque-chirp,hip_flexion_right_joint,RS04,-10.798431,0.000000,0.138204,0.0000,0.0000,-10.798431,-15.000000,-1.495995,32.00
3.020012,torque-chirp,hip_flexion_right_joint,RS04,-10.983278,0.000000,2.865461,0.0000,0.0000,-10.983278,-15.000000,-0.928360,32.00
3.028023,torque-chirp,hip_flexion_right_joint,RS04,-11.167743,0.000000,5.569256,0.0000,0.0000,-11.167743,-15.000000,-1.192039,32.00
3.036015,torque-chirp,hip_flexion_right_joint,RS04,-11.351056,0.000000,8.205812,0.0000,0.0000,-11.351056,-15.000000,-0.122681,32.00
3.044010,torque-chirp,hip_flexion_right_joint,RS04,-11.531685,0.000000,10.751790,0.0000,0.0000,-11.531685,-15.000000,0.792862,32.00
3.052162,torque-chirp,hip_flexion_right_joint,RS04,-11.706945,0.000000,13.220446,0.0000,0.0000,-11.706945,-15.000000,5.176476,32.00
3.060015,torque-chirp,hip_flexion_right_joint,RS04,-11.874151,0.000000,15.448088,0.0000,0.0000,-11.874151,-15.000000,3.909363,32.00
3.068015,torque-chirp,hip_flexion_right_joint,RS04,-12.029469,0.000000,17.537453,0.0000,0.0000,-12.029469,-15.000000,6.176247,32.00
3.076017,torque-chirp,hip_flexion_right_joint,RS04,-12.170981,0.000000,19.419493,0.0000,0.0000,-12.170981,-15.000000,6.989235,32.00
3.084019,torque-chirp,hip_flexion_right_joint,RS04,-12.295619,0.000000,21.069601,0.0000,0.0000,-12.295619,-14.794461,8.618896,32.00
3.092011,torque-chirp,hip_flexion_right_joint,RS04,-12.401082,0.000000,22.464235,0.0000,0.0000,-12.401082,-12.364157,8.626221,32.00
3.100010,torque-chirp,hip_flexion_right_joint,RS04,-12.486986,0.000000,23.588413,0.0000,0.0000,-12.486986,-9.811627,10.014191,32.00
3.108012,torque-chirp,hip_flexion_right_joint,RS04,-12.552181,0.000000,24.425295,0.0000,0.0000,-12.552181,-7.275120,10.358429,32.00
3.116007,torque-chirp,hip_flexion_right_joint,RS04,12.529172,0.000000,24.962145,0.0000,0.0000,12.529172,-4.602198,10.475616,32.00
3.124008,torque-chirp,hip_flexion_right_joint,RS04,12.506545,0.000000,25.191422,0.0000,0.0000,12.506545,-1.933852,11.533981,32.00
3.132016,torque-chirp,hip_flexion_right_joint,RS04,12.505393,0.000000,25.107698,0.0000,0.0000,12.505393,0.858090,10.915085,32.00
3.140095,torque-chirp,hip_flexion_right_joint,RS04,12.524186,0.000000,24.704880,0.0000,0.0000,12.524186,3.162508,11.057907,32.00
3.148049,torque-chirp,hip_flexion_right_joint,RS04,-12.562153,0.000000,23.999020,0.0000,0.0000,-12.562153,5.772259,11.339890,32.00
3.156024,torque-chirp,hip_flexion_right_joint,RS04,-12.503094,0.000000,22.990404,0.0000,0.0000,-12.503094,8.206226,11.164108,32.00
3.164021,torque-chirp,hip_flexion_right_joint,RS04,-12.424476,0.000000,21.687155,0.0000,0.0000,-12.424476,10.646143,11.416794,32.00
3.172016,torque-chirp,hip_flexion_right_joint,RS04,-12.326300,0.000000,20.107080,0.0000,0.0000,-12.326300,13.052643,10.482941,32.00
3.180009,torque-chirp,hip_flexion_right_joint,RS04,-12.210865,0.000000,18.268919,0.0000,0.0000,-12.210865,15.000000,10.585480,32.00
3.188015,torque-chirp,hip_flexion_right_joint,RS04,-12.078175,0.000000,16.190437,0.0000,0.0000,-12.078175,15.000000,11.475388,32.00
3.196013,torque-chirp,hip_flexion_right_joint,RS04,-11.929376,0.000000,13.902138,0.0000,0.0000,-11.929376,15.000000,10.288849,32.00
3.204008,torque-chirp,hip_flexion_right_joint,RS04,-11.765621,0.000000,11.431784,0.0000,0.0000,-11.765621,15.000000,6.710915,32.00
3.212014,torque-chirp,hip_flexion_right_joint,RS04,-11.590744,0.000000,8.804948,0.0000,0.0000,-11.590744,15.000000,3.422302,32.00
3.220013,torque-chirp,hip_flexion_right_joint,RS04,-11.410115,0.000000,6.061412,0.0000,0.0000,-11.410115,15.000000,1.763336,32.00
3.228008,torque-chirp,hip_flexion_right_joint,RS04,-11.226418,0.000000,3.234919,0.0000,0.0000,-11.226418,15.000000,1.550934,32.00
3.236015,torque-chirp,hip_flexion_right_joint,RS04,-11.041187,0.000000,0.356197,0.0000,0.0000,-11.041187,15.000000,1.360489,32.00
3.244013,torque-chirp,hip_flexion_right_joint,RS04,-10.855573,0.000000,-2.529539,0.0000,0.0000,-10.855573,15.000000,0.723282,32.00
3.252009,torque-chirp,hip_flexion_right_joint,RS04,-10.669958,0.000000,-5.386409,0.0000,0.0000,-10.669958,15.000000,0.613419,32.00
3.260014,torque-chirp,hip_flexion_right_joint,RS04,-10.484344,0.000000,-8.180980,0.0000,0.0000,-10.484344,15.000000,0.353394,32.00
3.268009,torque-chirp,hip_flexion_right_joint,RS04,-10.301030,0.000000,-10.868787,0.0000,0.0000,-10.301030,15.000000,-1.316551,32.00
3.276014,torque-chirp,hip_flexion_right_joint,RS04,-10.122702,0.000000,-13.419909,0.0000,0.0000,-10.122702,15.000000,-5.352249,32.00
3.284013,torque-chirp,hip_flexion_right_joint,RS04,-9.952044,0.000000,-15.794522,0.0000,0.0000,-9.952044,15.000000,-4.220642,32.00
3.292009,torque-chirp,hip_flexion_right_joint,RS04,-9.792508,0.000000,-17.960596,0.0000,0.0000,-9.792508,15.000000,-6.099335,32.00
3.300012,torque-chirp,hip_flexion_right_joint,RS04,-9.647545,0.000000,-19.890390,0.0000,0.0000,-9.647545,15.000000,-8.230721,32.00
3.308009,torque-chirp,hip_flexion_right_joint,RS04,-9.520605,0.000000,-21.553202,0.0000,0.0000,-9.520605,15.000000,-8.157471,32.00
3.316013,torque-chirp,hip_flexion_right_joint,RS04,-9.412842,0.000000,-22.927494,0.0000,0.0000,-9.412842,12.607691,-9.937286,32.00
3.324009,torque-chirp,hip_flexion_right_joint,RS04,-9.325403,0.000000,-23.990444,0.0000,0.0000,-9.325403,10.084459,-9.325706,32.00
3.332022,torque-chirp,hip_flexion_right_joint,RS04,-9.259058,0.000000,-24.728477,0.0000,0.0000,-9.259058,7.399176,-10.058136,32.00
3.340013,torque-chirp,hip_flexion_right_joint,RS04,-9.214188,0.000000,-25.126255,0.0000,0.0000,-9.214188,4.614100,-11.219040,32.00
3.348018,torque-chirp,hip_flexion_right_joint,RS04,-9.190794,0.000000,-25.178694,0.0000,0.0000,-9.190794,1.907301,-10.065460,32.00
3.356016,torque-chirp,hip_flexion_right_joint,RS04,-9.191177,0.000000,-24.882521,0.0000,0.0000,-9.191177,-0.987183,-9.779816,32.00
3.364008,torque-chirp,hip_flexion_right_joint,RS04,-9.213037,0.000000,-24.240715,0.0000,0.0000,-9.213037,-3.590066,-12.032043,32.00
3.372017,torque-chirp,hip_flexion_right_joint,RS04,-9.254456,0.000000,-23.257654,0.0000,0.0000,-9.254456,-6.032731,-11.068893,32.00
3.380012,torque-chirp,hip_flexion_right_joint,RS04,-9.316199,0.000000,-21.949062,0.0000,0.0000,-9.316199,-8.539024,-11.552299,32.00
3.392005,torque-chirp,hip_flexion_right_joint,RS04,-9.444673,0.000000,-19.409962,0.0000,0.0000,-9.444673,-12.120165,-11.332565,32.00
3.400048,torque-chirp,hip_flexion_right_joint,RS04,-9.553970,0.000000,-17.352648,0.0000,0.0000,-9.553970,-14.300069,-10.468300,32.00
3.408038,torque-chirp,hip_flexion_right_joint,RS04,-9.678608,0.000000,-15.058498,0.0000,0.0000,-9.678608,-15.000000,-10.274208,32.00
3.416035,torque-chirp,hip_flexion_right_joint,RS04,-9.818970,0.000000,-12.544045,0.0000,0.0000,-9.818970,-15.000000,-10.039825,32.00
3.424020,torque-chirp,hip_flexion_right_joint,RS04,-9.973520,0.000000,-9.850123,0.0000,0.0000,-9.973520,-15.000000,-10.314491,32.00
3.432023,torque-chirp,hip_flexion_right_joint,RS04,-10.139959,0.000000,-7.003863,0.0000,0.0000,-10.139959,-15.000000,-4.824898,32.00
3.440019,torque-chirp,hip_flexion_right_joint,RS04,-10.315220,0.000000,-4.053876,0.0000,0.0000,-10.315220,-15.000000,-2.766769,32.00
3.452007,torque-chirp,hip_flexion_right_joint,RS04,-10.586355,0.000000,0.475130,0.0000,0.0000,-10.586355,-15.000000,-1.569237,32.00
3.460006,torque-chirp,hip_flexion_right_joint,RS04,-10.769285,0.000000,3.504225,0.0000,0.0000,-10.769285,-15.000000,-1.770660,32.00
3.468015,torque-chirp,hip_flexion_right_joint,RS04,-10.953365,0.000000,6.492031,0.0000,0.0000,-10.953365,-15.000000,-0.481575,32.00
3.476014,torque-chirp,hip_flexion_right_joint,RS04,-11.135912,0.000000,9.385940,0.0000,0.0000,-11.135912,-15.000000,0.122681,32.00
3.484009,torque-chirp,hip_flexion_right_joint,RS04,-11.315391,0.000000,12.145955,0.0000,0.0000,-11.315391,-15.000000,2.059967,32.00
3.492017,torque-chirp,hip_flexion_right_joint,RS04,-11.488350,0.000000,14.736292,0.0000,0.0000,-11.488350,-15.000000,4.037537,32.00
3.500015,torque-chirp,hip_flexion_right_joint,RS04,-11.652488,0.000000,17.110037,0.0000,0.0000,-11.652488,-15.000000,5.853966,32.00
3.508007,torque-chirp,hip_flexion_right_joint,RS04,-11.803204,0.000000,19.232489,0.0000,0.0000,-11.803204,-15.000000,6.787819,32.00
3.516015,torque-chirp,hip_flexion_right_joint,RS04,-11.937046,0.000000,21.075964,0.0000,0.0000,-11.937046,-15.000000,7.937737,32.00
3.524013,torque-chirp,hip_flexion_right_joint,RS04,-12.052480,0.000000,22.605169,0.0000,0.0000,-12.052480,-13.557107,9.241470,32.00
3.532009,torque-chirp,hip_flexion_right_joint,RS04,-12.147971,0.000000,23.797552,0.0000,0.0000,-12.147971,-11.047151,9.900665,32.00
3.540016,torque-chirp,hip_flexion_right_joint,RS04,-12.222754,0.000000,24.634813,0.0000,0.0000,-12.222754,-8.421835,10.559845,32.00
3.548013,torque-chirp,hip_flexion_right_joint,RS04,-12.275677,0.000000,25.099983,0.0000,0.0000,-12.275677,-5.562600,10.409698,32.00
3.556135,torque-chirp,hip_flexion_right_joint,RS04,-12.306741,0.000000,25.183588,0.0000,0.0000,-12.306741,-2.893339,9.988556,32.00
3.564024,torque-chirp,hip_flexion_right_joint,RS04,-12.316328,0.000000,24.886385,0.0000,0.0000,-12.316328,-0.352713,12.123596,32.00
3.572016,torque-chirp,hip_flexion_right_joint,RS04,-12.305974,0.000000,24.207537,0.0000,0.0000,-12.305974,2.145342,12.090637,32.00
3.580009,torque-chirp,hip_flexion_right_joint,RS04,-12.274910,0.000000,23.156675,0.0000,0.0000,-12.274910,4.818722,10.904099,32.00
3.588014,torque-chirp,hip_flexion_right_joint,RS04,-12.223905,0.000000,21.745838,0.0000,0.0000,-12.223905,7.198214,11.376511,32.00
3.596010,torque-chirp,hip_flexion_right_joint,RS04,-12.153724,0.000000,19.997908,0.0000,0.0000,-12.153724,9.585947,11.695114,32.00
3.604009,torque-chirp,hip_flexion_right_joint,RS04,-12.065902,0.000000,17.936493,0.0000,0.0000,-12.065902,11.787367,9.779800,32.00
3.612014,torque-chirp,hip_flexion_right_joint,RS04,-11.960823,0.000000,15.590823,0.0000,0.0000,-11.960823,13.855574,9.256119,32.00
3.620012,torque-chirp,hip_flexion_right_joint,RS04,-11.840787,0.000000,12.999287,0.0000,0.0000,-11.840787,15.000000,9.073013,32.00
3.628008,torque-chirp,hip_flexion_right_joint,RS04,-11.707329,0.000000,10.200006,0.0000,0.0000,-11.707329,15.000000,8.065918,32.00
3.636014,torque-chirp,hip_flexion_right_joint,RS04,-11.561598,0.000000,7.232203,0.0000,0.0000,-11.561598,15.000000,6.740211,32.00
3.644012,torque-chirp,hip_flexion_right_joint,RS04,-11.406664,0.000000,4.148219,0.0000,0.0000,-11.406664,15.000000,7.326164,32.00
3.652010,torque-chirp,hip_flexion_right_joint,RS04,-11.244060,0.000000,0.992608,0.0000,0.0000,-11.244060,15.000000,6.476540,32.00
3.660018,torque-chirp,hip_flexion_right_joint,RS04,-11.077236,0.000000,-2.188023,0.0000,0.0000,-11.077236,15.000000,3.865417,32.00
3.668011,torque-chirp,hip_flexion_right_joint,RS04,-10.908113,0.000000,-5.333214,0.0000,0.0000,-10.908113,15.000000,1.935455,32.00
3.676007,torque-chirp,hip_flexion_right_joint,RS04,-10.740139,0.000000,-8.399953,0.0000,0.0000,-10.740139,15.000000,0.012817,32.00
3.684014,torque-chirp,hip_flexion_right_joint,RS04,-10.574083,0.000000,-11.341026,0.0000,0.0000,-10.574083,15.000000,-2.103912,32.00
3.692013,torque-chirp,hip_flexion_right_joint,RS04,-10.412629,0.000000,-14.101567,0.0000,0.0000,-10.412629,15.000000,-2.565346,32.00
3.700008,torque-chirp,hip_flexion_right_joint,RS04,-10.259229,0.000000,-16.637877,0.0000,0.0000,-10.259229,15.000000,-4.378113,32.00
3.708013,torque-chirp,hip_flexion_right_joint,RS04,-10.117333,0.000000,-18.911205,0.0000,0.0000,-10.117333,15.000000,-6.615700,32.00
3.720006,torque-chirp,hip_flexion_right_joint,RS04,-9.934403,0.000000,-21.737011,0.0000,0.0000,-9.934403,13.966354,-8.241707,32.00
3.732009,torque-chirp,hip_flexion_right_joint,RS04,-9.791740,0.000000,-23.772602,0.0000,0.0000,-9.791740,10.521629,-8.146484,32.00
3.744008,torque-chirp,hip_flexion_right_joint,RS04,-9.692798,0.000000,-24.933723,0.0000,0.0000,-9.692798,6.739986,-9.164574,32.00
3.756009,torque-chirp,hip_flexion_right_joint,RS04,-9.641026,0.000000,-25.171312,0.0000,0.0000,-9.641026,2.695126,-11.178757,32.00
3.768007,torque-chirp,hip_flexion_right_joint,RS04,-9.637190,0.000000,-24.469278,0.0000,0.0000,-9.637190,-1.202793,-11.142136,32.00
3.776005,torque-chirp,hip_flexion_right_joint,RS04,-9.659433,0.000000,-23.487532,0.0000,0.0000,-9.659433,-3.764935,-10.786911,32.00
3.788011,torque-chirp,hip_flexion_right_joint,RS04,-9.731148,0.000000,-21.278151,0.0000,0.0000,-9.731148,-7.421149,-11.090866,32.00
3.796014,torque-chirp,hip_flexion_right_joint,RS04,-9.803629,0.000000,-19.347948,0.0000,0.0000,-9.803629,-9.819867,-11.200729,32.00
3.804010,torque-chirp,hip_flexion_right_joint,RS04,-9.894135,0.000000,-17.089533,0.0000,0.0000,-9.894135,-12.009384,-9.864044,32.00
3.812028,torque-chirp,hip_flexion_right_joint,RS04,-10.000749,0.000000,-14.529807,0.0000,0.0000,-10.000749,-14.093615,-9.252464,32.00
3.820014,torque-chirp,hip_flexion_right_joint,RS04,-10.122702,0.000000,-11.729323,0.0000,0.0000,-10.122702,-15.000000,-8.065918,32.00
3.828008,torque-chirp,hip_flexion_right_joint,RS04,-10.256927,0.000000,-8.721035,0.0000,0.0000,-10.256927,-15.000000,-6.923325,32.00
3.836013,torque-chirp,hip_flexion_right_joint,RS04,-10.402275,0.000000,-5.554188,0.0000,0.0000,-10.402275,-15.000000,-7.688713,32.00
3.844013,torque-chirp,hip_flexion_right_joint,RS04,-10.556442,0.000000,-2.288588,0.0000,0.0000,-10.556442,-15.000000,-4.678413,32.00
3.852009,torque-chirp,hip_flexion_right_joint,RS04,-10.715979,0.000000,1.020628,0.0000,0.0000,-10.715979,-15.000000,-4.378113,32.00
3.860013,torque-chirp,hip_flexion_right_joint,RS04,-10.877815,0.000000,4.320567,0.0000,0.0000,-10.877815,-15.000000,-2.495766,32.00
3.868010,torque-chirp,hip_flexion_right_joint,RS04,-11.039653,0.000000,7.548690,0.0000,0.0000,-11.039653,-15.000000,-0.917374,32.00
3.880005,torque-chirp,hip_flexion_right_joint,RS04,-11.278957,0.000000,12.136409,0.0000,0.0000,-11.278957,-15.000000,1.294571,32.00
3.888006,torque-chirp,hip_flexion_right_joint,RS04,-11.433509,0.000000,14.948351,0.0000,0.0000,-11.433509,-15.000000,1.774323,32.00
3.896012,torque-chirp,hip_flexion_right_joint,RS04,-11.580773,0.000000,17.503515,0.0000,0.0000,-11.580773,-15.000000,4.846870,32.00
3.908008,torque-chirp,hip_flexion_right_joint,RS04,-11.777893,0.000000,20.748371,0.0000,0.0000,-11.777893,-15.000000,6.894020,32.00
3.916004,torque-chirp,hip_flexion_right_joint,RS04,-11.888341,0.000000,22.464251,0.0000,0.0000,-11.888341,-13.066834,8.886230,32.00
3.924013,torque-chirp,hip_flexion_right_joint,RS04,-11.980381,0.000000,23.785564,0.0000,0.0000,-11.980381,-10.654840,9.677261,32.00
3.932012,torque-chirp,hip_flexion_right_joint,RS04,-12.051712,0.000000,24.682905,0.0000,0.0000,-12.051712,-7.953078,10.438995,32.00
3.940008,torque-chirp,hip_flexion_right_joint,RS04,-12.101184,0.000000,25.139957,0.0000,0.0000,-12.101184,-5.337377,10.189972,32.00
3.948012,torque-chirp,hip_flexion_right_joint,RS04,-12.129180,0.000000,25.146461,0.0000,0.0000,-12.129180,-2.533989,10.856491,32.00
3.956059,torque-chirp,hip_flexion_right_joint,RS04,-12.134165,0.000000,24.695759,0.0000,0.0000,-12.134165,0.434196,10.541534,32.00
3.964049,torque-chirp,hip_flexion_right_joint,RS04,-12.117291,0.000000,23.800722,0.0000,0.0000,-12.117291,3.052643,11.325241,32.00
3.972055,torque-chirp,hip_flexion_right_joint,RS04,-12.080475,0.000000,22.470284,0.0000,0.0000,-12.080475,5.513161,11.380173,32.00
3.980017,torque-chirp,hip_flexion_right_joint,RS04,-12.024484,0.000000,20.739071,0.0000,0.0000,-12.024484,7.889448,11.153122,32.00
3.988022,torque-chirp,hip_flexion_right_joint,RS04,-11.949701,0.000000,18.617468,0.0000,0.0000,-11.949701,10.186543,11.072556,32.00
3.996010,torque-chirp,hip_flexion_right_joint,RS04,-11.857661,0.000000,16.156723,0.0000,0.0000,-11.857661,12.224995,9.732193,32.00
4.004016,torque-chirp,hip_flexion_right_joint,RS04,-11.749897,0.000000,13.389150,0.0000,0.0000,-11.749897,14.131151,9.918976,32.00
4.016009,torque-chirp,hip_flexion_right_joint,RS04,-11.562366,0.000000,8.789783,0.0000,0.0000,-11.562366,15.000000,7.633781,32.00
4.024007,torque-chirp,hip_flexion_right_joint,RS04,-11.422004,0.000000,5.500509,0.0000,0.0000,-11.422004,15.000000,7.831535,32.00
4.032012,torque-chirp,hip_flexion_right_joint,RS04,-11.272055,0.000000,2.101240,0.0000,0.0000,-11.272055,15.000000,5.418175,32.00
4.040022,torque-chirp,hip_flexion_right_joint,RS04,-11.115970,0.000000,-1.345412,0.0000,0.0000,-11.115970,15.000000,5.128853,32.00
4.048020,torque-chirp,hip_flexion_right_joint,RS04,-10.957584,0.000000,-4.766796,0.0000,0.0000,-10.957584,15.000000,2.287018,32.00
4.056013,torque-chirp,hip_flexion_right_joint,RS04,-10.798815,0.000000,-8.102454,0.0000,0.0000,-10.798815,15.000000,-0.162964,32.00
4.064009,torque-chirp,hip_flexion_right_joint,RS04,-10.641963,0.000000,-11.292212,0.0000,0.0000,-10.641963,15.000000,-0.496223,32.00
4.072014,torque-chirp,hip_flexion_right_joint,RS04,-10.488563,0.000000,-14.277506,0.0000,0.0000,-10.488563,15.000000,-1.792633,32.00
4.080013,torque-chirp,hip_flexion_right_joint,RS04,-10.342832,0.000000,-16.994455,0.0000,0.0000,-10.342832,15.000000,-4.890816,32.00
4.088008,torque-chirp,hip_flexion_right_joint,RS04,-10.208223,0.000000,-19.391815,0.0000,0.0000,-10.208223,15.000000,-7.230942,32.00
4.096084,torque-chirp,hip_flexion_right_joint,RS04,-10.089337,0.000000,-21.442146,0.0000,0.0000,-10.089337,14.084915,-7.978027,32.00
4.104020,torque-chirp,hip_flexion_right_joint,RS04,-9.988477,0.000000,-23.053144,0.0000,0.0000,-9.988477,11.750744,-8.783707,32.00
4.112033,torque-chirp,hip_flexion_right_joint,RS04,-9.907175,0.000000,-24.240522,0.0000,0.0000,-9.907175,9.234379,-10.552536,32.00
4.120031,torque-chirp,hip_flexion_right_joint,RS04,-9.847348,0.000000,-24.960617,0.0000,0.0000,-9.847348,6.566032,-10.592819,32.00
4.128016,torque-chirp,hip_flexion_right_joint,RS04,-9.809765,0.000000,-25.199989,0.0000,0.0000,-9.809765,3.729687,-10.838181,32.00
4.136011,torque-chirp,hip_flexion_right_joint,RS04,-9.793275,0.000000,-24.952688,0.0000,0.0000,-9.793275,1.055389,-11.299606,32.00
4.144015,torque-chirp,hip_flexion_right_joint,RS04,-9.799794,0.000000,-24.219469,0.0000,0.0000,-9.799794,-1.684367,-11.698784,32.00
4.152012,torque-chirp,hip_flexion_right_joint,RS04,-9.826256,0.000000,-23.013601,0.0000,0.0000,-9.826256,-4.182879,-10.720993,32.00
4.160009,torque-chirp,hip_flexion_right_joint,RS04,-9.872660,0.000000,-21.356041,0.0000,0.0000,-9.872660,-6.675899,-11.442429,32.00
4.168014,torque-chirp,hip_flexion_right_joint,RS04,-9.938238,0.000000,-19.274969,0.0000,0.0000,-9.938238,-8.947356,-10.981003,32.00
4.176013,torque-chirp,hip_flexion_right_joint,RS04,-10.021841,0.000000,-16.812506,0.0000,0.0000,-10.021841,-11.204165,-9.647980,32.00
4.184008,torque-chirp,hip_flexion_right_joint,RS04,-10.121552,0.000000,-14.015693,0.0000,0.0000,-10.121552,-13.146029,-8.911880,32.00
4.192013,torque-chirp,hip_flexion_right_joint,RS04,-10.235835,0.000000,-10.933381,0.0000,0.0000,-10.235835,-14.941405,-8.303963,32.00
4.200011,torque-chirp,hip_flexion_right_joint,RS04,-10.362774,0.000000,-7.631765,0.0000,0.0000,-10.362774,-15.000000,-6.820786,32.00
4.208010,torque-chirp,hip_flexion_right_joint,RS04,-10.499683,0.000000,-4.172585,0.0000,0.0000,-10.499683,-15.000000,-5.905243,32.00
4.216015,torque-chirp,hip_flexion_right_joint,RS04,-10.644648,0.000000,-0.621834,0.0000,0.0000,-10.644648,-15.000000,-5.451134,32.00
4.224013,torque-chirp,hip_flexion_right_joint,RS04,-10.794212,0.000000,2.943859,0.0000,0.0000,-10.794212,-15.000000,-2.466469,32.00
4.232008,torque-chirp,hip_flexion_right_joint,RS04,-10.945696,0.000000,6.454297,0.0000,0.0000,-10.945696,-15.000000,-1.364159,32.00
4.240013,torque-chirp,hip_flexion_right_joint,RS04,-11.096795,0.000000,9.844598,0.0000,0.0000,-11.096795,-15.000000,0.239868,32.00
4.248010,torque-chirp,hip_flexion_right_joint,RS04,-11.244826,0.000000,13.037428,0.0000,0.0000,-11.244826,-15.000000,0.573135,32.00
4.256009,torque-chirp,hip_flexion_right_joint,RS04,-11.387105,0.000000,15.970968,0.0000,0.0000,-11.387105,-15.000000,3.590759,32.00
4.264015,torque-chirp,hip_flexion_right_joint,RS04,-11.521714,0.000000,18.586277,0.0000,0.0000,-11.521714,-15.000000,6.132301,32.00
4.272012,torque-chirp,hip_flexion_right_joint,RS04,-11.641366,0.000000,20.822868,0.0000,0.0000,-11.641366,-14.213092,6.996559,32.00
4.280009,torque-chirp,hip_flexion_right_joint,RS04,-11.743378,0.000000,22.636320,0.0000,0.0000,-11.743378,-11.990616,8.296631,32.00
4.288017,torque-chirp,hip_flexion_right_joint,RS04,-11.826214,0.000000,23.989008,0.0000,0.0000,-11.826214,-9.476082,10.003204,32.00
4.296013,torque-chirp,hip_flexion_right_joint,RS04,-11.887958,0.000000,24.847061,0.0000,0.0000,-11.887958,-6.798123,10.720978,32.00
4.304010,torque-chirp,hip_flexion_right_joint,RS04,-11.928609,0.000000,25.192986,0.0000,0.0000,-11.928609,-4.143512,10.559845,32.00
4.312012,torque-chirp,hip_flexion_right_joint,RS04,-11.947017,0.000000,25.016764,0.0000,0.0000,-11.947017,-1.393225,11.724426,32.00
4.320006,torque-chirp,hip_flexion_right_joint,RS04,-11.944715,0.000000,24.320238,0.0000,0.0000,-11.944715,1.116732,11.336227,32.00
4.328014,torque-chirp,hip_flexion_right_joint,RS04,-11.921705,0.000000,23.113176,0.0000,0.0000,-11.921705,3.793774,11.841614,32.00
4.336011,torque-chirp,hip_flexion_right_joint,RS04,-11.878370,0.000000,21.421900,0.0000,0.0000,-11.878370,6.292746,11.010300,32.00
4.344012,torque-chirp,hip_flexion_right_joint,RS04,-11.816243,0.000000,19.277241,0.0000,0.0000,-11.816243,8.580681,11.281296,32.00
4.352008,torque-chirp,hip_flexion_right_joint,RS04,-11.736858,0.000000,16.724649,0.0000,0.0000,-11.736858,10.799953,9.325699,32.00
4.364011,torque-chirp,hip_flexion_right_joint,RS04,-11.586143,0.000000,12.241407,0.0000,0.0000,-11.586143,13.568552,10.420685,32.00
4.372011,torque-chirp,hip_flexion_right_joint,RS04,-11.467640,0.000000,8.909253,0.0000,0.0000,-11.467640,15.000000,7.703362,32.00
4.380007,torque-chirp,hip_flexion_right_joint,RS04,-11.338401,0.000000,5.384245,0.0000,0.0000,-11.338401,15.000000,6.293434,32.00
4.388015,torque-chirp,hip_flexion_right_joint,RS04,-11.198422,0.000000,1.733492,0.0000,0.0000,-11.198422,15.000000,4.129089,32.00
4.396013,torque-chirp,hip_flexion_right_joint,RS04,-11.053843,0.000000,-1.955634,0.0000,0.0000,-11.053843,15.000000,3.836121,32.00
4.404008,torque-chirp,hip_flexion_right_joint,RS04,-10.906578,0.000000,-5.606783,0.0000,0.0000,-10.906578,15.000000,1.463043,32.00
4.412012,torque-chirp,hip_flexion_right_joint,RS04,-10.758930,0.000000,-9.146377,0.0000,0.0000,-10.758930,15.000000,0.316772,32.00
4.420006,torque-chirp,hip_flexion_right_joint,RS04,-10.613584,0.000000,-12.489428,0.0000,0.0000,-10.613584,15.000000,-0.060425,32.00
4.428012,torque-chirp,hip_flexion_right_joint,RS04,-10.472455,0.000000,-15.571612,0.0000,0.0000,-10.472455,15.000000,-3.429619,32.00
4.436013,torque-chirp,hip_flexion_right_joint,RS04,-10.339380,0.000000,-18.317223,0.0000,0.0000,-10.339380,15.000000,-5.905243,32.00
4.448006,torque-chirp,hip_flexion_right_joint,RS04,-10.165271,0.000000,-21.675398,0.0000,0.0000,-10.165271,13.330969,-7.831543,32.00
4.460069,torque-chirp,hip_flexion_right_joint,RS04,-10.028745,0.000000,-23.985807,0.0000,0.0000,-10.028745,9.988327,-8.010986,32.00
4.472063,torque-chirp,hip_flexion_right_joint,RS04,-9.935554,0.000000,-25.100492,0.0000,0.0000,-9.935554,6.247883,-9.904327,32.00
4.480065,torque-chirp,hip_flexion_right_joint,RS04,-9.899121,0.000000,-25.154612,0.0000,0.0000,-9.899121,3.603800,-10.515907,32.00
4.488042,torque-chirp,hip_flexion_right_joint,RS04,-9.886082,0.000000,-24.653234,0.0000,0.0000,-9.886082,0.609979,-10.358437,32.00
4.496031,torque-chirp,hip_flexion_right_joint,RS04,-9.895287,0.000000,-23.603935,0.0000,0.0000,-9.895287,-2.096361,-10.724655,32.00
4.508011,torque-chirp,hip_flexion_right_joint,RS04,-9.947059,0.000000,-21.053659,0.0000,0.0000,-9.947059,-5.752575,-11.654839,32.00
4.516008,torque-chirp,hip_flexion_right_joint,RS04,-10.006118,0.000000,-18.750864,0.0000,0.0000,-10.006118,-8.208514,-11.251999,32.00
4.524017,torque-chirp,hip_flexion_right_joint,RS04,-10.083201,0.000000,-16.019247,0.0000,0.0000,-10.083201,-10.388876,-10.087440,32.00
4.532018,torque-chirp,hip_flexion_right_joint,RS04,-10.176393,0.000000,-12.925036,0.0000,0.0000,-10.176393,-12.310140,-9.413597,32.00
4.540008,torque-chirp,hip_flexion_right_joint,RS04,-10.282622,0.000000,-9.539253,0.0000,0.0000,-10.282622,-13.943923,-8.029297,32.00
4.548016,torque-chirp,hip_flexion_right_joint,RS04,-10.402275,0.000000,-5.924356,0.0000,0.0000,-10.402275,-15.000000,-6.579079,32.00
4.556013,torque-chirp,hip_flexion_right_joint,RS04,-10.529981,0.000000,-2.174418,0.0000,0.0000,-10.529981,-15.000000,-4.667427,32.00
4.564010,torque-chirp,hip_flexion_right_joint,RS04,-10.663439,0.000000,1.630612,0.0000,0.0000,-10.663439,-15.000000,-3.495537,32.00
4.572016,torque-chirp,hip_flexion_right_joint,RS04,-10.800732,0.000000,5.408321,0.0000,0.0000,-10.800732,-15.000000,-1.997711,32.00
4.580012,torque-chirp,hip_flexion_right_joint,RS04,-10.937642,0.000000,9.062507,0.0000,0.0000,-10.937642,-15.000000,-0.994278,32.00
4.588007,torque-chirp,hip_flexion_right_joint,RS04,-11.072250,0.000000,12.513411,0.0000,0.0000,-11.072250,-15.000000,-0.162964,32.00
4.596013,torque-chirp,hip_flexion_right_joint,RS04,-11.204175,0.000000,15.684905,0.0000,0.0000,-11.204175,-15.000000,2.188141,32.00
4.604012,torque-chirp,hip_flexion_right_joint,RS04,-11.326896,0.000000,18.495174,0.0000,0.0000,-11.326896,-14.904325,5.711143,32.00
4.612112,torque-chirp,hip_flexion_right_joint,RS04,-11.436960,0.000000,20.907963,0.0000,0.0000,-11.436960,-13.042115,6.908669,32.00
4.620022,torque-chirp,hip_flexion_right_joint,RS04,-11.529768,0.000000,22.786659,0.0000,0.0000,-11.529768,-10.822385,8.794678,32.00
4.628012,torque-chirp,hip_flexion_right_joint,RS04,-11.603784,0.000000,24.158859,0.0000,0.0000,-11.603784,-8.342184,9.098648,32.00
4.636008,torque-chirp,hip_flexion_right_joint,RS04,-11.657090,0.000000,24.969587,0.0000,0.0000,-11.657090,-5.748913,10.699005,32.00
4.644013,torque-chirp,hip_flexion_right_joint,RS04,-11.688537,0.000000,25.195835,0.0000,0.0000,-11.688537,-3.086519,11.610886,32.00
4.652015,torque-chirp,hip_flexion_right_joint,RS04,-11.697741,0.000000,24.828856,0.0000,0.0000,-11.697741,-0.195697,10.193634,32.00
4.660008,torque-chirp,hip_flexion_right_joint,RS04,-11.685085,0.000000,23.876291,0.0000,0.0000,-11.685085,2.459831,11.687790,32.00
4.668015,torque-chirp,hip_flexion_right_joint,RS04,-11.652871,0.000000,22.355051,0.0000,0.0000,-11.652871,4.983978,11.522995,32.00
4.676012,torque-chirp,hip_flexion_right_joint,RS04,-11.600716,0.000000,20.302618,0.0000,0.0000,-11.600716,7.274204,10.680695,32.00
4.684008,torque-chirp,hip_flexion_right_joint,RS04,-11.530151,0.000000,17.764622,0.0000,0.0000,-11.530151,9.607462,9.988556,32.00
4.692013,torque-chirp,hip_flexion_right_joint,RS04,-11.442713,0.000000,14.795725,0.0000,0.0000,-11.442713,11.597391,9.823746,32.00
4.700011,torque-chirp,hip_flexion_right_joint,RS04,-11.339551,0.000000,11.470859,0.0000,0.0000,-11.339551,13.547495,8.413818,32.00
4.708007,torque-chirp,hip_flexion_right_joint,RS04,-11.223734,0.000000,7.867212,0.0000,0.0000,-11.223734,15.000000,7.765617,32.00
4.716013,torque-chirp,hip_flexion_right_joint,RS04,-11.097945,0.000000,4.063710,0.0000,0.0000,-11.097945,15.000000,5.465782,32.00
4.724012,torque-chirp,hip_flexion_right_joint,RS04,-10.962953,0.000000,0.160661,0.0000,0.0000,-10.962953,15.000000,4.070496,32.00
4.732008,torque-chirp,hip_flexion_right_joint,RS04,-10.824125,0.000000,-3.750547,0.0000,0.0000,-10.824125,15.000000,2.792404,32.00
4.740013,torque-chirp,hip_flexion_right_joint,RS04,-10.683764,0.000000,-7.580754,0.0000,0.0000,-10.683764,15.000000,1.741364,32.00
4.748013,torque-chirp,hip_flexion_right_joint,RS04,-10.544554,0.000000,-11.229118,0.0000,0.0000,-10.544554,15.000000,0.316772,32.00
4.756008,torque-chirp,hip_flexion_right_joint,RS04,-10.408027,0.000000,-14.606030,0.0000,0.0000,-10.408027,15.000000,-1.887848,32.00
4.764014,torque-chirp,hip_flexion_right_joint,RS04,-10.277253,0.000000,-17.634501,0.0000,0.0000,-10.277253,15.000000,-4.414734,32.00
4.772033,torque-chirp,hip_flexion_right_joint,RS04,-10.157984,0.000000,-20.237074,0.0000,0.0000,-10.157984,14.343555,-6.355690,32.00
4.780012,torque-chirp,hip_flexion_right_joint,RS04,-10.054055,0.000000,-22.333376,0.0000,0.0000,-10.054055,12.253376,-7.952393,32.00
4.788013,torque-chirp,hip_flexion_right_joint,RS04,-9.968918,0.000000,-23.887228,0.0000,0.0000,-9.968918,9.724194,-9.831085,32.00
4.796009,torque-chirp,hip_flexion_right_joint,RS04,-9.903723,0.000000,-24.850754,0.0000,0.0000,-9.903723,7.186769,-10.442665,32.00
4.804014,torque-chirp,hip_flexion_right_joint,RS04,-9.860388,0.000000,-25.199036,0.0000,0.0000,-9.860388,4.520258,-10.285194,32.00
4.812086,torque-chirp,hip_flexion_right_joint,RS04,-9.839294,0.000000,-24.914249,0.0000,0.0000,-9.839294,1.633554,-10.684372,32.00
4.820087,torque-chirp,hip_flexion_right_joint,RS04,-9.839294,0.000000,-24.006149,0.0000,0.0000,-9.839294,-0.878691,-11.889214,32.00
4.828039,torque-chirp,hip_flexion_right_joint,RS04,-9.858853,0.000000,-22.506433,0.0000,0.0000,-9.858853,-3.337377,-10.475624,32.00
4.836024,torque-chirp,hip_flexion_right_joint,RS04,-9.898354,0.000000,-20.436222,0.0000,0.0000,-9.898354,-5.813458,-10.651413,32.00
4.844018,torque-chirp,hip_flexion_right_joint,RS04,-9.957029,0.000000,-17.847044,0.0000,0.0000,-9.957029,-8.131609,-9.944611,32.00
4.852256,torque-chirp,hip_flexion_right_joint,RS04,-10.034881,0.000000,-14.704897,0.0000,0.0000,-10.034881,-10.268482,-9.805450,32.00
4.860031,torque-chirp,hip_flexion_right_joint,RS04,-10.123853,0.000000,-11.371686,0.0000,0.0000,-10.123853,-12.005264,-7.945068,32.00
4.868018,torque-chirp,hip_flexion_right_joint,RS04,-10.228165,0.000000,-7.659397,0.0000,0.0000,-10.228165,-13.396887,-6.934311,32.00
4.876015,torque-chirp,hip_flexion_right_joint,RS04,-10.342832,0.000000,-3.742682,0.0000,0.0000,-10.342832,-14.707484,-6.597389,32.00
4.884013,torque-chirp,hip_flexion_right_joint,RS04,-10.464785,0.000000,0.275604,0.0000,0.0000,-10.464785,-15.000000,-4.136414,32.00
4.892015,torque-chirp,hip_flexion_right_joint,RS04,-10.591341,0.000000,4.294332,0.0000,0.0000,-10.591341,-15.000000,-1.825592,32.00
4.900015,torque-chirp,hip_flexion_right_joint,RS04,-10.719047,0.000000,8.207299,0.0000,0.0000,-10.719047,-15.000000,-0.734268,32.00
4.908013,torque-chirp,hip_flexion_right_joint,RS04,-10.845602,0.000000,11.913553,0.0000,0.0000,-10.845602,-15.000000,-0.404671,32.00
4.916013,torque-chirp,hip_flexion_right_joint,RS04,-10.969090,0.000000,15.317456,0.0000,0.0000,-10.969090,-15.000000,1.580231,32.00
4.924014,torque-chirp,hip_flexion_right_joint,RS04,-11.085290,0.000000,18.330090,0.0000,0.0000,-11.085290,-14.159991,5.117867,32.00
4.932013,torque-chirp,hip_flexion_right_joint,RS04,-11.188835,0.000000,20.870144,0.0000,0.0000,-11.188835,-12.354544,7.498283,32.00
4.940021,torque-chirp,hip_flexion_right_joint,RS04,-11.277040,0.000000,22.872364,0.0000,0.0000,-11.277040,-10.198443,8.091553,32.00
4.948013,torque-chirp,hip_flexion_right_joint,RS04,-11.346070,0.000000,24.276745,0.0000,0.0000,-11.346070,-7.733349,9.336685,32.00
4.956071,torque-chirp,hip_flexion_right_joint,RS04,-11.394775,0.000000,25.052334,0.0000,0.0000,-11.394775,-5.113070,10.574493,32.00
4.964036,torque-chirp,hip_flexion_right_joint,RS04,-11.421237,0.000000,25.164307,0.0000,0.0000,-11.421237,-2.444724,11.563278,32.00
4.972022,torque-chirp,hip_flexion_right_joint,RS04,-11.426222,0.000000,24.617523,0.0000,0.0000,-11.426222,0.338980,11.244675,32.00
4.980016,torque-chirp,hip_flexion_right_joint,RS04,-11.410499,0.000000,23.420935,0.0000,0.0000,-11.410499,2.734493,10.977341,32.00
4.988014,torque-chirp,hip_flexion_right_joint,RS04,-11.375600,0.000000,21.602713,0.0000,0.0000,-11.375600,5.222019,10.830856,32.00
4.996011,torque-chirp,hip_flexion_right_joint,RS04,-11.320760,0.000000,19.209442,0.0000,0.0000,-11.320760,7.682537,11.651169,32.00
5.008050,torque-chirp,hip_flexion_right_joint,RS04,-11.204943,0.000000,14.660571,0.0000,0.0000,-11.204943,10.908903,9.735855,32.00
5.016029,torque-chirp,hip_flexion_right_joint,RS04,-11.107149,0.000000,11.133917,0.0000,0.0000,-11.107149,12.926298,9.109634,32.00
5.024022,torque-chirp,hip_flexion_right_joint,RS04,-10.995934,0.000000,7.299244,0.0000,0.0000,-10.995934,14.353626,7.373772,32.00
5.032013,torque-chirp,hip_flexion_right_joint,RS04,-10.874364,0.000000,3.264579,0.0000,0.0000,-10.874364,15.000000,5.436485,32.00
5.040010,torque-chirp,hip_flexion_right_joint,RS04,-10.745508,0.000000,-0.866288,0.0000,0.0000,-10.745508,15.000000,4.498970,32.00
5.048013,torque-chirp,hip_flexion_right_joint,RS04,-10.613200,0.000000,-4.982306,0.0000,0.0000,-10.613200,15.000000,3.015793,32.00
5.056012,torque-chirp,hip_flexion_right_joint,RS04,-10.478591,0.000000,-8.967352,0.0000,0.0000,-10.478591,15.000000,0.997940,32.00
5.064009,torque-chirp,hip_flexion_right_joint,RS04,-10.346666,0.000000,-12.712562,0.0000,0.0000,-10.346666,15.000000,0.137329,32.00
5.072011,torque-chirp,hip_flexion_right_joint,RS04,-10.217044,0.000000,-16.119122,0.0000,0.0000,-10.217044,15.000000,-1.858551,32.00
5.080009,torque-chirp,hip_flexion_right_joint,RS04,-10.096624,0.000000,-19.089197,0.0000,0.0000,-10.096624,14.615015,-5.517052,32.00
5.088007,torque-chirp,hip_flexion_right_joint,RS04,-9.988860,0.000000,-21.540533,0.0000,0.0000,-9.988860,12.806362,-7.132065,32.00
5.096007,torque-chirp,hip_flexion_right_joint,RS04,-9.897587,0.000000,-23.404463,0.0000,0.0000,-9.897587,10.540398,-8.849625,32.00
5.104011,torque-chirp,hip_flexion_right_joint,RS04,-9.825872,0.000000,-24.627542,0.0000,0.0000,-9.825872,7.925156,-9.182884,32.00
5.112117,torque-chirp,hip_flexion_right_joint,RS04,-9.776017,0.000000,-25.174477,0.0000,0.0000,-9.776017,5.186312,-10.907761,32.00
5.120016,torque-chirp,hip_flexion_right_joint,RS04,-9.748022,0.000000,-25.020405,0.0000,0.0000,-9.748022,2.563288,-10.797897,32.00
5.128012,torque-chirp,hip_flexion_right_joint,RS04,-9.742653,0.000000,-24.175228,0.0000,0.0000,-9.742653,-0.245594,-11.808647,32.00
5.136012,torque-chirp,hip_flexion_right_joint,RS04,-9.757993,0.000000,-22.656250,0.0000,0.0000,-9.757993,-2.852140,-10.439003,32.00
5.144011,torque-chirp,hip_flexion_right_joint,RS04,-9.792508,0.000000,-20.503969,0.0000,0.0000,-9.792508,-5.149691,-10.673386,32.00
5.152056,torque-chirp,hip_flexion_right_joint,RS04,-9.846965,0.000000,-17.758278,0.0000,0.0000,-9.846965,-7.509499,-10.783249,32.00
5.160023,torque-chirp,hip_flexion_right_joint,RS04,-9.917912,0.000000,-14.539726,0.0000,0.0000,-9.917912,-9.569468,-9.585716,32.00
5.168020,torque-chirp,hip_flexion_right_joint,RS04,-10.004968,0.000000,-10.897077,0.0000,0.0000,-10.004968,-11.428016,-8.618904,32.00
5.176022,torque-chirp,hip_flexion_right_joint,RS04,-10.104294,0.000000,-6.940413,0.0000,0.0000,-10.104294,-13.056764,-7.395744,32.00
5.184014,torque-chirp,hip_flexion_right_joint,RS04,-10.213976,0.000000,-2.787954,0.0000,0.0000,-10.213976,-14.091784,-5.879608,32.00
5.192011,torque-chirp,hip_flexion_right_joint,RS04,-10.329793,0.000000,1.451986,0.0000,0.0000,-10.329793,-14.775234,-3.392998,32.00
5.200009,torque-chirp,hip_flexion_right_joint,RS04,-10.450596,0.000000,5.656601,0.0000,0.0000,-10.450596,-15.000000,-1.957428,32.00
5.208008,torque-chirp,hip_flexion_right_joint,RS04,-10.570248,0.000000,9.705846,0.0000,0.0000,-10.570248,-15.000000,-0.906387,32.00
5.216007,torque-chirp,hip_flexion_right_joint,RS04,-10.689517,0.000000,13.483251,0.0000,0.0000,-10.689517,-14.687800,1.192032,32.00
5.224009,torque-chirp,hip_flexion_right_joint,RS04,-10.804184,0.000000,16.881237,0.0000,0.0000,-10.804184,-14.102312,2.301666,32.00
5.232012,torque-chirp,hip_flexion_right_joint,RS04,-10.910414,0.000000,19.798983,0.0000,0.0000,-10.910414,-12.694209,5.421837,32.00
5.240015,torque-chirp,hip_flexion_right_joint,RS04,-11.002070,0.000000,22.150421,0.0000,0.0000,-11.002070,-10.739986,7.033195,32.00
5.248009,torque-chirp,hip_flexion_right_joint,RS04,-11.075703,0.000000,23.864071,0.0000,0.0000,-11.075703,-8.367819,8.776367,32.00
5.256010,torque-chirp,hip_flexion_right_joint,RS04,-11.129393,0.000000,24.891119,0.0000,0.0000,-11.129393,-5.845503,10.091095,32.00
5.264013,torque-chirp,hip_flexion_right_joint,RS04,-11.161990,0.000000,25.197565,0.0000,0.0000,-11.161990,-3.112154,11.219040,32.00
5.272007,torque-chirp,hip_flexion_right_joint,RS04,-11.172344,0.000000,24.772161,0.0000,0.0000,-11.172344,-0.280843,10.310822,32.00
5.280015,torque-chirp,hip_flexion_right_joint,RS04,-11.159689,0.000000,23.622513,0.0000,0.0000,-11.159689,2.469902,11.028610,32.00
5.288011,torque-chirp,hip_flexion_right_joint,RS04,-11.127858,0.000000,21.782986,0.0000,0.0000,-11.127858,4.896544,11.471725,32.00
5.296010,torque-chirp,hip_flexion_right_joint,RS04,-11.075703,0.000000,19.302662,0.0000,0.0000,-11.075703,7.367590,10.318146,32.00
5.304009,torque-chirp,hip_flexion_right_joint,RS04,-11.006289,0.000000,16.251791,0.0000,0.0000,-11.006289,9.492561,9.527115,32.00
5.316005,torque-chirp,hip_flexion_right_joint,RS04,-10.870913,0.000000,10.804559,0.0000,0.0000,-10.870913,12.469442,8.798340,32.00
5.324020,torque-chirp,hip_flexion_right_joint,RS04,-10.762383,0.000000,6.735535,0.0000,0.0000,-10.762383,14.044174,8.197754,32.00
5.332010,torque-chirp,hip_flexion_right_joint,RS04,-10.642730,0.000000,2.474531,0.0000,0.0000,-10.642730,15.000000,5.498741,32.00
5.340021,torque-chirp,hip_flexion_right_joint,RS04,-10.516558,0.000000,-1.876749,0.0000,0.0000,-10.516558,15.000000,4.319527,32.00
5.348011,torque-chirp,hip_flexion_right_joint,RS04,-10.386934,0.000000,-6.165914,0.0000,0.0000,-10.386934,15.000000,2.580002,32.00
5.356011,torque-chirp,hip_flexion_right_joint,RS04,-10.257694,0.000000,-10.282459,0.0000,0.0000,-10.257694,15.000000,0.741592,32.00
5.364011,torque-chirp,hip_flexion_right_joint,RS04,-10.129605,0.000000,-14.095619,0.0000,0.0000,-10.129605,15.000000,-1.078506,32.00
5.372012,torque-chirp,hip_flexion_right_joint,RS04,-10.005351,0.000000,-17.491066,0.0000,0.0000,-10.005351,15.000000,-3.945984,32.00
5.380024,torque-chirp,hip_flexion_right_joint,RS04,-9.891068,0.000000,-20.368122,0.0000,0.0000,-9.891068,13.729229,-5.744102,32.00
5.388012,torque-chirp,hip_flexion_right_joint,RS04,-9.792508,0.000000,-22.626272,0.0000,0.0000,-9.792508,11.621195,-7.692375,32.00
5.396011,torque-chirp,hip_flexion_right_joint,RS04,-9.711972,0.000000,-24.206621,0.0000,0.0000,-9.711972,9.141451,-10.146034,32.00
5.404011,torque-chirp,hip_flexion_right_joint,RS04,-9.651380,0.000000,-25.055054,0.0000,0.0000,-9.651380,6.514763,-10.365761,32.00
5.412008,torque-chirp,hip_flexion_right_joint,RS04,-9.613413,0.000000,-25.142992,0.0000,0.0000,-9.613413,3.772717,-11.394821,32.00
5.420012,torque-chirp,hip_flexion_right_joint,RS04,-9.596922,0.000000,-24.464228,0.0000,0.0000,-9.596922,1.087433,-10.871140,32.00
5.428006,torque-chirp,hip_flexion_right_joint,RS04,-9.602291,0.000000,-23.038689,0.0000,0.0000,-9.602291,-1.564889,-11.068893,32.00
5.436020,torque-chirp,hip_flexion_right_joint,RS04,-9.627603,0.000000,-20.900299,0.0000,0.0000,-9.627603,-4.075762,-10.570847,32.00
5.444010,torque-chirp,hip_flexion_right_joint,RS04,-9.672089,0.000000,-18.124420,0.0000,0.0000,-9.672089,-6.463950,-10.497597,32.00
5.452009,torque-chirp,hip_flexion_right_joint,RS04,-9.733832,0.000000,-14.784386,0.0000,0.0000,-9.733832,-8.465782,-9.757843,32.00
5.460009,torque-chirp,hip_flexion_right_joint,RS04,-9.811683,0.000000,-10.983616,0.0000,0.0000,-9.811683,-10.305562,-9.193871,32.00
5.468011,torque-chirp,hip_flexion_right_joint,RS04,-9.902956,0.000000,-6.837156,0.0000,0.0000,-9.902956,-11.975052,-7.252914,32.00
5.476012,torque-chirp,hip_flexion_right_joint,RS04,-10.003817,0.000000,-2.474117,0.0000,0.0000,-10.003817,-13.037538,-5.842979,32.00
5.484031,torque-chirp,hip_flexion_right_joint,RS04,-10.112731,0.000000,1.981830,0.0000,0.0000,-10.112731,-13.711375,-4.312195,32.00
5.492019,torque-chirp,hip_flexion_right_joint,RS04,-10.224330,0.000000,6.364460,0.0000,0.0000,-10.224330,-13.912795,-1.137100,32.00
5.504009,torque-chirp,hip_flexion_right_joint,RS04,-10.390387,0.000000,12.538770,0.0000,0.0000,-10.390387,-13.888990,0.452271,32.00
5.512012,torque-chirp,hip_flexion_right_joint,RS04,-10.499300,0.000000,16.200483,0.0000,0.0000,-10.499300,-13.476997,1.173721,32.00
5.520012,torque-chirp,hip_flexion_right_joint,RS04,-10.602845,0.000000,19.356592,0.0000,0.0000,-10.602845,-12.439231,4.304878,32.00
5.528016,torque-chirp,hip_flexion_right_joint,RS04,-10.694118,0.000000,21.906841,0.0000,0.0000,-10.694118,-10.701991,7.835197,32.00
5.536011,torque-chirp,hip_flexion_right_joint,RS04,-10.767751,0.000000,23.765726,0.0000,0.0000,-10.767751,-8.459373,8.410156,32.00
5.544012,torque-chirp,hip_flexion_right_joint,RS04,-10.822208,0.000000,24.875298,0.0000,0.0000,-10.822208,-5.906386,10.175323,32.00
5.552006,torque-chirp,hip_flexion_right_joint,RS04,-10.855189,0.000000,25.196060,0.0000,0.0000,-10.855189,-3.204624,10.962692,32.00
5.560009,torque-chirp,hip_flexion_right_joint,RS04,-10.866694,0.000000,24.715063,0.0000,0.0000,-10.866694,-0.359121,10.581818,32.00
5.568011,torque-chirp,hip_flexion_right_joint,RS04,-10.855573,0.000000,23.444334,0.0000,0.0000,-10.855573,2.235523,10.970016,32.00
5.576010,torque-chirp,hip_flexion_right_joint,RS04,-10.824893,0.000000,21.422119,0.0000,0.0000,-10.824893,4.763790,11.859924,32.00
5.584017,torque-chirp,hip_flexion_right_joint,RS04,-10.774654,0.000000,18.707621,0.0000,0.0000,-10.774654,7.105745,10.178986,32.00
5.592016,torque-chirp,hip_flexion_right_joint,RS04,-10.707158,0.000000,15.390880,0.0000,0.0000,-10.707158,9.257725,9.285416,32.00
5.600011,torque-chirp,hip_flexion_right_joint,RS04,-10.622404,0.000000,11.576012,0.0000,0.0000,-10.622404,11.222019,9.790787,32.00
5.608007,torque-chirp,hip_flexion_right_joint,RS04,-10.525378,0.000000,7.381978,0.0000,0.0000,-10.525378,12.687799,8.355225,32.00
5.616119,torque-chirp,hip_flexion_right_joint,RS04,-10.416464,0.000000,2.878793,0.0000,0.0000,-10.416464,13.923325,6.388649,32.00
5.624013,torque-chirp,hip_flexion_right_joint,RS04,-10.301797,0.000000,-1.601962,0.0000,0.0000,-10.301797,14.706110,3.550476,32.00
5.632014,torque-chirp,hip_flexion_right_joint,RS04,-10.182145,0.000000,-6.096791,0.0000,0.0000,-10.182145,15.000000,2.462814,32.00
5.640012,torque-chirp,hip_flexion_right_joint,RS04,-10.062109,0.000000,-10.396484,0.0000,0.0000,-10.062109,15.000000,0.236206,32.00
5.648010,torque-chirp,hip_flexion_right_joint,RS04,-9.943991,0.000000,-14.361618,0.0000,0.0000,-9.943991,14.628748,-0.675667,32.00
5.656013,torque-chirp,hip_flexion_right_joint,RS04,-9.830091,0.000000,-17.862698,0.0000,0.0000,-9.830091,13.935684,-3.491875,32.00
5.664007,torque-chirp,hip_flexion_right_joint,RS04,-9.725779,0.000000,-20.777445,0.0000,0.0000,-9.725779,12.396658,-5.703819,32.00
5.672009,torque-chirp,hip_flexion_right_joint,RS04,-9.637190,0.000000,-23.013971,0.0000,0.0000,-9.637190,10.383841,-8.783707,32.00
5.680011,torque-chirp,hip_flexion_right_joint,RS04,-9.566626,0.000000,-24.492619,0.0000,0.0000,-9.566626,7.921494,-9.501488,32.00
5.688019,torque-chirp,hip_flexion_right_joint,RS04,-9.517155,0.000000,-25.161825,0.0000,0.0000,-9.517155,5.285648,-10.504921,32.00
5.696012,torque-chirp,hip_flexion_right_joint,RS04,-9.489159,0.000000,-24.996164,0.0000,0.0000,-9.489159,2.486839,-10.153358,32.00
5.704008,torque-chirp,hip_flexion_right_joint,RS04,-9.484173,0.000000,-23.999445,0.0000,0.0000,-9.484173,-0.300069,-10.677048,32.00
5.712010,torque-chirp,hip_flexion_right_joint,RS04,-9.501047,0.000000,-22.200388,0.0000,0.0000,-9.501047,-3.001373,-11.083542,32.00
5.720006,torque-chirp,hip_flexion_right_joint,RS04,-9.537863,0.000000,-19.658688,0.0000,0.0000,-9.537863,-5.526436,-10.772263,32.00
5.728009,torque-chirp,hip_flexion_right_joint,RS04,-9.593087,0.000000,-16.452564,0.0000,0.0000,-9.593087,-7.670177,-9.739532,32.00
5.736012,torque-chirp,hip_flexion_right_joint,RS04,-9.664803,0.000000,-12.690109,0.0000,0.0000,-9.664803,-9.725567,-8.911880,32.00
5.744011,torque-chirp,hip_flexion_right_joint,RS04,-9.751090,0.000000,-8.496883,0.0000,0.0000,-9.751090,-11.451819,-7.901123,32.00
5.752008,torque-chirp,hip_flexion_right_joint,RS04,-9.848883,0.000000,-4.013387,0.0000,0.0000,-9.848883,-12.704738,-6.630348,32.00
5.760010,torque-chirp,hip_flexion_right_joint,RS04,-9.955496,0.000000,0.613640,0.0000,0.0000,-9.955496,-13.616617,-4.019226,32.00
5.768009,torque-chirp,hip_flexion_right_joint,RS04,-10.066328,0.000000,5.224210,0.0000,0.0000,-10.066328,-13.975052,-2.155190,32.00
5.776005,torque-chirp,hip_flexion_right_joint,RS04,-10.178694,0.000000,9.660703,0.0000,0.0000,-10.178694,-14.010757,-1.433739,32.00
5.784014,torque-chirp,hip_flexion_right_joint,RS04,-10.290293,0.000000,13.779998,0.0000,0.0000,-10.290293,-13.725109,1.122452,32.00
5.792017,torque-chirp,hip_flexion_right_joint,RS04,-10.396138,0.000000,17.429583,0.0000,0.0000,-10.396138,-13.115358,3.491882,32.00
5.800035,torque-chirp,hip_flexion_right_joint,RS04,-10.495082,0.000000,20.491652,0.0000,0.0000,-10.495082,-11.755779,6.425270,32.00
5.808013,torque-chirp,hip_flexion_right_joint,RS04,-10.578301,0.000000,22.841034,0.0000,0.0000,-10.578301,-9.729687,7.641106,32.00
5.816010,torque-chirp,hip_flexion_right_joint,RS04,-10.643880,0.000000,24.414194,0.0000,0.0000,-10.643880,-7.307622,9.047379,32.00
5.824009,torque-chirp,hip_flexion_right_joint,RS04,-10.689134,0.000000,25.147783,0.0000,0.0000,-10.689134,-4.788510,10.490265,32.00
5.832078,torque-chirp,hip_flexion_right_joint,RS04,-10.712526,0.000000,25.008204,0.0000,0.0000,-10.712526,-1.885786,10.724640,32.00
5.840050,torque-chirp,hip_flexion_right_joint,RS04,-10.713677,0.000000,24.004179,0.0000,0.0000,-10.713677,0.698787,11.200729,32.00
5.848022,torque-chirp,hip_flexion_right_joint,RS04,-10.694502,0.000000,22.171104,0.0000,0.0000,-10.694502,3.438543,11.127487,32.00
5.856018,torque-chirp,hip_flexion_right_joint,RS04,-10.655385,0.000000,19.560617,0.0000,0.0000,-10.655385,5.806135,11.372849,32.00
5.864017,torque-chirp,hip_flexion_right_joint,RS04,-10.597477,0.000000,16.263296,0.0000,0.0000,-10.597477,8.013504,10.281525,32.00
5.872014,torque-chirp,hip_flexion_right_joint,RS04,-10.523077,0.000000,12.395265,0.0000,0.0000,-10.523077,9.969101,10.014191,32.00
5.880018,torque-chirp,hip_flexion_right_joint,RS04,-10.434488,0.000000,8.083815,0.0000,0.0000,-10.434488,11.582743,7.359123,32.00
5.888011,torque-chirp,hip_flexion_right_joint,RS04,-10.334394,0.000000,3.489018,0.0000,0.0000,-10.334394,12.887388,5.729454,32.00
5.896012,torque-chirp,hip_flexion_right_joint,RS04,-10.226631,0.000000,-1.237506,0.0000,0.0000,-10.226631,13.765392,4.762642,32.00
5.904011,torque-chirp,hip_flexion_right_joint,RS04,-10.113499,0.000000,-5.925454,0.0000,0.0000,-10.113499,14.127489,2.341949,32.00
5.912010,torque-chirp,hip_flexion_right_joint,RS04,-10.001133,0.000000,-10.408801,0.0000,0.0000,-10.001133,14.128405,-0.192261,32.00
5.920010,torque-chirp,hip_flexion_right_joint,RS04,-9.889534,0.000000,-14.528661,0.0000,0.0000,-9.889534,13.856947,0.012817,32.00
5.928011,torque-chirp,hip_flexion_right_joint,RS04,-9.782537,0.000000,-18.137222,0.0000,0.0000,-9.782537,13.156099,-3.063408,32.00
5.936009,torque-chirp,hip_flexion_right_joint,RS04,-9.684744,0.000000,-21.102488,0.0000,0.0000,-9.684744,11.664227,-5.912567,32.00
5.944011,torque-chirp,hip_flexion_right_joint,RS04,-9.602291,0.000000,-23.318138,0.0000,0.0000,-9.602291,9.585032,-8.699478,32.00
5.952010,torque-chirp,hip_flexion_right_joint,RS04,-9.538246,0.000000,-24.700966,0.0000,0.0000,-9.538246,7.033875,-10.003204,32.00
5.960010,torque-chirp,hip_flexion_right_joint,RS04,-9.495295,0.000000,-25.198845,0.0000,0.0000,-9.495295,4.546350,-10.208290,32.00
5.968010,torque-chirp,hip_flexion_right_joint,RS04,-9.474969,0.000000,-24.790834,0.0000,0.0000,-9.474969,1.623026,-11.490044,32.00
5.976009,torque-chirp,hip_flexion_right_joint,RS04,-9.474969,0.000000,-23.488586,0.0000,0.0000,-9.474969,-0.844357,-11.548637,32.00
5.984010,torque-chirp,hip_flexion_right_joint,RS04,-9.494911,0.000000,-21.335552,0.0000,0.0000,-9.494911,-3.434424,-10.746628,32.00
5.992011,torque-chirp,hip_flexion_right_joint,RS04,-9.534795,0.000000,-18.407106,0.0000,0.0000,-9.534795,-5.848249,-10.490273,32.00
6.000048,torque-chirp,hip_flexion_right_joint,RS04,-9.593087,0.000000,-14.788797,0.0000,0.0000,-9.593087,-8.037308,-9.355003,32.00
6.008037,torque-chirp,hip_flexion_right_joint,RS04,-9.666719,0.000000,-10.649753,0.0000,0.0000,-9.666719,-9.836348,-8.498055,32.00
6.016023,torque-chirp,hip_flexion_right_joint,RS04,-9.754158,0.000000,-6.120067,0.0000,0.0000,-9.754158,-11.445411,-6.725563,32.00
6.024015,torque-chirp,hip_flexion_right_joint,RS04,-9.850416,0.000000,-1.358363,0.0000,0.0000,-9.850416,-12.480888,-5.432823,32.00
6.032013,torque-chirp,hip_flexion_right_joint,RS04,-9.953961,0.000000,3.461512,0.0000,0.0000,-9.953961,-13.141451,-3.147636,32.00
6.040012,torque-chirp,hip_flexion_right_joint,RS04,-10.059808,0.000000,8.160719,0.0000,0.0000,-10.059808,-13.298924,-0.613411,32.00
6.048010,torque-chirp,hip_flexion_right_joint,RS04,-10.165654,0.000000,12.564388,0.0000,0.0000,-10.165654,-13.154268,0.444946,32.00
6.056005,torque-chirp,hip_flexion_right_joint,RS04,-10.268816,0.000000,16.508036,0.0000,0.0000,-10.268816,-12.690547,1.514313,32.00
6.064019,torque-chirp,hip_flexion_right_joint,RS04,-10.365458,0.000000,19.853395,0.0000,0.0000,-10.365458,-11.547494,5.246056,32.00
6.072009,torque-chirp,hip_flexion_right_joint,RS04,-10.448295,0.000000,22.457743,0.0000,0.0000,-10.448295,-9.743420,7.238274,32.00
6.080009,torque-chirp,hip_flexion_right_joint,RS04,-10.514257,0.000000,24.234163,0.0000,0.0000,-10.514257,-7.379950,8.805664,32.00
6.088014,torque-chirp,hip_flexion_right_joint,RS04,-10.560277,0.000000,25.110518,0.0000,0.0000,-10.560277,-4.780271,10.702667,32.00
6.096019,torque-chirp,hip_flexion_right_joint,RS04,-10.584821,0.000000,25.049377,0.0000,0.0000,-10.584821,-2.099566,10.834518,32.00
6.104011,torque-chirp,hip_flexion_right_joint,RS04,-10.588272,0.000000,24.052368,0.0000,0.0000,-10.588272,0.490044,12.024719,32.00
6.112125,torque-chirp,hip_flexion_right_joint,RS04,-10.571782,0.000000,22.118496,0.0000,0.0000,-10.571782,2.933622,11.731750,32.00
6.120016,torque-chirp,hip_flexion_right_joint,RS04,-10.534966,0.000000,19.414793,0.0000,0.0000,-10.534966,5.418402,10.856491,32.00
6.128014,torque-chirp,hip_flexion_right_joint,RS04,-10.480125,0.000000,15.945765,0.0000,0.0000,-10.480125,7.704510,9.929962,32.00
6.136011,torque-chirp,hip_flexion_right_joint,RS04,-10.408411,0.000000,11.871339,0.0000,0.0000,-10.408411,9.606089,8.520020,32.00
6.144010,torque-chirp,hip_flexion_right_joint,RS04,-10.322889,0.000000,7.342690,0.0000,0.0000,-10.322889,11.252232,8.428467,32.00
6.152271,torque-chirp,hip_flexion_right_joint,RS04,-10.223180,0.000000,2.370616,0.0000,0.0000,-10.223180,12.559166,6.707253,32.00
6.160038,torque-chirp,hip_flexion_right_joint,RS04,-10.121552,0.000000,-2.401442,0.0000,0.0000,-10.121552,13.279697,4.572212,32.00
6.168025,torque-chirp,hip_flexion_right_joint,RS04,-10.014555,0.000000,-7.221406,0.0000,0.0000,-10.014555,13.579081,2.056305,32.00
6.176013,torque-chirp,hip_flexion_right_joint,RS04,-9.906791,0.000000,-11.773720,0.0000,0.0000,-9.906791,13.425270,-0.206909,32.00
6.184011,torque-chirp,hip_flexion_right_joint,RS04,-9.800945,0.000000,-15.886149,0.0000,0.0000,-9.800945,13.086977,-1.909821,32.00
6.192019,torque-chirp,hip_flexion_right_joint,RS04,-9.700851,0.000000,-19.397873,0.0000,0.0000,-9.700851,12.121996,-4.942093,32.00
6.200009,torque-chirp,hip_flexion_right_joint,RS04,-9.612263,0.000000,-22.161476,0.0000,0.0000,-9.612263,10.387503,-7.670403,32.00
6.208010,torque-chirp,hip_flexion_right_joint,RS04,-9.540164,0.000000,-24.078438,0.0000,0.0000,-9.540164,8.129320,-9.582054,32.00
6.216009,torque-chirp,hip_flexion_right_joint,RS04,-9.487624,0.000000,-25.067423,0.0000,0.0000,-9.487624,5.673380,-9.768829,32.00
6.224010,torque-chirp,hip_flexion_right_joint,RS04,-9.456944,0.000000,-25.087603,0.0000,0.0000,-9.456944,2.915770,-10.435341,32.00
6.232009,torque-chirp,hip_flexion_right_joint,RS04,-9.448891,0.000000,-24.134886,0.0000,0.0000,-9.448891,-0.009842,-11.350876,32.00
6.240010,torque-chirp,hip_flexion_right_joint,RS04,-9.462697,0.000000,-22.242580,0.0000,0.0000,-9.462697,-2.639734,-10.889450,32.00
6.248008,torque-chirp,hip_flexion_right_joint,RS04,-9.496061,0.000000,-19.482746,0.0000,0.0000,-9.496061,-5.068666,-10.600143,32.00
6.256009,torque-chirp,hip_flexion_right_joint,RS04,-9.548218,0.000000,-15.958391,0.0000,0.0000,-9.548218,-7.281071,-10.592819,32.00
6.264008,torque-chirp,hip_flexion_right_joint,RS04,-9.617248,0.000000,-11.806307,0.0000,0.0000,-9.617248,-9.296177,-9.398949,32.00
6.272008,torque-chirp,hip_flexion_right_joint,RS04,-9.700084,0.000000,-7.185622,0.0000,0.0000,-9.700084,-10.941863,-7.410393,32.00
6.280011,torque-chirp,hip_flexion_right_joint,RS04,-9.794042,0.000000,-2.276394,0.0000,0.0000,-9.794042,-12.145800,-5.205765,32.00
6.288011,torque-chirp,hip_flexion_right_joint,RS04,-9.895287,0.000000,2.726236,0.0000,0.0000,-9.895287,-12.842527,-3.458916,32.00
6.296012,torque-chirp,hip_flexion_right_joint,RS04,-9.999982,0.000000,7.627833,0.0000,0.0000,-9.999982,-13.149233,-1.550926,32.00
6.304009,torque-chirp,hip_flexion_right_joint,RS04,-10.105061,0.000000,12.230350,0.0000,0.0000,-10.105061,-13.129549,-0.763565,32.00
6.312009,torque-chirp,hip_flexion_right_joint,RS04,-10.207840,0.000000,16.355030,0.0000,0.0000,-10.207840,-12.653925,0.518204,32.00
6.320009,torque-chirp,hip_flexion_right_joint,RS04,-10.304098,0.000000,19.833763,0.0000,0.0000,-10.304098,-11.598307,4.125427,32.00
6.328009,torque-chirp,hip_flexion_right_joint,RS04,-10.388084,0.000000,22.526438,0.0000,0.0000,-10.388084,-9.801099,7.868156,32.00
6.336010,torque-chirp,hip_flexion_right_joint,RS04,-10.454814,0.000000,24.322916,0.0000,0.0000,-10.454814,-7.537880,9.435562,32.00
6.344009,torque-chirp,hip_flexion_right_joint,RS04,-10.501218,0.000000,25.148050,0.0000,0.0000,-10.501218,-4.897460,9.940948,32.00
6.352010,torque-chirp,hip_flexion_right_joint,RS04,-10.526529,0.000000,24.965836,0.0000,0.0000,-10.526529,-2.210346,11.131149,32.00
6.360009,torque-chirp,hip_flexion_right_joint,RS04,-10.529981,0.000000,23.780359,0.0000,0.0000,-10.529981,0.536279,11.050583,32.00
6.368009,torque-chirp,hip_flexion_right_joint,RS04,-10.512723,0.000000,21.635935,0.0000,0.0000,-10.512723,2.966124,10.816208,32.00
6.376009,torque-chirp,hip_flexion_right_joint,RS04,-10.476290,0.000000,18.615631,0.0000,0.0000,-10.476290,5.417486,10.259552,32.00
6.384008,torque-chirp,hip_flexion_right_joint,RS04,-10.421066,0.000000,14.839733,0.0000,0.0000,-10.421066,7.667429,10.537872,32.00
6.392009,torque-chirp,hip_flexion_right_joint,RS04,-10.350119,0.000000,10.457793,0.0000,0.0000,-10.350119,9.558939,9.043716,32.00
6.400010,torque-chirp,hip_flexion_right_joint,RS04,-10.266131,0.000000,5.645318,0.0000,0.0000,-10.266131,10.996796,6.864723,32.00
6.408009,torque-chirp,hip_flexion_right_joint,RS04,-10.171790,0.000000,0.599631,0.0000,0.0000,-10.171790,12.141682,4.480659,32.00
6.416009,torque-chirp,hip_flexion_right_joint,RS04,-10.072081,0.000000,-4.477475,0.0000,0.0000,-10.072081,12.743649,2.305328,32.00
6.424009,torque-chirp,hip_flexion_right_joint,RS04,-9.969686,0.000000,-9.376203,0.0000,0.0000,-9.969686,12.833830,0.492569,32.00
6.432008,torque-chirp,hip_flexion_right_joint,RS04,-9.868057,0.000000,-13.895662,0.0000,0.0000,-9.868057,12.611811,-1.082169,32.00
6.440012,torque-chirp,hip_flexion_right_joint,RS04,-9.769114,0.000000,-17.851439,0.0000,0.0000,-9.769114,12.132526,-3.290459,32.00
6.448012,torque-chirp,hip_flexion_right_joint,RS04,-9.679375,0.000000,-21.074667,0.0000,0.0000,-9.679375,10.712061,-6.249481,32.00
6.456009,torque-chirp,hip_flexion_right_joint,RS04,-9.603058,0.000000,-23.431459,0.0000,0.0000,-9.603058,8.824673,-8.534676,32.00
6.464011,torque-chirp,hip_flexion_right_joint,RS04,-9.545533,0.000000,-24.823467,0.0000,0.0000,-9.545533,6.300528,-10.395058,32.00
6.472011,torque-chirp,hip_flexion_right_joint,RS04,-9.508717,0.000000,-25.188000,0.0000,0.0000,-9.508717,3.609293,-11.006638,32.00
6.480017,torque-chirp,hip_flexion_right_joint,RS04,-9.493761,0.000000,-24.506397,0.0000,0.0000,-9.493761,0.890594,-11.336227,32.00
6.492055,torque-chirp,hip_flexion_right_joint,RS04,-9.512936,0.000000,-21.577642,0.0000,0.0000,-9.512936,-3.100252,-12.207825,32.00
6.500021,torque-chirp,hip_flexion_right_joint,RS04,-9.550902,0.000000,-18.495668,0.0000,0.0000,-9.550902,-5.610666,-11.277634,32.00
6.508050,torque-chirp,hip_flexion_right_joint,RS04,-9.607277,0.000000,-14.610199,0.0000,0.0000,-9.607277,-7.798352,-10.457314,32.00
6.516017,torque-chirp,hip_flexion_right_joint,RS04,-9.678991,0.000000,-10.140165,0.0000,0.0000,-9.678991,-9.672007,-9.351341,32.00
6.524015,torque-chirp,hip_flexion_right_joint,RS04,-9.764512,0.000000,-5.223072,0.0000,0.0000,-9.764512,-11.204623,-6.615700,32.00
6.532013,torque-chirp,hip_flexion_right_joint,RS04,-9.859620,0.000000,-0.081705,0.0000,0.0000,-9.859620,-12.214924,-4.506294,32.00
6.540014,torque-chirp,hip_flexion_right_joint,RS04,-9.960482,0.000000,5.071012,0.0000,0.0000,-9.960482,-12.777981,-2.492104,32.00
6.548012,torque-chirp,hip_flexion_right_joint,RS04,-10.063643,0.000000,10.012768,0.0000,0.0000,-10.063643,-12.920806,-0.250862,32.00
6.556010,torque-chirp,hip_flexion_right_joint,RS04,-10.165654,0.000000,14.536018,0.0000,0.0000,-10.165654,-12.690547,0.833145,32.00
6.564011,torque-chirp,hip_flexion_right_joint,RS04,-10.263830,0.000000,18.448074,0.0000,0.0000,-10.263830,-12.002060,3.543152,32.00
6.572011,torque-chirp,hip_flexion_right_joint,RS04,-10.352803,0.000000,21.579039,0.0000,0.0000,-10.352803,-10.553216,6.546120,32.00
6.580011,torque-chirp,hip_flexion_right_joint,RS04,-10.426052,0.000000,23.792606,0.0000,0.0000,-10.426052,-8.481346,8.955826,32.00
6.588010,torque-chirp,hip_flexion_right_joint,RS04,-10.480892,0.000000,24.991674,0.0000,0.0000,-10.480892,-5.907302,9.538101,32.00
6.596010,torque-chirp,hip_flexion_right_joint,RS04,-10.514257,0.000000,25.122011,0.0000,0.0000,-10.514257,-3.188601,10.731964,32.00
6.604008,torque-chirp,hip_flexion_right_joint,RS04,-10.526146,0.000000,24.174585,0.0000,0.0000,-10.526146,-0.585717,11.409470,32.00
6.612057,torque-chirp,hip_flexion_right_joint,RS04,-10.517708,0.000000,22.171286,0.0000,0.0000,-10.517708,1.890821,11.632858,32.00
6.620190,torque-chirp,hip_flexion_right_joint,RS04,-10.489713,0.000000,19.162571,0.0000,0.0000,-10.489713,4.462120,11.120163,32.00
6.628023,torque-chirp,hip_flexion_right_joint,RS04,-10.443309,0.000000,15.451499,0.0000,0.0000,-10.443309,6.609062,9.717545,32.00
6.636014,torque-chirp,hip_flexion_right_joint,RS04,-10.380032,0.000000,11.001348,0.0000,0.0000,-10.380032,8.602654,8.710449,32.00
6.644013,torque-chirp,hip_flexion_right_joint,RS04,-10.302948,0.000000,6.066182,0.0000,0.0000,-10.302948,10.117876,6.820778,32.00
6.652012,torque-chirp,hip_flexion_right_joint,RS04,-10.215509,0.000000,0.862083,0.0000,0.0000,-10.215509,11.281528,5.802696,32.00
6.660012,torque-chirp,hip_flexion_right_joint,RS04,-10.122318,0.000000,-4.385746,0.0000,0.0000,-10.122318,11.934311,3.905701,32.00
6.668014,torque-chirp,hip_flexion_right_joint,RS04,-10.026060,0.000000,-9.448850,0.0000,0.0000,-10.026060,12.014421,1.521637,32.00
6.676021,torque-chirp,hip_flexion_right_joint,RS04,-9.930569,0.000000,-14.106243,0.0000,0.0000,-9.930569,11.878004,-0.617073,32.00
6.684011,torque-chirp,hip_flexion_right_joint,RS04,-9.838144,0.000000,-18.141762,0.0000,0.0000,-9.838144,11.355230,-3.499199,32.00
6.692011,torque-chirp,hip_flexion_right_joint,RS04,-9.753775,0.000000,-21.389559,0.0000,0.0000,-9.753775,9.940720,-5.377884,32.00
6.700013,torque-chirp,hip_flexion_right_joint,RS04,-9.684361,0.000000,-23.699759,0.0000,0.0000,-9.684361,7.888075,-8.256355,32.00
6.708012,torque-chirp,hip_flexion_right_joint,RS04,-9.633739,0.000000,-24.966072,0.0000,0.0000,-9.633739,5.511330,-9.314720,32.00
6.716019,torque-chirp,hip_flexion_right_joint,RS04,-9.603442,0.000000,-25.130087,0.0000,0.0000,-9.603442,2.900206,-10.750290,32.00
6.724006,torque-chirp,hip_flexion_right_joint,RS04,-9.595005,0.000000,-24.182810,0.0000,0.0000,-9.595005,0.055161,-10.699020,32.00
6.732006,torque-chirp,hip_flexion_right_joint,RS04,-9.608427,0.000000,-22.160479,0.0000,0.0000,-9.608427,-2.490043,-11.870903,32.00
6.740005,torque-chirp,hip_flexion_right_joint,RS04,-9.641409,0.000000,-19.150558,0.0000,0.0000,-9.641409,-4.979858,-11.358200,32.00
6.748011,torque-chirp,hip_flexion_right_joint,RS04,-9.693564,0.000000,-15.280959,0.0000,0.0000,-9.693564,-7.270084,-9.691925,32.00
6.756010,torque-chirp,hip_flexion_right_joint,RS04,-9.761827,0.000000,-10.727404,0.0000,0.0000,-9.761827,-9.254063,-8.509041,32.00
6.764009,torque-chirp,hip_flexion_right_joint,RS04,-9.844280,0.000000,-5.689061,0.0000,0.0000,-9.844280,-10.769741,-7.868164,32.00
6.772012,torque-chirp,hip_flexion_right_joint,RS04,-9.936705,0.000000,-0.388665,0.0000,0.0000,-9.936705,-11.953078,-5.476768,32.00
6.780008,torque-chirp,hip_flexion_right_joint,RS04,-10.035264,0.000000,4.931067,0.0000,0.0000,-10.035264,-12.521629,-3.052422,32.00
6.788044,torque-chirp,hip_flexion_right_joint,RS04,-10.136508,0.000000,10.058680,0.0000,0.0000,-10.136508,-12.661707,-1.049210,32.00
6.796012,torque-chirp,hip_flexion_right_joint,RS04,-10.235835,0.000000,14.696290,0.0000,0.0000,-10.235835,-12.469444,0.195923,32.00
6.804010,torque-chirp,hip_flexion_right_joint,RS04,-10.332094,0.000000,18.692444,0.0000,0.0000,-10.332094,-11.751202,3.312439,32.00
6.812016,torque-chirp,hip_flexion_right_joint,RS04,-10.419148,0.000000,21.849472,0.0000,0.0000,-10.419148,-10.284504,6.531471,32.00
6.820011,torque-chirp,hip_flexion_right_joint,RS04,-10.490864,0.000000,24.013090,0.0000,0.0000,-10.490864,-8.180591,9.040054,32.00
6.828011,torque-chirp,hip_flexion_right_joint,RS04,-10.543019,0.000000,25.087858,0.0000,0.0000,-10.543019,-5.601969,9.680923,32.00
6.836009,torque-chirp,hip_flexion_right_joint,RS04,-10.574083,0.000000,25.020012,0.0000,0.0000,-10.574083,-2.855345,10.457306,32.00
6.844006,torque-chirp,hip_flexion_right_joint,RS04,-10.582903,0.000000,23.809372,0.0000,0.0000,-10.582903,-0.208973,11.625534,32.00
6.852015,torque-chirp,hip_flexion_right_joint,RS04,-10.571399,0.000000,21.503857,0.0000,0.0000,-10.571399,2.395742,11.735413,32.00
6.860068,torque-chirp,hip_flexion_right_joint,RS04,-10.539185,0.000000,18.186441,0.0000,0.0000,-10.539185,4.825588,10.559845,32.00
6.868031,torque-chirp,hip_flexion_right_joint,RS04,-10.488946,0.000000,14.069463,0.0000,0.0000,-10.488946,6.975739,10.662384,32.00
6.876087,torque-chirp,hip_flexion_right_joint,RS04,-10.422216,0.000000,9.246787,0.0000,0.0000,-10.422216,8.911650,9.157242,32.00
6.884011,torque-chirp,hip_flexion_right_joint,RS04,-10.344366,0.000000,4.075344,0.0000,0.0000,-10.344366,10.303272,6.341042,32.00
6.892009,torque-chirp,hip_flexion_right_joint,RS04,-10.256544,0.000000,-1.337033,0.0000,0.0000,-10.256544,11.256809,5.447472,32.00
6.900013,torque-chirp,hip_flexion_right_joint,RS04,-10.164120,0.000000,-6.696261,0.0000,0.0000,-10.164120,11.568094,2.136871,32.00
6.908010,torque-chirp,hip_flexion_right_joint,RS04,-10.070163,0.000000,-11.745834,0.0000,0.0000,-10.070163,11.719616,-0.455940,32.00
6.916011,torque-chirp,hip_flexion_right_joint,RS04,-9.978506,0.000000,-16.256060,0.0000,0.0000,-9.978506,11.362097,-0.789200,32.00
6.924016,torque-chirp,hip_flexion_right_joint,RS04,-9.891068,0.000000,-20.014317,0.0000,0.0000,-9.891068,10.579308,-3.396660,32.00
6.932010,torque-chirp,hip_flexion_right_joint,RS04,-9.815517,0.000000,-22.836281,0.0000,0.0000,-9.815517,8.817806,-7.348137,32.00
6.940010,torque-chirp,hip_flexion_right_joint,RS04,-9.756842,0.000000,-24.594292,0.0000,0.0000,-9.756842,6.548637,-8.882584,32.00
6.948008,torque-chirp,hip_flexion_right_joint,RS04,-9.718109,0.000000,-25.199913,0.0000,0.0000,-9.718109,3.839094,-10.482948,32.00
6.956009,torque-chirp,hip_flexion_right_joint,RS04,-9.701235,0.000000,-24.621296,0.0000,0.0000,-9.701235,1.256351,-10.805222,32.00
6.964010,torque-chirp,hip_flexion_right_joint,RS04,-9.704686,0.000000,-22.881901,0.0000,0.0000,-9.704686,-1.311742,-12.672920,32.00
6.972009,torque-chirp,hip_flexion_right_joint,RS04,-9.728463,0.000000,-20.061043,0.0000,0.0000,-9.728463,-3.881666,-10.955368,32.00
6.980009,torque-chirp,hip_flexion_right_joint,RS04,-9.771416,0.000000,-16.287735,0.0000,0.0000,-9.771416,-6.172350,-10.417030,32.00
6.988009,torque-chirp,hip_flexion_right_joint,RS04,-9.831625,0.000000,-11.738480,0.0000,0.0000,-9.831625,-8.207599,-9.135269,32.00
6.996008,torque-chirp,hip_flexion_right_joint,RS04,-9.906407,0.000000,-6.627982,0.0000,0.0000,-9.906407,-9.957657,-8.062256,32.00
7.004058,torque-chirp,hip_flexion_right_joint,RS04,-9.993078,0.000000,-1.162246,0.0000,0.0000,-9.993078,-11.189517,-5.073929,32.00
7.012025,torque-chirp,hip_flexion_right_joint,RS04,-10.085119,0.000000,4.309143,0.0000,0.0000,-10.085119,-11.838179,-3.173271,32.00
7.020055,torque-chirp,hip_flexion_right_joint,RS04,-10.181377,0.000000,9.621922,0.0000,0.0000,-10.181377,-12.018082,-1.605858,32.00
7.028031,torque-chirp,hip_flexion_right_joint,RS04,-10.275719,0.000000,14.444893,0.0000,0.0000,-10.275719,-11.750744,-0.829483,32.00
7.036027,torque-chirp,hip_flexion_right_joint,RS04,-10.367376,0.000000,18.593140,0.0000,0.0000,-10.367376,-11.213322,2.433517,32.00
7.044018,torque-chirp,hip_flexion_right_joint,RS04,-10.450596,0.000000,21.851131,0.0000,0.0000,-10.450596,-9.850080,6.322731,32.00
7.052012,torque-chirp,hip_flexion_right_joint,RS04,-10.518859,0.000000,24.062511,0.0000,0.0000,-10.518859,-7.714580,8.626221,32.00
7.060011,torque-chirp,hip_flexion_right_joint,RS04,-10.567947,0.000000,25.116474,0.0000,0.0000,-10.567947,-5.288395,9.369644,32.00
7.068012,torque-chirp,hip_flexion_right_joint,RS04,-10.595942,0.000000,24.956886,0.0000,0.0000,-10.595942,-2.624170,11.464401,32.00
7.076011,torque-chirp,hip_flexion_right_joint,RS04,-10.600928,0.000000,23.587893,0.0000,0.0000,-10.600928,0.394369,10.479279,32.00
7.084010,torque-chirp,hip_flexion_right_joint,RS04,-10.584821,0.000000,21.072374,0.0000,0.0000,-10.584821,2.914396,10.948044,32.00
7.092010,torque-chirp,hip_flexion_right_joint,RS04,-10.549539,0.000000,17.528896,0.0000,0.0000,-10.549539,5.240788,10.706329,32.00
7.100010,torque-chirp,hip_flexion_right_joint,RS04,-10.496232,0.000000,13.126867,0.0000,0.0000,-10.496232,7.456856,9.864044,32.00
7.108009,torque-chirp,hip_flexion_right_joint,RS04,-10.427586,0.000000,8.080777,0.0000,0.0000,-10.427586,9.183565,8.640869,32.00
7.116121,torque-chirp,hip_flexion_right_joint,RS04,-10.347050,0.000000,2.555385,0.0000,0.0000,-10.347050,10.492790,6.410622,32.00
7.124019,torque-chirp,hip_flexion_right_joint,RS04,-10.258462,0.000000,-2.955893,0.0000,0.0000,-10.258462,11.327307,4.835884,32.00
7.132011,torque-chirp,hip_flexion_right_joint,RS04,-10.165654,0.000000,-8.393432,0.0000,0.0000,-10.165654,11.609751,1.177383,32.00
7.140053,torque-chirp,hip_flexion_right_joint,RS04,-10.072464,0.000000,-13.452866,0.0000,0.0000,-10.072464,11.542458,-0.712296,32.00
7.148035,torque-chirp,hip_flexion_right_joint,RS04,-9.982341,0.000000,-17.816530,0.0000,0.0000,-9.982341,11.155642,-1.144424,32.00
7.156021,torque-chirp,hip_flexion_right_joint,RS04,-9.898738,0.000000,-21.309856,0.0000,0.0000,-9.898738,9.903641,-5.729454,32.00
7.164014,torque-chirp,hip_flexion_right_joint,RS04,-9.828940,0.000000,-23.755875,0.0000,0.0000,-9.828940,7.976883,-7.487297,32.00
7.172019,torque-chirp,hip_flexion_right_joint,RS04,-9.777552,0.000000,-25.028498,0.0000,0.0000,-9.777552,5.520943,-10.409706,32.00
7.180008,torque-chirp,hip_flexion_right_joint,RS04,-9.747254,0.000000,-25.057238,0.0000,0.0000,-9.747254,2.791256,-10.937057,32.00
7.188012,torque-chirp,hip_flexion_right_joint,RS04,-9.738434,0.000000,-23.837606,0.0000,0.0000,-9.738434,0.171892,-12.032043,32.00
7.196011,torque-chirp,hip_flexion_right_joint,RS04,-9.749556,0.000000,-21.427465,0.0000,0.0000,-9.749556,-2.285878,-12.090637,32.00
7.204019,torque-chirp,hip_flexion_right_joint,RS04,-9.781003,0.000000,-17.938627,0.0000,0.0000,-9.781003,-4.738613,-11.112839,32.00
7.212010,torque-chirp,hip_flexion_right_joint,RS04,-9.830091,0.000000,-13.555793,0.0000,0.0000,-9.830091,-6.978485,-9.728546,32.00
7.220011,torque-chirp,hip_flexion_right_joint,RS04,-9.895287,0.000000,-8.482762,0.0000,0.0000,-9.895287,-8.770657,-8.051270,32.00
7.228017,torque-chirp,hip_flexion_right_joint,RS04,-9.972754,0.000000,-2.974430,0.0000,0.0000,-9.972754,-10.187915,-7.011215,32.00
7.236015,torque-chirp,hip_flexion_right_joint,RS04,-10.058658,0.000000,2.683675,0.0000,0.0000,-10.058658,-10.960632,-3.711609,32.00
7.244011,torque-chirp,hip_flexion_right_joint,RS04,-10.148781,0.000000,8.211392,0.0000,0.0000,-10.148781,-11.337835,-2.034332,32.00
7.252012,torque-chirp,hip_flexion_right_joint,RS04,-10.239286,0.000000,13.331070,0.0000,0.0000,-10.239286,-11.328679,-0.877090,32.00
7.260009,torque-chirp,hip_flexion_right_joint,RS04,-10.327492,0.000000,17.777624,0.0000,0.0000,-10.327492,-10.840696,2.378586,32.00
7.268010,torque-chirp,hip_flexion_right_joint,RS04,-10.408794,0.000000,21.327404,0.0000,0.0000,-10.408794,-9.645456,4.758980,32.00
7.276010,torque-chirp,hip_flexion_right_joint,RS04,-10.476674,0.000000,23.794317,0.0000,0.0000,-10.476674,-7.800641,7.527580,32.00
7.284009,torque-chirp,hip_flexion_right_joint,RS04,-10.525378,0.000000,25.049913,0.0000,0.0000,-10.525378,-5.311742,10.197296,32.00
7.296007,torque-chirp,hip_flexion_right_joint,RS04,-10.559894,0.000000,24.532089,0.0000,0.0000,-10.559894,-1.374914,10.490265,32.00
7.304013,torque-chirp,hip_flexion_right_joint,RS04,-10.556826,0.000000,22.604158,0.0000,0.0000,-10.556826,1.307621,11.684128,32.00
7.312010,torque-chirp,hip_flexion_right_joint,RS04,-10.534199,0.000000,19.516174,0.0000,0.0000,-10.534199,3.709545,10.838181,32.00
7.320013,torque-chirp,hip_flexion_right_joint,RS04,-10.492397,0.000000,15.417911,0.0000,0.0000,-10.492397,6.036394,10.991989,32.00
7.332019,torque-chirp,hip_flexion_right_joint,RS04,-10.398823,0.000000,7.847967,0.0000,0.0000,-10.398823,8.951933,9.084000,32.00
7.340015,torque-chirp,hip_flexion_right_joint,RS04,-10.318288,0.000000,2.236084,0.0000,0.0000,-10.318288,10.597618,8.025635,32.00
7.348007,torque-chirp,hip_flexion_right_joint,RS04,-10.228932,0.000000,-3.493473,0.0000,0.0000,-10.228932,11.442665,4.238960,32.00
7.356011,torque-chirp,hip_flexion_right_joint,RS04,-10.136125,0.000000,-9.056141,0.0000,0.0000,-10.136125,11.621653,0.756241,32.00
7.364012,torque-chirp,hip_flexion_right_joint,RS04,-10.042934,0.000000,-14.150502,0.0000,0.0000,-10.042934,11.525520,-0.159302,32.00
7.372011,torque-chirp,hip_flexion_right_joint,RS04,-9.952811,0.000000,-18.511230,0.0000,0.0000,-9.952811,11.079195,-1.334862,32.00
7.380011,torque-chirp,hip_flexion_right_joint,RS04,-9.870358,0.000000,-21.910027,0.0000,0.0000,-9.870358,9.752575,-6.648659,32.00
7.388010,torque-chirp,hip_flexion_right_joint,RS04,-9.802095,0.000000,-24.165848,0.0000,0.0000,-9.802095,7.694897,-8.761734,32.00
7.396011,torque-chirp,hip_flexion_right_joint,RS04,-9.753391,0.000000,-25.157692,0.0000,0.0000,-9.753391,5.201876,-9.647980,32.00
7.404008,torque-chirp,hip_flexion_right_joint,RS04,-9.725779,0.000000,-24.829660,0.0000,0.0000,-9.725779,2.523462,-10.830856,32.00
7.412014,torque-chirp,hip_flexion_right_joint,RS04,-9.721560,0.000000,-23.193407,0.0000,0.0000,-9.721560,-0.487755,-10.332802,32.00
7.420016,torque-chirp,hip_flexion_right_joint,RS04,-9.739202,0.000000,-20.332642,0.0000,0.0000,-9.739202,-3.106203,-11.618217,32.00
7.428018,torque-chirp,hip_flexion_right_joint,RS04,-9.775634,0.000000,-16.395500,0.0000,0.0000,-9.775634,-5.492561,-10.911423,32.00
7.436014,torque-chirp,hip_flexion_right_joint,RS04,-9.829707,0.000000,-11.589413,0.0000,0.0000,-9.829707,-7.470588,-9.153587,32.00
7.444013,torque-chirp,hip_flexion_right_joint,RS04,-9.898354,0.000000,-6.163510,0.0000,0.0000,-9.898354,-9.162508,-7.498283,32.00
7.452012,torque-chirp,hip_flexion_right_joint,RS04,-9.977739,0.000000,-0.405581,0.0000,0.0000,-9.977739,-10.291828,-6.315399,32.00
7.460006,torque-chirp,hip_flexion_right_joint,RS04,-10.063643,0.000000,5.376335,0.0000,0.0000,-10.063643,-10.922637,-2.916916,32.00
7.468012,torque-chirp,hip_flexion_right_joint,RS04,-10.152616,0.000000,10.885240,0.0000,0.0000,-10.152616,-11.058595,-0.569466,32.00
7.476009,torque-chirp,hip_flexion_right_joint,RS04,-10.240053,0.000000,15.811987,0.0000,0.0000,-10.240053,-10.865416,-0.529182,32.00
7.484017,torque-chirp,hip_flexion_right_joint,RS04,-10.324040,0.000000,19.902203,0.0000,0.0000,-10.324040,-10.144426,4.359810,32.00
7.492010,torque-chirp,hip_flexion_right_joint,RS04,-10.397289,0.000000,22.922415,0.0000,0.0000,-10.397289,-8.531242,7.055168,32.00
7.500012,torque-chirp,hip_flexion_right_joint,RS04,-10.453664,0.000000,24.717585,0.0000,0.0000,-10.453664,-6.272602,9.318375,32.00
7.508015,torque-chirp,hip_flexion_right_joint,RS04,-10.490479,0.000000,25.183056,0.0000,0.0000,-10.490479,-3.631723,10.680695,32.00
7.516005,torque-chirp,hip_flexion_right_joint,RS04,-10.505053,0.000000,24.292377,0.0000,0.0000,-10.505053,-0.841611,9.977570,32.00
7.524009,torque-chirp,hip_flexion_right_joint,RS04,-10.497000,0.000000,22.086634,0.0000,0.0000,-10.497000,1.998856,10.460968,32.00
7.532018,torque-chirp,hip_flexion_right_joint,RS04,-10.469004,0.000000,18.679426,0.0000,0.0000,-10.469004,4.329824,10.889450,32.00
7.540012,torque-chirp,hip_flexion_right_joint,RS04,-10.422216,0.000000,14.262813,0.0000,0.0000,-10.422216,6.642939,10.673370,32.00
7.548010,torque-chirp,hip_flexion_right_joint,RS04,-10.359706,0.000000,9.065875,0.0000,0.0000,-10.359706,8.485008,9.369644,32.00
7.556012,torque-chirp,hip_flexion_right_joint,RS04,-10.283772,0.000000,3.367049,0.0000,0.0000,-10.283772,9.914169,7.348137,32.00
7.564008,torque-chirp,hip_flexion_right_joint,RS04,-10.199018,0.000000,-2.515485,0.0000,0.0000,-10.199018,10.915770,4.279243,32.00
7.572007,torque-chirp,hip_flexion_right_joint,RS04,-10.109663,0.000000,-8.268717,0.0000,0.0000,-10.109663,11.220188,1.576569,32.00
7.580014,torque-chirp,hip_flexion_right_joint,RS04,-10.019924,0.000000,-13.579865,0.0000,0.0000,-10.019924,11.100710,1.148087,32.00
7.588014,torque-chirp,hip_flexion_right_joint,RS04,-9.931719,0.000000,-18.145544,0.0000,0.0000,-9.931719,10.809566,-2.114906,32.00
7.596010,torque-chirp,hip_flexion_right_joint,RS04,-9.850800,0.000000,-21.717258,0.0000,0.0000,-9.850800,9.615702,-5.051956,32.00
7.604010,torque-chirp,hip_flexion_right_joint,RS04,-9.783688,0.000000,-24.098541,0.0000,0.0000,-9.783688,7.667887,-8.245369,32.00
7.612012,torque-chirp,hip_flexion_right_joint,RS04,-9.735366,0.000000,-25.152809,0.0000,0.0000,-9.735366,5.089722,-9.853058,32.00
7.620009,torque-chirp,hip_flexion_right_joint,RS04,-9.708138,0.000000,-24.817865,0.0000,0.0000,-9.708138,2.422752,-11.365524,32.00
7.628106,torque-chirp,hip_flexion_right_joint,RS04,-9.702385,0.000000,-23.079865,0.0000,0.0000,-9.702385,-0.202106,-11.541313,32.00
7.636025,torque-chirp,hip_flexion_right_joint,RS04,-9.716575,0.000000,-20.108650,0.0000,0.0000,-9.716575,-2.654383,-11.764702,32.00
7.644016,torque-chirp,hip_flexion_right_joint,RS04,-9.750322,0.000000,-15.998530,0.0000,0.0000,-9.750322,-5.051270,-10.647751,32.00
7.652016,torque-chirp,hip_flexion_right_joint,RS04,-9.801329,0.000000,-10.990016,0.0000,0.0000,-9.801329,-7.109865,-9.355003,32.00
7.660014,torque-chirp,hip_flexion_right_joint,RS04,-9.866524,0.000000,-5.364674,0.0000,0.0000,-9.866524,-8.708400,-7.498283,32.00
7.668015,torque-chirp,hip_flexion_right_joint,RS04,-9.942457,0.000000,0.566873,0.0000,0.0000,-9.942457,-9.845503,-5.949188,32.00
7.676018,torque-chirp,hip_flexion_right_joint,RS04,-10.024526,0.000000,6.474712,0.0000,0.0000,-10.024526,-10.412680,-2.316322,32.00
7.684006,torque-chirp,hip_flexion_right_joint,RS04,-10.108513,0.000000,12.013760,0.0000,0.0000,-10.108513,-10.460747,-1.572899,32.00
7.692010,torque-chirp,hip_flexion_right_joint,RS04,-10.190966,0.000000,16.893774,0.0000,0.0000,-10.190966,-10.187915,1.690094,32.00
7.700010,torque-chirp,hip_flexion_right_joint,RS04,-10.268433,0.000000,20.824314,0.0000,0.0000,-10.268433,-9.328221,3.902039,32.00
7.708010,torque-chirp,hip_flexion_right_joint,RS04,-10.334011,0.000000,23.584141,0.0000,0.0000,-10.334011,-7.569009,7.190666,32.00
7.716011,torque-chirp,hip_flexion_right_joint,RS04,-10.381948,0.000000,25.013584,0.0000,0.0000,-10.381948,-5.124971,9.234146,32.00
7.724013,torque-chirp,hip_flexion_right_joint,RS04,-10.409178,0.000000,25.027922,0.0000,0.0000,-10.409178,-2.423666,10.310822,32.00
7.732017,torque-chirp,hip_flexion_right_joint,RS04,-10.414164,0.000000,23.621351,0.0000,0.0000,-10.414164,0.250629,11.134811,32.00
7.740008,torque-chirp,hip_flexion_right_joint,RS04,-10.398056,0.000000,20.875326,0.0000,0.0000,-10.398056,2.941404,11.303268,32.00
7.748013,torque-chirp,hip_flexion_right_joint,RS04,-10.362391,0.000000,16.933598,0.0000,0.0000,-10.362391,5.302128,10.977341,32.00
7.756011,torque-chirp,hip_flexion_right_joint,RS04,-10.308701,0.000000,12.025489,0.0000,0.0000,-10.308701,7.396887,9.032730,32.00
7.764009,torque-chirp,hip_flexion_right_joint,RS04,-10.240053,0.000000,6.425909,0.0000,0.0000,-10.240053,9.155642,7.348137,32.00
7.772016,torque-chirp,hip_flexion_right_joint,RS04,-10.159902,0.000000,0.447968,0.0000,0.0000,-10.159902,10.398489,6.414284,32.00
7.780032,torque-chirp,hip_flexion_right_joint,RS04,-10.073231,0.000000,-5.568793,0.0000,0.0000,-10.073231,11.026550,2.601974,32.00
7.788010,torque-chirp,hip_flexion_right_joint,RS04,-9.983492,0.000000,-11.243751,0.0000,0.0000,-9.983492,11.199131,1.693756,32.00
7.796007,torque-chirp,hip_flexion_right_joint,RS04,-9.895287,0.000000,-16.290901,0.0000,0.0000,-9.895287,10.961548,-0.529182,32.00
7.804009,torque-chirp,hip_flexion_right_joint,RS04,-9.810533,0.000000,-20.406584,0.0000,0.0000,-9.810533,10.271229,-4.319519,32.00
7.812010,torque-chirp,hip_flexion_right_joint,RS04,-9.736900,0.000000,-23.345720,0.0000,0.0000,-9.736900,8.592125,-7.761963,32.00
7.820012,torque-chirp,hip_flexion_right_joint,RS04,-9.679758,0.000000,-24.936602,0.0000,0.0000,-9.679758,6.265278,-9.856720,32.00
7.828010,torque-chirp,hip_flexion_right_joint,RS04,-9.643709,0.000000,-25.082386,0.0000,0.0000,-9.643709,3.496223,-10.578171,32.00
7.836018,torque-chirp,hip_flexion_right_joint,RS04,-9.628753,0.000000,-23.769449,0.0000,0.0000,-9.628753,0.835202,-10.497597,32.00
7.844010,torque-chirp,hip_flexion_right_joint,RS04,-9.636040,0.000000,-21.076258,0.0000,0.0000,-9.636040,-1.867018,-10.944382,32.00
7.852006,torque-chirp,hip_flexion_right_joint,RS04,-9.662885,0.000000,-17.152096,0.0000,0.0000,-9.662885,-4.199360,-10.600143,32.00
7.860010,torque-chirp,hip_flexion_right_joint,RS04,-9.707754,0.000000,-12.217447,0.0000,0.0000,-9.707754,-6.339894,-9.981232,32.00
7.868015,torque-chirp,hip_flexion_right_joint,RS04,-9.767963,0.000000,-6.562788,0.0000,0.0000,-9.767963,-8.146257,-7.963379,32.00
7.876010,torque-chirp,hip_flexion_right_joint,RS04,-9.839294,0.000000,-0.525787,0.0000,0.0000,-9.839294,-9.345160,-6.289764,32.00
7.884067,torque-chirp,hip_flexion_right_joint,RS04,-9.918680,0.000000,5.593760,0.0000,0.0000,-9.918680,-10.057450,-3.147636,32.00
7.892084,torque-chirp,hip_flexion_right_joint,RS04,-9.999982,0.000000,11.358398,0.0000,0.0000,-9.999982,-10.197986,-0.617073,32.00
7.900012,torque-chirp,hip_flexion_right_joint,RS04,-10.079750,0.000000,16.403152,0.0000,0.0000,-10.079750,-9.926070,-0.236214,32.00
7.908011,torque-chirp,hip_flexion_right_joint,RS04,-10.155684,0.000000,20.533646,0.0000,0.0000,-10.155684,-9.135958,4.597847,32.00
7.916019,torque-chirp,hip_flexion_right_joint,RS04,-10.220879,0.000000,23.455662,0.0000,0.0000,-10.220879,-7.461890,7.586174,32.00
7.924015,torque-chirp,hip_flexion_right_joint,RS04,-10.269199,0.000000,24.986387,0.0000,0.0000,-10.269199,-5.222476,8.897217,32.00
7.932011,torque-chirp,hip_flexion_right_joint,RS04,-10.296812,0.000000,25.036747,0.0000,0.0000,-10.296812,-2.581140,11.138474,32.00
7.940018,torque-chirp,hip_flexion_right_joint,RS04,-10.302180,0.000000,23.596655,0.0000,0.0000,-10.302180,0.442894,10.113068,32.00
7.948015,torque-chirp,hip_flexion_right_joint,RS04,-10.285307,0.000000,20.751183,0.0000,0.0000,-10.285307,2.977568,10.995651,32.00
7.956267,torque-chirp,hip_flexion_right_joint,RS04,-10.248490,0.000000,16.517685,0.0000,0.0000,-10.248490,5.326389,10.589142,32.00
7.964046,torque-chirp,hip_flexion_right_joint,RS04,-10.195951,0.000000,11.555795,0.0000,0.0000,-10.195951,7.382696,10.006866,32.00
7.972032,torque-chirp,hip_flexion_right_joint,RS04,-10.128454,0.000000,5.779328,0.0000,0.0000,-10.128454,9.093843,8.205078,32.00
7.980024,torque-chirp,hip_flexion_right_joint,RS04,-10.049454,0.000000,-0.352635,0.0000,0.0000,-10.049454,10.249714,5.949181,32.00
7.988019,torque-chirp,hip_flexion_right_joint,RS04,-9.963550,0.000000,-6.470903,0.0000,0.0000,-9.963550,10.938658,3.231857,32.00
7.996015,torque-chirp,hip_flexion_right_joint,RS04,-9.875728,0.000000,-12.206223,0.0000,0.0000,-9.875728,10.976196,0.294800,32.00
8.004093,torque-chirp,hip_flexion_right_joint,RS04,-9.788673,0.000000,-17.257910,0.0000,0.0000,-9.788673,10.713892,0.192261,32.00
8.012064,torque-chirp,hip_flexion_right_joint,RS04,-9.706987,0.000000,-21.204884,0.0000,0.0000,-9.706987,9.777752,-5.271683,32.00
8.020407,torque-chirp,hip_flexion_right_joint,RS04,-9.635272,0.000000,-23.971865,0.0000,0.0000,-9.635272,7.867933,-7.970703,32.00
8.032022,torque-chirp,hip_flexion_right_joint,RS04,-9.567776,0.000000,-25.174261,0.0000,0.0000,-9.567776,4.411308,-9.314720,32.00
8.040396,torque-chirp,hip_flexion_right_joint,RS04,-9.546300,0.000000,-24.044333,0.0000,0.0000,-9.546300,1.460058,-10.713669,32.00
8.048015,torque-chirp,hip_flexion_right_joint,RS04,-9.547068,0.000000,-21.617231,0.0000,0.0000,-9.547068,-0.970703,-11.658501,32.00
8.056019,torque-chirp,hip_flexion_right_joint,RS04,-9.567776,0.000000,-17.778929,0.0000,0.0000,-9.567776,-3.422064,-10.607468,32.00
8.064011,torque-chirp,hip_flexion_right_joint,RS04,-9.606894,0.000000,-12.858098,0.0000,0.0000,-9.606894,-5.726940,-10.094765,32.00
8.076063,torque-chirp,hip_flexion_right_joint,RS04,-9.694715,0.000000,-4.051466,0.0000,0.0000,-9.694715,-8.328450,-7.868164,32.00
8.084041,torque-chirp,hip_flexion_right_joint,RS04,-9.767963,0.000000,2.173185,0.0000,0.0000,-9.767963,-9.727398,-6.099335,32.00
8.092028,torque-chirp,hip_flexion_right_joint,RS04,-9.848116,0.000000,8.277404,0.0000,0.0000,-9.848116,-10.125200,-2.675217,32.00
8.100025,torque-chirp,hip_flexion_right_joint,RS04,-9.929418,0.000000,13.885318,0.0000,0.0000,-9.929418,-10.104601,0.587784,32.00
8.108018,torque-chirp,hip_flexion_right_joint,RS04,-10.008419,0.000000,18.638321,0.0000,0.0000,-10.008419,-9.716412,0.620743,32.00
8.116052,torque-chirp,hip_flexion_right_joint,RS04,-10.080517,0.000000,22.260185,0.0000,0.0000,-10.080517,-8.490501,5.392540,32.00
8.124032,torque-chirp,hip_flexion_right_joint,RS04,-10.138042,0.000000,24.484613,0.0000,0.0000,-10.138042,-6.421378,8.029297,32.00
8.132125,torque-chirp,hip_flexion_right_joint,RS04,-10.176393,0.000000,25.197561,0.0000,0.0000,-10.176393,-3.866102,9.801773,32.00
8.140023,torque-chirp,hip_flexion_right_joint,RS04,-10.193266,0.000000,24.347918,0.0000,0.0000,-10.193266,-1.232090,11.098190,32.00
8.148018,torque-chirp,hip_flexion_right_joint,RS04,-10.189431,0.000000,21.981962,0.0000,0.0000,-10.189431,1.289310,12.588684,32.00
8.156011,torque-chirp,hip_flexion_right_joint,RS04,-10.166421,0.000000,18.245293,0.0000,0.0000,-10.166421,3.844130,11.226364,32.00
8.164018,torque-chirp,hip_flexion_right_joint,RS04,-10.124236,0.000000,13.357722,0.0000,0.0000,-10.124236,6.090410,10.530548,32.00
8.172012,torque-chirp,hip_flexion_right_joint,RS04,-10.066328,0.000000,7.636767,0.0000,0.0000,-10.066328,7.915543,8.615234,32.00
8.180009,torque-chirp,hip_flexion_right_joint,RS04,-9.996147,0.000000,1.431466,0.0000,0.0000,-9.996147,9.209660,6.729225,32.00
8.188013,torque-chirp,hip_flexion_right_joint,RS04,-9.917529,0.000000,-4.874902,0.0000,0.0000,-9.917529,10.068895,4.184021,32.00
8.196013,torque-chirp,hip_flexion_right_joint,RS04,-9.835843,0.000000,-10.877639,0.0000,0.0000,-9.835843,10.255207,0.485245,32.00
8.204009,torque-chirp,hip_flexion_right_joint,RS04,-9.754925,0.000000,-16.196043,0.0000,0.0000,-9.754925,10.029070,0.591446,32.00
8.212015,torque-chirp,hip_flexion_right_joint,RS04,-9.677074,0.000000,-20.501890,0.0000,0.0000,-9.677074,9.439919,-4.227966,32.00
8.220012,torque-chirp,hip_flexion_right_joint,RS04,-9.609962,0.000000,-23.509342,0.0000,0.0000,-9.609962,7.807508,-7.893799,32.00
8.232006,torque-chirp,hip_flexion_right_joint,RS04,-9.541315,0.000000,-25.198677,0.0000,0.0000,-9.541315,4.244678,-9.604027,32.00
8.240005,torque-chirp,hip_flexion_right_joint,RS04,-9.520605,0.000000,-24.333124,0.0000,0.0000,-9.520605,1.571297,-10.636765,32.00
8.248014,torque-chirp,hip_flexion_right_joint,RS04,-9.522906,0.000000,-21.913832,0.0000,0.0000,-9.522906,-1.287023,-10.794235,32.00
8.256014,torque-chirp,hip_flexion_right_joint,RS04,-9.546300,0.000000,-18.097279,0.0000,0.0000,-9.546300,-3.721447,-11.790337,32.00
8.264012,torque-chirp,hip_flexion_right_joint,RS04,-9.587718,0.000000,-13.122625,0.0000,0.0000,-9.587718,-5.951706,-9.706573,32.00
8.272013,torque-chirp,hip_flexion_right_joint,RS04,-9.645627,0.000000,-7.302367,0.0000,0.0000,-9.645627,-7.857404,-8.926529,32.00
8.284012,torque-chirp,hip_flexion_right_joint,RS04,-9.753775,0.000000,2.188572,0.0000,0.0000,-9.753775,-9.800183,-5.956512,32.00
8.292009,torque-chirp,hip_flexion_right_joint,RS04,-9.836611,0.000000,8.431281,0.0000,0.0000,-9.836611,-10.524834,-4.004578,32.00
8.300011,torque-chirp,hip_flexion_right_joint,RS04,-9.921747,0.000000,14.138809,0.0000,0.0000,-9.921747,-10.635157,0.221558,32.00
8.308006,torque-chirp,hip_flexion_right_joint,RS04,-10.004583,0.000000,18.936138,0.0000,0.0000,-10.004583,-10.165941,0.884415,32.00
8.316012,torque-chirp,hip_flexion_right_joint,RS04,-10.080900,0.000000,22.519543,0.0000,0.0000,-10.080900,-8.998169,5.498741,32.00
8.324005,torque-chirp,hip_flexion_right_joint,RS04,-10.141877,0.000000,24.643707,0.0000,0.0000,-10.141877,-6.769284,8.069580,32.00
8.332012,torque-chirp,hip_flexion_right_joint,RS04,-10.183679,0.000000,25.174402,0.0000,0.0000,-10.183679,-4.229572,9.966583,32.00
8.344008,torque-chirp,hip_flexion_right_joint,RS04,-10.205155,0.000000,22.922314,0.0000,0.0000,-10.205155,-0.002060,9.750504,32.00
8.352009,torque-chirp,hip_flexion_right_joint,RS04,-10.191349,0.000000,19.525576,0.0000,0.0000,-10.191349,2.680935,10.966354,32.00
8.360010,torque-chirp,hip_flexion_right_joint,RS04,-10.158751,0.000000,14.851381,0.0000,0.0000,-10.158751,4.907530,10.959030,32.00
8.372006,torque-chirp,hip_flexion_right_joint,RS04,-10.078600,0.000000,6.130786,0.0000,0.0000,-10.078600,7.805677,8.670166,32.00
8.380004,torque-chirp,hip_flexion_right_joint,RS04,-10.007652,0.000000,-0.274328,0.0000,0.0000,-10.007652,9.327307,6.289772,32.00
8.388013,torque-chirp,hip_flexion_right_joint,RS04,-9.928651,0.000000,-6.674822,0.0000,0.0000,-9.928651,10.058367,3.667664,32.00
8.396012,torque-chirp,hip_flexion_right_joint,RS04,-9.847732,0.000000,-12.634574,0.0000,0.0000,-9.847732,10.152210,0.953995,32.00
8.404009,torque-chirp,hip_flexion_right_joint,RS04,-9.767580,0.000000,-17.766426,0.0000,0.0000,-9.767580,9.811171,-1.664459,32.00
8.412012,torque-chirp,hip_flexion_right_joint,RS04,-9.693181,0.000000,-21.734339,0.0000,0.0000,-9.693181,8.959715,-3.814148,32.00
8.420012,torque-chirp,hip_flexion_right_joint,RS04,-9.631054,0.000000,-24.267796,0.0000,0.0000,-9.631054,7.012817,-7.359123,32.00
8.432006,torque-chirp,hip_flexion_right_joint,RS04,-9.572762,0.000000,-25.036226,0.0000,0.0000,-9.572762,3.341497,-9.904327,32.00
8.444008,torque-chirp,hip_flexion_right_joint,RS04,-9.562023,0.000000,-22.094082,0.0000,0.0000,-9.562023,-0.804532,-9.937286,32.00
8.452014,torque-chirp,hip_flexion_right_joint,RS04,-9.581199,0.000000,-18.255171,0.0000,0.0000,-9.581199,-3.211033,-11.720757,32.00
8.460018,torque-chirp,hip_flexion_right_joint,RS04,-9.619165,0.000000,-13.196025,0.0000,0.0000,-9.619165,-5.494850,-10.131386,32.00
8.468010,torque-chirp,hip_flexion_right_joint,RS04,-9.673239,0.000000,-7.260708,0.0000,0.0000,-9.673239,-7.334630,-8.776382,32.00
8.476007,torque-chirp,hip_flexion_right_joint,RS04,-9.739585,0.000000,-0.832328,0.0000,0.0000,-9.739585,-8.715266,-6.846420,32.00
8.484012,torque-chirp,hip_flexion_right_joint,RS04,-9.813217,0.000000,5.664412,0.0000,0.0000,-9.813217,-9.469673,-4.140076,32.00
8.492005,torque-chirp,hip_flexion_right_joint,RS04,-9.890301,0.000000,11.777038,0.0000,0.0000,-9.890301,-9.618906,-0.313118,32.00
8.504065,torque-chirp,hip_flexion_right_joint,RS04,-10.003817,0.000000,19.395729,0.0000,0.0000,-10.003817,-9.260014,0.228882,32.00
8.512054,torque-chirp,hip_flexion_right_joint,RS04,-10.073614,0.000000,22.880028,0.0000,0.0000,-10.073614,-8.374228,3.803162,32.00
8.520070,torque-chirp,hip_flexion_right_joint,RS04,-10.129989,0.000000,24.830822,0.0000,0.0000,-10.129989,-6.237811,8.948502,32.00
8.528037,torque-chirp,hip_flexion_right_joint,RS04,-10.166421,0.000000,25.101740,0.0000,0.0000,-10.166421,-3.656900,10.376740,32.00
8.540017,torque-chirp,hip_flexion_right_joint,RS04,-10.180227,0.000000,22.360605,0.0000,0.0000,-10.180227,0.493706,11.189743,32.00
8.548017,torque-chirp,hip_flexion_right_joint,RS04,-10.162586,0.000000,18.599377,0.0000,0.0000,-10.162586,3.210115,11.244675,32.00
8.556018,torque-chirp,hip_flexion_right_joint,RS04,-10.125387,0.000000,13.568890,0.0000,0.0000,-10.125387,5.415197,10.706329,32.00
8.568018,torque-chirp,hip_flexion_right_joint,RS04,-10.040249,0.000000,4.408195,0.0000,0.0000,-10.040249,8.222248,8.080566,32.00
8.576013,torque-chirp,hip_flexion_right_joint,RS04,-9.967001,0.000000,-2.167025,0.0000,0.0000,-9.967001,9.561228,6.472878,32.00
8.584012,torque-chirp,hip_flexion_right_joint,RS04,-9.886849,0.000000,-8.603813,0.0000,0.0000,-9.886849,10.142597,2.979172,32.00
8.592010,torque-chirp,hip_flexion_right_joint,RS04,-9.805930,0.000000,-14.455053,0.0000,0.0000,-9.805930,10.068895,-0.620735,32.00
8.600014,torque-chirp,hip_flexion_right_joint,RS04,-9.726929,0.000000,-19.323009,0.0000,0.0000,-9.726929,9.716412,-1.170059,32.00
8.612009,torque-chirp,hip_flexion_right_joint,RS04,-9.624151,0.000000,-24.055391,0.0000,0.0000,-9.624151,7.621195,-5.784386,32.00
8.624008,torque-chirp,hip_flexion_right_joint,RS04,-9.555887,0.000000,-25.092274,0.0000,0.0000,-9.555887,4.344473,-8.388191,32.00
8.632009,torque-chirp,hip_flexion_right_joint,RS04,-9.534795,0.000000,-23.618435,0.0000,0.0000,-9.534795,1.754406,-10.039825,32.00
8.640015,torque-chirp,hip_flexion_right_joint,RS04,-9.534795,0.000000,-20.506033,0.0000,0.0000,-9.534795,-1.016937,-11.116501,32.00
8.648012,torque-chirp,hip_flexion_right_joint,RS04,-9.554737,0.000000,-15.973016,0.0000,0.0000,-9.554737,-3.317693,-10.347450,32.00
8.660009,torque-chirp,hip_flexion_right_joint,RS04,-9.617632,0.000000,-7.206869,0.0000,0.0000,-9.617632,-6.483635,-9.560081,32.00
8.672010,torque-chirp,hip_flexion_right_joint,RS04,-9.712740,0.000000,2.693109,0.0000,0.0000,-9.712740,-8.907530,-8.128174,32.00
8.684005,torque-chirp,hip_flexion_right_joint,RS04,-9.828174,0.000000,12.180340,0.0000,0.0000,-9.828174,-10.018997,-3.103691,32.00
8.692101,torque-chirp,hip_flexion_right_joint,RS04,-9.908709,0.000000,17.596216,0.0000,0.0000,-9.908709,-10.028152,-1.206688,32.00
8.700024,torque-chirp,hip_flexion_right_joint,RS04,-9.986176,0.000000,21.680582,0.0000,0.0000,-9.986176,-9.358892,3.942322,32.00
8.708014,torque-chirp,hip_flexion_right_joint,RS04,-10.052522,0.000000,24.291147,0.0000,0.0000,-10.052522,-7.610666,7.835197,32.00
8.716009,torque-chirp,hip_flexion_right_joint,RS04,-10.101226,0.000000,25.199839,0.0000,0.0000,-10.101226,-5.140993,9.666275,32.00
8.724015,torque-chirp,hip_flexion_right_joint,RS04,-10.128071,0.000000,24.334631,0.0000,0.0000,-10.128071,-2.463492,11.222702,32.00
8.732013,torque-chirp,hip_flexion_right_joint,RS04,-10.133057,0.000000,21.753344,0.0000,0.0000,-10.133057,0.405355,10.567169,32.00
8.740008,torque-chirp,hip_flexion_right_joint,RS04,-10.116949,0.000000,17.634995,0.0000,0.0000,-10.116949,2.792629,11.112839,32.00
8.748013,torque-chirp,hip_flexion_right_joint,RS04,-10.083201,0.000000,12.259714,0.0000,0.0000,-10.083201,4.956968,9.842056,32.00
8.756012,torque-chirp,hip_flexion_right_joint,RS04,-10.033346,0.000000,6.015719,0.0000,0.0000,-10.033346,6.823299,8.205078,32.00
8.764008,torque-chirp,hip_flexion_right_joint,RS04,-9.972370,0.000000,-0.658140,0.0000,0.0000,-9.972370,8.083086,5.238731,32.00
8.772014,torque-chirp,hip_flexion_right_joint,RS04,-9.904106,0.000000,-7.299288,0.0000,0.0000,-9.904106,8.690546,2.415207,32.00
8.780014,torque-chirp,hip_flexion_right_joint,RS04,-9.834310,0.000000,-13.420609,0.0000,0.0000,-9.834310,8.743649,-0.404671,32.00
8.788009,torque-chirp,hip_flexion_right_joint,RS04,-9.766047,0.000000,-18.586241,0.0000,0.0000,-9.766047,8.466240,-1.470360,32.00
8.796039,torque-chirp,hip_flexion_right_joint,RS04,-9.702768,0.000000,-22.442738,0.0000,0.0000,-9.702768,7.405127,-5.689171,32.00
8.804012,torque-chirp,hip_flexion_right_joint,RS04,-9.654064,0.000000,-24.674212,0.0000,0.0000,-9.654064,5.314487,-8.047607,32.00
8.812009,torque-chirp,hip_flexion_right_joint,RS04,-9.623768,0.000000,-25.148611,0.0000,0.0000,-9.623768,2.861294,-10.080116,32.00
8.820015,torque-chirp,hip_flexion_right_joint,RS04,-9.615714,0.000000,-23.816093,0.0000,0.0000,-9.615714,0.066607,-11.101852,32.00
8.828012,torque-chirp,hip_flexion_right_joint,RS04,-9.629520,0.000000,-20.770742,0.0000,0.0000,-9.629520,-2.674525,-10.592819,32.00
8.836008,torque-chirp,hip_flexion_right_joint,RS04,-9.663651,0.000000,-16.228239,0.0000,0.0000,-9.663651,-5.127260,-10.486610,32.00
8.844013,torque-chirp,hip_flexion_right_joint,RS04,-9.715040,0.000000,-10.504851,0.0000,0.0000,-9.715040,-7.157931,-9.816437,32.00
8.852013,torque-chirp,hip_flexion_right_joint,RS04,-9.781386,0.000000,-4.021606,0.0000,0.0000,-9.781386,-8.783932,-7.901123,32.00
8.860007,torque-chirp,hip_flexion_right_joint,RS04,-9.858470,0.000000,2.754718,0.0000,0.0000,-9.858470,-9.964981,-4.586861,32.00
8.868015,torque-chirp,hip_flexion_right_joint,RS04,-9.940156,0.000000,9.346725,0.0000,0.0000,-9.940156,-10.370565,-2.861984,32.00
8.876016,torque-chirp,hip_flexion_right_joint,RS04,-10.022992,0.000000,15.258337,0.0000,0.0000,-10.022992,-10.308309,0.595108,32.00
8.884008,torque-chirp,hip_flexion_right_joint,RS04,-10.103144,0.000000,20.061092,0.0000,0.0000,-10.103144,-9.888075,1.723053,32.00
8.892014,torque-chirp,hip_flexion_right_joint,RS04,-10.175241,0.000000,23.411655,0.0000,0.0000,-10.175241,-8.448386,5.802696,32.00
8.900013,torque-chirp,hip_flexion_right_joint,RS04,-10.231234,0.000000,25.053366,0.0000,0.0000,-10.231234,-6.200732,9.259781,32.00
8.908082,torque-chirp,hip_flexion_right_joint,RS04,-10.267282,0.000000,24.854881,0.0000,0.0000,-10.267282,-3.552072,10.277863,32.00
8.916033,torque-chirp,hip_flexion_right_joint,RS04,-10.280321,0.000000,22.847370,0.0000,0.0000,-10.280321,-0.666742,11.021286,32.00
8.924091,torque-chirp,hip_flexion_right_joint,RS04,-10.272267,0.000000,19.122723,0.0000,0.0000,-10.272267,1.940262,11.321579,32.00
8.932038,torque-chirp,hip_flexion_right_joint,RS04,-10.243889,0.000000,14.049301,0.0000,0.0000,-10.243889,4.276722,10.135040,32.00
8.940014,torque-chirp,hip_flexion_right_joint,RS04,-10.199018,0.000000,7.928003,0.0000,0.0000,-10.199018,6.267567,9.146255,32.00
8.948014,torque-chirp,hip_flexion_right_joint,RS04,-10.141494,0.000000,1.199659,0.0000,0.0000,-10.141494,7.687572,5.722130,32.00
8.956011,torque-chirp,hip_flexion_right_joint,RS04,-10.075531,0.000000,-5.619786,0.0000,0.0000,-10.075531,8.513847,3.059738,32.00
8.964010,torque-chirp,hip_flexion_right_joint,RS04,-10.006501,0.000000,-12.030856,0.0000,0.0000,-10.006501,8.689631,0.283813,32.00
8.972010,torque-chirp,hip_flexion_right_joint,RS04,-9.937855,0.000000,-17.556192,0.0000,0.0000,-9.937855,8.501945,-1.591209,32.00
8.980011,torque-chirp,hip_flexion_right_joint,RS04,-9.873426,0.000000,-21.784477,0.0000,0.0000,-9.873426,7.722820,-5.059280,32.00
8.988010,torque-chirp,hip_flexion_right_joint,RS04,-9.820887,0.000000,-24.396418,0.0000,0.0000,-9.820887,5.926529,-7.403069,32.00
8.996009,torque-chirp,hip_flexion_right_joint,RS04,-9.786755,0.000000,-25.194731,0.0000,0.0000,-9.786755,3.375372,-9.629669,32.00
9.004009,torque-chirp,hip_flexion_right_joint,RS04,-9.773716,0.000000,-24.115870,0.0000,0.0000,-9.773716,0.706111,-10.893112,32.00
9.012048,torque-chirp,hip_flexion_right_joint,RS04,-9.780620,0.000000,-21.217625,0.0000,0.0000,-9.780620,-1.782787,-11.585258,32.00
9.020024,torque-chirp,hip_flexion_right_joint,RS04,-9.808231,0.000000,-16.754681,0.0000,0.0000,-9.808231,-4.310140,-11.306931,32.00
9.028011,torque-chirp,hip_flexion_right_joint,RS04,-9.853868,0.000000,-11.032844,0.0000,0.0000,-9.853868,-6.501488,-9.355003,32.00
9.036013,torque-chirp,hip_flexion_right_joint,RS04,-9.914461,0.000000,-4.468787,0.0000,0.0000,-9.914461,-8.137102,-8.091553,32.00
9.044014,torque-chirp,hip_flexion_right_joint,RS04,-9.985792,0.000000,2.436181,0.0000,0.0000,-9.985792,-9.280155,-5.040970,32.00
9.052011,torque-chirp,hip_flexion_right_joint,RS04,-10.062876,0.000000,9.160087,0.0000,0.0000,-10.062876,-9.748913,-1.931793,32.00
9.060011,torque-chirp,hip_flexion_right_joint,RS04,-10.141110,0.000000,15.200180,0.0000,0.0000,-10.141110,-9.669718,-1.246971,32.00
9.068010,torque-chirp,hip_flexion_right_joint,RS04,-10.217044,0.000000,20.097841,0.0000,0.0000,-10.217044,-9.293430,2.158844,32.00
9.076011,torque-chirp,hip_flexion_right_joint,RS04,-10.284540,0.000000,23.479620,0.0000,0.0000,-10.284540,-7.840009,6.608376,32.00
9.084010,torque-chirp,hip_flexion_right_joint,RS04,-10.336696,0.000000,25.085119,0.0000,0.0000,-10.336696,-5.722363,8.666504,32.00
9.092010,torque-chirp,hip_flexion_right_joint,RS04,-10.368143,0.000000,24.789043,0.0000,0.0000,-10.368143,-3.062257,10.395050,32.00
9.100009,torque-chirp,hip_flexion_right_joint,RS04,-10.377347,0.000000,22.609255,0.0000,0.0000,-10.377347,-0.111010,10.373077,32.00
9.108010,torque-chirp,hip_flexion_right_joint,RS04,-10.364307,0.000000,18.706285,0.0000,0.0000,-10.364307,2.538111,10.805222,32.00
9.116010,torque-chirp,hip_flexion_right_joint,RS04,-10.332094,0.000000,13.375051,0.0000,0.0000,-10.332094,4.766994,10.673370,32.00
9.124010,torque-chirp,hip_flexion_right_joint,RS04,-10.283772,0.000000,7.017290,0.0000,0.0000,-10.283772,6.726709,8.677490,32.00
9.132008,torque-chirp,hip_flexion_right_joint,RS04,-10.222795,0.000000,0.121081,0.0000,0.0000,-10.222795,8.111925,7.029518,32.00
9.140007,torque-chirp,hip_flexion_right_joint,RS04,-10.154149,0.000000,-6.791421,0.0000,0.0000,-10.154149,8.814144,4.297554,32.00
9.148009,torque-chirp,hip_flexion_right_joint,RS04,-10.083201,0.000000,-13.190828,0.0000,0.0000,-10.083201,8.863127,1.499664,32.00
9.156010,torque-chirp,hip_flexion_right_joint,RS04,-10.013021,0.000000,-18.579575,0.0000,0.0000,-10.013021,8.572441,-0.562141,32.00
9.164010,torque-chirp,hip_flexion_right_joint,RS04,-9.948210,0.000000,-22.542664,0.0000,0.0000,-9.948210,7.675669,-5.264359,32.00
9.172010,torque-chirp,hip_flexion_right_joint,RS04,-9.896437,0.000000,-24.771093,0.0000,0.0000,-9.896437,5.706341,-7.758301,32.00
9.180009,torque-chirp,hip_flexion_right_joint,RS04,-9.863839,0.000000,-25.088783,0.0000,0.0000,-9.863839,3.183107,-10.281532,32.00
9.188055,torque-chirp,hip_flexion_right_joint,RS04,-9.853484,0.000000,-23.452255,0.0000,0.0000,-9.853484,0.236439,-10.318153,32.00
9.196191,torque-chirp,hip_flexion_right_joint,RS04,-9.866140,0.000000,-19.928852,0.0000,0.0000,-9.866140,-2.478599,-11.094528,32.00
9.204015,torque-chirp,hip_flexion_right_joint,RS04,-9.897970,0.000000,-15.025647,0.0000,0.0000,-9.897970,-4.819638,-10.083778,32.00
9.212026,torque-chirp,hip_flexion_right_joint,RS04,-9.947059,0.000000,-8.847919,0.0000,0.0000,-9.947059,-6.837950,-9.519798,32.00
9.220018,torque-chirp,hip_flexion_right_joint,RS04,-10.010336,0.000000,-1.991015,0.0000,0.0000,-10.010336,-8.395742,-7.597160,32.00
9.228011,torque-chirp,hip_flexion_right_joint,RS04,-10.082435,0.000000,5.026626,0.0000,0.0000,-10.082435,-9.325017,-4.480659,32.00
9.236016,torque-chirp,hip_flexion_right_joint,RS04,-10.158368,0.000000,11.666639,0.0000,0.0000,-10.158368,-9.483406,-0.635384,32.00
9.244013,torque-chirp,hip_flexion_right_joint,RS04,-10.233917,0.000000,17.394053,0.0000,0.0000,-10.233917,-9.341497,0.448608,32.00
9.252007,torque-chirp,hip_flexion_right_joint,RS04,-10.305633,0.000000,21.763329,0.0000,0.0000,-10.305633,-8.687343,3.209885,32.00
9.260005,torque-chirp,hip_flexion_right_joint,RS04,-10.366225,0.000000,24.432495,0.0000,0.0000,-10.366225,-6.846647,7.633781,32.00
9.268012,torque-chirp,hip_flexion_right_joint,RS04,-10.408794,0.000000,25.185387,0.0000,0.0000,-10.408794,-4.431449,9.541763,32.00
9.276019,torque-chirp,hip_flexion_right_joint,RS04,-10.429887,0.000000,23.954088,0.0000,0.0000,-10.429887,-1.760357,11.841614,32.00
9.284012,torque-chirp,hip_flexion_right_joint,RS04,-10.429119,0.000000,20.838242,0.0000,0.0000,-10.429119,1.049896,11.786682,32.00
9.292010,torque-chirp,hip_flexion_right_joint,RS04,-10.408411,0.000000,16.074486,0.0000,0.0000,-10.408411,3.394140,10.482941,32.00
9.300011,torque-chirp,hip_flexion_right_joint,RS04,-10.370060,0.000000,10.035419,0.0000,0.0000,-10.370060,5.530098,9.420914,32.00
9.308017,torque-chirp,hip_flexion_right_joint,RS04,-10.317137,0.000000,3.192433,0.0000,0.0000,-10.317137,7.124971,7.641106,32.00
9.320010,torque-chirp,hip_flexion_right_joint,RS04,-10.219728,0.000000,-7.367163,0.0000,0.0000,-10.219728,8.667200,5.553673,32.00
9.328015,torque-chirp,hip_flexion_right_joint,RS04,-10.148396,0.000000,-13.805185,0.0000,0.0000,-10.148396,9.037994,2.052643,32.00
9.336014,torque-chirp,hip_flexion_right_joint,RS04,-10.076682,0.000000,-19.144299,0.0000,0.0000,-10.076682,8.850767,-1.019913,32.00
9.344011,torque-chirp,hip_flexion_right_joint,RS04,-10.010720,0.000000,-22.961405,0.0000,0.0000,-10.010720,7.780956,-6.168915,32.00
9.356005,torque-chirp,hip_flexion_right_joint,RS04,-9.938622,0.000000,-25.199997,0.0000,0.0000,-9.938622,4.667660,-9.025406,32.00
9.364011,torque-chirp,hip_flexion_right_joint,RS04,-9.914461,0.000000,-24.186195,0.0000,0.0000,-9.914461,2.015335,-10.021515,32.00
9.372011,torque-chirp,hip_flexion_right_joint,RS04,-9.912160,0.000000,-21.232893,0.0000,0.0000,-9.912160,-0.588922,-11.574272,32.00
9.380011,torque-chirp,hip_flexion_right_joint,RS04,-9.930569,0.000000,-16.573441,0.0000,0.0000,-9.930569,-3.233921,-9.922638,32.00
9.388083,torque-chirp,hip_flexion_right_joint,RS04,-9.967768,0.000000,-10.519003,0.0000,0.0000,-9.967768,-5.412451,-9.728546,32.00
9.396014,torque-chirp,hip_flexion_right_joint,RS04,-10.019157,0.000000,-3.722012,0.0000,0.0000,-10.019157,-6.971161,-7.329826,32.00
9.404011,torque-chirp,hip_flexion_right_joint,RS04,-10.080900,0.000000,3.432633,0.0000,0.0000,-10.080900,-8.049668,-5.268021,32.00
9.412010,torque-chirp,hip_flexion_right_joint,RS04,-10.148013,0.000000,10.317940,0.0000,0.0000,-10.148013,-8.496452,-2.437172,32.00
9.420010,torque-chirp,hip_flexion_right_joint,RS04,-10.215893,0.000000,16.374041,0.0000,0.0000,-10.215893,-8.456169,-0.232544,32.00
9.428008,torque-chirp,hip_flexion_right_joint,RS04,-10.280321,0.000000,21.107901,0.0000,0.0000,-10.280321,-7.851453,2.733810,32.00
9.436012,torque-chirp,hip_flexion_right_joint,RS04,-10.335929,0.000000,24.134245,0.0000,0.0000,-10.335929,-6.329823,6.491188,32.00
9.444011,torque-chirp,hip_flexion_right_joint,RS04,-10.373896,0.000000,25.199574,0.0000,0.0000,-10.373896,-3.954909,8.845947,32.00
9.452012,torque-chirp,hip_flexion_right_joint,RS04,-10.391153,0.000000,24.214760,0.0000,0.0000,-10.391153,-1.312200,12.024719,32.00
9.460012,torque-chirp,hip_flexion_right_joint,RS04,-10.388084,0.000000,21.254904,0.0000,0.0000,-10.388084,1.303959,12.222473,32.00
9.468011,torque-chirp,hip_flexion_right_joint,RS04,-10.365458,0.000000,16.558783,0.0000,0.0000,-10.365458,3.736553,11.251999,32.00
9.476016,torque-chirp,hip_flexion_right_joint,RS04,-10.324040,0.000000,10.499578,0.0000,0.0000,-10.324040,5.921036,10.296173,32.00
9.484012,torque-chirp,hip_flexion_right_joint,RS04,-10.268433,0.000000,3.584063,0.0000,0.0000,-10.268433,7.565348,7.362785,32.00
9.492012,torque-chirp,hip_flexion_right_joint,RS04,-10.201703,0.000000,-3.635018,0.0000,0.0000,-10.201703,8.640650,4.579536,32.00
9.500013,torque-chirp,hip_flexion_right_joint,RS04,-10.130372,0.000000,-10.561025,0.0000,0.0000,-10.130372,9.038452,2.081940,32.00
9.508312,torque-chirp,hip_flexion_right_joint,RS04,-10.055590,0.000000,-16.825499,0.0000,0.0000,-10.055590,8.997253,0.814835,32.00
9.516050,torque-chirp,hip_flexion_right_joint,RS04,-9.988860,0.000000,-21.337112,0.0000,0.0000,-9.988860,8.436028,-2.276039,32.00
9.524055,torque-chirp,hip_flexion_right_joint,RS04,-9.929034,0.000000,-24.270075,0.0000,0.0000,-9.929034,6.852139,-6.663307,32.00
9.532048,torque-chirp,hip_flexion_right_joint,RS04,-9.886849,0.000000,-25.196873,0.0000,0.0000,-9.886849,4.386129,-9.201195,32.00
9.540019,torque-chirp,hip_flexion_right_joint,RS04,-9.865757,0.000000,-24.048433,0.0000,0.0000,-9.865757,1.795147,-10.036163,32.00
9.548018,torque-chirp,hip_flexion_right_joint,RS04,-9.866140,0.000000,-20.905308,0.0000,0.0000,-9.866140,-0.954680,-11.783012,32.00
9.556015,torque-chirp,hip_flexion_right_joint,RS04,-9.886849,0.000000,-16.026537,0.0000,0.0000,-9.886849,-3.364385,-10.486610,32.00
9.564013,torque-chirp,hip_flexion_right_joint,RS04,-9.925200,0.000000,-9.811773,0.0000,0.0000,-9.925200,-5.494850,-9.080338,32.00
9.572011,torque-chirp,hip_flexion_right_joint,RS04,-9.978506,0.000000,-2.774825,0.0000,0.0000,-9.978506,-7.220188,-7.926758,32.00
9.580011,torque-chirp,hip_flexion_right_joint,RS04,-10.041400,0.000000,4.500404,0.0000,0.0000,-10.041400,-8.228657,-5.198441,32.00
9.588007,torque-chirp,hip_flexion_right_joint,RS04,-10.108896,0.000000,11.401458,0.0000,0.0000,-10.108896,-8.594416,-2.517738,32.00
9.596008,torque-chirp,hip_flexion_right_joint,RS04,-10.176393,0.000000,17.357943,0.0000,0.0000,-10.176393,-8.311055,-0.891739,32.00
9.604010,torque-chirp,hip_flexion_right_joint,RS04,-10.240437,0.000000,21.864273,0.0000,0.0000,-10.240437,-7.757610,3.074387,32.00
9.612009,torque-chirp,hip_flexion_right_joint,RS04,-10.293360,0.000000,24.538462,0.0000,0.0000,-10.293360,-5.955368,8.208740,32.00
9.620010,torque-chirp,hip_flexion_right_joint,RS04,-10.328642,0.000000,25.152527,0.0000,0.0000,-10.328642,-3.517281,10.113068,32.00
9.628015,torque-chirp,hip_flexion_right_joint,RS04,-10.341681,0.000000,23.648407,0.0000,0.0000,-10.341681,-0.589837,10.036163,32.00
9.636009,torque-chirp,hip_flexion_right_joint,RS04,-10.331711,0.000000,20.152884,0.0000,0.0000,-10.331711,2.201649,10.940720,32.00
9.644010,torque-chirp,hip_flexion_right_joint,RS04,-10.302565,0.000000,14.951796,0.0000,0.0000,-10.302565,4.442436,10.567169,32.00
9.652009,torque-chirp,hip_flexion_right_joint,RS04,-10.255394,0.000000,8.483270,0.0000,0.0000,-10.255394,6.570152,9.831070,32.00
9.660057,torque-chirp,hip_flexion_right_joint,RS04,-10.194800,0.000000,1.246642,0.0000,0.0000,-10.194800,8.120165,7.542229,32.00
9.668024,torque-chirp,hip_flexion_right_joint,RS04,-10.125387,0.000000,-6.029307,0.0000,0.0000,-10.125387,9.074615,4.769966,32.00
9.676018,torque-chirp,hip_flexion_right_joint,RS04,-10.052522,0.000000,-12.824122,0.0000,0.0000,-10.052522,9.129549,1.994049,32.00
9.684010,torque-chirp,hip_flexion_right_joint,RS04,-9.980423,0.000000,-18.533657,0.0000,0.0000,-9.980423,8.912565,-0.206909,32.00
9.692007,torque-chirp,hip_flexion_right_joint,RS04,-9.912544,0.000000,-22.674198,0.0000,0.0000,-9.912544,8.042345,-5.110550,32.00
9.700120,torque-chirp,hip_flexion_right_joint,RS04,-9.857703,0.000000,-24.900852,0.0000,0.0000,-9.857703,6.131609,-7.842529,32.00
9.708019,torque-chirp,hip_flexion_right_joint,RS04,-9.821653,0.000000,-24.969080,0.0000,0.0000,-9.821653,3.650034,-9.882355,32.00
9.716010,torque-chirp,hip_flexion_right_joint,RS04,-9.808231,0.000000,-22.918837,0.0000,0.0000,-9.808231,0.794003,-11.914848,32.00
9.724010,torque-chirp,hip_flexion_right_joint,RS04,-9.815134,0.000000,-18.902086,0.0000,0.0000,-9.815134,-1.714122,-11.955139,32.00
9.732011,torque-chirp,hip_flexion_right_joint,RS04,-9.841980,0.000000,-13.259136,0.0000,0.0000,-9.841980,-4.083086,-10.750290,32.00
9.740011,torque-chirp,hip_flexion_right_joint,RS04,-9.884548,0.000000,-6.472648,0.0000,0.0000,-9.884548,-6.036851,-8.604256,32.00
9.748008,torque-chirp,hip_flexion_right_joint,RS04,-9.940156,0.000000,0.872381,0.0000,0.0000,-9.940156,-7.384985,-6.674294,32.00
9.756007,torque-chirp,hip_flexion_right_joint,RS04,-10.003050,0.000000,8.150356,0.0000,0.0000,-10.003050,-8.070725,-3.598083,32.00
9.764010,torque-chirp,hip_flexion_right_joint,RS04,-10.067862,0.000000,14.732662,0.0000,0.0000,-10.067862,-8.077135,-0.463264,32.00
9.772011,torque-chirp,hip_flexion_right_joint,RS04,-10.131140,0.000000,20.043354,0.0000,0.0000,-10.131140,-7.766766,1.759674,32.00
9.780010,torque-chirp,hip_flexion_right_joint,RS04,-10.187513,0.000000,23.621571,0.0000,0.0000,-10.187513,-6.458915,6.502174,32.00
9.788054,torque-chirp,hip_flexion_right_joint,RS04,-10.228165,0.000000,25.156811,0.0000,0.0000,-10.228165,-4.276722,9.424576,32.00
9.796061,torque-chirp,hip_flexion_right_joint,RS04,-10.248874,0.000000,24.492554,0.0000,0.0000,-10.248874,-1.637217,10.098419,32.00
9.804022,torque-chirp,hip_flexion_right_joint,RS04,-10.248107,0.000000,21.715200,0.0000,0.0000,-10.248107,0.973449,11.226364,32.00
9.812019,torque-chirp,hip_flexion_right_joint,RS04,-10.226631,0.000000,17.037601,0.0000,0.0000,-10.226631,3.650949,11.402145,32.00
9.820018,torque-chirp,hip_flexion_right_joint,RS04,-10.186747,0.000000,10.870335,0.0000,0.0000,-10.186747,5.809340,10.113068,32.00
9.828014,torque-chirp,hip_flexion_right_joint,RS04,-10.131523,0.000000,3.750943,0.0000,0.0000,-10.131523,7.466011,8.131836,32.00
9.836011,torque-chirp,hip_flexion_right_joint,RS04,-10.065177,0.000000,-3.701720,0.0000,0.0000,-10.065177,8.665369,5.315636,32.00
9.844012,torque-chirp,hip_flexion_right_joint,RS04,-9.993846,0.000000,-10.839300,0.0000,0.0000,-9.993846,8.996796,2.697189,32.00
9.852010,torque-chirp,hip_flexion_right_joint,RS04,-9.921747,0.000000,-17.028128,0.0000,0.0000,-9.921747,9.002747,0.994278,32.00
9.860008,torque-chirp,hip_flexion_right_joint,RS04,-9.852717,0.000000,-21.726032,0.0000,0.0000,-9.852717,8.403069,-2.656906,32.00
9.868011,torque-chirp,hip_flexion_right_joint,RS04,-9.793658,0.000000,-24.516823,0.0000,0.0000,-9.793658,6.733576,-6.612038,32.00
9.876010,torque-chirp,hip_flexion_right_joint,RS04,-9.752624,0.000000,-25.147377,0.0000,0.0000,-9.752624,4.260700,-9.787140,32.00
9.884009,torque-chirp,hip_flexion_right_joint,RS04,-9.732681,0.000000,-23.558613,0.0000,0.0000,-9.732681,1.662851,-10.519569,32.00
9.892010,torque-chirp,hip_flexion_right_joint,RS04,-9.734599,0.000000,-19.886023,0.0000,0.0000,-9.734599,-1.191806,-11.197067,32.00
9.900011,torque-chirp,hip_flexion_right_joint,RS04,-9.755692,0.000000,-14.449078,0.0000,0.0000,-9.755692,-3.474250,-10.592819,32.00
9.908010,torque-chirp,hip_flexion_right_joint,RS04,-9.794425,0.000000,-7.728287,0.0000,0.0000,-9.794425,-5.445411,-8.893570,32.00
9.916007,torque-chirp,hip_flexion_right_joint,RS04,-9.846581,0.000000,-0.319388,0.0000,0.0000,-9.846581,-6.963379,-7.238266,32.00
9.924008,torque-chirp,hip_flexion_right_joint,RS04,-9.906791,0.000000,7.127817,0.0000,0.0000,-9.906791,-7.747082,-4.425720,32.00
9.932065,torque-chirp,hip_flexion_right_joint,RS04,-9.970452,0.000000,13.989011,0.0000,0.0000,-9.970452,-7.927444,-1.214012,32.00
9.940126,torque-chirp,hip_flexion_right_joint,RS04,-10.032963,0.000000,19.592207,0.0000,0.0000,-10.032963,-7.668345,1.045547,32.00
9.948043,torque-chirp,hip_flexion_right_joint,RS04,-10.088571,0.000000,23.371607,0.0000,0.0000,-10.088571,-6.596704,6.044395,32.00
9.956016,torque-chirp,hip_flexion_right_joint,RS04,-10.130756,0.000000,25.111073,0.0000,0.0000,-10.130756,-4.479514,8.926529,32.00
9.964017,torque-chirp,hip_flexion_right_joint,RS04,-10.152231,0.000000,24.611622,0.0000,0.0000,-10.152231,-1.789197,10.515900,32.00
9.972012,torque-chirp,hip_flexion_right_joint,RS04,-10.154149,0.000000,21.906406,0.0000,0.0000,-10.154149,0.642480,11.947815,32.00
9.980012,torque-chirp,hip_flexion_right_joint,RS04,-10.135741,0.000000,17.229572,0.0000,0.0000,-10.135741,3.243534,10.753937,32.00
9.988261,torque-chirp,hip_flexion_right_joint,RS04,-10.096624,0.000000,10.786251,0.0000,0.0000,-10.096624,5.537422,10.299835,32.00
9.996041,torque-chirp,hip_flexion_right_joint,RS04,-10.044468,0.000000,3.745936,0.0000,0.0000,-10.044468,7.271458,7.436028,32.00
