t_s,maneuver,joint,model,cmd_pos,cmd_vel,cmd_tau,cmd_kp,cmd_kd,fb_pos,fb_vel,fb_tau,fb_temp
0.000001,friction-sweep,hip_abduction_right_joint,RS03,-8.522352,0.000000,0.000000,0.0000,2.0000,-8.522352,-0.092470,-0.000916,32.00
0.008053,friction-sweep,hip_abduction_right_joint,RS03,-8.524269,0.000000,0.000000,0.0000,2.0000,-8.524269,-0.041201,-0.037537,32.00
0.016034,friction-sweep,hip_abduction_right_joint,RS03,-8.524269,0.000000,0.000000,0.0000,2.0000,-8.524269,-0.017395,-0.061340,32.00
0.024025,friction-sweep,hip_abduction_right_joint,RS03,-8.524269,0.000000,0.000000,0.0000,2.0000,-8.524269,0.019226,-0.028381,32.00
0.032016,friction-sweep,hip_abduction_right_joint,RS03,-8.524269,0.000000,0.000000,0.0000,2.0000,-8.524269,-0.007629,-0.101624,32.00
0.040012,friction-sweep,hip_abduction_right_joint,RS03,-8.524269,0.000000,0.000000,0.0000,2.0000,-8.524269,0.040588,-0.011902,32.00
0.048009,friction-sweep,hip_abduction_right_joint,RS03,-8.524269,0.000000,0.000000,0.0000,2.0000,-8.524269,0.010071,-0.037537,32.00
0.056008,friction-sweep,hip_abduction_right_joint,RS03,-8.524269,0.000000,0.000000,0.0000,2.0000,-8.524269,-0.077822,-0.024719,32.00
0.064009,friction-sweep,hip_abduction_right_joint,RS03,-8.524269,0.000000,0.000000,0.0000,2.0000,-8.524269,-0.039980,-0.008240,32.00
0.071999,friction-sweep,hip_abduction_right_joint,RS03,-8.524269,0.000000,0.000000,0.0000,2.0000,-8.524269,-0.046083,-0.075989,32.00
0.080009,friction-sweep,hip_abduction_right_joint,RS03,-8.524269,0.000000,0.000000,0.0000,2.0000,-8.524269,-0.070498,0.011902,32.00
0.088009,friction-sweep,hip_abduction_right_joint,RS03,-8.524269,0.000000,0.000000,0.0000,2.0000,-8.524269,0.011292,0.026550,32.00
0.096009,friction-sweep,hip_abduction_right_joint,RS03,-8.524652,0.000000,0.000000,0.0000,2.0000,-8.524652,-0.136415,-0.019226,32.00
0.104007,friction-sweep,hip_abduction_right_joint,RS03,-8.524269,0.000000,0.000000,0.0000,2.0000,-8.524269,-0.056459,0.028381,32.00
0.112010,friction-sweep,hip_abduction_right_joint,RS03,-8.524269,0.000000,0.000000,0.0000,2.0000,-8.524269,0.032654,0.015564,32.00
0.120008,friction-sweep,hip_abduction_right_joint,RS03,-8.524269,0.000000,0.000000,0.0000,2.0000,-8.524269,-0.066835,0.026550,32.00
0.128009,friction-sweep,hip_abduction_right_joint,RS03,-8.524269,0.000000,0.000000,0.0000,2.0000,-8.524269,0.007629,-0.022888,32.00
0.136008,friction-sweep,hip_abduction_right_joint,RS03,-8.524269,0.000000,0.000000,0.0000,2.0000,-8.524269,-0.071108,0.008240,32.00
0.144009,friction-sweep,hip_abduction_right_joint,RS03,-8.524269,0.000000,0.000000,0.0000,2.0000,-8.524269,-0.063784,0.048523,32.00
0.152007,friction-sweep,hip_abduction_right_joint,RS03,-8.524269,0.000000,0.000000,0.0000,2.0000,-8.524269,0.033264,0.024719,32.00
0.160006,friction-sweep,hip_abduction_right_joint,RS03,-8.524269,0.000000,0.000000,0.0000,2.0000,-8.524269,-0.061342,-0.035706,32.00
0.168006,friction-sweep,hip_abduction_right_joint,RS03,-8.524652,0.000000,0.000000,0.0000,2.0000,-8.524652,-0.044252,0.002747,32.00
0.176008,friction-sweep,hip_abduction_right_joint,RS03,-8.524269,0.000000,0.000000,0.0000,2.0000,-8.524269,0.063171,0.008240,32.00
0.184008,friction-sweep,hip_abduction_right_joint,RS03,-8.524269,0.000000,0.000000,0.0000,2.0000,-8.524269,0.013123,-0.057678,32.00
0.192009,friction-sweep,hip_abduction_right_joint,RS03,-8.524269,0.000000,0.000000,0.0000,2.0000,-8.524269,0.058899,-0.017395,32.00
0.200008,friction-sweep,hip_abduction_right_joint,RS03,-8.524269,0.000000,0.000000,0.0000,2.0000,-8.524269,-0.126040,0.032043,32.00
0.208058,friction-sweep,hip_abduction_right_joint,RS03,-8.524269,0.000000,0.000000,0.0000,2.0000,-8.524269,-0.013123,0.063171,32.00
0.216028,friction-sweep,hip_abduction_right_joint,RS03,-8.524652,0.000000,0.000000,0.0000,2.0000,-8.524652,-0.028381,0.006409,32.00
0.224032,friction-sweep,hip_abduction_right_joint,RS03,-8.524652,0.000000,0.000000,0.0000,2.0000,-8.524652,-0.080873,0.015564,32.00
0.232016,friction-sweep,hip_abduction_right_joint,RS03,-8.524269,0.000000,0.000000,0.0000,2.0000,-8.524269,0.074768,-0.030212,32.00
0.240010,friction-sweep,hip_abduction_right_joint,RS03,-8.524652,0.000000,0.000000,0.0000,2.0000,-8.524652,0.054016,0.070496,32.00
0.248008,friction-sweep,hip_abduction_right_joint,RS03,-8.524652,0.000000,0.000000,0.0000,2.0000,-8.524652,0.031433,-0.008240,32.00
0.256006,friction-sweep,hip_abduction_right_joint,RS03,-8.524652,0.000000,0.000000,0.0000,2.0000,-8.524652,0.083925,-0.000916,32.00
0.264005,friction-sweep,hip_abduction_right_joint,RS03,-8.524652,0.000000,0.000000,0.0000,2.0000,-8.524652,-0.046083,0.019226,32.00
0.272008,friction-sweep,hip_abduction_right_joint,RS03,-8.524652,0.000000,0.000000,0.0000,2.0000,-8.524652,-0.077211,0.008240,32.00
0.280008,friction-sweep,hip_abduction_right_joint,RS03,-8.524652,0.000000,0.000000,0.0000,2.0000,-8.524652,0.080873,-0.075989,32.00
0.288006,friction-sweep,hip_abduction_right_joint,RS03,-8.524652,0.000000,0.000000,0.0000,2.0000,-8.524652,0.016174,0.061340,32.00
0.296293,friction-sweep,hip_abduction_right_joint,RS03,-8.524652,0.000000,0.000000,0.0000,2.0000,-8.524652,0.001526,0.006409,32.00
0.304041,friction-sweep,hip_abduction_right_joint,RS03,-8.524652,0.000000,0.000000,0.0000,2.0000,-8.524652,0.140688,-0.013733,32.00
0.312028,friction-sweep,hip_abduction_right_joint,RS03,-8.524652,0.000000,0.000000,0.0000,2.0000,-8.524652,-0.032654,0.000916,32.00
0.320023,friction-sweep,hip_abduction_right_joint,RS03,-8.524652,0.000000,0.000000,0.0000,2.0000,-8.524652,0.027771,0.035706,32.00
0.328020,friction-sweep,hip_abduction_right_joint,RS03,-8.524652,0.000000,0.000000,0.0000,2.0000,-8.524652,0.087587,0.063171,32.00
0.336015,friction-sweep,hip_abduction_right_joint,RS03,-8.524652,0.000000,0.000000,0.0000,2.0000,-8.524652,0.043640,-0.015564,32.00
0.344011,friction-sweep,hip_abduction_right_joint,RS03,-8.524652,0.000000,0.000000,0.0000,2.0000,-8.524652,-0.054628,-0.026550,32.00
0.352008,friction-sweep,hip_abduction_right_joint,RS03,-8.524652,0.000000,0.000000,0.0000,2.0000,-8.524652,-0.027161,-0.011902,32.00
0.360009,friction-sweep,hip_abduction_right_joint,RS03,-8.524652,0.000000,0.000000,0.0000,2.0000,-8.524652,0.070496,-0.068665,32.00
0.368010,friction-sweep,hip_abduction_right_joint,RS03,-8.524652,0.000000,0.000000,0.0000,2.0000,-8.524652,-0.077822,-0.021057,32.00
0.376011,friction-sweep,hip_abduction_right_joint,RS03,-8.524652,0.000000,0.000000,0.0000,2.0000,-8.524652,-0.047304,0.033875,32.00
0.384013,friction-sweep,hip_abduction_right_joint,RS03,-8.524652,0.000000,0.000000,0.0000,2.0000,-8.524652,-0.069277,0.010071,32.00
0.392010,friction-sweep,hip_abduction_right_joint,RS03,-8.524652,0.000000,0.000000,0.0000,2.0000,-8.524652,0.144960,0.043030,32.00
0.400008,friction-sweep,hip_abduction_right_joint,RS03,-8.524652,2.000000,0.000000,0.0000,2.0000,-8.524652,-0.057680,0.019226,32.00
0.408009,friction-sweep,hip_abduction_right_joint,RS03,-8.524652,2.000000,0.000000,0.0000,2.0000,-8.524652,-0.065615,-0.037537,32.00
0.416010,friction-sweep,hip_abduction_right_joint,RS03,-8.523502,2.000000,0.000000,0.0000,2.0000,-8.523502,0.325016,1.282677,32.00
0.424010,friction-sweep,hip_abduction_right_joint,RS03,-8.519668,2.000000,0.000000,0.0000,2.0000,-8.519668,0.486763,1.174644,32.00
0.432010,friction-sweep,hip_abduction_right_joint,RS03,-8.514299,2.000000,0.000000,0.0000,2.0000,-8.514299,0.754101,0.852371,32.00
0.440009,friction-sweep,hip_abduction_right_joint,RS03,-8.506629,2.000000,0.000000,0.0000,2.0000,-8.506629,1.039751,0.603340,32.00
0.448009,friction-sweep,hip_abduction_right_joint,RS03,-8.497425,2.000000,0.000000,0.0000,2.0000,-8.497425,1.200886,0.594185,32.00
0.456009,friction-sweep,hip_abduction_right_joint,RS03,-8.486687,2.000000,0.000000,0.0000,2.0000,-8.486687,1.324787,0.881668,32.00
0.464008,friction-sweep,hip_abduction_right_joint,RS03,-8.475182,2.000000,0.000000,0.0000,2.0000,-8.475182,1.435873,0.617989,32.00
0.472010,friction-sweep,hip_abduction_right_joint,RS03,-8.463293,2.000000,0.000000,0.0000,2.0000,-8.463293,1.532921,0.394600,32.00
0.480008,friction-sweep,hip_abduction_right_joint,RS03,-8.450638,2.000000,0.000000,0.0000,2.0000,-8.450638,1.571373,0.702217,32.00
0.488010,friction-sweep,hip_abduction_right_joint,RS03,-8.437983,2.000000,0.000000,0.0000,2.0000,-8.437983,1.637291,0.277412,32.00
0.496141,friction-sweep,hip_abduction_right_joint,RS03,-8.424560,2.000000,0.000000,0.0000,2.0000,-8.424560,1.623253,0.482491,32.00
0.504018,friction-sweep,hip_abduction_right_joint,RS03,-8.410753,2.000000,0.000000,0.0000,2.0000,-8.410753,1.694668,0.511787,32.00
0.512011,friction-sweep,hip_abduction_right_joint,RS03,-8.397331,2.000000,0.000000,0.0000,2.0000,-8.397331,1.819181,0.312202,32.00
0.520011,friction-sweep,hip_abduction_right_joint,RS03,-8.383525,2.000000,0.000000,0.0000,2.0000,-8.383525,1.694668,0.755325,32.00
0.528009,friction-sweep,hip_abduction_right_joint,RS03,-8.369719,2.000000,0.000000,0.0000,2.0000,-8.369719,1.702602,0.414742,32.00
0.536009,friction-sweep,hip_abduction_right_joint,RS03,-8.355530,2.000000,0.000000,0.0000,2.0000,-8.355530,1.751431,0.383614,32.00
0.544009,friction-sweep,hip_abduction_right_joint,RS03,-8.341723,2.000000,0.000000,0.0000,2.0000,-8.341723,1.862516,0.475166,32.00
0.552009,friction-sweep,hip_abduction_right_joint,RS03,-8.327534,2.000000,0.000000,0.0000,2.0000,-8.327534,1.799650,0.286568,32.00
0.560008,friction-sweep,hip_abduction_right_joint,RS03,-8.312961,2.000000,0.000000,0.0000,2.0000,-8.312961,1.868010,0.727859,32.00
0.568009,friction-sweep,hip_abduction_right_joint,RS03,-8.299154,2.000000,0.000000,0.0000,2.0000,-8.299154,1.880827,0.315865,32.00
0.576008,friction-sweep,hip_abduction_right_joint,RS03,-8.284582,2.000000,0.000000,0.0000,2.0000,-8.284582,1.739223,0.412910,32.00
0.584009,friction-sweep,hip_abduction_right_joint,RS03,-8.270391,2.000000,0.000000,0.0000,2.0000,-8.270391,1.711758,0.385445,32.00
0.592009,friction-sweep,hip_abduction_right_joint,RS03,-8.256203,2.000000,0.000000,0.0000,2.0000,-8.256203,1.816740,0.325020,32.00
0.600010,friction-sweep,hip_abduction_right_joint,RS03,-8.242013,2.000000,0.000000,0.0000,2.0000,-8.242013,1.712368,0.663765,32.00
0.608009,friction-sweep,hip_abduction_right_joint,RS03,-8.227440,2.000000,0.000000,0.0000,2.0000,-8.227440,1.721523,0.286568,32.00
0.616010,friction-sweep,hip_abduction_right_joint,RS03,-8.213251,2.000000,0.000000,0.0000,2.0000,-8.213251,1.868010,0.533760,32.00
0.624008,friction-sweep,hip_abduction_right_joint,RS03,-8.199060,2.000000,0.000000,0.0000,2.0000,-8.199060,1.750210,0.401924,32.00
0.632009,friction-sweep,hip_abduction_right_joint,RS03,-8.184872,2.000000,0.000000,0.0000,2.0000,-8.184872,1.646450,0.282906,32.00
0.640009,friction-sweep,hip_abduction_right_joint,RS03,-8.170299,2.000000,0.000000,0.0000,2.0000,-8.170299,1.721523,0.643623,32.00
0.648009,friction-sweep,hip_abduction_right_joint,RS03,-8.156109,2.000000,0.000000,0.0000,2.0000,-8.156109,1.767910,0.255440,32.00
0.656009,friction-sweep,hip_abduction_right_joint,RS03,-8.141536,2.000000,0.000000,0.0000,2.0000,-8.141536,1.836882,0.522774,32.00
0.664009,friction-sweep,hip_abduction_right_joint,RS03,-8.127346,2.000000,0.000000,0.0000,2.0000,-8.127346,1.646450,0.422066,32.00
0.672009,friction-sweep,hip_abduction_right_joint,RS03,-8.113157,2.000000,0.000000,0.0000,2.0000,-8.113157,1.692226,0.260933,32.00
0.680009,friction-sweep,hip_abduction_right_joint,RS03,-8.098583,2.000000,0.000000,0.0000,2.0000,-8.098583,1.818571,0.533760,32.00
0.688049,friction-sweep,hip_abduction_right_joint,RS03,-8.084394,2.000000,0.000000,0.0000,2.0000,-8.084394,1.717251,0.238960,32.00
0.696069,friction-sweep,hip_abduction_right_joint,RS03,-8.069821,2.000000,0.000000,0.0000,2.0000,-8.069821,1.722134,0.716873,32.00
0.704044,friction-sweep,hip_abduction_right_joint,RS03,-8.055632,2.000000,0.000000,0.0000,2.0000,-8.055632,1.732510,0.367134,32.00
0.712034,friction-sweep,hip_abduction_right_joint,RS03,-8.041442,2.000000,0.000000,0.0000,2.0000,-8.041442,1.774624,0.216980,32.00
0.720023,friction-sweep,hip_abduction_right_joint,RS03,-8.027252,2.000000,0.000000,0.0000,2.0000,-8.027252,1.942472,0.467842,32.00
0.728021,friction-sweep,hip_abduction_right_joint,RS03,-8.013062,2.000000,0.000000,0.0000,2.0000,-8.013062,1.772793,0.268257,32.00
0.736021,friction-sweep,hip_abduction_right_joint,RS03,-7.998490,2.000000,0.000000,0.0000,2.0000,-7.998490,1.764858,0.729691,32.00
0.744019,friction-sweep,hip_abduction_right_joint,RS03,-7.984684,2.000000,0.000000,0.0000,2.0000,-7.984684,1.698330,0.220642,32.00
0.752013,friction-sweep,hip_abduction_right_joint,RS03,-7.970111,2.000000,0.000000,0.0000,2.0000,-7.970111,1.763638,0.480659,32.00
0.760012,friction-sweep,hip_abduction_right_joint,RS03,-7.955921,2.000000,0.000000,0.0000,2.0000,-7.955921,1.861296,0.495308,32.00
0.768011,friction-sweep,hip_abduction_right_joint,RS03,-7.941732,2.000000,0.000000,0.0000,2.0000,-7.941732,1.904631,0.339668,32.00
0.776010,friction-sweep,hip_abduction_right_joint,RS03,-7.927542,2.000000,0.000000,0.0000,2.0000,-7.927542,1.885710,0.672920,32.00
0.788008,friction-sweep,hip_abduction_right_joint,RS03,-7.906449,2.000000,0.000000,0.0000,2.0000,-7.906449,1.785000,0.350655,32.00
0.796010,friction-sweep,hip_abduction_right_joint,RS03,-7.891877,2.000000,0.000000,0.0000,2.0000,-7.891877,1.759975,0.639961,32.00
0.804010,friction-sweep,hip_abduction_right_joint,RS03,-7.877687,2.000000,0.000000,0.0000,2.0000,-7.877687,1.838713,0.270088,32.00
0.812011,friction-sweep,hip_abduction_right_joint,RS03,-7.863497,2.000000,0.000000,0.0000,2.0000,-7.863497,1.773403,0.619820,32.00
0.820009,friction-sweep,hip_abduction_right_joint,RS03,-7.849308,2.000000,0.000000,0.0000,2.0000,-7.849308,1.831999,0.385445,32.00
0.828010,friction-sweep,hip_abduction_right_joint,RS03,-7.835118,2.000000,0.000000,0.0000,2.0000,-7.835118,1.789272,0.301216,32.00
0.836011,friction-sweep,hip_abduction_right_joint,RS03,-7.820546,2.000000,0.000000,0.0000,2.0000,-7.820546,1.673916,0.550240,32.00
0.844023,friction-sweep,hip_abduction_right_joint,RS03,-7.806356,2.000000,0.000000,0.0000,2.0000,-7.806356,1.877775,0.262764,32.00
0.852007,friction-sweep,hip_abduction_right_joint,RS03,-7.791782,2.000000,0.000000,0.0000,2.0000,-7.791782,1.774014,0.579536,32.00
0.860007,friction-sweep,hip_abduction_right_joint,RS03,-7.777977,2.000000,0.000000,0.0000,2.0000,-7.777977,1.729458,0.416573,32.00
0.868008,friction-sweep,hip_abduction_right_joint,RS03,-7.763403,2.000000,0.000000,0.0000,2.0000,-7.763403,1.847868,0.260933,32.00
0.876009,friction-sweep,hip_abduction_right_joint,RS03,-7.749214,2.000000,0.000000,0.0000,2.0000,-7.749214,1.872282,0.524605,32.00
0.884009,friction-sweep,hip_abduction_right_joint,RS03,-7.735024,2.000000,0.000000,0.0000,2.0000,-7.735024,1.884489,0.249947,32.00
0.892008,friction-sweep,hip_abduction_right_joint,RS03,-7.720452,2.000000,0.000000,0.0000,2.0000,-7.720452,1.764248,0.663765,32.00
0.900009,friction-sweep,hip_abduction_right_joint,RS03,-7.706262,2.000000,0.000000,0.0000,2.0000,-7.706262,1.725796,0.337837,32.00
0.908008,friction-sweep,hip_abduction_right_joint,RS03,-7.692072,2.000000,0.000000,0.0000,2.0000,-7.692072,1.838102,0.372627,32.00
0.916010,friction-sweep,hip_abduction_right_joint,RS03,-7.677883,2.000000,0.000000,0.0000,2.0000,-7.677883,1.781338,0.471504,32.00
0.924009,friction-sweep,hip_abduction_right_joint,RS03,-7.663693,2.000000,0.000000,0.0000,2.0000,-7.663693,1.816740,0.273750,32.00
0.932010,friction-sweep,hip_abduction_right_joint,RS03,-7.649504,2.000000,0.000000,0.0000,2.0000,-7.649504,1.731289,0.678413,32.00
0.940009,friction-sweep,hip_abduction_right_joint,RS03,-7.634931,2.000000,0.000000,0.0000,2.0000,-7.634931,1.797209,0.281075,32.00
0.948009,friction-sweep,hip_abduction_right_joint,RS03,-7.620741,2.000000,0.000000,0.0000,2.0000,-7.620741,1.810026,0.497139,32.00
0.956008,friction-sweep,hip_abduction_right_joint,RS03,-7.606552,2.000000,0.000000,0.0000,2.0000,-7.606552,1.790493,0.444038,32.00
0.964008,friction-sweep,hip_abduction_right_joint,RS03,-7.592362,2.000000,0.000000,0.0000,2.0000,-7.592362,1.890593,0.308540,32.00
0.972009,friction-sweep,hip_abduction_right_joint,RS03,-7.577789,2.000000,0.000000,0.0000,2.0000,-7.577789,1.775234,0.645454,32.00
0.980009,friction-sweep,hip_abduction_right_joint,RS03,-7.563600,2.000000,0.000000,0.0000,2.0000,-7.563600,1.741665,0.205994,32.00
0.988008,friction-sweep,hip_abduction_right_joint,RS03,-7.549027,2.000000,0.000000,0.0000,2.0000,-7.549027,1.812468,0.617989,32.00
0.996106,friction-sweep,hip_abduction_right_joint,RS03,-7.534837,2.000000,0.000000,0.0000,2.0000,-7.534837,1.726406,0.409248,32.00
1.004017,friction-sweep,hip_abduction_right_joint,RS03,-7.520648,2.000000,0.000000,0.0000,2.0000,-7.520648,1.886930,0.273750,32.00
1.012009,friction-sweep,hip_abduction_right_joint,RS03,-7.506074,2.000000,0.000000,0.0000,2.0000,-7.506074,1.725796,0.553902,32.00
1.020009,friction-sweep,hip_abduction_right_joint,RS03,-7.491885,2.000000,0.000000,0.0000,2.0000,-7.491885,1.653164,0.220642,32.00
1.028010,friction-sweep,hip_abduction_right_joint,RS03,-7.477312,2.000000,0.000000,0.0000,2.0000,-7.477312,1.928434,0.632637,32.00
1.036010,friction-sweep,hip_abduction_right_joint,RS03,-7.463122,2.000000,0.000000,0.0000,2.0000,-7.463122,1.752651,0.442207,32.00
1.044009,friction-sweep,hip_abduction_right_joint,RS03,-7.448933,2.000000,0.000000,0.0000,2.0000,-7.448933,1.681240,0.218811,32.00
1.052010,friction-sweep,hip_abduction_right_joint,RS03,-7.434360,2.000000,0.000000,0.0000,2.0000,-7.434360,1.871672,0.528267,32.00
1.060010,friction-sweep,hip_abduction_right_joint,RS03,-7.420170,2.000000,0.000000,0.0000,2.0000,-7.420170,1.653164,0.257271,32.00
1.068008,friction-sweep,hip_abduction_right_joint,RS03,-7.405597,2.000000,0.000000,0.0000,2.0000,-7.405597,1.755703,0.694893,32.00
1.076009,friction-sweep,hip_abduction_right_joint,RS03,-7.391407,2.000000,0.000000,0.0000,2.0000,-7.391407,1.757534,0.292061,32.00
1.084008,friction-sweep,hip_abduction_right_joint,RS03,-7.376835,2.000000,0.000000,0.0000,2.0000,-7.376835,1.778286,0.447701,32.00
1.092009,friction-sweep,hip_abduction_right_joint,RS03,-7.362645,2.000000,0.000000,0.0000,2.0000,-7.362645,1.741055,0.541084,32.00
1.100009,friction-sweep,hip_abduction_right_joint,RS03,-7.348455,2.000000,0.000000,0.0000,2.0000,-7.348455,1.850309,0.224304,32.00
1.108007,friction-sweep,hip_abduction_right_joint,RS03,-7.334266,2.000000,0.000000,0.0000,2.0000,-7.334266,1.761806,0.702217,32.00
1.116009,friction-sweep,hip_abduction_right_joint,RS03,-7.320076,2.000000,0.000000,0.0000,2.0000,-7.320076,1.681240,0.288399,32.00
1.124009,friction-sweep,hip_abduction_right_joint,RS03,-7.305503,2.000000,0.000000,0.0000,2.0000,-7.305503,1.863737,0.467842,32.00
1.132007,friction-sweep,hip_abduction_right_joint,RS03,-7.291314,2.000000,0.000000,0.0000,2.0000,-7.291314,1.780117,0.449532,32.00
1.140008,friction-sweep,hip_abduction_right_joint,RS03,-7.277124,2.000000,0.000000,0.0000,2.0000,-7.277124,1.872282,0.332344,32.00
1.148009,friction-sweep,hip_abduction_right_joint,RS03,-7.262935,2.000000,0.000000,0.0000,2.0000,-7.262935,1.869230,0.645454,32.00
1.156008,friction-sweep,hip_abduction_right_joint,RS03,-7.248745,2.000000,0.000000,0.0000,2.0000,-7.248745,1.785610,0.244453,32.00
1.164010,friction-sweep,hip_abduction_right_joint,RS03,-7.234172,2.000000,0.000000,0.0000,2.0000,-7.234172,1.845427,0.588692,32.00
1.172008,friction-sweep,hip_abduction_right_joint,RS03,-7.219983,2.000000,0.000000,0.0000,2.0000,-7.219983,1.675137,0.478828,32.00
1.180008,friction-sweep,hip_abduction_right_joint,RS03,-7.205793,2.000000,0.000000,0.0000,2.0000,-7.205793,1.918058,0.226135,32.00
1.188009,friction-sweep,hip_abduction_right_joint,RS03,-7.191604,2.000000,0.000000,0.0000,2.0000,-7.191604,1.715420,0.597847,32.00
1.196010,friction-sweep,hip_abduction_right_joint,RS03,-7.177414,2.000000,0.000000,0.0000,2.0000,-7.177414,1.688564,0.246284,32.00
1.204008,friction-sweep,hip_abduction_right_joint,RS03,-7.162841,2.000000,0.000000,0.0000,2.0000,-7.162841,1.824675,0.691231,32.00
1.212008,friction-sweep,hip_abduction_right_joint,RS03,-7.148652,2.000000,0.000000,0.0000,2.0000,-7.148652,1.788662,0.348824,32.00
1.220010,friction-sweep,hip_abduction_right_joint,RS03,-7.134462,2.000000,0.000000,0.0000,2.0000,-7.134462,1.817350,0.295723,32.00
1.228008,friction-sweep,hip_abduction_right_joint,RS03,-7.120272,2.000000,0.000000,0.0000,2.0000,-7.120272,1.721523,0.515450,32.00
1.236074,friction-sweep,hip_abduction_right_joint,RS03,-7.105700,2.000000,0.000000,0.0000,2.0000,-7.105700,1.796597,0.249947,32.00
1.244092,friction-sweep,hip_abduction_right_joint,RS03,-7.091126,2.000000,0.000000,0.0000,2.0000,-7.091126,1.789883,0.680244,32.00
1.252013,friction-sweep,hip_abduction_right_joint,RS03,-7.077320,2.000000,0.000000,0.0000,2.0000,-7.077320,1.890593,0.238960,32.00
1.260103,friction-sweep,hip_abduction_right_joint,RS03,-7.062747,2.000000,0.000000,0.0000,2.0000,-7.062747,1.835051,0.394600,32.00
1.268038,friction-sweep,hip_abduction_right_joint,RS03,-7.048558,2.000000,0.000000,0.0000,2.0000,-7.048558,1.801481,0.429390,32.00
1.276054,friction-sweep,hip_abduction_right_joint,RS03,-7.034369,2.000000,0.000000,0.0000,2.0000,-7.034369,1.768520,0.262764,32.00
1.284032,friction-sweep,hip_abduction_right_joint,RS03,-7.019795,2.000000,0.000000,0.0000,2.0000,-7.019795,1.781338,0.643623,32.00
1.292034,friction-sweep,hip_abduction_right_joint,RS03,-7.005605,2.000000,0.000000,0.0000,2.0000,-7.005605,1.908903,0.246284,32.00
1.300021,friction-sweep,hip_abduction_right_joint,RS03,-6.991416,2.000000,0.000000,0.0000,2.0000,-6.991416,1.767300,0.526436,32.00
1.308015,friction-sweep,hip_abduction_right_joint,RS03,-6.976843,2.000000,0.000000,0.0000,2.0000,-6.976843,1.876554,0.387276,32.00
1.316015,friction-sweep,hip_abduction_right_joint,RS03,-6.962654,2.000000,0.000000,0.0000,2.0000,-6.962654,1.801481,0.312202,32.00
1.324008,friction-sweep,hip_abduction_right_joint,RS03,-6.948464,2.000000,0.000000,0.0000,2.0000,-6.948464,1.753262,0.553902,32.00
1.332014,friction-sweep,hip_abduction_right_joint,RS03,-6.934275,2.000000,0.000000,0.0000,2.0000,-6.934275,1.766689,0.282906,32.00
1.344002,friction-sweep,hip_abduction_right_joint,RS03,-6.912415,2.000000,0.000000,0.0000,2.0000,-6.912415,1.868010,0.530098,32.00
1.356007,friction-sweep,hip_abduction_right_joint,RS03,-6.891322,2.000000,0.000000,0.0000,2.0000,-6.891322,1.756313,0.242622,32.00
1.368001,friction-sweep,hip_abduction_right_joint,RS03,-6.869846,2.000000,0.000000,0.0000,2.0000,-6.869846,1.640343,0.359810,32.00
1.376003,friction-sweep,hip_abduction_right_joint,RS03,-6.855273,2.000000,0.000000,0.0000,2.0000,-6.855273,1.890593,0.306709,32.00
1.384012,friction-sweep,hip_abduction_right_joint,RS03,-6.841084,2.000000,0.000000,0.0000,2.0000,-6.841084,1.704433,0.469673,32.00
1.392011,friction-sweep,hip_abduction_right_joint,RS03,-6.826894,2.000000,0.000000,0.0000,2.0000,-6.826894,1.706264,0.251778,32.00
1.400005,friction-sweep,hip_abduction_right_joint,RS03,-6.812321,2.000000,0.000000,0.0000,2.0000,-6.812321,1.832609,0.674751,32.00
1.408010,friction-sweep,hip_abduction_right_joint,RS03,-6.798131,2.000000,0.000000,0.0000,2.0000,-6.798131,1.622643,0.271919,32.00
1.416009,friction-sweep,hip_abduction_right_joint,RS03,-6.783558,2.000000,0.000000,0.0000,2.0000,-6.783558,1.908903,0.442207,32.00
1.424007,friction-sweep,hip_abduction_right_joint,RS03,-6.769369,2.000000,0.000000,0.0000,2.0000,-6.769369,1.893034,0.444038,32.00
1.432012,friction-sweep,hip_abduction_right_joint,RS03,-6.755179,2.000000,0.000000,0.0000,2.0000,-6.755179,1.648281,0.304878,32.00
1.440010,friction-sweep,hip_abduction_right_joint,RS03,-6.740606,2.000000,0.000000,0.0000,2.0000,-6.740606,1.803312,0.689400,32.00
1.452002,friction-sweep,hip_abduction_right_joint,RS03,-6.719131,2.000000,0.000000,0.0000,2.0000,-6.719131,1.849699,0.312202,32.00
1.460002,friction-sweep,hip_abduction_right_joint,RS03,-6.704557,2.000000,0.000000,0.0000,2.0000,-6.704557,1.839933,0.574043,32.00
1.468008,friction-sweep,hip_abduction_right_joint,RS03,-6.690752,2.000000,0.000000,0.0000,2.0000,-6.690752,1.745327,0.242622,32.00
1.476009,friction-sweep,hip_abduction_right_joint,RS03,-6.676178,2.000000,0.000000,0.0000,2.0000,-6.676178,1.706875,0.649117,32.00
1.484005,friction-sweep,hip_abduction_right_joint,RS03,-6.661988,2.000000,0.000000,0.0000,2.0000,-6.661988,1.770962,0.455025,32.00
1.492008,friction-sweep,hip_abduction_right_joint,RS03,-6.647799,2.000000,0.000000,0.0000,2.0000,-6.647799,1.851530,0.352486,32.00
1.500005,friction-sweep,hip_abduction_right_joint,RS03,-6.633609,2.000000,0.000000,0.0000,2.0000,-6.633609,1.719692,0.544746,32.00
1.508009,friction-sweep,hip_abduction_right_joint,RS03,-6.619420,2.000000,0.000000,0.0000,2.0000,-6.619420,1.737392,0.264595,32.00
1.520103,friction-sweep,hip_abduction_right_joint,RS03,-6.597944,2.000000,0.000000,0.0000,2.0000,-6.597944,1.830778,0.548409,32.00
1.528011,friction-sweep,hip_abduction_right_joint,RS03,-6.583755,2.000000,0.000000,0.0000,2.0000,-6.583755,1.684292,0.240791,32.00
1.536011,friction-sweep,hip_abduction_right_joint,RS03,-6.569565,2.000000,0.000000,0.0000,2.0000,-6.569565,1.830778,0.722366,32.00
1.544010,friction-sweep,hip_abduction_right_joint,RS03,-6.555375,2.000000,0.000000,0.0000,2.0000,-6.555375,1.638512,0.348824,32.00
1.552005,friction-sweep,hip_abduction_right_joint,RS03,-6.540802,2.000000,0.000000,0.0000,2.0000,-6.540802,1.808195,0.297554,32.00
1.560009,friction-sweep,hip_abduction_right_joint,RS03,-6.526613,2.000000,0.000000,0.0000,2.0000,-6.526613,1.837492,0.462349,32.00
1.568008,friction-sweep,hip_abduction_right_joint,RS03,-6.512423,2.000000,0.000000,0.0000,2.0000,-6.512423,1.891203,0.238960,32.00
1.576005,friction-sweep,hip_abduction_right_joint,RS03,-6.497850,2.000000,0.000000,0.0000,2.0000,-6.497850,1.840544,0.749832,32.00
1.584010,friction-sweep,hip_abduction_right_joint,RS03,-6.484044,2.000000,0.000000,0.0000,2.0000,-6.484044,1.712368,0.246284,32.00
1.592008,friction-sweep,hip_abduction_right_joint,RS03,-6.469471,2.000000,0.000000,0.0000,2.0000,-6.469471,1.777676,0.519112,32.00
1.600004,friction-sweep,hip_abduction_right_joint,RS03,-6.455282,-2.000000,0.000000,0.0000,2.0000,-6.455282,1.755703,0.425728,32.00
1.608010,friction-sweep,hip_abduction_right_joint,RS03,-6.441092,-2.000000,0.000000,0.0000,2.0000,-6.441092,1.808805,0.317696,32.00
1.616008,friction-sweep,hip_abduction_right_joint,RS03,-6.429587,-2.000000,0.000000,0.0000,2.0000,-6.429587,1.047686,-1.011673,32.00
1.624006,friction-sweep,hip_abduction_right_joint,RS03,-6.424602,-2.000000,0.000000,0.0000,2.0000,-6.424602,0.340275,-0.863358,32.00
1.632009,friction-sweep,hip_abduction_right_joint,RS03,-6.424985,-2.000000,0.000000,0.0000,2.0000,-6.424985,-0.310368,-0.779125,32.00
1.640009,friction-sweep,hip_abduction_right_joint,RS03,-6.429204,-2.000000,0.000000,0.0000,2.0000,-6.429204,-0.636911,-0.553902,32.00
1.652001,friction-sweep,hip_abduction_right_joint,RS03,-6.439941,-2.000000,0.000000,0.0000,2.0000,-6.439941,-0.995193,-0.726025,32.00
1.664005,friction-sweep,hip_abduction_right_joint,RS03,-6.453364,-2.000000,0.000000,0.0000,2.0000,-6.453364,-1.183184,-0.826736,32.00
1.676001,friction-sweep,hip_abduction_right_joint,RS03,-6.469471,-2.000000,0.000000,0.0000,2.0000,-6.469471,-1.446861,-0.506294,32.00
1.684002,friction-sweep,hip_abduction_right_joint,RS03,-6.481743,-2.000000,0.000000,0.0000,2.0000,-6.481743,-1.570763,-0.879837,32.00
1.692011,friction-sweep,hip_abduction_right_joint,RS03,-6.494015,-2.000000,0.000000,0.0000,2.0000,-6.494015,-1.631189,-0.394600,32.00
1.704002,friction-sweep,hip_abduction_right_joint,RS03,-6.513574,-2.000000,0.000000,0.0000,2.0000,-6.513574,-1.672083,-0.685741,32.00
1.716004,friction-sweep,hip_abduction_right_joint,RS03,-6.533132,-2.000000,0.000000,0.0000,2.0000,-6.533132,-1.702602,-0.222477,32.00
1.724005,friction-sweep,hip_abduction_right_joint,RS03,-6.546938,-2.000000,0.000000,0.0000,2.0000,-6.546938,-1.689175,-0.594189,32.00
1.732008,friction-sweep,hip_abduction_right_joint,RS03,-6.560744,-2.000000,0.000000,0.0000,2.0000,-6.560744,-1.607996,-0.376289,32.00
1.740006,friction-sweep,hip_abduction_right_joint,RS03,-6.574551,-2.000000,0.000000,0.0000,2.0000,-6.574551,-1.706875,-0.383614,32.00
1.748009,friction-sweep,hip_abduction_right_joint,RS03,-6.588740,-2.000000,0.000000,0.0000,2.0000,-6.588740,-1.723965,-0.711376,32.00
1.756009,friction-sweep,hip_abduction_right_joint,RS03,-6.602546,-2.000000,0.000000,0.0000,2.0000,-6.602546,-1.593956,-0.251774,32.00
1.764004,friction-sweep,hip_abduction_right_joint,RS03,-6.616735,-2.000000,0.000000,0.0000,2.0000,-6.616735,-1.795986,-0.572212,32.00
1.772009,friction-sweep,hip_abduction_right_joint,RS03,-6.630925,-2.000000,0.000000,0.0000,2.0000,-6.630925,-1.640345,-0.328678,32.00
1.780008,friction-sweep,hip_abduction_right_joint,RS03,-6.644731,-2.000000,0.000000,0.0000,2.0000,-6.644731,-1.630579,-0.330509,32.00
1.788005,friction-sweep,hip_abduction_right_joint,RS03,-6.658921,-2.000000,0.000000,0.0000,2.0000,-6.658921,-1.724575,-0.704052,32.00
1.796011,friction-sweep,hip_abduction_right_joint,RS03,-6.673494,-2.000000,0.000000,0.0000,2.0000,-6.673494,-1.805141,-0.145573,32.00
1.804033,friction-sweep,hip_abduction_right_joint,RS03,-6.687683,-2.000000,0.000000,0.0000,2.0000,-6.687683,-1.847258,-0.585030,32.00
1.812012,friction-sweep,hip_abduction_right_joint,RS03,-6.701873,-2.000000,0.000000,0.0000,2.0000,-6.701873,-1.873503,-0.310368,32.00
1.820010,friction-sweep,hip_abduction_right_joint,RS03,-6.716446,-2.000000,0.000000,0.0000,2.0000,-6.716446,-1.847258,-0.416573,32.00
1.832003,friction-sweep,hip_abduction_right_joint,RS03,-6.737538,-2.000000,0.000000,0.0000,2.0000,-6.737538,-1.723354,-0.361641,32.00
1.840003,friction-sweep,hip_abduction_right_joint,RS03,-6.751728,-2.000000,0.000000,0.0000,2.0000,-6.751728,-1.854582,-0.383614,32.00
1.848009,friction-sweep,hip_abduction_right_joint,RS03,-6.765918,-2.000000,0.000000,0.0000,2.0000,-6.765918,-1.829556,-0.623486,32.00
1.856008,friction-sweep,hip_abduction_right_joint,RS03,-6.780107,-2.000000,0.000000,0.0000,2.0000,-6.780107,-1.835049,-0.249943,32.00
1.864004,friction-sweep,hip_abduction_right_joint,RS03,-6.794297,-2.000000,0.000000,0.0000,2.0000,-6.794297,-1.765469,-0.718700,32.00
1.872011,friction-sweep,hip_abduction_right_joint,RS03,-6.808869,-2.000000,0.000000,0.0000,2.0000,-6.808869,-1.841154,-0.286564,32.00
1.880007,friction-sweep,hip_abduction_right_joint,RS03,-6.823059,-2.000000,0.000000,0.0000,2.0000,-6.823059,-1.799038,-0.390938,32.00
1.888006,friction-sweep,hip_abduction_right_joint,RS03,-6.837249,-2.000000,0.000000,0.0000,2.0000,-6.837249,-1.920502,-0.546577,32.00
1.896008,friction-sweep,hip_abduction_right_joint,RS03,-6.851438,-2.000000,0.000000,0.0000,2.0000,-6.851438,-1.897917,-0.151066,32.00
1.904007,friction-sweep,hip_abduction_right_joint,RS03,-6.865628,-2.000000,0.000000,0.0000,2.0000,-6.865628,-1.658655,-0.738842,32.00
1.912010,friction-sweep,hip_abduction_right_joint,RS03,-6.880201,-2.000000,0.000000,0.0000,2.0000,-6.880201,-1.871061,-0.211491,32.00
1.920005,friction-sweep,hip_abduction_right_joint,RS03,-6.894390,-2.000000,0.000000,0.0000,2.0000,-6.894390,-1.749599,-0.478828,32.00
1.928011,friction-sweep,hip_abduction_right_joint,RS03,-6.908963,-2.000000,0.000000,0.0000,2.0000,-6.908963,-1.819790,-0.403755,32.00
1.936058,friction-sweep,hip_abduction_right_joint,RS03,-6.923153,-2.000000,0.000000,0.0000,2.0000,-6.923153,-1.766689,-0.284733,32.00
1.944036,friction-sweep,hip_abduction_right_joint,RS03,-6.937726,-2.000000,0.000000,0.0000,2.0000,-6.937726,-1.753262,-0.744335,32.00
1.952030,friction-sweep,hip_abduction_right_joint,RS03,-6.951915,-2.000000,0.000000,0.0000,2.0000,-6.951915,-1.723354,-0.151066,32.00
1.960022,friction-sweep,hip_abduction_right_joint,RS03,-6.966105,-2.000000,0.000000,0.0000,2.0000,-6.966105,-1.722744,-0.597851,32.00
1.968019,friction-sweep,hip_abduction_right_joint,RS03,-6.980678,-2.000000,0.000000,0.0000,2.0000,-6.980678,-1.697720,-0.301212,32.00
1.976013,friction-sweep,hip_abduction_right_joint,RS03,-6.994868,-2.000000,0.000000,0.0000,2.0000,-6.994868,-1.842375,-0.356148,32.00
1.984011,friction-sweep,hip_abduction_right_joint,RS03,-7.009441,-2.000000,0.000000,0.0000,2.0000,-7.009441,-1.840544,-0.610668,32.00
1.992010,friction-sweep,hip_abduction_right_joint,RS03,-7.023630,-2.000000,0.000000,0.0000,2.0000,-7.023630,-1.813686,-0.147404,32.00
2.000009,friction-sweep,hip_abduction_right_joint,RS03,-7.038203,-2.000000,0.000000,0.0000,2.0000,-7.038203,-1.744717,-0.660107,32.00
2.008009,friction-sweep,hip_abduction_right_joint,RS03,-7.052392,-2.000000,0.000000,0.0000,2.0000,-7.052392,-1.717861,-0.341496,32.00
2.016008,friction-sweep,hip_abduction_right_joint,RS03,-7.066966,-2.000000,0.000000,0.0000,2.0000,-7.066966,-1.760586,-0.374458,32.00
2.024009,friction-sweep,hip_abduction_right_joint,RS03,-7.081155,-2.000000,0.000000,0.0000,2.0000,-7.081155,-1.756313,-0.387276,32.00
2.032091,friction-sweep,hip_abduction_right_joint,RS03,-7.095345,-2.000000,0.000000,0.0000,2.0000,-7.095345,-1.822231,-0.257267,32.00
2.040019,friction-sweep,hip_abduction_right_joint,RS03,-7.109918,-2.000000,0.000000,0.0000,2.0000,-7.109918,-1.864958,-0.713207,32.00
2.048013,friction-sweep,hip_abduction_right_joint,RS03,-7.124107,-2.000000,0.000000,0.0000,2.0000,-7.124107,-1.814907,-0.268253,32.00
2.056010,friction-sweep,hip_abduction_right_joint,RS03,-7.138297,-2.000000,0.000000,0.0000,2.0000,-7.138297,-1.699551,-0.447701,32.00
2.064011,friction-sweep,hip_abduction_right_joint,RS03,-7.152486,-2.000000,0.000000,0.0000,2.0000,-7.152486,-1.684292,-0.389107,32.00
2.072011,friction-sweep,hip_abduction_right_joint,RS03,-7.167059,-2.000000,0.000000,0.0000,2.0000,-7.167059,-1.834438,-0.334171,32.00
2.080009,friction-sweep,hip_abduction_right_joint,RS03,-7.181249,-2.000000,0.000000,0.0000,2.0000,-7.181249,-1.844816,-0.806591,32.00
2.088009,friction-sweep,hip_abduction_right_joint,RS03,-7.195438,-2.000000,0.000000,0.0000,2.0000,-7.195438,-1.766079,-0.184025,32.00
2.096009,friction-sweep,hip_abduction_right_joint,RS03,-7.209628,-2.000000,0.000000,0.0000,2.0000,-7.209628,-1.763638,-0.533760,32.00
2.104010,friction-sweep,hip_abduction_right_joint,RS03,-7.223817,-2.000000,0.000000,0.0000,2.0000,-7.223817,-1.810635,-0.367134,32.00
2.112012,friction-sweep,hip_abduction_right_joint,RS03,-7.238007,-2.000000,0.000000,0.0000,2.0000,-7.238007,-1.809414,-0.310368,32.00
2.120009,friction-sweep,hip_abduction_right_joint,RS03,-7.252197,-2.000000,0.000000,0.0000,2.0000,-7.252197,-1.706875,-0.731518,32.00
2.128008,friction-sweep,hip_abduction_right_joint,RS03,-7.266387,-2.000000,0.000000,0.0000,2.0000,-7.266387,-1.766079,-0.145573,32.00
2.136010,friction-sweep,hip_abduction_right_joint,RS03,-7.280960,-2.000000,0.000000,0.0000,2.0000,-7.280960,-1.765469,-0.639965,32.00
2.144009,friction-sweep,hip_abduction_right_joint,RS03,-7.295149,-2.000000,0.000000,0.0000,2.0000,-7.295149,-1.856413,-0.356148,32.00
2.152008,friction-sweep,hip_abduction_right_joint,RS03,-7.309339,-2.000000,0.000000,0.0000,2.0000,-7.309339,-1.822231,-0.379951,32.00
2.160010,friction-sweep,hip_abduction_right_joint,RS03,-7.323528,-2.000000,0.000000,0.0000,2.0000,-7.323528,-1.780727,-0.680248,32.00
2.168009,friction-sweep,hip_abduction_right_joint,RS03,-7.337718,-2.000000,0.000000,0.0000,2.0000,-7.337718,-1.842375,-0.156559,32.00
2.176008,friction-sweep,hip_abduction_right_joint,RS03,-7.352291,-2.000000,0.000000,0.0000,2.0000,-7.352291,-1.919281,-0.685741,32.00
2.184009,friction-sweep,hip_abduction_right_joint,RS03,-7.366480,-2.000000,0.000000,0.0000,2.0000,-7.366480,-1.833218,-0.334171,32.00
2.192008,friction-sweep,hip_abduction_right_joint,RS03,-7.380670,-2.000000,0.000000,0.0000,2.0000,-7.380670,-1.829556,-0.374458,32.00
2.200008,friction-sweep,hip_abduction_right_joint,RS03,-7.395243,-2.000000,0.000000,0.0000,2.0000,-7.395243,-1.869841,-0.546577,32.00
2.208011,friction-sweep,hip_abduction_right_joint,RS03,-7.409432,-2.000000,0.000000,0.0000,2.0000,-7.409432,-1.830166,-0.218815,32.00
2.216009,friction-sweep,hip_abduction_right_joint,RS03,-7.423622,-2.000000,0.000000,0.0000,2.0000,-7.423622,-1.748989,-0.764477,32.00
2.224008,friction-sweep,hip_abduction_right_joint,RS03,-7.437811,-2.000000,0.000000,0.0000,2.0000,-7.437811,-1.825283,-0.301212,32.00
2.232009,friction-sweep,hip_abduction_right_joint,RS03,-7.452384,-2.000000,0.000000,0.0000,2.0000,-7.452384,-1.749599,-0.409248,32.00
2.240008,friction-sweep,hip_abduction_right_joint,RS03,-7.466574,-2.000000,0.000000,0.0000,2.0000,-7.466574,-1.819790,-0.326847,32.00
2.248008,friction-sweep,hip_abduction_right_joint,RS03,-7.480763,-2.000000,0.000000,0.0000,2.0000,-7.480763,-1.855192,-0.226139,32.00
2.256050,friction-sweep,hip_abduction_right_joint,RS03,-7.495337,-2.000000,0.000000,0.0000,2.0000,-7.495337,-1.987030,-0.753490,32.00
2.264042,friction-sweep,hip_abduction_right_joint,RS03,-7.509526,-2.000000,0.000000,0.0000,2.0000,-7.509526,-1.788052,-0.173038,32.00
2.272049,friction-sweep,hip_abduction_right_joint,RS03,-7.524099,-2.000000,0.000000,0.0000,2.0000,-7.524099,-1.778286,-0.542915,32.00
2.280022,friction-sweep,hip_abduction_right_joint,RS03,-7.538289,-2.000000,0.000000,0.0000,2.0000,-7.538289,-1.772793,-0.207829,32.00
2.292007,friction-sweep,hip_abduction_right_joint,RS03,-7.559765,-2.000000,0.000000,0.0000,2.0000,-7.559765,-1.899748,-0.599682,32.00
2.300015,friction-sweep,hip_abduction_right_joint,RS03,-7.574338,-2.000000,0.000000,0.0000,2.0000,-7.574338,-1.894255,-0.343327,32.00
2.308014,friction-sweep,hip_abduction_right_joint,RS03,-7.588527,-2.000000,0.000000,0.0000,2.0000,-7.588527,-1.689175,-0.334171,32.00
2.316016,friction-sweep,hip_abduction_right_joint,RS03,-7.603100,-2.000000,0.000000,0.0000,2.0000,-7.603100,-1.745937,-0.630810,32.00
2.324012,friction-sweep,hip_abduction_right_joint,RS03,-7.617290,-2.000000,0.000000,0.0000,2.0000,-7.617290,-1.808804,-0.145573,32.00
2.332014,friction-sweep,hip_abduction_right_joint,RS03,-7.631863,-2.000000,0.000000,0.0000,2.0000,-7.631863,-1.858854,-0.729687,32.00
2.340012,friction-sweep,hip_abduction_right_joint,RS03,-7.646052,-2.000000,0.000000,0.0000,2.0000,-7.646052,-1.735561,-0.361641,32.00
2.348013,friction-sweep,hip_abduction_right_joint,RS03,-7.660242,-2.000000,0.000000,0.0000,2.0000,-7.660242,-1.834438,-0.328678,32.00
2.356009,friction-sweep,hip_abduction_right_joint,RS03,-7.674815,-2.000000,0.000000,0.0000,2.0000,-7.674815,-1.722134,-0.596020,32.00
2.364011,friction-sweep,hip_abduction_right_joint,RS03,-7.689004,-2.000000,0.000000,0.0000,2.0000,-7.689004,-1.740444,-0.162052,32.00
2.372041,friction-sweep,hip_abduction_right_joint,RS03,-7.703578,-2.000000,0.000000,0.0000,2.0000,-7.703578,-1.752651,-0.824905,32.00
2.380018,friction-sweep,hip_abduction_right_joint,RS03,-7.717767,-2.000000,0.000000,0.0000,2.0000,-7.717767,-1.803310,-0.184025,32.00
2.388026,friction-sweep,hip_abduction_right_joint,RS03,-7.732340,-2.000000,0.000000,0.0000,2.0000,-7.732340,-1.819180,-0.440376,32.00
2.396018,friction-sweep,hip_abduction_right_joint,RS03,-7.746530,-2.000000,0.000000,0.0000,2.0000,-7.746530,-1.736782,-0.365303,32.00
2.408004,friction-sweep,hip_abduction_right_joint,RS03,-7.768005,-2.000000,0.000000,0.0000,2.0000,-7.768005,-1.756924,-0.530098,32.00
2.416002,friction-sweep,hip_abduction_right_joint,RS03,-7.782579,-2.000000,0.000000,0.0000,2.0000,-7.782579,-1.964447,-0.414742,32.00
2.424012,friction-sweep,hip_abduction_right_joint,RS03,-7.796768,-2.000000,0.000000,0.0000,2.0000,-7.796768,-1.788662,-0.281071,32.00
2.432011,friction-sweep,hip_abduction_right_joint,RS03,-7.810958,-2.000000,0.000000,0.0000,2.0000,-7.810958,-1.705044,-0.691235,32.00
2.444008,friction-sweep,hip_abduction_right_joint,RS03,-7.832434,-2.000000,0.000000,0.0000,2.0000,-7.832434,-1.842985,-0.339664,32.00
2.452003,friction-sweep,hip_abduction_right_joint,RS03,-7.847007,-2.000000,0.000000,0.0000,2.0000,-7.847007,-1.824673,-0.676586,32.00
2.460011,friction-sweep,hip_abduction_right_joint,RS03,-7.861197,-2.000000,0.000000,0.0000,2.0000,-7.861197,-1.803921,-0.151066,32.00
2.468010,friction-sweep,hip_abduction_right_joint,RS03,-7.875386,-2.000000,0.000000,0.0000,2.0000,-7.875386,-1.693447,-0.678417,32.00
2.480004,friction-sweep,hip_abduction_right_joint,RS03,-7.896862,-2.000000,0.000000,0.0000,2.0000,-7.896862,-1.683071,-0.140079,32.00
2.488003,friction-sweep,hip_abduction_right_joint,RS03,-7.911051,-2.000000,0.000000,0.0000,2.0000,-7.911051,-1.768520,-0.687572,32.00
2.496008,friction-sweep,hip_abduction_right_joint,RS03,-7.925241,-2.000000,0.000000,0.0000,2.0000,-7.925241,-1.802090,-0.330509,32.00
2.504004,friction-sweep,hip_abduction_right_joint,RS03,-7.939814,-2.000000,0.000000,0.0000,2.0000,-7.939814,-1.842985,-0.398262,32.00
2.512009,friction-sweep,hip_abduction_right_joint,RS03,-7.954004,-2.000000,0.000000,0.0000,2.0000,-7.954004,-1.758144,-0.671093,32.00
2.520008,friction-sweep,hip_abduction_right_joint,RS03,-7.968194,-2.000000,0.000000,0.0000,2.0000,-7.968194,-1.822842,-0.129093,32.00
2.528005,friction-sweep,hip_abduction_right_joint,RS03,-7.982383,-2.000000,0.000000,0.0000,2.0000,-7.982383,-1.836882,-0.810253,32.00
2.536075,friction-sweep,hip_abduction_right_joint,RS03,-7.996572,-2.000000,0.000000,0.0000,2.0000,-7.996572,-1.745327,-0.270084,32.00
2.544017,friction-sweep,hip_abduction_right_joint,RS03,-8.011145,-2.000000,0.000000,0.0000,2.0000,-8.011145,-1.790493,-0.447701,32.00
2.552006,friction-sweep,hip_abduction_right_joint,RS03,-8.024952,-2.000000,0.000000,0.0000,2.0000,-8.024952,-1.720913,-0.570381,32.00
2.560010,friction-sweep,hip_abduction_right_joint,RS03,-8.039141,-2.000000,0.000000,0.0000,2.0000,-8.039141,-1.871672,-0.281071,32.00
2.568008,friction-sweep,hip_abduction_right_joint,RS03,-8.053714,-2.000000,0.000000,0.0000,2.0000,-8.053714,-1.819180,-0.834061,32.00
2.580003,friction-sweep,hip_abduction_right_joint,RS03,-8.074806,-2.000000,0.000000,0.0000,2.0000,-8.074806,-1.774624,-0.281071,32.00
2.592005,friction-sweep,hip_abduction_right_joint,RS03,-8.096283,-2.000000,0.000000,0.0000,2.0000,-8.096283,-1.632410,-0.306705,32.00
2.604002,friction-sweep,hip_abduction_right_joint,RS03,-8.117759,-2.000000,0.000000,0.0000,2.0000,-8.117759,-1.778896,-0.563057,32.00
2.616003,friction-sweep,hip_abduction_right_joint,RS03,-8.138851,-2.000000,0.000000,0.0000,2.0000,-8.138851,-1.830166,-0.083313,32.00
2.624006,friction-sweep,hip_abduction_right_joint,RS03,-8.153424,-2.000000,0.000000,0.0000,2.0000,-8.153424,-1.928436,-0.636303,32.00
2.632009,friction-sweep,hip_abduction_right_joint,RS03,-8.167231,-2.000000,0.000000,0.0000,2.0000,-8.167231,-1.545738,-0.319523,32.00
2.644003,friction-sweep,hip_abduction_right_joint,RS03,-8.188706,-2.000000,0.000000,0.0000,2.0000,-8.188706,-1.670862,-0.665600,32.00
2.656004,friction-sweep,hip_abduction_right_joint,RS03,-8.210182,-2.000000,0.000000,0.0000,2.0000,-8.210182,-1.784389,-0.167545,32.00
2.668004,friction-sweep,hip_abduction_right_joint,RS03,-8.231659,-2.000000,0.000000,0.0000,2.0000,-8.231659,-1.721523,-0.634472,32.00
2.680005,friction-sweep,hip_abduction_right_joint,RS03,-8.253134,-2.000000,0.000000,0.0000,2.0000,-8.253134,-1.917450,-0.368965,32.00
2.692005,friction-sweep,hip_abduction_right_joint,RS03,-8.274611,-2.000000,0.000000,0.0000,2.0000,-8.274611,-1.838713,-0.288395,32.00
2.700034,friction-sweep,hip_abduction_right_joint,RS03,-8.289184,-2.000000,0.000000,0.0000,2.0000,-8.289184,-1.755703,-0.420235,32.00
2.708077,friction-sweep,hip_abduction_right_joint,RS03,-8.303757,-2.000000,0.000000,0.0000,2.0000,-8.303757,-1.805752,-0.504463,32.00
2.716099,friction-sweep,hip_abduction_right_joint,RS03,-8.317946,-2.000000,0.000000,0.0000,2.0000,-8.317946,-1.686733,-0.097961,32.00
2.724058,friction-sweep,hip_abduction_right_joint,RS03,-8.332136,-2.000000,0.000000,0.0000,2.0000,-8.332136,-1.812466,-0.733349,32.00
2.732024,friction-sweep,hip_abduction_right_joint,RS03,-8.346325,-2.000000,0.000000,0.0000,2.0000,-8.346325,-1.816128,-0.162052,32.00
2.740016,friction-sweep,hip_abduction_right_joint,RS03,-8.360516,-2.000000,0.000000,0.0000,2.0000,-8.360516,-1.778896,-0.469673,32.00
2.748012,friction-sweep,hip_abduction_right_joint,RS03,-8.375088,-2.000000,0.000000,0.0000,2.0000,-8.375088,-1.749599,-0.411079,32.00
2.756008,friction-sweep,hip_abduction_right_joint,RS03,-8.389277,-2.000000,0.000000,0.0000,2.0000,-8.389277,-1.957733,-0.277409,32.00
2.764009,friction-sweep,hip_abduction_right_joint,RS03,-8.403851,-2.000000,0.000000,0.0000,2.0000,-8.403851,-1.763638,-0.758984,32.00
2.772006,friction-sweep,hip_abduction_right_joint,RS03,-8.418039,-2.000000,0.000000,0.0000,2.0000,-8.418039,-1.940643,-0.162052,32.00
2.780006,friction-sweep,hip_abduction_right_joint,RS03,-8.432613,-2.000000,0.000000,0.0000,2.0000,-8.432613,-1.842985,-0.575874,32.00
2.788007,friction-sweep,hip_abduction_right_joint,RS03,-8.446802,-2.000000,0.000000,0.0000,2.0000,-8.446802,-1.787441,-0.372627,32.00
2.796005,friction-sweep,hip_abduction_right_joint,RS03,-8.461376,-2.000000,0.000000,0.0000,2.0000,-8.461376,-1.872282,-0.299381,32.00
2.804003,friction-sweep,hip_abduction_right_joint,RS03,-8.475565,4.000000,0.000000,0.0000,2.0000,-8.475565,-1.705044,-0.597851,32.00
2.812006,friction-sweep,hip_abduction_right_joint,RS03,-8.489755,4.000000,0.000000,0.0000,2.0000,-8.489755,-1.834438,-0.110779,32.00
2.820093,friction-sweep,hip_abduction_right_joint,RS03,-8.499725,4.000000,0.000000,0.0000,2.0000,-8.499725,-0.611887,1.929047,32.00
2.828079,friction-sweep,hip_abduction_right_joint,RS03,-8.499725,4.000000,0.000000,0.0000,2.0000,-8.499725,0.331120,1.579308,32.00
2.836027,friction-sweep,hip_abduction_right_joint,RS03,-8.492823,4.000000,0.000000,0.0000,2.0000,-8.492823,1.061724,1.813690,32.00
2.844018,friction-sweep,hip_abduction_right_joint,RS03,-8.480934,4.000000,0.000000,0.0000,2.0000,-8.480934,1.761196,1.626915,32.00
2.852015,friction-sweep,hip_abduction_right_joint,RS03,-8.465210,4.000000,0.000000,0.0000,2.0000,-8.465210,2.088348,1.176476,32.00
2.860014,friction-sweep,hip_abduction_right_joint,RS03,-8.446035,4.000000,0.000000,0.0000,2.0000,-8.446035,2.632181,1.121536,32.00
2.868010,friction-sweep,hip_abduction_right_joint,RS03,-8.424175,4.000000,0.000000,0.0000,2.0000,-8.424175,2.864727,1.011673,32.00
2.876010,friction-sweep,hip_abduction_right_joint,RS03,-8.400398,4.000000,0.000000,0.0000,2.0000,-8.400398,2.998398,0.570381,32.00
2.884011,friction-sweep,hip_abduction_right_joint,RS03,-8.375471,4.000000,0.000000,0.0000,2.0000,-8.375471,3.236439,0.669258,32.00
2.892011,friction-sweep,hip_abduction_right_joint,RS03,-8.349010,4.000000,0.000000,0.0000,2.0000,-8.349010,3.371941,1.042801,32.00
2.900009,friction-sweep,hip_abduction_right_joint,RS03,-8.321781,4.000000,0.000000,0.0000,2.0000,-8.321781,3.494621,0.528267,32.00
2.908010,friction-sweep,hip_abduction_right_joint,RS03,-8.293785,4.000000,0.000000,0.0000,2.0000,-8.293785,3.551996,0.363472,32.00
2.916009,friction-sweep,hip_abduction_right_joint,RS03,-8.265023,4.000000,0.000000,0.0000,2.0000,-8.265023,3.442741,0.550240,32.00
2.924010,friction-sweep,hip_abduction_right_joint,RS03,-8.235877,4.000000,0.000000,0.0000,2.0000,-8.235877,3.650873,0.524605,32.00
2.932008,friction-sweep,hip_abduction_right_joint,RS03,-8.206731,4.000000,0.000000,0.0000,2.0000,-8.206731,3.701534,0.850540,32.00
2.940011,friction-sweep,hip_abduction_right_joint,RS03,-8.177585,4.000000,0.000000,0.0000,2.0000,-8.177585,3.710690,0.746170,32.00
2.948008,friction-sweep,hip_abduction_right_joint,RS03,-8.148055,4.000000,0.000000,0.0000,2.0000,-8.148055,3.624018,0.376289,32.00
2.956009,friction-sweep,hip_abduction_right_joint,RS03,-8.117759,4.000000,0.000000,0.0000,2.0000,-8.117759,3.740597,0.240791,32.00
2.964009,friction-sweep,hip_abduction_right_joint,RS03,-8.087846,4.000000,0.000000,0.0000,2.0000,-8.087846,3.739376,0.226135,32.00
2.972009,friction-sweep,hip_abduction_right_joint,RS03,-8.057932,4.000000,0.000000,0.0000,2.0000,-8.057932,3.781490,0.456856,32.00
2.980009,friction-sweep,hip_abduction_right_joint,RS03,-8.028402,4.000000,0.000000,0.0000,2.0000,-8.028402,3.669794,0.645454,32.00
2.988009,friction-sweep,hip_abduction_right_joint,RS03,-7.998490,4.000000,0.000000,0.0000,2.0000,-7.998490,3.771114,0.878006,32.00
2.996009,friction-sweep,hip_abduction_right_joint,RS03,-7.968577,4.000000,0.000000,0.0000,2.0000,-7.968577,3.672237,0.702217,32.00
3.004010,friction-sweep,hip_abduction_right_joint,RS03,-7.939047,4.000000,0.000000,0.0000,2.0000,-7.939047,3.792477,0.422066,32.00
3.012011,friction-sweep,hip_abduction_right_joint,RS03,-7.909134,4.000000,0.000000,0.0000,2.0000,-7.909134,3.735714,0.286568,32.00
3.020011,friction-sweep,hip_abduction_right_joint,RS03,-7.879221,4.000000,0.000000,0.0000,2.0000,-7.879221,3.673458,0.308540,32.00
3.028009,friction-sweep,hip_abduction_right_joint,RS03,-7.849308,4.000000,0.000000,0.0000,2.0000,-7.849308,3.803463,0.440376,32.00
3.036009,friction-sweep,hip_abduction_right_joint,RS03,-7.819395,4.000000,0.000000,0.0000,2.0000,-7.819395,3.710690,0.599678,32.00
3.044008,friction-sweep,hip_abduction_right_joint,RS03,-7.789482,4.000000,0.000000,0.0000,2.0000,-7.789482,3.774166,0.845047,32.00
3.052012,friction-sweep,hip_abduction_right_joint,RS03,-7.759185,4.000000,0.000000,0.0000,2.0000,-7.759185,3.745480,0.597847,32.00
3.060011,friction-sweep,hip_abduction_right_joint,RS03,-7.729272,4.000000,0.000000,0.0000,2.0000,-7.729272,3.798580,0.398262,32.00
3.068130,friction-sweep,hip_abduction_right_joint,RS03,-7.698976,4.000000,0.000000,0.0000,2.0000,-7.698976,3.776608,0.237129,32.00
3.076019,friction-sweep,hip_abduction_right_joint,RS03,-7.669062,4.000000,0.000000,0.0000,2.0000,-7.669062,3.704586,0.257271,32.00
3.084011,friction-sweep,hip_abduction_right_joint,RS03,-7.639149,4.000000,0.000000,0.0000,2.0000,-7.639149,3.782711,0.429390,32.00
3.092010,friction-sweep,hip_abduction_right_joint,RS03,-7.609620,4.000000,0.000000,0.0000,2.0000,-7.609620,3.700314,0.607002,32.00
3.100011,friction-sweep,hip_abduction_right_joint,RS03,-7.579323,4.000000,0.000000,0.0000,2.0000,-7.579323,3.631952,0.867020,32.00
3.108009,friction-sweep,hip_abduction_right_joint,RS03,-7.549410,4.000000,0.000000,0.0000,2.0000,-7.549410,3.796139,0.581367,32.00
3.116009,friction-sweep,hip_abduction_right_joint,RS03,-7.519497,4.000000,0.000000,0.0000,2.0000,-7.519497,3.774166,0.304878,32.00
3.124011,friction-sweep,hip_abduction_right_joint,RS03,-7.489584,4.000000,0.000000,0.0000,2.0000,-7.489584,3.669184,0.211487,32.00
3.132009,friction-sweep,hip_abduction_right_joint,RS03,-7.459287,4.000000,0.000000,0.0000,2.0000,-7.459287,3.697262,0.259102,32.00
3.140009,friction-sweep,hip_abduction_right_joint,RS03,-7.429374,4.000000,0.000000,0.0000,2.0000,-7.429374,3.626459,0.455025,32.00
3.148010,friction-sweep,hip_abduction_right_joint,RS03,-7.399077,4.000000,0.000000,0.0000,2.0000,-7.399077,3.749142,0.627144,32.00
3.156008,friction-sweep,hip_abduction_right_joint,RS03,-7.369164,4.000000,0.000000,0.0000,2.0000,-7.369164,3.809566,0.817581,32.00
3.164010,friction-sweep,hip_abduction_right_joint,RS03,-7.339252,4.000000,0.000000,0.0000,2.0000,-7.339252,3.780270,0.680244,32.00
3.172010,friction-sweep,hip_abduction_right_joint,RS03,-7.309339,4.000000,0.000000,0.0000,2.0000,-7.309339,3.756466,0.451363,32.00
3.180011,friction-sweep,hip_abduction_right_joint,RS03,-7.279809,4.000000,0.000000,0.0000,2.0000,-7.279809,3.743649,0.303047,32.00
3.188009,friction-sweep,hip_abduction_right_joint,RS03,-7.249896,4.000000,0.000000,0.0000,2.0000,-7.249896,3.766842,0.306709,32.00
3.196009,friction-sweep,hip_abduction_right_joint,RS03,-7.220366,4.000000,0.000000,0.0000,2.0000,-7.220366,3.710690,0.462349,32.00
3.204009,friction-sweep,hip_abduction_right_joint,RS03,-7.190453,4.000000,0.000000,0.0000,2.0000,-7.190453,3.688717,0.614326,32.00
3.212009,friction-sweep,hip_abduction_right_joint,RS03,-7.160157,4.000000,0.000000,0.0000,2.0000,-7.160157,3.832151,0.876175,32.00
3.220009,friction-sweep,hip_abduction_right_joint,RS03,-7.130244,4.000000,0.000000,0.0000,2.0000,-7.130244,3.722897,0.733353,32.00
3.228009,friction-sweep,hip_abduction_right_joint,RS03,-7.100330,4.000000,0.000000,0.0000,2.0000,-7.100330,3.744869,0.420235,32.00
3.236010,friction-sweep,hip_abduction_right_joint,RS03,-7.070417,4.000000,0.000000,0.0000,2.0000,-7.070417,3.920042,0.231628,32.00
3.244009,friction-sweep,hip_abduction_right_joint,RS03,-7.040121,4.000000,0.000000,0.0000,2.0000,-7.040121,3.738155,0.293892,32.00
3.252008,friction-sweep,hip_abduction_right_joint,RS03,-7.010208,4.000000,0.000000,0.0000,2.0000,-7.010208,3.730221,0.429390,32.00
3.260009,friction-sweep,hip_abduction_right_joint,RS03,-6.980294,4.000000,0.000000,0.0000,2.0000,-6.980294,3.818722,0.542915,32.00
3.268008,friction-sweep,hip_abduction_right_joint,RS03,-6.950381,4.000000,0.000000,0.0000,2.0000,-6.950381,3.827877,0.806595,32.00
3.276016,friction-sweep,hip_abduction_right_joint,RS03,-6.920468,4.000000,0.000000,0.0000,2.0000,-6.920468,3.710079,0.707718,32.00
3.284010,friction-sweep,hip_abduction_right_joint,RS03,-6.890555,4.000000,0.000000,0.0000,2.0000,-6.890555,3.666132,0.336006,32.00
3.292013,friction-sweep,hip_abduction_right_joint,RS03,-6.860259,4.000000,0.000000,0.0000,2.0000,-6.860259,3.819332,0.264595,32.00
3.300011,friction-sweep,hip_abduction_right_joint,RS03,-6.830346,4.000000,0.000000,0.0000,2.0000,-6.830346,3.763790,0.275581,32.00
3.308010,friction-sweep,hip_abduction_right_joint,RS03,-6.800816,4.000000,0.000000,0.0000,2.0000,-6.800816,3.691158,0.469673,32.00
3.316009,friction-sweep,hip_abduction_right_joint,RS03,-6.770520,4.000000,0.000000,0.0000,2.0000,-6.770520,3.612421,0.544746,32.00
3.324010,friction-sweep,hip_abduction_right_joint,RS03,-6.740223,4.000000,0.000000,0.0000,2.0000,-6.740223,3.888304,0.795609,32.00
3.332008,friction-sweep,hip_abduction_right_joint,RS03,-6.710310,4.000000,0.000000,0.0000,2.0000,-6.710310,3.827267,0.764481,32.00
3.340011,friction-sweep,hip_abduction_right_joint,RS03,-6.680397,4.000000,0.000000,0.0000,2.0000,-6.680397,3.755245,0.555733,32.00
3.348011,friction-sweep,hip_abduction_right_joint,RS03,-6.650100,4.000000,0.000000,0.0000,2.0000,-6.650100,3.778439,0.306709,32.00
3.356010,friction-sweep,hip_abduction_right_joint,RS03,-6.620571,4.000000,0.000000,0.0000,2.0000,-6.620571,3.658808,0.292061,32.00
3.364008,friction-sweep,hip_abduction_right_joint,RS03,-6.590658,4.000000,0.000000,0.0000,2.0000,-6.590658,3.758907,0.473335,32.00
3.372010,friction-sweep,hip_abduction_right_joint,RS03,-6.560744,4.000000,0.000000,0.0000,2.0000,-6.560744,3.749752,0.515450,32.00
3.380008,friction-sweep,hip_abduction_right_joint,RS03,-6.531215,4.000000,0.000000,0.0000,2.0000,-6.531215,3.713131,0.806595,32.00
3.388009,friction-sweep,hip_abduction_right_joint,RS03,-6.501302,4.000000,0.000000,0.0000,2.0000,-6.501302,3.824825,0.753494,32.00
3.396010,friction-sweep,hip_abduction_right_joint,RS03,-6.471389,4.000000,0.000000,0.0000,2.0000,-6.471389,3.686886,0.476997,32.00
3.404009,friction-sweep,hip_abduction_right_joint,RS03,-6.441475,4.000000,0.000000,0.0000,2.0000,-6.441475,3.830320,0.308540,32.00
3.412008,friction-sweep,hip_abduction_right_joint,RS03,-6.411562,4.000000,0.000000,0.0000,2.0000,-6.411562,3.711910,0.240791,32.00
3.420009,friction-sweep,hip_abduction_right_joint,RS03,-6.381266,4.000000,0.000000,0.0000,2.0000,-6.381266,3.764400,0.425728,32.00
3.428008,friction-sweep,hip_abduction_right_joint,RS03,-6.351353,4.000000,0.000000,0.0000,2.0000,-6.351353,3.819332,0.522774,32.00
3.436010,friction-sweep,hip_abduction_right_joint,RS03,-6.321056,4.000000,0.000000,0.0000,2.0000,-6.321056,3.859007,0.716873,32.00
3.444009,friction-sweep,hip_abduction_right_joint,RS03,-6.291143,4.000000,0.000000,0.0000,2.0000,-6.291143,3.754635,0.755325,32.00
3.452012,friction-sweep,hip_abduction_right_joint,RS03,-6.261230,4.000000,0.000000,0.0000,2.0000,-6.261230,3.738766,0.522774,32.00
3.460009,friction-sweep,hip_abduction_right_joint,RS03,-6.231317,4.000000,0.000000,0.0000,2.0000,-6.231317,3.707638,0.323189,32.00
3.468009,friction-sweep,hip_abduction_right_joint,RS03,-6.201020,4.000000,0.000000,0.0000,2.0000,-6.201020,3.871824,0.259102,32.00
3.476008,friction-sweep,hip_abduction_right_joint,RS03,-6.171107,4.000000,0.000000,0.0000,2.0000,-6.171107,3.714962,0.400093,32.00
3.484009,friction-sweep,hip_abduction_right_joint,RS03,-6.141194,4.000000,0.000000,0.0000,2.0000,-6.141194,3.743649,0.398262,32.00
3.492007,friction-sweep,hip_abduction_right_joint,RS03,-6.111281,4.000000,0.000000,0.0000,2.0000,-6.111281,3.727169,0.753494,32.00
3.500009,friction-sweep,hip_abduction_right_joint,RS03,-6.080985,4.000000,0.000000,0.0000,2.0000,-6.080985,3.811398,0.788284,32.00
3.508009,friction-sweep,hip_abduction_right_joint,RS03,-6.051071,4.000000,0.000000,0.0000,2.0000,-6.051071,3.801632,0.564888,32.00
3.516007,friction-sweep,hip_abduction_right_joint,RS03,-6.021159,4.000000,0.000000,0.0000,2.0000,-6.021159,3.865721,0.387276,32.00
3.524008,friction-sweep,hip_abduction_right_joint,RS03,-5.990862,4.000000,0.000000,0.0000,2.0000,-5.990862,3.827877,0.240791,32.00
3.532010,friction-sweep,hip_abduction_right_joint,RS03,-5.960948,4.000000,0.000000,0.0000,2.0000,-5.960948,3.611811,0.336006,32.00
3.540009,friction-sweep,hip_abduction_right_joint,RS03,-5.931036,4.000000,0.000000,0.0000,2.0000,-5.931036,3.624628,0.498970,32.00
3.548008,friction-sweep,hip_abduction_right_joint,RS03,-5.901123,4.000000,0.000000,0.0000,2.0000,-5.901123,3.730831,0.702217,32.00
3.556008,friction-sweep,hip_abduction_right_joint,RS03,-5.871593,4.000000,0.000000,0.0000,2.0000,-5.871593,3.714962,0.806595,32.00
3.564010,friction-sweep,hip_abduction_right_joint,RS03,-5.841680,4.000000,0.000000,0.0000,2.0000,-5.841680,3.613642,0.493477,32.00
3.572092,friction-sweep,hip_abduction_right_joint,RS03,-5.811767,4.000000,0.000000,0.0000,2.0000,-5.811767,3.696651,0.449532,32.00
3.580017,friction-sweep,hip_abduction_right_joint,RS03,-5.781854,4.000000,0.000000,0.0000,2.0000,-5.781854,3.704586,0.246284,32.00
3.588010,friction-sweep,hip_abduction_right_joint,RS03,-5.751941,4.000000,0.000000,0.0000,2.0000,-5.751941,3.753414,0.361641,32.00
3.596011,friction-sweep,hip_abduction_right_joint,RS03,-5.722028,4.000000,0.000000,0.0000,2.0000,-5.722028,3.800411,0.370796,32.00
3.604010,friction-sweep,hip_abduction_right_joint,RS03,-5.692114,4.000000,0.000000,0.0000,2.0000,-5.692114,3.722286,0.705887,32.00
3.612009,friction-sweep,hip_abduction_right_joint,RS03,-5.661818,4.000000,0.000000,0.0000,2.0000,-5.661818,3.876097,0.824905,32.00
3.620009,friction-sweep,hip_abduction_right_joint,RS03,-5.631522,4.000000,0.000000,0.0000,2.0000,-5.631522,3.902342,0.623482,32.00
3.628010,friction-sweep,hip_abduction_right_joint,RS03,-5.601992,4.000000,0.000000,0.0000,2.0000,-5.601992,3.597773,0.423897,32.00
3.636008,friction-sweep,hip_abduction_right_joint,RS03,-5.572079,4.000000,0.000000,0.0000,2.0000,-5.572079,3.630121,0.216980,32.00
3.644009,friction-sweep,hip_abduction_right_joint,RS03,-5.541782,4.000000,0.000000,0.0000,2.0000,-5.541782,3.670404,0.310371,32.00
3.652009,friction-sweep,hip_abduction_right_joint,RS03,-5.512252,4.000000,0.000000,0.0000,2.0000,-5.512252,3.643549,0.403755,32.00
3.660012,friction-sweep,hip_abduction_right_joint,RS03,-5.481956,4.000000,0.000000,0.0000,2.0000,-5.481956,3.727169,0.643623,32.00
3.668008,friction-sweep,hip_abduction_right_joint,RS03,-5.452043,4.000000,0.000000,0.0000,2.0000,-5.452043,3.711910,0.812088,32.00
3.676008,friction-sweep,hip_abduction_right_joint,RS03,-5.421746,4.000000,0.000000,0.0000,2.0000,-5.421746,3.708858,0.557564,32.00
3.684007,friction-sweep,hip_abduction_right_joint,RS03,-5.391833,4.000000,0.000000,0.0000,2.0000,-5.391833,3.671625,0.359810,32.00
3.692010,friction-sweep,hip_abduction_right_joint,RS03,-5.361920,4.000000,0.000000,0.0000,2.0000,-5.361920,3.747311,0.242622,32.00
3.700008,friction-sweep,hip_abduction_right_joint,RS03,-5.331624,4.000000,0.000000,0.0000,2.0000,-5.331624,3.687496,0.281075,32.00
3.708009,friction-sweep,hip_abduction_right_joint,RS03,-5.301711,4.000000,0.000000,0.0000,2.0000,-5.301711,3.727779,0.411079,32.00
3.716005,friction-sweep,hip_abduction_right_joint,RS03,-5.271797,4.000000,0.000000,0.0000,2.0000,-5.271797,3.749752,0.608833,32.00
3.724009,friction-sweep,hip_abduction_right_joint,RS03,-5.241884,4.000000,0.000000,0.0000,2.0000,-5.241884,3.754635,0.850540,32.00
3.732008,friction-sweep,hip_abduction_right_joint,RS03,-5.211971,4.000000,0.000000,0.0000,2.0000,-5.211971,3.800411,0.780960,32.00
3.740008,friction-sweep,hip_abduction_right_joint,RS03,-5.182058,4.000000,0.000000,0.0000,2.0000,-5.182058,3.592279,0.403755,32.00
3.748009,friction-sweep,hip_abduction_right_joint,RS03,-5.152528,4.000000,0.000000,0.0000,2.0000,-5.152528,3.606928,0.292061,32.00
3.756022,friction-sweep,hip_abduction_right_joint,RS03,-5.122615,4.000000,0.000000,0.0000,2.0000,-5.122615,3.733273,0.378120,32.00
3.764010,friction-sweep,hip_abduction_right_joint,RS03,-5.092702,4.000000,0.000000,0.0000,2.0000,-5.092702,3.849852,0.425728,32.00
3.772007,friction-sweep,hip_abduction_right_joint,RS03,-5.062789,4.000000,0.000000,0.0000,2.0000,-5.062789,3.711910,0.652779,32.00
3.780008,friction-sweep,hip_abduction_right_joint,RS03,-5.032876,4.000000,0.000000,0.0000,2.0000,-5.032876,3.746700,0.885330,32.00
3.788010,friction-sweep,hip_abduction_right_joint,RS03,-5.002963,4.000000,0.000000,0.0000,2.0000,-5.002963,3.675289,0.656441,32.00
3.796010,friction-sweep,hip_abduction_right_joint,RS03,-4.973433,4.000000,0.000000,0.0000,2.0000,-4.973433,3.707638,0.401924,32.00
3.804008,friction-sweep,hip_abduction_right_joint,RS03,-4.943137,4.000000,0.000000,0.0000,2.0000,-4.943137,3.553827,0.255440,32.00
3.812008,friction-sweep,hip_abduction_right_joint,RS03,-4.912840,4.000000,0.000000,0.0000,2.0000,-4.912840,3.876097,0.233459,32.00
3.820009,friction-sweep,hip_abduction_right_joint,RS03,-4.882927,4.000000,0.000000,0.0000,2.0000,-4.882927,3.763790,0.445869,32.00
3.828028,friction-sweep,hip_abduction_right_joint,RS03,-4.853014,4.000000,0.000000,0.0000,2.0000,-4.853014,3.672237,0.596016,32.00
3.836011,friction-sweep,hip_abduction_right_joint,RS03,-4.822717,4.000000,0.000000,0.0000,2.0000,-4.822717,3.779659,0.894485,32.00
3.844008,friction-sweep,hip_abduction_right_joint,RS03,-4.792805,4.000000,0.000000,0.0000,2.0000,-4.792805,3.671625,0.691231,32.00
3.852010,friction-sweep,hip_abduction_right_joint,RS03,-4.762891,4.000000,0.000000,0.0000,2.0000,-4.762891,3.760128,0.422066,32.00
3.860014,friction-sweep,hip_abduction_right_joint,RS03,-4.732978,4.000000,0.000000,0.0000,2.0000,-4.732978,3.809566,0.220642,32.00
3.868010,friction-sweep,hip_abduction_right_joint,RS03,-4.703065,4.000000,0.000000,0.0000,2.0000,-4.703065,3.843748,0.255440,32.00
3.876009,friction-sweep,hip_abduction_right_joint,RS03,-4.672769,4.000000,0.000000,0.0000,2.0000,-4.672769,3.708858,0.471504,32.00
3.884011,friction-sweep,hip_abduction_right_joint,RS03,-4.642472,4.000000,0.000000,0.0000,2.0000,-4.642472,3.825436,0.597847,32.00
3.892010,friction-sweep,hip_abduction_right_joint,RS03,-4.612559,4.000000,0.000000,0.0000,2.0000,-4.612559,3.729000,0.868851,32.00
3.900010,friction-sweep,hip_abduction_right_joint,RS03,-4.582645,4.000000,0.000000,0.0000,2.0000,-4.582645,3.752804,0.685738,32.00
3.908008,friction-sweep,hip_abduction_right_joint,RS03,-4.552733,4.000000,0.000000,0.0000,2.0000,-4.552733,3.715572,0.378120,32.00
3.916009,friction-sweep,hip_abduction_right_joint,RS03,-4.522820,4.000000,0.000000,0.0000,2.0000,-4.522820,3.685665,0.248116,32.00
3.924008,friction-sweep,hip_abduction_right_joint,RS03,-4.492907,4.000000,0.000000,0.0000,2.0000,-4.492907,3.792477,0.308540,32.00
3.932009,friction-sweep,hip_abduction_right_joint,RS03,-4.463377,4.000000,0.000000,0.0000,2.0000,-4.463377,3.618525,0.537422,32.00
3.940008,friction-sweep,hip_abduction_right_joint,RS03,-4.433464,4.000000,0.000000,0.0000,2.0000,-4.433464,3.682613,0.649117,32.00
3.948010,friction-sweep,hip_abduction_right_joint,RS03,-4.403551,4.000000,0.000000,0.0000,2.0000,-4.403551,3.616693,0.832230,32.00
3.956012,friction-sweep,hip_abduction_right_joint,RS03,-4.373638,4.000000,0.000000,0.0000,2.0000,-4.373638,3.790035,0.619820,32.00
3.964014,friction-sweep,hip_abduction_right_joint,RS03,-4.343724,4.000000,0.000000,0.0000,2.0000,-4.343724,3.861448,0.326851,32.00
3.972011,friction-sweep,hip_abduction_right_joint,RS03,-4.313811,4.000000,0.000000,0.0000,2.0000,-4.313811,3.826046,0.295723,32.00
3.980009,friction-sweep,hip_abduction_right_joint,RS03,-4.283898,4.000000,0.000000,0.0000,2.0000,-4.283898,3.782711,0.306709,32.00
3.988009,friction-sweep,hip_abduction_right_joint,RS03,-4.253985,4.000000,0.000000,0.0000,2.0000,-4.253985,3.796749,0.497139,32.00
3.996010,friction-sweep,hip_abduction_right_joint,RS03,-4.223689,4.000000,0.000000,0.0000,2.0000,-4.223689,3.713131,0.590523,32.00
4.004057,friction-sweep,hip_abduction_right_joint,RS03,-4.193775,-4.000000,0.000000,0.0000,2.0000,-4.193775,3.652094,0.835892,32.00
4.012043,friction-sweep,hip_abduction_right_joint,RS03,-4.163863,-4.000000,0.000000,0.0000,2.0000,-4.163863,3.625238,0.665596,32.00
4.020028,friction-sweep,hip_abduction_right_joint,RS03,-4.140085,-4.000000,0.000000,0.0000,2.0000,-4.140085,2.285498,-3.062485,32.00
4.028009,friction-sweep,hip_abduction_right_joint,RS03,-4.128581,-4.000000,0.000000,0.0000,2.0000,-4.128581,0.843212,-2.234837,32.00
4.036014,friction-sweep,hip_abduction_right_joint,RS03,-4.127813,-4.000000,0.000000,0.0000,2.0000,-4.127813,-0.380560,-1.515221,32.00
4.044010,friction-sweep,hip_abduction_right_joint,RS03,-4.133949,-4.000000,0.000000,0.0000,2.0000,-4.133949,-1.019608,-1.623257,32.00
4.052009,friction-sweep,hip_abduction_right_joint,RS03,-4.145454,-4.000000,0.000000,0.0000,2.0000,-4.145454,-1.803921,-1.769745,32.00
4.060009,friction-sweep,hip_abduction_right_joint,RS03,-4.161179,-4.000000,0.000000,0.0000,2.0000,-4.161179,-2.198215,-0.997025,32.00
4.068095,friction-sweep,hip_abduction_right_joint,RS03,-4.179970,-4.000000,0.000000,0.0000,2.0000,-4.179970,-2.377661,-1.467613,32.00
4.076020,friction-sweep,hip_abduction_right_joint,RS03,-4.201830,-4.000000,0.000000,0.0000,2.0000,-4.201830,-2.679789,-0.958572,32.00
4.084008,friction-sweep,hip_abduction_right_joint,RS03,-4.225606,-4.000000,0.000000,0.0000,2.0000,-4.225606,-3.031357,-0.705883,32.00
4.092015,friction-sweep,hip_abduction_right_joint,RS03,-4.250917,-4.000000,0.000000,0.0000,2.0000,-4.250917,-3.205311,-0.975052,32.00
4.100012,friction-sweep,hip_abduction_right_joint,RS03,-4.277379,-4.000000,0.000000,0.0000,2.0000,-4.277379,-3.393911,-0.726025,32.00
4.108005,friction-sweep,hip_abduction_right_joint,RS03,-4.304608,-4.000000,0.000000,0.0000,2.0000,-4.304608,-3.478752,-0.486153,32.00
4.116011,friction-sweep,hip_abduction_right_joint,RS03,-4.332603,-4.000000,0.000000,0.0000,2.0000,-4.332603,-3.442131,-0.444038,32.00
4.124008,friction-sweep,hip_abduction_right_joint,RS03,-4.360982,-4.000000,0.000000,0.0000,2.0000,-4.360982,-3.573969,-0.583199,32.00
4.132007,friction-sweep,hip_abduction_right_joint,RS03,-4.390128,-4.000000,0.000000,0.0000,2.0000,-4.390128,-3.650263,-0.910965,32.00
4.140011,friction-sweep,hip_abduction_right_joint,RS03,-4.419274,-4.000000,0.000000,0.0000,2.0000,-4.419274,-3.563593,-0.713207,32.00
4.148010,friction-sweep,hip_abduction_right_joint,RS03,-4.448421,-4.000000,0.000000,0.0000,2.0000,-4.448421,-3.692987,-0.577705,32.00
4.156005,friction-sweep,hip_abduction_right_joint,RS03,-4.477567,-4.000000,0.000000,0.0000,2.0000,-4.477567,-3.627069,-0.354317,32.00
4.164011,friction-sweep,hip_abduction_right_joint,RS03,-4.507480,-4.000000,0.000000,0.0000,2.0000,-4.507480,-3.533073,-0.266422,32.00
4.172009,friction-sweep,hip_abduction_right_joint,RS03,-4.537009,-4.000000,0.000000,0.0000,2.0000,-4.537009,-3.788815,-0.469673,32.00
4.184003,friction-sweep,hip_abduction_right_joint,RS03,-4.581495,-4.000000,0.000000,0.0000,2.0000,-4.581495,-3.625849,-0.341496,32.00
4.196007,friction-sweep,hip_abduction_right_joint,RS03,-4.626365,-4.000000,0.000000,0.0000,2.0000,-4.626365,-3.727169,-0.542915,32.00
4.204004,friction-sweep,hip_abduction_right_joint,RS03,-4.656662,-4.000000,0.000000,0.0000,2.0000,-4.656662,-3.821775,-0.442207,32.00
4.212009,friction-sweep,hip_abduction_right_joint,RS03,-4.686574,-4.000000,0.000000,0.0000,2.0000,-4.686574,-3.699701,-0.277409,32.00
4.220009,friction-sweep,hip_abduction_right_joint,RS03,-4.716488,-4.000000,0.000000,0.0000,2.0000,-4.716488,-3.774166,-0.303043,32.00
4.228005,friction-sweep,hip_abduction_right_joint,RS03,-4.746401,-4.000000,0.000000,0.0000,2.0000,-4.746401,-3.680780,-0.367134,32.00
4.236012,friction-sweep,hip_abduction_right_joint,RS03,-4.776697,-4.000000,0.000000,0.0000,2.0000,-4.776697,-3.859007,-0.740673,32.00
4.244009,friction-sweep,hip_abduction_right_joint,RS03,-4.806611,-4.000000,0.000000,0.0000,2.0000,-4.806611,-3.802244,-0.819408,32.00
4.252005,friction-sweep,hip_abduction_right_joint,RS03,-4.836141,-4.000000,0.000000,0.0000,2.0000,-4.836141,-3.665522,-0.605175,32.00
4.260012,friction-sweep,hip_abduction_right_joint,RS03,-4.866436,-4.000000,0.000000,0.0000,2.0000,-4.866436,-3.818113,-0.445869,32.00
4.268009,friction-sweep,hip_abduction_right_joint,RS03,-4.896350,-4.000000,0.000000,0.0000,2.0000,-4.896350,-3.710077,-0.204166,32.00
4.280005,friction-sweep,hip_abduction_right_joint,RS03,-4.941603,-4.000000,0.000000,0.0000,2.0000,-4.941603,-3.758907,-0.586864,32.00
4.292008,friction-sweep,hip_abduction_right_joint,RS03,-4.986856,-4.000000,0.000000,0.0000,2.0000,-4.986856,-3.753414,-0.702221,32.00
4.304045,friction-sweep,hip_abduction_right_joint,RS03,-5.032110,-4.000000,0.000000,0.0000,2.0000,-5.032110,-3.782711,-0.216984,32.00
4.312055,friction-sweep,hip_abduction_right_joint,RS03,-5.062022,-4.000000,0.000000,0.0000,2.0000,-5.062022,-3.835814,-0.328678,32.00
4.324032,friction-sweep,hip_abduction_right_joint,RS03,-5.106892,-4.000000,0.000000,0.0000,2.0000,-5.106892,-3.739986,-0.282902,32.00
4.332064,friction-sweep,hip_abduction_right_joint,RS03,-5.136805,-4.000000,0.000000,0.0000,2.0000,-5.136805,-3.733883,-0.222477,32.00
4.340026,friction-sweep,hip_abduction_right_joint,RS03,-5.166334,-4.000000,0.000000,0.0000,2.0000,-5.166334,-3.732662,-0.390938,32.00
4.348027,friction-sweep,hip_abduction_right_joint,RS03,-5.196248,-4.000000,0.000000,0.0000,2.0000,-5.196248,-3.749142,-0.746166,32.00
4.356021,friction-sweep,hip_abduction_right_joint,RS03,-5.226161,-4.000000,0.000000,0.0000,2.0000,-5.226161,-3.685053,-0.898148,32.00
4.364012,friction-sweep,hip_abduction_right_joint,RS03,-5.256073,-4.000000,0.000000,0.0000,2.0000,-5.256073,-3.753414,-0.687572,32.00
4.372013,friction-sweep,hip_abduction_right_joint,RS03,-5.285987,-4.000000,0.000000,0.0000,2.0000,-5.285987,-3.715572,-0.526436,32.00
4.380014,friction-sweep,hip_abduction_right_joint,RS03,-5.315900,-4.000000,0.000000,0.0000,2.0000,-5.315900,-3.722286,-0.273746,32.00
4.388010,friction-sweep,hip_abduction_right_joint,RS03,-5.345813,-4.000000,0.000000,0.0000,2.0000,-5.345813,-3.670404,-0.304874,32.00
4.396009,friction-sweep,hip_abduction_right_joint,RS03,-5.375727,-4.000000,0.000000,0.0000,2.0000,-5.375727,-3.639887,-0.345158,32.00
4.404006,friction-sweep,hip_abduction_right_joint,RS03,-5.405639,-4.000000,0.000000,0.0000,2.0000,-5.405639,-3.717403,-0.577705,32.00
4.412007,friction-sweep,hip_abduction_right_joint,RS03,-5.435936,-4.000000,0.000000,0.0000,2.0000,-5.435936,-3.928587,-0.824905,32.00
4.420008,friction-sweep,hip_abduction_right_joint,RS03,-5.465848,-4.000000,0.000000,0.0000,2.0000,-5.465848,-3.730831,-0.574043,32.00
4.428005,friction-sweep,hip_abduction_right_joint,RS03,-5.495762,-4.000000,0.000000,0.0000,2.0000,-5.495762,-3.893187,-0.455025,32.00
4.436007,friction-sweep,hip_abduction_right_joint,RS03,-5.525675,-4.000000,0.000000,0.0000,2.0000,-5.525675,-3.741207,-0.286564,32.00
4.444006,friction-sweep,hip_abduction_right_joint,RS03,-5.555972,-4.000000,0.000000,0.0000,2.0000,-5.555972,-3.810789,-0.202335,32.00
4.452007,friction-sweep,hip_abduction_right_joint,RS03,-5.585885,-4.000000,0.000000,0.0000,2.0000,-5.585885,-3.780880,-0.336002,32.00
4.460007,friction-sweep,hip_abduction_right_joint,RS03,-5.616181,-4.000000,0.000000,0.0000,2.0000,-5.616181,-3.754025,-0.636303,32.00
4.468007,friction-sweep,hip_abduction_right_joint,RS03,-5.646478,-4.000000,0.000000,0.0000,2.0000,-5.646478,-3.769283,-0.835892,32.00
4.476005,friction-sweep,hip_abduction_right_joint,RS03,-5.676391,-4.000000,0.000000,0.0000,2.0000,-5.676391,-3.778439,-0.709545,32.00
4.484008,friction-sweep,hip_abduction_right_joint,RS03,-5.706687,-4.000000,0.000000,0.0000,2.0000,-5.706687,-3.708246,-0.444038,32.00
4.492005,friction-sweep,hip_abduction_right_joint,RS03,-5.736601,-4.000000,0.000000,0.0000,2.0000,-5.736601,-3.708246,-0.295719,32.00
4.500006,friction-sweep,hip_abduction_right_joint,RS03,-5.766513,-4.000000,0.000000,0.0000,2.0000,-5.766513,-3.700312,-0.242619,32.00
4.508007,friction-sweep,hip_abduction_right_joint,RS03,-5.796427,-4.000000,0.000000,0.0000,2.0000,-5.796427,-3.829710,-0.381783,32.00
4.516007,friction-sweep,hip_abduction_right_joint,RS03,-5.826340,-4.000000,0.000000,0.0000,2.0000,-5.826340,-3.696650,-0.583199,32.00
4.524007,friction-sweep,hip_abduction_right_joint,RS03,-5.856253,-4.000000,0.000000,0.0000,2.0000,-5.856253,-3.731441,-0.890823,32.00
4.532007,friction-sweep,hip_abduction_right_joint,RS03,-5.886166,-4.000000,0.000000,0.0000,2.0000,-5.886166,-3.658197,-0.693066,32.00
4.540004,friction-sweep,hip_abduction_right_joint,RS03,-5.916080,-4.000000,0.000000,0.0000,2.0000,-5.916080,-3.791258,-0.478828,32.00
4.548006,friction-sweep,hip_abduction_right_joint,RS03,-5.945609,-4.000000,0.000000,0.0000,2.0000,-5.945609,-3.733883,-0.356148,32.00
4.556008,friction-sweep,hip_abduction_right_joint,RS03,-5.975522,-4.000000,0.000000,0.0000,2.0000,-5.975522,-3.781490,-0.246281,32.00
4.564007,friction-sweep,hip_abduction_right_joint,RS03,-6.005435,-4.000000,0.000000,0.0000,2.0000,-6.005435,-3.820555,-0.379951,32.00
4.572004,friction-sweep,hip_abduction_right_joint,RS03,-6.035731,-4.000000,0.000000,0.0000,2.0000,-6.035731,-3.829710,-0.643627,32.00
4.580110,friction-sweep,hip_abduction_right_joint,RS03,-6.065645,-4.000000,0.000000,0.0000,2.0000,-6.065645,-3.801634,-0.826736,32.00
4.588040,friction-sweep,hip_abduction_right_joint,RS03,-6.095558,-4.000000,0.000000,0.0000,2.0000,-6.095558,-3.709467,-0.726025,32.00
4.596009,friction-sweep,hip_abduction_right_joint,RS03,-6.125471,-4.000000,0.000000,0.0000,2.0000,-6.125471,-3.825438,-0.509956,32.00
4.604010,friction-sweep,hip_abduction_right_joint,RS03,-6.155384,-4.000000,0.000000,0.0000,2.0000,-6.155384,-3.800413,-0.401924,32.00
4.612007,friction-sweep,hip_abduction_right_joint,RS03,-6.185680,-4.000000,0.000000,0.0000,2.0000,-6.185680,-3.894407,-0.211491,32.00
4.620010,friction-sweep,hip_abduction_right_joint,RS03,-6.215594,-4.000000,0.000000,0.0000,2.0000,-6.215594,-3.692987,-0.323185,32.00
4.628007,friction-sweep,hip_abduction_right_joint,RS03,-6.245506,-4.000000,0.000000,0.0000,2.0000,-6.245506,-3.631342,-0.533760,32.00
4.636004,friction-sweep,hip_abduction_right_joint,RS03,-6.275420,-4.000000,0.000000,0.0000,2.0000,-6.275420,-3.628901,-0.856033,32.00
4.644006,friction-sweep,hip_abduction_right_joint,RS03,-6.305716,-4.000000,0.000000,0.0000,2.0000,-6.305716,-3.893797,-0.702221,32.00
4.652008,friction-sweep,hip_abduction_right_joint,RS03,-6.335629,-4.000000,0.000000,0.0000,2.0000,-6.335629,-3.708246,-0.464180,32.00
4.660005,friction-sweep,hip_abduction_right_joint,RS03,-6.365926,-4.000000,0.000000,0.0000,2.0000,-6.365926,-3.796141,-0.464180,32.00
4.668005,friction-sweep,hip_abduction_right_joint,RS03,-6.396223,-4.000000,0.000000,0.0000,2.0000,-6.396223,-3.689325,-0.312199,32.00
4.676007,friction-sweep,hip_abduction_right_joint,RS03,-6.426519,-4.000000,0.000000,0.0000,2.0000,-6.426519,-3.674677,-0.268253,32.00
4.684009,friction-sweep,hip_abduction_right_joint,RS03,-6.456432,-4.000000,0.000000,0.0000,2.0000,-6.456432,-3.835203,-0.398262,32.00
4.692009,friction-sweep,hip_abduction_right_joint,RS03,-6.486345,-4.000000,0.000000,0.0000,2.0000,-6.486345,-3.741817,-0.738842,32.00
4.700007,friction-sweep,hip_abduction_right_joint,RS03,-6.516258,-4.000000,0.000000,0.0000,2.0000,-6.516258,-3.736935,-0.801098,32.00
4.708007,friction-sweep,hip_abduction_right_joint,RS03,-6.546172,-4.000000,0.000000,0.0000,2.0000,-6.546172,-3.778439,-0.630810,32.00
4.716006,friction-sweep,hip_abduction_right_joint,RS03,-6.576085,-4.000000,0.000000,0.0000,2.0000,-6.576085,-3.795530,-0.570381,32.00
4.724007,friction-sweep,hip_abduction_right_joint,RS03,-6.605614,-4.000000,0.000000,0.0000,2.0000,-6.605614,-3.733883,-0.310368,32.00
4.732008,friction-sweep,hip_abduction_right_joint,RS03,-6.635527,-4.000000,0.000000,0.0000,2.0000,-6.635527,-3.691767,-0.328678,32.00
4.744041,friction-sweep,hip_abduction_right_joint,RS03,-6.680397,-4.000000,0.000000,0.0000,2.0000,-6.680397,-3.616693,-0.478828,32.00
4.752023,friction-sweep,hip_abduction_right_joint,RS03,-6.710310,-4.000000,0.000000,0.0000,2.0000,-6.710310,-3.716793,-0.242619,32.00
4.760020,friction-sweep,hip_abduction_right_joint,RS03,-6.740223,-4.000000,0.000000,0.0000,2.0000,-6.740223,-3.729610,-0.286564,32.00
4.768010,friction-sweep,hip_abduction_right_joint,RS03,-6.770520,-4.000000,0.000000,0.0000,2.0000,-6.770520,-3.724117,-0.323185,32.00
4.776011,friction-sweep,hip_abduction_right_joint,RS03,-6.800433,-4.000000,0.000000,0.0000,2.0000,-6.800433,-3.744259,-0.790112,32.00
4.788006,friction-sweep,hip_abduction_right_joint,RS03,-6.844919,-4.000000,0.000000,0.0000,2.0000,-6.844919,-3.626459,-0.279240,32.00
4.796014,friction-sweep,hip_abduction_right_joint,RS03,-6.875215,-4.000000,0.000000,0.0000,2.0000,-6.875215,-3.788204,-0.260929,32.00
4.804011,friction-sweep,hip_abduction_right_joint,RS03,-6.905512,-4.000000,0.000000,0.0000,2.0000,-6.905512,-3.729610,-0.627148,32.00
4.812006,friction-sweep,hip_abduction_right_joint,RS03,-6.935425,-4.000000,0.000000,0.0000,2.0000,-6.935425,-3.711300,-0.832230,32.00
4.820008,friction-sweep,hip_abduction_right_joint,RS03,-6.965338,-4.000000,0.000000,0.0000,2.0000,-6.965338,-3.750973,-0.586864,32.00
4.828009,friction-sweep,hip_abduction_right_joint,RS03,-6.995635,-4.000000,0.000000,0.0000,2.0000,-6.995635,-3.755245,-0.394600,32.00
4.836016,friction-sweep,hip_abduction_right_joint,RS03,-7.025548,-4.000000,0.000000,0.0000,2.0000,-7.025548,-3.849241,-0.248112,32.00
4.844039,friction-sweep,hip_abduction_right_joint,RS03,-7.055844,-4.000000,0.000000,0.0000,2.0000,-7.055844,-3.644770,-0.224308,32.00
4.852015,friction-sweep,hip_abduction_right_joint,RS03,-7.086141,-4.000000,0.000000,0.0000,2.0000,-7.086141,-3.718624,-0.224308,32.00
4.860005,friction-sweep,hip_abduction_right_joint,RS03,-7.116054,-4.000000,0.000000,0.0000,2.0000,-7.116054,-3.752804,-0.400093,32.00
4.868005,friction-sweep,hip_abduction_right_joint,RS03,-7.146350,-4.000000,0.000000,0.0000,2.0000,-7.146350,-3.756466,-0.824905,32.00
4.876025,friction-sweep,hip_abduction_right_joint,RS03,-7.176263,-4.000000,0.000000,0.0000,2.0000,-7.176263,-3.851072,-0.665600,32.00
4.884014,friction-sweep,hip_abduction_right_joint,RS03,-7.206177,-4.000000,0.000000,0.0000,2.0000,-7.206177,-3.714352,-0.433052,32.00
4.892021,friction-sweep,hip_abduction_right_joint,RS03,-7.236090,-4.000000,0.000000,0.0000,2.0000,-7.236090,-3.685053,-0.259098,32.00
4.900009,friction-sweep,hip_abduction_right_joint,RS03,-7.266003,-4.000000,0.000000,0.0000,2.0000,-7.266003,-3.822996,-0.282902,32.00
4.908009,friction-sweep,hip_abduction_right_joint,RS03,-7.295916,-4.000000,0.000000,0.0000,2.0000,-7.295916,-3.716183,-0.387276,32.00
4.916008,friction-sweep,hip_abduction_right_joint,RS03,-7.325829,-4.000000,0.000000,0.0000,2.0000,-7.325829,-3.743038,-0.672924,32.00
4.924006,friction-sweep,hip_abduction_right_joint,RS03,-7.355742,-4.000000,0.000000,0.0000,2.0000,-7.355742,-3.738155,-0.856033,32.00
4.932008,friction-sweep,hip_abduction_right_joint,RS03,-7.385655,-4.000000,0.000000,0.0000,2.0000,-7.385655,-3.746090,-0.711376,32.00
4.940005,friction-sweep,hip_abduction_right_joint,RS03,-7.415952,-4.000000,0.000000,0.0000,2.0000,-7.415952,-3.714352,-0.456856,32.00
4.948094,friction-sweep,hip_abduction_right_joint,RS03,-7.445865,-4.000000,0.000000,0.0000,2.0000,-7.445865,-3.678339,-0.317692,32.00
4.956031,friction-sweep,hip_abduction_right_joint,RS03,-7.475778,-4.000000,0.000000,0.0000,2.0000,-7.475778,-3.639887,-0.185856,32.00
4.968010,friction-sweep,hip_abduction_right_joint,RS03,-7.520648,-4.000000,0.000000,0.0000,2.0000,-7.520648,-3.678339,-0.513618,32.00
4.976007,friction-sweep,hip_abduction_right_joint,RS03,-7.550944,-4.000000,0.000000,0.0000,2.0000,-7.550944,-3.725338,-0.205997,32.00
4.984013,friction-sweep,hip_abduction_right_joint,RS03,-7.580857,-4.000000,0.000000,0.0000,2.0000,-7.580857,-3.765621,-0.231632,32.00
4.992008,friction-sweep,hip_abduction_right_joint,RS03,-7.610770,-4.000000,0.000000,0.0000,2.0000,-7.610770,-3.758297,-0.367134,32.00
5.000011,friction-sweep,hip_abduction_right_joint,RS03,-7.640683,-4.000000,0.000000,0.0000,2.0000,-7.640683,-3.769894,-0.535591,32.00
5.008008,friction-sweep,hip_abduction_right_joint,RS03,-7.670980,-4.000000,0.000000,0.0000,2.0000,-7.670980,-3.754635,-0.810253,32.00
5.020003,friction-sweep,hip_abduction_right_joint,RS03,-7.715849,-4.000000,0.000000,0.0000,2.0000,-7.715849,-3.675287,-0.346989,32.00
5.032005,friction-sweep,hip_abduction_right_joint,RS03,-7.761103,-4.000000,0.000000,0.0000,2.0000,-7.761103,-3.716183,-0.297550,32.00
5.040006,friction-sweep,hip_abduction_right_joint,RS03,-7.791399,-4.000000,0.000000,0.0000,2.0000,-7.791399,-3.816282,-0.224308,32.00
5.048012,friction-sweep,hip_abduction_right_joint,RS03,-7.820929,-4.000000,0.000000,0.0000,2.0000,-7.820929,-3.621576,-0.288395,32.00
5.056005,friction-sweep,hip_abduction_right_joint,RS03,-7.851225,-4.000000,0.000000,0.0000,2.0000,-7.851225,-3.824827,-0.581367,32.00
5.064011,friction-sweep,hip_abduction_right_joint,RS03,-7.881138,-4.000000,0.000000,0.0000,2.0000,-7.881138,-3.616693,-0.769970,32.00
5.072010,friction-sweep,hip_abduction_right_joint,RS03,-7.911051,-4.000000,0.000000,0.0000,2.0000,-7.911051,-3.728390,-0.777294,32.00
5.080004,friction-sweep,hip_abduction_right_joint,RS03,-7.940965,-4.000000,0.000000,0.0000,2.0000,-7.940965,-3.672846,-0.487984,32.00
5.088123,friction-sweep,hip_abduction_right_joint,RS03,-7.970878,-4.000000,0.000000,0.0000,2.0000,-7.970878,-3.867552,-0.414742,32.00
5.096019,friction-sweep,hip_abduction_right_joint,RS03,-8.000792,-4.000000,0.000000,0.0000,2.0000,-8.000792,-3.689325,-0.271915,32.00
5.108004,friction-sweep,hip_abduction_right_joint,RS03,-8.045277,-4.000000,0.000000,0.0000,2.0000,-8.045277,-3.719845,-0.533760,32.00
5.116004,friction-sweep,hip_abduction_right_joint,RS03,-8.075573,-4.000000,0.000000,0.0000,2.0000,-8.075573,-3.764400,-0.354317,32.00
5.124012,friction-sweep,hip_abduction_right_joint,RS03,-8.105486,-4.000000,0.000000,0.0000,2.0000,-8.105486,-3.768063,-0.286564,32.00
5.132010,friction-sweep,hip_abduction_right_joint,RS03,-8.135399,-4.000000,0.000000,0.0000,2.0000,-8.135399,-3.777828,-0.301212,32.00
5.144003,friction-sweep,hip_abduction_right_joint,RS03,-8.180269,-4.000000,0.000000,0.0000,2.0000,-8.180269,-3.753414,-0.354317,32.00
5.152002,friction-sweep,hip_abduction_right_joint,RS03,-8.210566,-4.000000,0.000000,0.0000,2.0000,-8.210566,-3.632563,-0.226139,32.00
5.160011,friction-sweep,hip_abduction_right_joint,RS03,-8.240479,-4.000000,0.000000,0.0000,2.0000,-8.240479,-3.682611,-0.308537,32.00
5.168008,friction-sweep,hip_abduction_right_joint,RS03,-8.270391,-4.000000,0.000000,0.0000,2.0000,-8.270391,-3.705805,-0.460518,32.00
5.176005,friction-sweep,hip_abduction_right_joint,RS03,-8.300689,-4.000000,0.000000,0.0000,2.0000,-8.300689,-3.784542,-0.729687,32.00
5.184010,friction-sweep,hip_abduction_right_joint,RS03,-8.330602,-4.000000,0.000000,0.0000,2.0000,-8.330602,-3.819334,-0.775463,32.00
5.192010,friction-sweep,hip_abduction_right_joint,RS03,-8.360516,-4.000000,0.000000,0.0000,2.0000,-8.360516,-3.747311,-0.574043,32.00
5.200004,friction-sweep,hip_abduction_right_joint,RS03,-8.390429,6.000000,0.000000,0.0000,2.0000,-8.390429,-3.889524,-0.427559,32.00
5.208010,friction-sweep,hip_abduction_right_joint,RS03,-8.420725,6.000000,0.000000,0.0000,2.0000,-8.420725,-3.794920,-0.248112,32.00
5.216008,friction-sweep,hip_abduction_right_joint,RS03,-8.442201,6.000000,0.000000,0.0000,2.0000,-8.442201,-1.644617,3.657589,32.00
5.224006,friction-sweep,hip_abduction_right_joint,RS03,-8.448337,6.000000,0.000000,0.0000,2.0000,-8.448337,-0.138857,3.262074,32.00
5.232010,friction-sweep,hip_abduction_right_joint,RS03,-8.442967,6.000000,0.000000,0.0000,2.0000,-8.442967,1.131914,2.720074,32.00
5.240010,friction-sweep,hip_abduction_right_joint,RS03,-8.428394,6.000000,0.000000,0.0000,2.0000,-8.428394,2.344091,2.082855,32.00
5.248004,friction-sweep,hip_abduction_right_joint,RS03,-8.406535,6.000000,0.000000,0.0000,2.0000,-8.406535,2.979477,1.773407,32.00
5.256011,friction-sweep,hip_abduction_right_joint,RS03,-8.379307,6.000000,0.000000,0.0000,2.0000,-8.379307,3.503777,1.804535,32.00
5.264009,friction-sweep,hip_abduction_right_joint,RS03,-8.347859,6.000000,0.000000,0.0000,2.0000,-8.347859,4.083008,1.670868,32.00
5.272006,friction-sweep,hip_abduction_right_joint,RS03,-8.313345,6.000000,0.000000,0.0000,2.0000,-8.313345,4.443121,1.458458,32.00
5.280012,friction-sweep,hip_abduction_right_joint,RS03,-8.275761,6.000000,0.000000,0.0000,2.0000,-8.275761,4.902113,1.269859,32.00
5.288012,friction-sweep,hip_abduction_right_joint,RS03,-8.236645,6.000000,0.000000,0.0000,2.0000,-8.236645,5.017471,0.976883,32.00
5.300001,friction-sweep,hip_abduction_right_joint,RS03,-8.174517,6.000000,0.000000,0.0000,2.0000,-8.174517,5.128557,1.119705,32.00
5.308006,friction-sweep,hip_abduction_right_joint,RS03,-8.131948,6.000000,0.000000,0.0000,2.0000,-8.131948,5.410545,0.841385,32.00
5.316010,friction-sweep,hip_abduction_right_joint,RS03,-8.087846,6.000000,0.000000,0.0000,2.0000,-8.087846,5.417870,0.530098,32.00
5.324008,friction-sweep,hip_abduction_right_joint,RS03,-8.043743,6.000000,0.000000,0.0000,2.0000,-8.043743,5.589991,0.542915,32.00
5.332062,friction-sweep,hip_abduction_right_joint,RS03,-7.999257,6.000000,0.000000,0.0000,2.0000,-7.999257,5.660791,0.964066,32.00
5.340035,friction-sweep,hip_abduction_right_joint,RS03,-7.954771,6.000000,0.000000,0.0000,2.0000,-7.954771,5.570459,0.588692,32.00
5.348023,friction-sweep,hip_abduction_right_joint,RS03,-7.909901,6.000000,0.000000,0.0000,2.0000,-7.909901,5.634546,0.330513,32.00
5.356019,friction-sweep,hip_abduction_right_joint,RS03,-7.864648,6.000000,0.000000,0.0000,2.0000,-7.864648,5.716946,0.674751,32.00
5.364012,friction-sweep,hip_abduction_right_joint,RS03,-7.819012,6.000000,0.000000,0.0000,2.0000,-7.819012,5.719387,0.755325,32.00
5.372011,friction-sweep,hip_abduction_right_joint,RS03,-7.773758,6.000000,0.000000,0.0000,2.0000,-7.773758,5.749905,0.414742,32.00
5.380010,friction-sweep,hip_abduction_right_joint,RS03,-7.728122,6.000000,0.000000,0.0000,2.0000,-7.728122,5.667505,0.544746,32.00
5.388011,friction-sweep,hip_abduction_right_joint,RS03,-7.682101,6.000000,0.000000,0.0000,2.0000,-7.682101,5.616236,0.861526,32.00
5.396010,friction-sweep,hip_abduction_right_joint,RS03,-7.636465,6.000000,0.000000,0.0000,2.0000,-7.636465,5.737087,0.484322,32.00
5.404007,friction-sweep,hip_abduction_right_joint,RS03,-7.590828,6.000000,0.000000,0.0000,2.0000,-7.590828,5.650415,0.434883,32.00
5.412009,friction-sweep,hip_abduction_right_joint,RS03,-7.545191,6.000000,0.000000,0.0000,2.0000,-7.545191,5.698633,0.929276,32.00
5.420009,friction-sweep,hip_abduction_right_joint,RS03,-7.499555,6.000000,0.000000,0.0000,2.0000,-7.499555,5.677271,0.564888,32.00
5.428009,friction-sweep,hip_abduction_right_joint,RS03,-7.453535,6.000000,0.000000,0.0000,2.0000,-7.453535,5.768826,0.301216,32.00
5.436008,friction-sweep,hip_abduction_right_joint,RS03,-7.407898,6.000000,0.000000,0.0000,2.0000,-7.407898,5.828030,0.760818,32.00
5.444009,friction-sweep,hip_abduction_right_joint,RS03,-7.361878,6.000000,0.000000,0.0000,2.0000,-7.361878,5.759060,0.621651,32.00
5.452009,friction-sweep,hip_abduction_right_joint,RS03,-7.316625,6.000000,0.000000,0.0000,2.0000,-7.316625,5.771877,0.310371,32.00
5.460010,friction-sweep,hip_abduction_right_joint,RS03,-7.270988,6.000000,0.000000,0.0000,2.0000,-7.270988,5.559473,0.676582,32.00
5.468009,friction-sweep,hip_abduction_right_joint,RS03,-7.225351,6.000000,0.000000,0.0000,2.0000,-7.225351,5.593653,0.748001,32.00
5.476008,friction-sweep,hip_abduction_right_joint,RS03,-7.179715,6.000000,0.000000,0.0000,2.0000,-7.179715,5.689478,0.363472,32.00
5.484009,friction-sweep,hip_abduction_right_joint,RS03,-7.134079,6.000000,0.000000,0.0000,2.0000,-7.134079,5.743801,0.394600,32.00
5.492009,friction-sweep,hip_abduction_right_joint,RS03,-7.088442,6.000000,0.000000,0.0000,2.0000,-7.088442,5.756008,0.824905,32.00
5.500009,friction-sweep,hip_abduction_right_joint,RS03,-7.042422,6.000000,0.000000,0.0000,2.0000,-7.042422,5.619287,0.407417,32.00
5.508009,friction-sweep,hip_abduction_right_joint,RS03,-6.996402,6.000000,0.000000,0.0000,2.0000,-6.996402,5.758450,0.497139,32.00
5.516010,friction-sweep,hip_abduction_right_joint,RS03,-6.950765,6.000000,0.000000,0.0000,2.0000,-6.950765,5.744411,0.940262,32.00
5.524009,friction-sweep,hip_abduction_right_joint,RS03,-6.905128,6.000000,0.000000,0.0000,2.0000,-6.905128,5.730984,0.502632,32.00
5.532010,friction-sweep,hip_abduction_right_joint,RS03,-6.859491,6.000000,0.000000,0.0000,2.0000,-6.859491,5.763332,0.357979,32.00
5.540009,friction-sweep,hip_abduction_right_joint,RS03,-6.813855,6.000000,0.000000,0.0000,2.0000,-6.813855,5.632715,0.806595,32.00
5.548009,friction-sweep,hip_abduction_right_joint,RS03,-6.767835,6.000000,0.000000,0.0000,2.0000,-6.767835,5.835354,0.509956,32.00
5.556009,friction-sweep,hip_abduction_right_joint,RS03,-6.722198,6.000000,0.000000,0.0000,2.0000,-6.722198,5.784084,0.275581,32.00
5.564008,friction-sweep,hip_abduction_right_joint,RS03,-6.676178,6.000000,0.000000,0.0000,2.0000,-6.676178,5.672388,0.748001,32.00
5.572009,friction-sweep,hip_abduction_right_joint,RS03,-6.630541,6.000000,0.000000,0.0000,2.0000,-6.630541,5.613794,0.678413,32.00
5.580009,friction-sweep,hip_abduction_right_joint,RS03,-6.584905,6.000000,0.000000,0.0000,2.0000,-6.584905,5.727322,0.363472,32.00
5.588007,friction-sweep,hip_abduction_right_joint,RS03,-6.539268,6.000000,0.000000,0.0000,2.0000,-6.539268,5.679102,0.564888,32.00
5.596010,friction-sweep,hip_abduction_right_joint,RS03,-6.494015,6.000000,0.000000,0.0000,2.0000,-6.494015,5.627222,0.835892,32.00
5.604107,friction-sweep,hip_abduction_right_joint,RS03,-6.448379,6.000000,0.000000,0.0000,2.0000,-6.448379,5.692530,0.385445,32.00
5.612017,friction-sweep,hip_abduction_right_joint,RS03,-6.402359,6.000000,0.000000,0.0000,2.0000,-6.402359,5.732815,0.345161,32.00
5.620009,friction-sweep,hip_abduction_right_joint,RS03,-6.356722,6.000000,0.000000,0.0000,2.0000,-6.356722,5.655909,0.923782,32.00
5.628009,friction-sweep,hip_abduction_right_joint,RS03,-6.310702,6.000000,0.000000,0.0000,2.0000,-6.310702,5.787136,0.500801,32.00
5.636009,friction-sweep,hip_abduction_right_joint,RS03,-6.265065,6.000000,0.000000,0.0000,2.0000,-6.265065,5.762112,0.334175,32.00
5.644010,friction-sweep,hip_abduction_right_joint,RS03,-6.219429,6.000000,0.000000,0.0000,2.0000,-6.219429,5.621119,0.894485,32.00
5.652008,friction-sweep,hip_abduction_right_joint,RS03,-6.173409,6.000000,0.000000,0.0000,2.0000,-6.173409,5.677881,0.519112,32.00
5.660008,friction-sweep,hip_abduction_right_joint,RS03,-6.127772,6.000000,0.000000,0.0000,2.0000,-6.127772,5.832912,0.279243,32.00
5.668010,friction-sweep,hip_abduction_right_joint,RS03,-6.082135,6.000000,0.000000,0.0000,2.0000,-6.082135,5.843899,0.665596,32.00
5.676008,friction-sweep,hip_abduction_right_joint,RS03,-6.036115,6.000000,0.000000,0.0000,2.0000,-6.036115,5.615015,0.599678,32.00
5.684009,friction-sweep,hip_abduction_right_joint,RS03,-5.990095,6.000000,0.000000,0.0000,2.0000,-5.990095,5.694361,0.319527,32.00
5.692010,friction-sweep,hip_abduction_right_joint,RS03,-5.944458,6.000000,0.000000,0.0000,2.0000,-5.944458,5.676661,0.720535,32.00
5.700010,friction-sweep,hip_abduction_right_joint,RS03,-5.898821,6.000000,0.000000,0.0000,2.0000,-5.898821,5.634546,0.691231,32.00
5.708009,friction-sweep,hip_abduction_right_joint,RS03,-5.853185,6.000000,0.000000,0.0000,2.0000,-5.853185,5.614405,0.425728,32.00
5.716009,friction-sweep,hip_abduction_right_joint,RS03,-5.807931,6.000000,0.000000,0.0000,2.0000,-5.807931,5.821926,0.506294,32.00
5.724008,friction-sweep,hip_abduction_right_joint,RS03,-5.762295,6.000000,0.000000,0.0000,2.0000,-5.762295,5.694971,0.865189,32.00
5.732006,friction-sweep,hip_abduction_right_joint,RS03,-5.716658,6.000000,0.000000,0.0000,2.0000,-5.716658,5.669947,0.504463,32.00
5.740009,friction-sweep,hip_abduction_right_joint,RS03,-5.670639,6.000000,0.000000,0.0000,2.0000,-5.670639,5.658350,0.405586,32.00
5.748008,friction-sweep,hip_abduction_right_joint,RS03,-5.625002,6.000000,0.000000,0.0000,2.0000,-5.625002,5.812771,0.903641,32.00
5.756009,friction-sweep,hip_abduction_right_joint,RS03,-5.578982,6.000000,0.000000,0.0000,2.0000,-5.578982,5.738918,0.535591,32.00
5.764009,friction-sweep,hip_abduction_right_joint,RS03,-5.533345,6.000000,0.000000,0.0000,2.0000,-5.533345,5.752346,0.323189,32.00
5.772009,friction-sweep,hip_abduction_right_joint,RS03,-5.487709,6.000000,0.000000,0.0000,2.0000,-5.487709,5.735256,0.799271,32.00
5.780008,friction-sweep,hip_abduction_right_joint,RS03,-5.441689,6.000000,0.000000,0.0000,2.0000,-5.441689,5.698633,0.442207,32.00
5.788009,friction-sweep,hip_abduction_right_joint,RS03,-5.396052,6.000000,0.000000,0.0000,2.0000,-5.396052,5.810940,0.273750,32.00
5.796009,friction-sweep,hip_abduction_right_joint,RS03,-5.350415,6.000000,0.000000,0.0000,2.0000,-5.350415,5.725491,0.740677,32.00
5.804032,friction-sweep,hip_abduction_right_joint,RS03,-5.304395,6.000000,0.000000,0.0000,2.0000,-5.304395,5.731594,0.700386,32.00
5.812010,friction-sweep,hip_abduction_right_joint,RS03,-5.258758,6.000000,0.000000,0.0000,2.0000,-5.258758,5.649195,0.372627,32.00
5.820009,friction-sweep,hip_abduction_right_joint,RS03,-5.213121,6.000000,0.000000,0.0000,2.0000,-5.213121,5.678492,0.592354,32.00
5.828007,friction-sweep,hip_abduction_right_joint,RS03,-5.167485,6.000000,0.000000,0.0000,2.0000,-5.167485,5.585108,0.777298,32.00
5.836010,friction-sweep,hip_abduction_right_joint,RS03,-5.122231,6.000000,0.000000,0.0000,2.0000,-5.122231,5.689478,0.405586,32.00
5.844007,friction-sweep,hip_abduction_right_joint,RS03,-5.076595,6.000000,0.000000,0.0000,2.0000,-5.076595,5.699244,0.392769,32.00
5.852007,friction-sweep,hip_abduction_right_joint,RS03,-5.030958,6.000000,0.000000,0.0000,2.0000,-5.030958,5.693750,0.920120,32.00
5.860067,friction-sweep,hip_abduction_right_joint,RS03,-4.984939,6.000000,0.000000,0.0000,2.0000,-4.984939,5.618067,0.531929,32.00
5.868025,friction-sweep,hip_abduction_right_joint,RS03,-4.939302,6.000000,0.000000,0.0000,2.0000,-4.939302,5.782864,0.387276,32.00
5.876015,friction-sweep,hip_abduction_right_joint,RS03,-4.893665,6.000000,0.000000,0.0000,2.0000,-4.893665,5.506981,0.867020,32.00
5.884010,friction-sweep,hip_abduction_right_joint,RS03,-4.848029,6.000000,0.000000,0.0000,2.0000,-4.848029,5.669336,0.548409,32.00
5.892010,friction-sweep,hip_abduction_right_joint,RS03,-4.802392,6.000000,0.000000,0.0000,2.0000,-4.802392,5.735256,0.229797,32.00
5.900007,friction-sweep,hip_abduction_right_joint,RS03,-4.756372,6.000000,0.000000,0.0000,2.0000,-4.756372,5.701075,0.687569,32.00
5.908008,friction-sweep,hip_abduction_right_joint,RS03,-4.710735,6.000000,0.000000,0.0000,2.0000,-4.710735,5.659571,0.596016,32.00
5.916007,friction-sweep,hip_abduction_right_joint,RS03,-4.664715,6.000000,0.000000,0.0000,2.0000,-4.664715,5.758450,0.308540,32.00
5.924011,friction-sweep,hip_abduction_right_joint,RS03,-4.619079,6.000000,0.000000,0.0000,2.0000,-4.619079,5.765774,0.649117,32.00
5.932005,friction-sweep,hip_abduction_right_joint,RS03,-4.573058,6.000000,0.000000,0.0000,2.0000,-4.573058,5.672388,0.748001,32.00
5.940012,friction-sweep,hip_abduction_right_joint,RS03,-4.527422,6.000000,0.000000,0.0000,2.0000,-4.527422,5.694971,0.411079,32.00
5.948006,friction-sweep,hip_abduction_right_joint,RS03,-4.481785,6.000000,0.000000,0.0000,2.0000,-4.481785,5.668116,0.513618,32.00
5.956007,friction-sweep,hip_abduction_right_joint,RS03,-4.436149,6.000000,0.000000,0.0000,2.0000,-4.436149,5.691919,0.883499,32.00
5.964007,friction-sweep,hip_abduction_right_joint,RS03,-4.390895,6.000000,0.000000,0.0000,2.0000,-4.390895,5.686426,0.449532,32.00
5.972006,friction-sweep,hip_abduction_right_joint,RS03,-4.345259,6.000000,0.000000,0.0000,2.0000,-4.345259,5.750515,0.447701,32.00
5.980006,friction-sweep,hip_abduction_right_joint,RS03,-4.299623,6.000000,0.000000,0.0000,2.0000,-4.299623,5.690699,0.967728,32.00
5.988007,friction-sweep,hip_abduction_right_joint,RS03,-4.253602,6.000000,0.000000,0.0000,2.0000,-4.253602,5.840237,0.541084,32.00
5.996006,friction-sweep,hip_abduction_right_joint,RS03,-4.207966,6.000000,0.000000,0.0000,2.0000,-4.207966,5.725491,0.334175,32.00
6.004006,friction-sweep,hip_abduction_right_joint,RS03,-4.162329,6.000000,0.000000,0.0000,2.0000,-4.162329,5.721218,0.793777,32.00
6.012006,friction-sweep,hip_abduction_right_joint,RS03,-4.116693,6.000000,0.000000,0.0000,2.0000,-4.116693,5.711452,0.585030,32.00
6.020006,friction-sweep,hip_abduction_right_joint,RS03,-4.071055,6.000000,0.000000,0.0000,2.0000,-4.071055,5.555811,0.260933,32.00
6.028005,friction-sweep,hip_abduction_right_joint,RS03,-4.025035,6.000000,0.000000,0.0000,2.0000,-4.025035,5.643091,0.716873,32.00
6.036005,friction-sweep,hip_abduction_right_joint,RS03,-3.979399,6.000000,0.000000,0.0000,2.0000,-3.979399,5.527733,0.667427,32.00
6.044007,friction-sweep,hip_abduction_right_joint,RS03,-3.933378,6.000000,0.000000,0.0000,2.0000,-3.933378,5.716946,0.392769,32.00
6.052007,friction-sweep,hip_abduction_right_joint,RS03,-3.887359,6.000000,0.000000,0.0000,2.0000,-3.887359,5.826809,0.678413,32.00
6.060007,friction-sweep,hip_abduction_right_joint,RS03,-3.842105,6.000000,0.000000,0.0000,2.0000,-3.842105,5.727932,0.802933,32.00
6.068007,friction-sweep,hip_abduction_right_joint,RS03,-3.796469,6.000000,0.000000,0.0000,2.0000,-3.796469,5.602198,0.348824,32.00
6.076006,friction-sweep,hip_abduction_right_joint,RS03,-3.750832,6.000000,0.000000,0.0000,2.0000,-3.750832,5.657129,0.444038,32.00
6.084007,friction-sweep,hip_abduction_right_joint,RS03,-3.705195,6.000000,0.000000,0.0000,2.0000,-3.705195,5.808498,0.954910,32.00
6.092006,friction-sweep,hip_abduction_right_joint,RS03,-3.659943,6.000000,0.000000,0.0000,2.0000,-3.659943,5.593042,0.552071,32.00
6.100115,friction-sweep,hip_abduction_right_joint,RS03,-3.614306,6.000000,0.000000,0.0000,2.0000,-3.614306,5.661402,0.354317,32.00
6.108017,friction-sweep,hip_abduction_right_joint,RS03,-3.568286,6.000000,0.000000,0.0000,2.0000,-3.568286,5.728542,0.859695,32.00
6.116008,friction-sweep,hip_abduction_right_joint,RS03,-3.522649,6.000000,0.000000,0.0000,2.0000,-3.522649,5.663843,0.502632,32.00
6.124007,friction-sweep,hip_abduction_right_joint,RS03,-3.477013,6.000000,0.000000,0.0000,2.0000,-3.477013,5.731594,0.215149,32.00
6.132007,friction-sweep,hip_abduction_right_joint,RS03,-3.430992,6.000000,0.000000,0.0000,2.0000,-3.430992,5.722439,0.676582,32.00
6.140004,friction-sweep,hip_abduction_right_joint,RS03,-3.385356,6.000000,0.000000,0.0000,2.0000,-3.385356,5.779812,0.636299,32.00
6.148009,friction-sweep,hip_abduction_right_joint,RS03,-3.339719,6.000000,0.000000,0.0000,2.0000,-3.339719,5.655909,0.279243,32.00
6.156004,friction-sweep,hip_abduction_right_joint,RS03,-3.294083,6.000000,0.000000,0.0000,2.0000,-3.294083,5.672388,0.542915,32.00
6.164004,friction-sweep,hip_abduction_right_joint,RS03,-3.248062,6.000000,0.000000,0.0000,2.0000,-3.248062,5.861603,0.788284,32.00
6.172006,friction-sweep,hip_abduction_right_joint,RS03,-3.202042,6.000000,0.000000,0.0000,2.0000,-3.202042,5.763943,0.367134,32.00
6.180007,friction-sweep,hip_abduction_right_joint,RS03,-3.156405,6.000000,0.000000,0.0000,2.0000,-3.156405,5.713894,0.453194,32.00
6.188006,friction-sweep,hip_abduction_right_joint,RS03,-3.110768,6.000000,0.000000,0.0000,2.0000,-3.110768,5.755398,0.892654,32.00
6.196006,friction-sweep,hip_abduction_right_joint,RS03,-3.065132,6.000000,0.000000,0.0000,2.0000,-3.065132,5.695581,0.495308,32.00
6.204006,friction-sweep,hip_abduction_right_joint,RS03,-3.019879,6.000000,0.000000,0.0000,2.0000,-3.019879,5.646753,0.383614,32.00
6.212006,friction-sweep,hip_abduction_right_joint,RS03,-2.974243,6.000000,0.000000,0.0000,2.0000,-2.974243,5.714504,0.835892,32.00
6.220004,friction-sweep,hip_abduction_right_joint,RS03,-2.928606,6.000000,0.000000,0.0000,2.0000,-2.928606,5.703518,0.434883,32.00
6.228006,friction-sweep,hip_abduction_right_joint,RS03,-2.882586,6.000000,0.000000,0.0000,2.0000,-2.882586,5.791409,0.251778,32.00
6.236007,friction-sweep,hip_abduction_right_joint,RS03,-2.836949,6.000000,0.000000,0.0000,2.0000,-2.836949,5.698023,0.839554,32.00
6.244006,friction-sweep,hip_abduction_right_joint,RS03,-2.791312,6.000000,0.000000,0.0000,2.0000,-2.791312,5.699244,0.550240,32.00
6.252007,friction-sweep,hip_abduction_right_joint,RS03,-2.745293,6.000000,0.000000,0.0000,2.0000,-2.745293,5.878082,0.251778,32.00
6.260006,friction-sweep,hip_abduction_right_joint,RS03,-2.699656,6.000000,0.000000,0.0000,2.0000,-2.699656,5.721218,0.665596,32.00
6.268005,friction-sweep,hip_abduction_right_joint,RS03,-2.654019,6.000000,0.000000,0.0000,2.0000,-2.654019,5.702906,0.726028,32.00
6.276058,friction-sweep,hip_abduction_right_joint,RS03,-2.607999,6.000000,0.000000,0.0000,2.0000,-2.607999,5.777370,0.304878,32.00
6.284013,friction-sweep,hip_abduction_right_joint,RS03,-2.562362,6.000000,0.000000,0.0000,2.0000,-2.562362,5.681543,0.528267,32.00
6.296008,friction-sweep,hip_abduction_right_joint,RS03,-2.493332,6.000000,0.000000,0.0000,2.0000,-2.493332,5.707790,0.491646,32.00
6.304011,friction-sweep,hip_abduction_right_joint,RS03,-2.447696,6.000000,0.000000,0.0000,2.0000,-2.447696,5.813992,0.826736,32.00
6.312007,friction-sweep,hip_abduction_right_joint,RS03,-2.402442,6.000000,0.000000,0.0000,2.0000,-2.402442,5.731594,0.478828,32.00
6.320053,friction-sweep,hip_abduction_right_joint,RS03,-2.356422,6.000000,0.000000,0.0000,2.0000,-2.356422,5.726101,0.440376,32.00
6.328030,friction-sweep,hip_abduction_right_joint,RS03,-2.311169,6.000000,0.000000,0.0000,2.0000,-2.311169,5.747463,0.888992,32.00
6.336027,friction-sweep,hip_abduction_right_joint,RS03,-2.265532,6.000000,0.000000,0.0000,2.0000,-2.265532,5.636988,0.469673,32.00
6.344020,friction-sweep,hip_abduction_right_joint,RS03,-2.219895,6.000000,0.000000,0.0000,2.0000,-2.219895,5.636377,0.312202,32.00
6.352061,friction-sweep,hip_abduction_right_joint,RS03,-2.173876,6.000000,0.000000,0.0000,2.0000,-2.173876,5.714504,0.726028,32.00
6.360046,friction-sweep,hip_abduction_right_joint,RS03,-2.128239,6.000000,0.000000,0.0000,2.0000,-2.128239,5.698023,0.643623,32.00
6.368020,friction-sweep,hip_abduction_right_joint,RS03,-2.082986,6.000000,0.000000,0.0000,2.0000,-2.082986,5.575342,0.312202,32.00
6.376012,friction-sweep,hip_abduction_right_joint,RS03,-2.036965,6.000000,0.000000,0.0000,2.0000,-2.036965,5.764553,0.649117,32.00
6.384023,friction-sweep,hip_abduction_right_joint,RS03,-1.991329,6.000000,0.000000,0.0000,2.0000,-1.991329,5.770657,0.742508,32.00
6.392010,friction-sweep,hip_abduction_right_joint,RS03,-1.945693,6.000000,0.000000,0.0000,2.0000,-1.945693,5.713284,0.334175,32.00
6.400007,friction-sweep,hip_abduction_right_joint,RS03,-1.899673,-6.000000,0.000000,0.0000,2.0000,-1.899673,5.789577,0.455025,32.00
6.408010,friction-sweep,hip_abduction_right_joint,RS03,-1.854036,-6.000000,0.000000,0.0000,2.0000,-1.854036,5.828640,0.857864,32.00
6.416008,friction-sweep,hip_abduction_right_joint,RS03,-1.818754,-6.000000,0.000000,0.0000,2.0000,-1.818754,3.361565,-4.175785,32.00
6.424008,friction-sweep,hip_abduction_right_joint,RS03,-1.802263,-6.000000,0.000000,0.0000,2.0000,-1.802263,1.244221,-3.826046,32.00
6.432007,friction-sweep,hip_abduction_right_joint,RS03,-1.800346,-6.000000,0.000000,0.0000,2.0000,-1.800346,-0.348209,-3.073471,32.00
6.440007,friction-sweep,hip_abduction_right_joint,RS03,-1.808783,-6.000000,0.000000,0.0000,2.0000,-1.808783,-1.459679,-2.718243,32.00
6.448005,friction-sweep,hip_abduction_right_joint,RS03,-1.825657,-6.000000,0.000000,0.0000,2.0000,-1.825657,-2.431372,-1.714809,32.00
6.456007,friction-sweep,hip_abduction_right_joint,RS03,-1.849051,-6.000000,0.000000,0.0000,2.0000,-1.849051,-3.189442,-1.720303,32.00
6.464010,friction-sweep,hip_abduction_right_joint,RS03,-1.877812,-6.000000,0.000000,0.0000,2.0000,-1.877812,-3.821165,-1.896088,32.00
6.472009,friction-sweep,hip_abduction_right_joint,RS03,-1.910028,-6.000000,0.000000,0.0000,2.0000,-1.910028,-4.377203,-1.632412,32.00
6.480007,friction-sweep,hip_abduction_right_joint,RS03,-1.945693,-6.000000,0.000000,0.0000,2.0000,-1.945693,-4.592661,-1.405357,32.00
6.488008,friction-sweep,hip_abduction_right_joint,RS03,-1.984042,-6.000000,0.000000,0.0000,2.0000,-1.984042,-5.044328,-1.231403,32.00
6.496006,friction-sweep,hip_abduction_right_joint,RS03,-2.023543,-6.000000,0.000000,0.0000,2.0000,-2.023543,-5.024185,-0.938431,32.00
6.504007,friction-sweep,hip_abduction_right_joint,RS03,-2.064961,-6.000000,0.000000,0.0000,2.0000,-2.064961,-5.206684,-0.614330,32.00
6.512006,friction-sweep,hip_abduction_right_joint,RS03,-2.107146,-6.000000,0.000000,0.0000,2.0000,-2.107146,-5.281148,-0.555733,32.00
6.520004,friction-sweep,hip_abduction_right_joint,RS03,-2.150482,-6.000000,0.000000,0.0000,2.0000,-2.150482,-5.565576,-0.854202,32.00
6.528008,friction-sweep,hip_abduction_right_joint,RS03,-2.194968,-6.000000,0.000000,0.0000,2.0000,-2.194968,-5.530175,-0.868851,32.00
6.536007,friction-sweep,hip_abduction_right_joint,RS03,-2.239454,-6.000000,0.000000,0.0000,2.0000,-2.239454,-5.532617,-0.394600,32.00
6.544006,friction-sweep,hip_abduction_right_joint,RS03,-2.283941,-6.000000,0.000000,0.0000,2.0000,-2.283941,-5.719996,-0.563057,32.00
6.552007,friction-sweep,hip_abduction_right_joint,RS03,-2.328810,-6.000000,0.000000,0.0000,2.0000,-2.328810,-5.665675,-0.940262,32.00
6.560006,friction-sweep,hip_abduction_right_joint,RS03,-2.374063,-6.000000,0.000000,0.0000,2.0000,-2.374063,-5.605249,-0.471504,32.00
6.568007,friction-sweep,hip_abduction_right_joint,RS03,-2.419316,-6.000000,0.000000,0.0000,2.0000,-2.419316,-5.766994,-0.332340,32.00
6.576008,friction-sweep,hip_abduction_right_joint,RS03,-2.464569,-6.000000,0.000000,0.0000,2.0000,-2.464569,-5.653467,-0.793774,32.00
6.584007,friction-sweep,hip_abduction_right_joint,RS03,-2.510206,-6.000000,0.000000,0.0000,2.0000,-2.510206,-5.756008,-0.804760,32.00
6.592008,friction-sweep,hip_abduction_right_joint,RS03,-2.555842,-6.000000,0.000000,0.0000,2.0000,-2.555842,-5.726100,-0.286564,32.00
6.600101,friction-sweep,hip_abduction_right_joint,RS03,-2.601480,-6.000000,0.000000,0.0000,2.0000,-2.601480,-5.695582,-0.420235,32.00
6.608015,friction-sweep,hip_abduction_right_joint,RS03,-2.647116,-6.000000,0.000000,0.0000,2.0000,-2.647116,-5.683986,-0.901810,32.00
6.616009,friction-sweep,hip_abduction_right_joint,RS03,-2.693136,-6.000000,0.000000,0.0000,2.0000,-2.693136,-5.688869,-0.315861,32.00
6.624008,friction-sweep,hip_abduction_right_joint,RS03,-2.738773,-6.000000,0.000000,0.0000,2.0000,-2.738773,-5.807278,-0.484322,32.00
6.632008,friction-sweep,hip_abduction_right_joint,RS03,-2.784410,-6.000000,0.000000,0.0000,2.0000,-2.784410,-5.627222,-0.923782,32.00
6.640044,friction-sweep,hip_abduction_right_joint,RS03,-2.830430,-6.000000,0.000000,0.0000,2.0000,-2.830430,-5.652857,-0.444038,32.00
6.648030,friction-sweep,hip_abduction_right_joint,RS03,-2.876066,-6.000000,0.000000,0.0000,2.0000,-2.876066,-5.707179,-0.381783,32.00
6.656025,friction-sweep,hip_abduction_right_joint,RS03,-2.921703,-6.000000,0.000000,0.0000,2.0000,-2.921703,-5.692531,-0.856033,32.00
6.664013,friction-sweep,hip_abduction_right_joint,RS03,-2.967723,-6.000000,0.000000,0.0000,2.0000,-2.967723,-5.758450,-0.493477,32.00
6.676003,friction-sweep,hip_abduction_right_joint,RS03,-3.036369,-6.000000,0.000000,0.0000,2.0000,-3.036369,-5.655909,-0.579536,32.00
6.684022,friction-sweep,hip_abduction_right_joint,RS03,-3.081623,-6.000000,0.000000,0.0000,2.0000,-3.081623,-5.639429,-0.334171,32.00
6.692009,friction-sweep,hip_abduction_right_joint,RS03,-3.127259,-6.000000,0.000000,0.0000,2.0000,-3.127259,-5.738917,-0.678417,32.00
6.700014,friction-sweep,hip_abduction_right_joint,RS03,-3.172896,-6.000000,0.000000,0.0000,2.0000,-3.172896,-5.771877,-0.832230,32.00
6.708008,friction-sweep,hip_abduction_right_joint,RS03,-3.218533,-6.000000,0.000000,0.0000,2.0000,-3.218533,-5.706569,-0.295719,32.00
6.716017,friction-sweep,hip_abduction_right_joint,RS03,-3.264553,-6.000000,0.000000,0.0000,2.0000,-3.264553,-5.722438,-0.412910,32.00
6.724008,friction-sweep,hip_abduction_right_joint,RS03,-3.310189,-6.000000,0.000000,0.0000,2.0000,-3.310189,-5.677272,-0.947586,32.00
6.732011,friction-sweep,hip_abduction_right_joint,RS03,-3.355825,-6.000000,0.000000,0.0000,2.0000,-3.355825,-5.808498,-0.325016,32.00
6.740016,friction-sweep,hip_abduction_right_joint,RS03,-3.401846,-6.000000,0.000000,0.0000,2.0000,-3.401846,-5.791409,-0.416573,32.00
6.748015,friction-sweep,hip_abduction_right_joint,RS03,-3.447483,-6.000000,0.000000,0.0000,2.0000,-3.447483,-5.698634,-0.971390,32.00
6.756319,friction-sweep,hip_abduction_right_joint,RS03,-3.495037,-6.000000,0.000000,0.0000,2.0000,-3.495037,-5.680324,-0.323185,32.00
6.768048,friction-sweep,hip_abduction_right_joint,RS03,-3.562150,-6.000000,0.000000,0.0000,2.0000,-3.562150,-5.819485,-0.425728,32.00
6.776031,friction-sweep,hip_abduction_right_joint,RS03,-3.608171,-6.000000,0.000000,0.0000,2.0000,-3.608171,-5.727931,-0.330509,32.00
6.788013,friction-sweep,hip_abduction_right_joint,RS03,-3.676817,-6.000000,0.000000,0.0000,2.0000,-3.676817,-5.687037,-0.359810,32.00
6.796011,friction-sweep,hip_abduction_right_joint,RS03,-3.722453,-6.000000,0.000000,0.0000,2.0000,-3.722453,-5.720607,-0.806591,32.00
6.808006,friction-sweep,hip_abduction_right_joint,RS03,-3.790716,-6.000000,0.000000,0.0000,2.0000,-3.790716,-5.622339,-0.674755,32.00
6.816011,friction-sweep,hip_abduction_right_joint,RS03,-3.836352,-6.000000,0.000000,0.0000,2.0000,-3.836352,-5.725490,-0.784618,32.00
6.824010,friction-sweep,hip_abduction_right_joint,RS03,-3.881989,-6.000000,0.000000,0.0000,2.0000,-3.881989,-5.702296,-0.282902,32.00
6.832025,friction-sweep,hip_abduction_right_joint,RS03,-3.927626,-6.000000,0.000000,0.0000,2.0000,-3.927626,-5.802395,-0.517281,32.00
6.840009,friction-sweep,hip_abduction_right_joint,RS03,-3.973646,-6.000000,0.000000,0.0000,2.0000,-3.973646,-5.755398,-0.872513,32.00
6.848008,friction-sweep,hip_abduction_right_joint,RS03,-4.019283,-6.000000,0.000000,0.0000,2.0000,-4.019283,-5.759670,-0.312199,32.00
6.856006,friction-sweep,hip_abduction_right_joint,RS03,-4.065303,-6.000000,0.000000,0.0000,2.0000,-4.065303,-5.801174,-0.524605,32.00
6.864007,friction-sweep,hip_abduction_right_joint,RS03,-4.110940,-6.000000,0.000000,0.0000,2.0000,-4.110940,-5.825590,-0.907303,32.00
6.872007,friction-sweep,hip_abduction_right_joint,RS03,-4.156576,-6.000000,0.000000,0.0000,2.0000,-4.156576,-5.762112,-0.367134,32.00
6.880054,friction-sweep,hip_abduction_right_joint,RS03,-4.202980,-6.000000,0.000000,0.0000,2.0000,-4.202980,-5.843901,-0.445869,32.00
6.888032,friction-sweep,hip_abduction_right_joint,RS03,-4.248617,-6.000000,0.000000,0.0000,2.0000,-4.248617,-5.721217,-0.892654,32.00
6.896020,friction-sweep,hip_abduction_right_joint,RS03,-4.294252,-6.000000,0.000000,0.0000,2.0000,-4.294252,-5.705958,-0.339664,32.00
6.904026,friction-sweep,hip_abduction_right_joint,RS03,-4.340273,-6.000000,0.000000,0.0000,2.0000,-4.340273,-5.884184,-0.334171,32.00
6.912019,friction-sweep,hip_abduction_right_joint,RS03,-4.385910,-6.000000,0.000000,0.0000,2.0000,-4.385910,-5.679103,-0.731518,32.00
6.920012,friction-sweep,hip_abduction_right_joint,RS03,-4.431546,-6.000000,0.000000,0.0000,2.0000,-4.431546,-5.673610,-0.553902,32.00
6.932011,friction-sweep,hip_abduction_right_joint,RS03,-4.500194,-6.000000,0.000000,0.0000,2.0000,-4.500194,-5.799343,-0.698559,32.00
6.940013,friction-sweep,hip_abduction_right_joint,RS03,-4.545446,-6.000000,0.000000,0.0000,2.0000,-4.545446,-5.657740,-0.396431,32.00
6.948009,friction-sweep,hip_abduction_right_joint,RS03,-4.591083,-6.000000,0.000000,0.0000,2.0000,-4.591083,-5.712672,-0.678417,32.00
6.956008,friction-sweep,hip_abduction_right_joint,RS03,-4.637103,-6.000000,0.000000,0.0000,2.0000,-4.637103,-5.668117,-0.835892,32.00
6.964018,friction-sweep,hip_abduction_right_joint,RS03,-4.682739,-6.000000,0.000000,0.0000,2.0000,-4.682739,-5.644312,-0.290226,32.00
6.972009,friction-sweep,hip_abduction_right_joint,RS03,-4.728760,-6.000000,0.000000,0.0000,2.0000,-4.728760,-5.647974,-0.579536,32.00
6.980007,friction-sweep,hip_abduction_right_joint,RS03,-4.774396,-6.000000,0.000000,0.0000,2.0000,-4.774396,-5.766994,-0.896317,32.00
6.988008,friction-sweep,hip_abduction_right_joint,RS03,-4.820033,-6.000000,0.000000,0.0000,2.0000,-4.820033,-5.709010,-0.284733,32.00
6.996007,friction-sweep,hip_abduction_right_joint,RS03,-4.866053,-6.000000,0.000000,0.0000,2.0000,-4.866053,-5.791409,-0.423897,32.00
7.004003,friction-sweep,hip_abduction_right_joint,RS03,-4.911690,-6.000000,0.000000,0.0000,2.0000,-4.911690,-5.886015,-0.824905,32.00
7.012009,friction-sweep,hip_abduction_right_joint,RS03,-4.957710,-6.000000,0.000000,0.0000,2.0000,-4.957710,-5.834745,-0.390938,32.00
7.020019,friction-sweep,hip_abduction_right_joint,RS03,-5.003730,-6.000000,0.000000,0.0000,2.0000,-5.003730,-5.784084,-0.392769,32.00
7.028016,friction-sweep,hip_abduction_right_joint,RS03,-5.049750,-6.000000,0.000000,0.0000,2.0000,-5.049750,-5.834135,-0.749828,32.00
7.036008,friction-sweep,hip_abduction_right_joint,RS03,-5.095387,-6.000000,0.000000,0.0000,2.0000,-5.095387,-5.725490,-0.500801,32.00
7.044010,friction-sweep,hip_abduction_right_joint,RS03,-5.141024,-6.000000,0.000000,0.0000,2.0000,-5.141024,-5.736476,-0.303043,32.00
7.052006,friction-sweep,hip_abduction_right_joint,RS03,-5.186277,-6.000000,0.000000,0.0000,2.0000,-5.186277,-5.674220,-0.683910,32.00
7.060009,friction-sweep,hip_abduction_right_joint,RS03,-5.231914,-6.000000,0.000000,0.0000,2.0000,-5.231914,-5.562524,-0.793774,32.00
7.068007,friction-sweep,hip_abduction_right_joint,RS03,-5.277550,-6.000000,0.000000,0.0000,2.0000,-5.277550,-5.660791,-0.336002,32.00
7.076015,friction-sweep,hip_abduction_right_joint,RS03,-5.323570,-6.000000,0.000000,0.0000,2.0000,-5.323570,-5.702907,-0.502632,32.00
7.084009,friction-sweep,hip_abduction_right_joint,RS03,-5.369206,-6.000000,0.000000,0.0000,2.0000,-5.369206,-5.740748,-0.903641,32.00
7.092009,friction-sweep,hip_abduction_right_joint,RS03,-5.414843,-6.000000,0.000000,0.0000,2.0000,-5.414843,-5.647364,-0.332340,32.00
7.100006,friction-sweep,hip_abduction_right_joint,RS03,-5.460480,-6.000000,0.000000,0.0000,2.0000,-5.460480,-5.737697,-0.467842,32.00
7.108188,friction-sweep,hip_abduction_right_joint,RS03,-5.506116,-6.000000,0.000000,0.0000,2.0000,-5.506116,-5.731593,-0.910965,32.00
7.116012,friction-sweep,hip_abduction_right_joint,RS03,-5.552136,-6.000000,0.000000,0.0000,2.0000,-5.552136,-5.698634,-0.401924,32.00
7.124009,friction-sweep,hip_abduction_right_joint,RS03,-5.597773,-6.000000,0.000000,0.0000,2.0000,-5.597773,-5.737697,-0.403755,32.00
7.132024,friction-sweep,hip_abduction_right_joint,RS03,-5.643794,-6.000000,0.000000,0.0000,2.0000,-5.643794,-5.653467,-0.845047,32.00
7.144006,friction-sweep,hip_abduction_right_joint,RS03,-5.712823,-6.000000,0.000000,0.0000,2.0000,-5.712823,-5.635157,-0.824905,32.00
7.152010,friction-sweep,hip_abduction_right_joint,RS03,-5.758843,-6.000000,0.000000,0.0000,2.0000,-5.758843,-5.746243,-0.478828,32.00
7.160007,friction-sweep,hip_abduction_right_joint,RS03,-5.804480,-6.000000,0.000000,0.0000,2.0000,-5.804480,-5.638819,-0.308537,32.00
7.168008,friction-sweep,hip_abduction_right_joint,RS03,-5.850117,-6.000000,0.000000,0.0000,2.0000,-5.850117,-5.696803,-0.711376,32.00
7.176008,friction-sweep,hip_abduction_right_joint,RS03,-5.895753,-6.000000,0.000000,0.0000,2.0000,-5.895753,-5.759670,-0.768139,32.00
7.184007,friction-sweep,hip_abduction_right_joint,RS03,-5.941007,-6.000000,0.000000,0.0000,2.0000,-5.941007,-5.605249,-0.357979,32.00
7.192002,friction-sweep,hip_abduction_right_joint,RS03,-5.987027,-6.000000,0.000000,0.0000,2.0000,-5.987027,-5.701076,-0.639965,32.00
7.200008,friction-sweep,hip_abduction_right_joint,RS03,-6.032663,-6.000000,0.000000,0.0000,2.0000,-6.032663,-5.795681,-0.852371,32.00
7.208005,friction-sweep,hip_abduction_right_joint,RS03,-6.078300,-6.000000,0.000000,0.0000,2.0000,-6.078300,-5.712672,-0.281071,32.00
7.216006,friction-sweep,hip_abduction_right_joint,RS03,-6.123937,-6.000000,0.000000,0.0000,2.0000,-6.123937,-5.707179,-0.548409,32.00
7.224009,friction-sweep,hip_abduction_right_joint,RS03,-6.169957,-6.000000,0.000000,0.0000,2.0000,-6.169957,-5.663233,-0.960403,32.00
7.232006,friction-sweep,hip_abduction_right_joint,RS03,-6.215594,-6.000000,0.000000,0.0000,2.0000,-6.215594,-5.782864,-0.374458,32.00
7.240005,friction-sweep,hip_abduction_right_joint,RS03,-6.261230,-6.000000,0.000000,0.0000,2.0000,-6.261230,-5.766994,-0.469673,32.00
7.248003,friction-sweep,hip_abduction_right_joint,RS03,-6.306867,-6.000000,0.000000,0.0000,2.0000,-6.306867,-5.729762,-0.872513,32.00
7.256008,friction-sweep,hip_abduction_right_joint,RS03,-6.352887,-6.000000,0.000000,0.0000,2.0000,-6.352887,-5.765163,-0.365303,32.00
7.264008,friction-sweep,hip_abduction_right_joint,RS03,-6.398907,-6.000000,0.000000,0.0000,2.0000,-6.398907,-5.694972,-0.361641,32.00
7.272008,friction-sweep,hip_abduction_right_joint,RS03,-6.444927,-6.000000,0.000000,0.0000,2.0000,-6.444927,-5.707179,-0.769970,32.00
7.280009,friction-sweep,hip_abduction_right_joint,RS03,-6.490563,-6.000000,0.000000,0.0000,2.0000,-6.490563,-5.688258,-0.592358,32.00
7.288009,friction-sweep,hip_abduction_right_joint,RS03,-6.536584,-6.000000,0.000000,0.0000,2.0000,-6.536584,-5.807278,-0.264591,32.00
7.296009,friction-sweep,hip_abduction_right_joint,RS03,-6.581837,-6.000000,0.000000,0.0000,2.0000,-6.581837,-5.760281,-0.636303,32.00
7.304052,friction-sweep,hip_abduction_right_joint,RS03,-6.627857,-6.000000,0.000000,0.0000,2.0000,-6.627857,-5.732814,-0.786449,32.00
7.312027,friction-sweep,hip_abduction_right_joint,RS03,-6.673110,-6.000000,0.000000,0.0000,2.0000,-6.673110,-5.859159,-0.293888,32.00
7.320019,friction-sweep,hip_abduction_right_joint,RS03,-6.718747,-6.000000,0.000000,0.0000,2.0000,-6.718747,-5.785915,-0.535591,32.00
7.328018,friction-sweep,hip_abduction_right_joint,RS03,-6.764767,-6.000000,0.000000,0.0000,2.0000,-6.764767,-5.690700,-0.874344,32.00
7.336048,friction-sweep,hip_abduction_right_joint,RS03,-6.810787,-6.000000,0.000000,0.0000,2.0000,-6.810787,-5.676661,-0.330509,32.00
7.344038,friction-sweep,hip_abduction_right_joint,RS03,-6.856423,-6.000000,0.000000,0.0000,2.0000,-6.856423,-5.574731,-0.471504,32.00
7.352018,friction-sweep,hip_abduction_right_joint,RS03,-6.901677,-6.000000,0.000000,0.0000,2.0000,-6.901677,-5.591211,-0.894485,32.00
7.360029,friction-sweep,hip_abduction_right_joint,RS03,-6.948081,-6.000000,0.000000,0.0000,2.0000,-6.948081,-5.729762,-0.363472,32.00
7.368013,friction-sweep,hip_abduction_right_joint,RS03,-6.993334,-6.000000,0.000000,0.0000,2.0000,-6.993334,-5.748684,-0.381783,32.00
7.376058,friction-sweep,hip_abduction_right_joint,RS03,-7.039354,-6.000000,0.000000,0.0000,2.0000,-7.039354,-5.650415,-0.854202,32.00
7.384057,friction-sweep,hip_abduction_right_joint,RS03,-7.085374,-6.000000,0.000000,0.0000,2.0000,-7.085374,-5.721217,-0.345158,32.00
7.392073,friction-sweep,hip_abduction_right_joint,RS03,-7.131394,-6.000000,0.000000,0.0000,2.0000,-7.131394,-5.762722,-0.330509,32.00
7.400095,friction-sweep,hip_abduction_right_joint,RS03,-7.177414,-6.000000,0.000000,0.0000,2.0000,-7.177414,-5.683986,-0.764477,32.00
7.408025,friction-sweep,hip_abduction_right_joint,RS03,-7.222667,-6.000000,0.000000,0.0000,2.0000,-7.222667,-5.743801,-0.605175,32.00
7.420012,friction-sweep,hip_abduction_right_joint,RS03,-7.291314,-6.000000,0.000000,0.0000,2.0000,-7.291314,-5.788967,-0.773632,32.00
7.428009,friction-sweep,hip_abduction_right_joint,RS03,-7.336951,-6.000000,0.000000,0.0000,2.0000,-7.336951,-5.704127,-0.346989,32.00
7.436013,friction-sweep,hip_abduction_right_joint,RS03,-7.382587,-6.000000,0.000000,0.0000,2.0000,-7.382587,-5.631495,-0.623486,32.00
7.444009,friction-sweep,hip_abduction_right_joint,RS03,-7.428224,-6.000000,0.000000,0.0000,2.0000,-7.428224,-5.832304,-0.780956,32.00
7.452010,friction-sweep,hip_abduction_right_joint,RS03,-7.474244,-6.000000,0.000000,0.0000,2.0000,-7.474244,-5.715114,-0.301212,32.00
7.460010,friction-sweep,hip_abduction_right_joint,RS03,-7.519880,-6.000000,0.000000,0.0000,2.0000,-7.519880,-5.658960,-0.506294,32.00
7.468011,friction-sweep,hip_abduction_right_joint,RS03,-7.565517,-6.000000,0.000000,0.0000,2.0000,-7.565517,-5.748074,-0.964066,32.00
7.476007,friction-sweep,hip_abduction_right_joint,RS03,-7.611154,-6.000000,0.000000,0.0000,2.0000,-7.611154,-5.701686,-0.405586,32.00
7.484009,friction-sweep,hip_abduction_right_joint,RS03,-7.656790,-6.000000,0.000000,0.0000,2.0000,-7.656790,-5.598536,-0.392769,32.00
7.492009,friction-sweep,hip_abduction_right_joint,RS03,-7.702811,-6.000000,0.000000,0.0000,2.0000,-7.702811,-5.745632,-0.863358,32.00
7.500009,friction-sweep,hip_abduction_right_joint,RS03,-7.748831,-6.000000,0.000000,0.0000,2.0000,-7.748831,-5.825590,-0.354317,32.00
7.508009,friction-sweep,hip_abduction_right_joint,RS03,-7.794467,-6.000000,0.000000,0.0000,2.0000,-7.794467,-5.752956,-0.363472,32.00
7.516007,friction-sweep,hip_abduction_right_joint,RS03,-7.840487,-6.000000,0.000000,0.0000,2.0000,-7.840487,-5.860991,-0.715038,32.00
7.524008,friction-sweep,hip_abduction_right_joint,RS03,-7.886124,-6.000000,0.000000,0.0000,2.0000,-7.886124,-5.809109,-0.544746,32.00
7.532009,friction-sweep,hip_abduction_right_joint,RS03,-7.931761,-6.000000,0.000000,0.0000,2.0000,-7.931761,-5.651026,-0.301212,32.00
7.540008,friction-sweep,hip_abduction_right_joint,RS03,-7.977397,-6.000000,0.000000,0.0000,2.0000,-7.977397,-5.733424,-0.672924,32.00
7.548009,friction-sweep,hip_abduction_right_joint,RS03,-8.023417,-6.000000,0.000000,0.0000,2.0000,-8.023417,-5.790188,-0.815746,32.00
7.556009,friction-sweep,hip_abduction_right_joint,RS03,-8.068670,-6.000000,0.000000,0.0000,2.0000,-8.068670,-5.630274,-0.337833,32.00
7.564009,friction-sweep,hip_abduction_right_joint,RS03,-8.114691,-6.000000,0.000000,0.0000,2.0000,-8.114691,-5.725490,-0.528267,32.00
7.572000,friction-sweep,hip_abduction_right_joint,RS03,-8.160327,-6.000000,0.000000,0.0000,2.0000,-8.160327,-5.721217,-0.888992,32.00
7.580009,friction-sweep,hip_abduction_right_joint,RS03,-8.206347,-6.000000,0.000000,0.0000,2.0000,-8.206347,-5.653467,-0.336002,32.00
7.588009,friction-sweep,hip_abduction_right_joint,RS03,-8.251984,-6.000000,0.000000,0.0000,2.0000,-8.251984,-5.678493,-0.476997,32.00
7.596011,friction-sweep,hip_abduction_right_joint,RS03,-8.297621,-6.000000,0.000000,0.0000,2.0000,-8.297621,-5.863432,-0.923782,32.00
7.604321,friction-sweep,hip_abduction_right_joint,RS03,-8.343641,8.000000,0.000000,0.0000,2.0000,-8.343641,-5.703517,-0.350651,32.00
7.612025,friction-sweep,hip_abduction_right_joint,RS03,-8.389277,8.000000,0.000000,0.0000,2.0000,-8.389277,-5.691310,-0.476997,32.00
7.620011,friction-sweep,hip_abduction_right_joint,RS03,-8.422642,8.000000,0.000000,0.0000,2.0000,-8.422642,-2.949570,5.441063,32.00
7.628010,friction-sweep,hip_abduction_right_joint,RS03,-8.433380,8.000000,0.000000,0.0000,2.0000,-8.433380,-0.406805,3.948727,32.00
7.636010,friction-sweep,hip_abduction_right_joint,RS03,-8.427244,8.000000,0.000000,0.0000,2.0000,-8.427244,1.441366,3.349964,32.00
7.644009,friction-sweep,hip_abduction_right_joint,RS03,-8.408836,8.000000,0.000000,0.0000,2.0000,-8.408836,2.833599,2.870220,32.00
7.652009,friction-sweep,hip_abduction_right_joint,RS03,-8.380840,8.000000,0.000000,0.0000,2.0000,-8.380840,3.844358,2.602886,32.00
7.660073,friction-sweep,hip_abduction_right_joint,RS03,-8.345175,8.000000,0.000000,0.0000,2.0000,-8.345175,4.814222,2.227512,32.00
7.668018,friction-sweep,hip_abduction_right_joint,RS03,-8.304140,8.000000,0.000000,0.0000,2.0000,-8.304140,5.463646,1.791718,32.00
7.676025,friction-sweep,hip_abduction_right_joint,RS03,-8.258120,8.000000,0.000000,0.0000,2.0000,-8.258120,6.006256,1.284508,32.00
7.684022,friction-sweep,hip_abduction_right_joint,RS03,-8.208265,8.000000,0.000000,0.0000,2.0000,-8.208265,6.470129,1.484093,32.00
7.692012,friction-sweep,hip_abduction_right_joint,RS03,-8.155725,8.000000,0.000000,0.0000,2.0000,-8.155725,6.811934,0.962234,32.00
7.700015,friction-sweep,hip_abduction_right_joint,RS03,-8.100884,8.000000,0.000000,0.0000,2.0000,-8.100884,6.982834,1.279015,32.00
7.708012,friction-sweep,hip_abduction_right_joint,RS03,-8.044510,8.000000,0.000000,0.0000,2.0000,-8.044510,7.111622,0.817581,32.00
7.716009,friction-sweep,hip_abduction_right_joint,RS03,-7.986985,8.000000,0.000000,0.0000,2.0000,-7.986985,7.297781,0.753494,32.00
7.724013,friction-sweep,hip_abduction_right_joint,RS03,-7.928309,8.000000,0.000000,0.0000,2.0000,-7.928309,7.338675,1.123367,32.00
7.732010,friction-sweep,hip_abduction_right_joint,RS03,-7.868866,8.000000,0.000000,0.0000,2.0000,-7.868866,7.399099,0.605171,32.00
7.740006,friction-sweep,hip_abduction_right_joint,RS03,-7.809040,8.000000,0.000000,0.0000,2.0000,-7.809040,7.485771,0.553902,32.00
7.748013,friction-sweep,hip_abduction_right_joint,RS03,-7.748447,8.000000,0.000000,0.0000,2.0000,-7.748447,7.693903,0.903641,32.00
7.756013,friction-sweep,hip_abduction_right_joint,RS03,-7.687470,8.000000,0.000000,0.0000,2.0000,-7.687470,7.625544,0.845047,32.00
7.764009,friction-sweep,hip_abduction_right_joint,RS03,-7.626494,8.000000,0.000000,0.0000,2.0000,-7.626494,7.672541,0.381783,32.00
7.772008,friction-sweep,hip_abduction_right_joint,RS03,-7.565134,8.000000,0.000000,0.0000,2.0000,-7.565134,7.555351,0.442207,32.00
7.780008,friction-sweep,hip_abduction_right_joint,RS03,-7.504157,8.000000,0.000000,0.0000,2.0000,-7.504157,7.715265,0.806595,32.00
7.788010,friction-sweep,hip_abduction_right_joint,RS03,-7.442413,8.000000,0.000000,0.0000,2.0000,-7.442413,7.640192,0.797440,32.00
7.796008,friction-sweep,hip_abduction_right_joint,RS03,-7.380670,8.000000,0.000000,0.0000,2.0000,-7.380670,7.713434,0.528267,32.00
7.804009,friction-sweep,hip_abduction_right_joint,RS03,-7.319309,8.000000,0.000000,0.0000,2.0000,-7.319309,7.585871,0.467842,32.00
7.812009,friction-sweep,hip_abduction_right_joint,RS03,-7.257949,8.000000,0.000000,0.0000,2.0000,-7.257949,7.659723,0.665596,32.00
7.820027,friction-sweep,hip_abduction_right_joint,RS03,-7.196206,8.000000,0.000000,0.0000,2.0000,-7.196206,7.606623,0.943924,32.00
7.832006,friction-sweep,hip_abduction_right_joint,RS03,-7.104165,8.000000,0.000000,0.0000,2.0000,-7.104165,7.783627,0.326851,32.00
7.840003,friction-sweep,hip_abduction_right_joint,RS03,-7.042805,8.000000,0.000000,0.0000,2.0000,-7.042805,7.746395,0.537422,32.00
7.848012,friction-sweep,hip_abduction_right_joint,RS03,-6.981061,8.000000,0.000000,0.0000,2.0000,-6.981061,7.627375,0.804764,32.00
7.856014,friction-sweep,hip_abduction_right_joint,RS03,-6.919702,8.000000,0.000000,0.0000,2.0000,-6.919702,7.768978,0.698555,32.00
7.864005,friction-sweep,hip_abduction_right_joint,RS03,-6.857957,8.000000,0.000000,0.0000,2.0000,-6.857957,7.623102,0.436714,32.00
7.872010,friction-sweep,hip_abduction_right_joint,RS03,-6.796214,8.000000,0.000000,0.0000,2.0000,-6.796214,7.709162,0.412910,32.00
7.880010,friction-sweep,hip_abduction_right_joint,RS03,-6.734854,8.000000,0.000000,0.0000,2.0000,-6.734854,7.657892,0.667427,32.00
7.888009,friction-sweep,hip_abduction_right_joint,RS03,-6.673110,8.000000,0.000000,0.0000,2.0000,-6.673110,7.618830,0.878006,32.00
7.896010,friction-sweep,hip_abduction_right_joint,RS03,-6.611750,8.000000,0.000000,0.0000,2.0000,-6.611750,7.637751,0.480659,32.00
7.904006,friction-sweep,hip_abduction_right_joint,RS03,-6.550390,8.000000,0.000000,0.0000,2.0000,-6.550390,7.626154,0.429390,32.00
7.912009,friction-sweep,hip_abduction_right_joint,RS03,-6.489029,8.000000,0.000000,0.0000,2.0000,-6.489029,7.729914,0.619820,32.00
7.920006,friction-sweep,hip_abduction_right_joint,RS03,-6.427670,8.000000,0.000000,0.0000,2.0000,-6.427670,7.588312,0.980545,32.00
7.928010,friction-sweep,hip_abduction_right_joint,RS03,-6.365926,8.000000,0.000000,0.0000,2.0000,-6.365926,7.686579,0.522774,32.00
7.936006,friction-sweep,hip_abduction_right_joint,RS03,-6.304182,8.000000,0.000000,0.0000,2.0000,-6.304182,7.736019,0.341499,32.00
7.944011,friction-sweep,hip_abduction_right_joint,RS03,-6.242822,8.000000,0.000000,0.0000,2.0000,-6.242822,7.552910,0.568550,32.00
7.956007,friction-sweep,hip_abduction_right_joint,RS03,-6.150398,8.000000,0.000000,0.0000,2.0000,-6.150398,7.654840,0.788284,32.00
7.964006,friction-sweep,hip_abduction_right_joint,RS03,-6.088655,8.000000,0.000000,0.0000,2.0000,-6.088655,7.816586,0.392769,32.00
7.972011,friction-sweep,hip_abduction_right_joint,RS03,-6.027295,8.000000,0.000000,0.0000,2.0000,-6.027295,7.736629,0.420235,32.00
7.980006,friction-sweep,hip_abduction_right_joint,RS03,-5.965168,8.000000,0.000000,0.0000,2.0000,-5.965168,7.723810,0.621651,32.00
7.988010,friction-sweep,hip_abduction_right_joint,RS03,-5.903807,8.000000,0.000000,0.0000,2.0000,-5.903807,7.709162,0.962234,32.00
7.996007,friction-sweep,hip_abduction_right_joint,RS03,-5.842447,8.000000,0.000000,0.0000,2.0000,-5.842447,7.716486,0.550240,32.00
8.004008,friction-sweep,hip_abduction_right_joint,RS03,-5.781087,8.000000,0.000000,0.0000,2.0000,-5.781087,7.631037,0.359810,32.00
8.012006,friction-sweep,hip_abduction_right_joint,RS03,-5.719727,8.000000,0.000000,0.0000,2.0000,-5.719727,7.633478,0.563057,32.00
8.020009,friction-sweep,hip_abduction_right_joint,RS03,-5.658366,8.000000,0.000000,0.0000,2.0000,-5.658366,7.699396,0.934769,32.00
8.028007,friction-sweep,hip_abduction_right_joint,RS03,-5.596622,8.000000,0.000000,0.0000,2.0000,-5.596622,7.757992,0.727859,32.00
8.036009,friction-sweep,hip_abduction_right_joint,RS03,-5.535263,8.000000,0.000000,0.0000,2.0000,-5.535263,7.723810,0.273750,32.00
8.044005,friction-sweep,hip_abduction_right_joint,RS03,-5.473519,8.000000,0.000000,0.0000,2.0000,-5.473519,7.580378,0.590523,32.00
8.052008,friction-sweep,hip_abduction_right_joint,RS03,-5.412158,8.000000,0.000000,0.0000,2.0000,-5.412158,7.621881,0.850540,32.00
8.060008,friction-sweep,hip_abduction_right_joint,RS03,-5.350415,8.000000,0.000000,0.0000,2.0000,-5.350415,7.675592,0.821243,32.00
8.068008,friction-sweep,hip_abduction_right_joint,RS03,-5.288671,8.000000,0.000000,0.0000,2.0000,-5.288671,7.781796,0.407417,32.00
8.076258,friction-sweep,hip_abduction_right_joint,RS03,-5.225010,8.000000,0.000000,0.0000,2.0000,-5.225010,7.705500,0.411079,32.00
8.084040,friction-sweep,hip_abduction_right_joint,RS03,-5.165567,8.000000,0.000000,0.0000,2.0000,-5.165567,7.642023,0.766312,32.00
8.092026,friction-sweep,hip_abduction_right_joint,RS03,-5.104591,8.000000,0.000000,0.0000,2.0000,-5.104591,7.649347,0.821243,32.00
8.100021,friction-sweep,hip_abduction_right_joint,RS03,-5.043231,8.000000,0.000000,0.0000,2.0000,-5.043231,7.821468,0.453194,32.00
8.108020,friction-sweep,hip_abduction_right_joint,RS03,-4.981487,8.000000,0.000000,0.0000,2.0000,-4.981487,7.689631,0.376289,32.00
8.116107,friction-sweep,hip_abduction_right_joint,RS03,-4.920126,8.000000,0.000000,0.0000,2.0000,-4.920126,7.757381,0.709549,32.00
8.124022,friction-sweep,hip_abduction_right_joint,RS03,-4.858383,8.000000,0.000000,0.0000,2.0000,-4.858383,7.759212,0.931107,32.00
8.132014,friction-sweep,hip_abduction_right_joint,RS03,-4.797023,8.000000,0.000000,0.0000,2.0000,-4.797023,7.753109,0.442207,32.00
8.140011,friction-sweep,hip_abduction_right_joint,RS03,-4.735279,8.000000,0.000000,0.0000,2.0000,-4.735279,7.713434,0.363472,32.00
8.148011,friction-sweep,hip_abduction_right_joint,RS03,-4.673919,8.000000,0.000000,0.0000,2.0000,-4.673919,7.739681,0.552071,32.00
8.156010,friction-sweep,hip_abduction_right_joint,RS03,-4.612175,8.000000,0.000000,0.0000,2.0000,-4.612175,7.681696,0.936600,32.00
8.164009,friction-sweep,hip_abduction_right_joint,RS03,-4.550432,8.000000,0.000000,0.0000,2.0000,-4.550432,7.848324,0.649117,32.00
8.172009,friction-sweep,hip_abduction_right_joint,RS03,-4.488688,8.000000,0.000000,0.0000,2.0000,-4.488688,7.717707,0.323189,32.00
8.180009,friction-sweep,hip_abduction_right_joint,RS03,-4.427711,8.000000,0.000000,0.0000,2.0000,-4.427711,7.724421,0.599678,32.00
8.188010,friction-sweep,hip_abduction_right_joint,RS03,-4.365968,8.000000,0.000000,0.0000,2.0000,-4.365968,7.739071,0.929276,32.00
8.196009,friction-sweep,hip_abduction_right_joint,RS03,-4.304992,8.000000,0.000000,0.0000,2.0000,-4.304992,7.660334,0.764481,32.00
8.204009,friction-sweep,hip_abduction_right_joint,RS03,-4.243247,8.000000,0.000000,0.0000,2.0000,-4.243247,7.665216,0.352486,32.00
8.212009,friction-sweep,hip_abduction_right_joint,RS03,-4.181503,8.000000,0.000000,0.0000,2.0000,-4.181503,7.678644,0.548409,32.00
8.220009,friction-sweep,hip_abduction_right_joint,RS03,-4.120144,8.000000,0.000000,0.0000,2.0000,-4.120144,7.678644,0.859695,32.00
8.228010,friction-sweep,hip_abduction_right_joint,RS03,-4.058400,8.000000,0.000000,0.0000,2.0000,-4.058400,7.748837,0.709549,32.00
8.236009,friction-sweep,hip_abduction_right_joint,RS03,-3.997040,8.000000,0.000000,0.0000,2.0000,-3.997040,7.785458,0.385445,32.00
8.244010,friction-sweep,hip_abduction_right_joint,RS03,-3.935296,8.000000,0.000000,0.0000,2.0000,-3.935296,7.594416,0.416573,32.00
8.252007,friction-sweep,hip_abduction_right_joint,RS03,-3.873552,8.000000,0.000000,0.0000,2.0000,-3.873552,7.641413,0.737015,32.00
8.260009,friction-sweep,hip_abduction_right_joint,RS03,-3.812193,8.000000,0.000000,0.0000,2.0000,-3.812193,7.788509,0.850540,32.00
8.268009,friction-sweep,hip_abduction_right_joint,RS03,-3.750832,8.000000,0.000000,0.0000,2.0000,-3.750832,7.645685,0.433052,32.00
8.276009,friction-sweep,hip_abduction_right_joint,RS03,-3.689472,8.000000,0.000000,0.0000,2.0000,-3.689472,7.753719,0.400093,32.00
8.284012,friction-sweep,hip_abduction_right_joint,RS03,-3.627728,8.000000,0.000000,0.0000,2.0000,-3.627728,7.634089,0.607002,32.00
8.292013,friction-sweep,hip_abduction_right_joint,RS03,-3.566368,8.000000,0.000000,0.0000,2.0000,-3.566368,7.699396,0.982376,32.00
8.300008,friction-sweep,hip_abduction_right_joint,RS03,-3.505008,8.000000,0.000000,0.0000,2.0000,-3.505008,7.607843,0.610664,32.00
8.308009,friction-sweep,hip_abduction_right_joint,RS03,-3.443647,8.000000,0.000000,0.0000,2.0000,-3.443647,7.613337,0.301216,32.00
8.316010,friction-sweep,hip_abduction_right_joint,RS03,-3.381905,8.000000,0.000000,0.0000,2.0000,-3.381905,7.631647,0.509956,32.00
8.324009,friction-sweep,hip_abduction_right_joint,RS03,-3.320161,8.000000,0.000000,0.0000,2.0000,-3.320161,7.720758,0.932938,32.00
8.332008,friction-sweep,hip_abduction_right_joint,RS03,-3.258800,8.000000,0.000000,0.0000,2.0000,-3.258800,7.660944,0.638130,32.00
8.340010,friction-sweep,hip_abduction_right_joint,RS03,-3.197057,8.000000,0.000000,0.0000,2.0000,-3.197057,7.795223,0.301216,32.00
8.348011,friction-sweep,hip_abduction_right_joint,RS03,-3.135313,8.000000,0.000000,0.0000,2.0000,-3.135313,7.694513,0.542915,32.00
8.356011,friction-sweep,hip_abduction_right_joint,RS03,-3.073953,8.000000,0.000000,0.0000,2.0000,-3.073953,7.666437,0.901810,32.00
8.364011,friction-sweep,hip_abduction_right_joint,RS03,-3.012592,8.000000,0.000000,0.0000,2.0000,-3.012592,7.722589,0.727859,32.00
8.372009,friction-sweep,hip_abduction_right_joint,RS03,-2.951232,8.000000,0.000000,0.0000,2.0000,-2.951232,7.757381,0.368965,32.00
8.380009,friction-sweep,hip_abduction_right_joint,RS03,-2.889873,8.000000,0.000000,0.0000,2.0000,-2.889873,7.709162,0.524605,32.00
8.388010,friction-sweep,hip_abduction_right_joint,RS03,-2.828129,8.000000,0.000000,0.0000,2.0000,-2.828129,7.737240,0.876175,32.00
8.396009,friction-sweep,hip_abduction_right_joint,RS03,-2.766768,8.000000,0.000000,0.0000,2.0000,-2.766768,7.596247,0.749832,32.00
8.404010,friction-sweep,hip_abduction_right_joint,RS03,-2.705408,8.000000,0.000000,0.0000,2.0000,-2.705408,7.646296,0.403755,32.00
8.412010,friction-sweep,hip_abduction_right_joint,RS03,-2.644048,8.000000,0.000000,0.0000,2.0000,-2.644048,7.560234,0.379951,32.00
8.420010,friction-sweep,hip_abduction_right_joint,RS03,-2.582305,8.000000,0.000000,0.0000,2.0000,-2.582305,7.690241,0.623482,32.00
8.428009,friction-sweep,hip_abduction_right_joint,RS03,-2.520560,8.000000,0.000000,0.0000,2.0000,-2.520560,7.701227,0.896317,32.00
8.436010,friction-sweep,hip_abduction_right_joint,RS03,-2.458817,8.000000,0.000000,0.0000,2.0000,-2.458817,7.833675,0.574043,32.00
8.444008,friction-sweep,hip_abduction_right_joint,RS03,-2.397457,8.000000,0.000000,0.0000,2.0000,-2.397457,7.698786,0.420235,32.00
8.452009,friction-sweep,hip_abduction_right_joint,RS03,-2.336097,8.000000,0.000000,0.0000,2.0000,-2.336097,7.676813,0.570381,32.00
8.460009,friction-sweep,hip_abduction_right_joint,RS03,-2.274736,8.000000,0.000000,0.0000,2.0000,-2.274736,7.714045,0.956741,32.00
8.468010,friction-sweep,hip_abduction_right_joint,RS03,-2.213376,8.000000,0.000000,0.0000,2.0000,-2.213376,7.719538,0.566719,32.00
8.476008,friction-sweep,hip_abduction_right_joint,RS03,-2.151633,8.000000,0.000000,0.0000,2.0000,-2.151633,7.687189,0.356148,32.00
8.484010,friction-sweep,hip_abduction_right_joint,RS03,-2.089890,8.000000,0.000000,0.0000,2.0000,-2.089890,7.700617,0.581367,32.00
8.492009,friction-sweep,hip_abduction_right_joint,RS03,-2.028528,8.000000,0.000000,0.0000,2.0000,-2.028528,7.739071,0.903641,32.00
8.500009,friction-sweep,hip_abduction_right_joint,RS03,-1.967169,8.000000,0.000000,0.0000,2.0000,-1.967169,7.707331,0.641792,32.00
8.508008,friction-sweep,hip_abduction_right_joint,RS03,-1.905425,8.000000,0.000000,0.0000,2.0000,-1.905425,7.627375,0.308540,32.00
8.516007,friction-sweep,hip_abduction_right_joint,RS03,-1.844065,8.000000,0.000000,0.0000,2.0000,-1.844065,7.664606,0.530098,32.00
8.524008,friction-sweep,hip_abduction_right_joint,RS03,-1.782321,8.000000,0.000000,0.0000,2.0000,-1.782321,7.740902,0.854202,32.00
8.532009,friction-sweep,hip_abduction_right_joint,RS03,-1.720577,8.000000,0.000000,0.0000,2.0000,-1.720577,7.778133,0.779129,32.00
8.540008,friction-sweep,hip_abduction_right_joint,RS03,-1.659218,8.000000,0.000000,0.0000,2.0000,-1.659218,7.685358,0.414742,32.00
8.548010,friction-sweep,hip_abduction_right_joint,RS03,-1.597857,8.000000,0.000000,0.0000,2.0000,-1.597857,7.689020,0.418404,32.00
8.556009,friction-sweep,hip_abduction_right_joint,RS03,-1.536497,8.000000,0.000000,0.0000,2.0000,-1.536497,7.736019,0.790115,32.00
8.564010,friction-sweep,hip_abduction_right_joint,RS03,-1.475137,8.000000,0.000000,0.0000,2.0000,-1.475137,7.668879,0.812088,32.00
8.572008,friction-sweep,hip_abduction_right_joint,RS03,-1.413393,8.000000,0.000000,0.0000,2.0000,-1.413393,7.606623,0.475166,32.00
8.580009,friction-sweep,hip_abduction_right_joint,RS03,-1.352034,8.000000,0.000000,0.0000,2.0000,-1.352034,7.767757,0.412910,32.00
8.588008,friction-sweep,hip_abduction_right_joint,RS03,-1.290289,8.000000,0.000000,0.0000,2.0000,-1.290289,7.715265,0.627144,32.00
8.596008,friction-sweep,hip_abduction_right_joint,RS03,-1.228930,8.000000,0.000000,0.0000,2.0000,-1.228930,7.820248,0.888992,32.00
8.604008,friction-sweep,hip_abduction_right_joint,RS03,-1.167186,8.000000,0.000000,0.0000,2.0000,-1.167186,7.723810,0.471504,32.00
8.612065,friction-sweep,hip_abduction_right_joint,RS03,-1.105825,8.000000,0.000000,0.0000,2.0000,-1.105825,7.781185,0.383614,32.00
8.620015,friction-sweep,hip_abduction_right_joint,RS03,-1.044082,8.000000,0.000000,0.0000,2.0000,-1.044082,7.564507,0.630806,32.00
8.628010,friction-sweep,hip_abduction_right_joint,RS03,-0.982721,8.000000,0.000000,0.0000,2.0000,-0.982721,7.710993,0.973221,32.00
8.636009,friction-sweep,hip_abduction_right_joint,RS03,-0.921362,8.000000,0.000000,0.0000,2.0000,-0.921362,7.773861,0.630806,32.00
8.644009,friction-sweep,hip_abduction_right_joint,RS03,-0.860002,8.000000,0.000000,0.0000,2.0000,-0.860002,7.534599,0.343330,32.00
8.652008,friction-sweep,hip_abduction_right_joint,RS03,-0.798641,8.000000,0.000000,0.0000,2.0000,-0.798641,7.707331,0.537422,32.00
8.660009,friction-sweep,hip_abduction_right_joint,RS03,-0.736897,8.000000,0.000000,0.0000,2.0000,-0.736897,7.770199,0.868851,32.00
8.668009,friction-sweep,hip_abduction_right_joint,RS03,-0.675154,8.000000,0.000000,0.0000,2.0000,-0.675154,7.616999,0.720535,32.00
8.676011,friction-sweep,hip_abduction_right_joint,RS03,-0.613793,8.000000,0.000000,0.0000,2.0000,-0.613793,7.669489,0.321358,32.00
8.684008,friction-sweep,hip_abduction_right_joint,RS03,-0.552050,8.000000,0.000000,0.0000,2.0000,-0.552050,7.769588,0.491646,32.00
8.692008,friction-sweep,hip_abduction_right_joint,RS03,-0.490689,8.000000,0.000000,0.0000,2.0000,-0.490689,7.857479,0.804764,32.00
8.700008,friction-sweep,hip_abduction_right_joint,RS03,-0.428946,8.000000,0.000000,0.0000,2.0000,-0.428946,7.673151,0.724197,32.00
8.708009,friction-sweep,hip_abduction_right_joint,RS03,-0.367585,8.000000,0.000000,0.0000,2.0000,-0.367585,7.662165,0.480659,32.00
8.716008,friction-sweep,hip_abduction_right_joint,RS03,-0.306226,8.000000,0.000000,0.0000,2.0000,-0.306226,7.574272,0.383614,32.00
8.724010,friction-sweep,hip_abduction_right_joint,RS03,-0.244482,8.000000,0.000000,0.0000,2.0000,-0.244482,7.720758,0.726028,32.00
8.732007,friction-sweep,hip_abduction_right_joint,RS03,-0.183505,8.000000,0.000000,0.0000,2.0000,-0.183505,7.696344,0.834061,32.00
8.740008,friction-sweep,hip_abduction_right_joint,RS03,-0.121761,8.000000,0.000000,0.0000,2.0000,-0.121761,7.639582,0.458687,32.00
8.748005,friction-sweep,hip_abduction_right_joint,RS03,-0.060018,8.000000,0.000000,0.0000,2.0000,-0.060018,7.721979,0.409248,32.00
8.756009,friction-sweep,hip_abduction_right_joint,RS03,0.001342,8.000000,0.000000,0.0000,2.0000,0.001342,7.690851,0.652779,32.00
8.764008,friction-sweep,hip_abduction_right_joint,RS03,0.063087,8.000000,0.000000,0.0000,2.0000,0.063087,7.704889,0.903641,32.00
8.772064,friction-sweep,hip_abduction_right_joint,RS03,0.124829,8.000000,0.000000,0.0000,2.0000,0.124829,7.732355,0.546577,32.00
8.780066,friction-sweep,hip_abduction_right_joint,RS03,0.186573,8.000000,0.000000,0.0000,2.0000,0.186573,7.655451,0.352486,32.00
8.788065,friction-sweep,hip_abduction_right_joint,RS03,0.247934,8.000000,0.000000,0.0000,2.0000,0.247934,7.661554,0.574043,32.00
8.796034,friction-sweep,hip_abduction_right_joint,RS03,0.309677,8.000000,0.000000,0.0000,2.0000,0.309677,7.758602,0.905472,32.00
8.804050,friction-sweep,hip_abduction_right_joint,RS03,0.371421,-8.000000,0.000000,0.0000,2.0000,0.371421,7.702448,0.667427,32.00
8.816010,friction-sweep,hip_abduction_right_joint,RS03,0.462694,-8.000000,0.000000,0.0000,2.0000,0.462694,7.688410,0.392769,32.00
8.824016,friction-sweep,hip_abduction_right_joint,RS03,0.509865,-8.000000,0.000000,0.0000,2.0000,0.509865,4.487068,-6.118561,32.00
8.832007,friction-sweep,hip_abduction_right_joint,RS03,0.530956,-8.000000,0.000000,0.0000,2.0000,0.530956,1.611656,-4.899063,32.00
8.840013,friction-sweep,hip_abduction_right_joint,RS03,0.532874,-8.000000,0.000000,0.0000,2.0000,0.532874,-0.495308,-4.045776,32.00
8.852008,friction-sweep,hip_abduction_right_joint,RS03,0.510632,-8.000000,0.000000,0.0000,2.0000,0.510632,-2.719463,-2.665138,32.00
8.860043,friction-sweep,hip_abduction_right_joint,RS03,0.482253,-8.000000,0.000000,0.0000,2.0000,0.482253,-3.918821,-2.242161,32.00
8.868035,friction-sweep,hip_abduction_right_joint,RS03,0.446971,-8.000000,0.000000,0.0000,2.0000,0.446971,-4.735485,-1.908905,32.00
8.876024,friction-sweep,hip_abduction_right_joint,RS03,0.406320,-8.000000,0.000000,0.0000,2.0000,0.406320,-5.366598,-1.590298,32.00
8.884013,friction-sweep,hip_abduction_right_joint,RS03,0.360683,-8.000000,0.000000,0.0000,2.0000,0.360683,-5.821318,-1.773407,32.00
8.892015,friction-sweep,hip_abduction_right_joint,RS03,0.311211,-8.000000,0.000000,0.0000,2.0000,0.311211,-6.421911,-1.141682,32.00
8.900012,friction-sweep,hip_abduction_right_joint,RS03,0.258672,-8.000000,0.000000,0.0000,2.0000,0.258672,-6.752117,-1.205769,32.00
8.908009,friction-sweep,hip_abduction_right_joint,RS03,0.204214,-8.000000,0.000000,0.0000,2.0000,0.204214,-6.840620,-0.852371,32.00
8.916011,friction-sweep,hip_abduction_right_joint,RS03,0.147840,-8.000000,0.000000,0.0000,2.0000,0.147840,-7.126879,-1.191120,32.00
8.924006,friction-sweep,hip_abduction_right_joint,RS03,0.090315,-8.000000,0.000000,0.0000,2.0000,0.090315,-7.245289,-0.588696,32.00
8.932045,friction-sweep,hip_abduction_right_joint,RS03,0.031638,-8.000000,0.000000,0.0000,2.0000,0.031638,-7.353323,-0.564888,32.00
8.940028,friction-sweep,hip_abduction_right_joint,RS03,-0.027804,-8.000000,0.000000,0.0000,2.0000,-0.027804,-7.529716,-1.119709,32.00
8.948043,friction-sweep,hip_abduction_right_joint,RS03,-0.088014,-8.000000,0.000000,0.0000,2.0000,-0.088014,-7.566339,-0.667431,32.00
8.956026,friction-sweep,hip_abduction_right_joint,RS03,-0.148223,-8.000000,0.000000,0.0000,2.0000,-0.148223,-7.737850,-0.431221,32.00
8.964054,friction-sweep,hip_abduction_right_joint,RS03,-0.209583,-8.000000,0.000000,0.0000,2.0000,-0.209583,-7.739681,-0.685741,32.00
8.972042,friction-sweep,hip_abduction_right_joint,RS03,-0.270177,-8.000000,0.000000,0.0000,2.0000,-0.270177,-7.567559,-0.943924,32.00
8.980030,friction-sweep,hip_abduction_right_joint,RS03,-0.331153,-8.000000,0.000000,0.0000,2.0000,-0.331153,-7.602349,-0.645458,32.00
8.988020,friction-sweep,hip_abduction_right_joint,RS03,-0.392513,-8.000000,0.000000,0.0000,2.0000,-0.392513,-7.698788,-0.405586,32.00
9.000005,friction-sweep,hip_abduction_right_joint,RS03,-0.484170,-8.000000,0.000000,0.0000,2.0000,-0.484170,-7.676813,-0.976883,32.00
9.012003,friction-sweep,hip_abduction_right_joint,RS03,-0.576211,-8.000000,0.000000,0.0000,2.0000,-0.576211,-7.670099,-0.519112,32.00
9.020003,friction-sweep,hip_abduction_right_joint,RS03,-0.637570,-8.000000,0.000000,0.0000,2.0000,-0.637570,-7.706722,-0.409248,32.00
9.028010,friction-sweep,hip_abduction_right_joint,RS03,-0.699314,-8.000000,0.000000,0.0000,2.0000,-0.699314,-7.750668,-0.504463,32.00
9.036012,friction-sweep,hip_abduction_right_joint,RS03,-0.760674,-8.000000,0.000000,0.0000,2.0000,-0.760674,-7.653620,-0.932938,32.00
9.044012,friction-sweep,hip_abduction_right_joint,RS03,-0.822418,-8.000000,0.000000,0.0000,2.0000,-0.822418,-7.649347,-0.630810,32.00
9.052009,friction-sweep,hip_abduction_right_joint,RS03,-0.884545,-8.000000,0.000000,0.0000,2.0000,-0.884545,-7.748226,-0.348820,32.00
9.060010,friction-sweep,hip_abduction_right_joint,RS03,-0.945905,-8.000000,0.000000,0.0000,2.0000,-0.945905,-7.732357,-0.462349,32.00
9.072009,friction-sweep,hip_abduction_right_joint,RS03,-1.037946,-8.000000,0.000000,0.0000,2.0000,-1.037946,-7.711605,-0.909134,32.00
9.084005,friction-sweep,hip_abduction_right_joint,RS03,-1.130369,-8.000000,0.000000,0.0000,2.0000,-1.130369,-7.631037,-0.434883,32.00
9.096004,friction-sweep,hip_abduction_right_joint,RS03,-1.222794,-8.000000,0.000000,0.0000,2.0000,-1.222794,-7.854429,-0.509956,32.00
9.104005,friction-sweep,hip_abduction_right_joint,RS03,-1.284153,-8.000000,0.000000,0.0000,2.0000,-1.284153,-7.760433,-0.965897,32.00
9.112012,friction-sweep,hip_abduction_right_joint,RS03,-1.345897,-8.000000,0.000000,0.0000,2.0000,-1.345897,-7.834897,-0.555733,32.00
9.120009,friction-sweep,hip_abduction_right_joint,RS03,-1.407257,-8.000000,0.000000,0.0000,2.0000,-1.407257,-7.727474,-0.383614,32.00
9.132003,friction-sweep,hip_abduction_right_joint,RS03,-1.500065,-8.000000,0.000000,0.0000,2.0000,-1.500065,-7.845883,-0.687572,32.00
9.140117,friction-sweep,hip_abduction_right_joint,RS03,-1.561424,-8.000000,0.000000,0.0000,2.0000,-1.561424,-7.754330,-0.898148,32.00
9.148020,friction-sweep,hip_abduction_right_joint,RS03,-1.623168,-8.000000,0.000000,0.0000,2.0000,-1.623168,-7.769588,-0.570381,32.00
9.156012,friction-sweep,hip_abduction_right_joint,RS03,-1.684528,-8.000000,0.000000,0.0000,2.0000,-1.684528,-7.706722,-0.367134,32.00
9.168004,friction-sweep,hip_abduction_right_joint,RS03,-1.776568,-8.000000,0.000000,0.0000,2.0000,-1.776568,-7.625544,-0.802929,32.00
9.176004,friction-sweep,hip_abduction_right_joint,RS03,-1.838312,-8.000000,0.000000,0.0000,2.0000,-1.838312,-7.732967,-0.797436,32.00
9.184012,friction-sweep,hip_abduction_right_joint,RS03,-1.900056,-8.000000,0.000000,0.0000,2.0000,-1.900056,-7.711605,-0.566719,32.00
9.192008,friction-sweep,hip_abduction_right_joint,RS03,-1.961800,-8.000000,0.000000,0.0000,2.0000,-1.961800,-7.671320,-0.336002,32.00
9.200006,friction-sweep,hip_abduction_right_joint,RS03,-2.023160,-8.000000,0.000000,0.0000,2.0000,-2.023160,-7.671320,-0.700390,32.00
9.208011,friction-sweep,hip_abduction_right_joint,RS03,-2.084903,-8.000000,0.000000,0.0000,2.0000,-2.084903,-7.772640,-0.872513,32.00
9.216009,friction-sweep,hip_abduction_right_joint,RS03,-2.146264,-8.000000,0.000000,0.0000,2.0000,-2.146264,-7.641413,-0.581367,32.00
9.224004,friction-sweep,hip_abduction_right_joint,RS03,-2.208008,-8.000000,0.000000,0.0000,2.0000,-2.208008,-7.615777,-0.436714,32.00
9.232011,friction-sweep,hip_abduction_right_joint,RS03,-2.270134,-8.000000,0.000000,0.0000,2.0000,-2.270134,-7.819638,-0.478828,32.00
9.240010,friction-sweep,hip_abduction_right_joint,RS03,-2.331494,-8.000000,0.000000,0.0000,2.0000,-2.331494,-7.600518,-0.921951,32.00
9.248005,friction-sweep,hip_abduction_right_joint,RS03,-2.392855,-8.000000,0.000000,0.0000,2.0000,-2.392855,-7.625544,-0.621655,32.00
9.256007,friction-sweep,hip_abduction_right_joint,RS03,-2.454215,-8.000000,0.000000,0.0000,2.0000,-2.454215,-7.616387,-0.416573,32.00
9.264010,friction-sweep,hip_abduction_right_joint,RS03,-2.515575,-8.000000,0.000000,0.0000,2.0000,-2.515575,-7.600518,-0.442207,32.00
9.272005,friction-sweep,hip_abduction_right_joint,RS03,-2.577319,-8.000000,0.000000,0.0000,2.0000,-2.577319,-7.731136,-0.878006,32.00
9.280012,friction-sweep,hip_abduction_right_joint,RS03,-2.639063,-8.000000,0.000000,0.0000,2.0000,-2.639063,-7.809262,-0.726025,32.00
9.288012,friction-sweep,hip_abduction_right_joint,RS03,-2.700422,-8.000000,0.000000,0.0000,2.0000,-2.700422,-7.714657,-0.423897,32.00
9.296006,friction-sweep,hip_abduction_right_joint,RS03,-2.762166,-8.000000,0.000000,0.0000,2.0000,-2.762166,-7.596856,-0.356148,32.00
9.304013,friction-sweep,hip_abduction_right_joint,RS03,-2.823527,-8.000000,0.000000,0.0000,2.0000,-2.823527,-7.710995,-0.782787,32.00
9.312008,friction-sweep,hip_abduction_right_joint,RS03,-2.885270,-8.000000,0.000000,0.0000,2.0000,-2.885270,-7.756771,-0.819408,32.00
9.320005,friction-sweep,hip_abduction_right_joint,RS03,-2.947014,-8.000000,0.000000,0.0000,2.0000,-2.947014,-7.649347,-0.566719,32.00
9.328012,friction-sweep,hip_abduction_right_joint,RS03,-3.008758,-8.000000,0.000000,0.0000,2.0000,-3.008758,-7.646296,-0.376289,32.00
9.336005,friction-sweep,hip_abduction_right_joint,RS03,-3.070118,-8.000000,0.000000,0.0000,2.0000,-3.070118,-7.650568,-0.676586,32.00
9.344010,friction-sweep,hip_abduction_right_joint,RS03,-3.131478,-8.000000,0.000000,0.0000,2.0000,-3.131478,-7.516289,-0.896317,32.00
9.352008,friction-sweep,hip_abduction_right_joint,RS03,-3.192838,-8.000000,0.000000,0.0000,2.0000,-3.192838,-7.670099,-0.590527,32.00
9.360013,friction-sweep,hip_abduction_right_joint,RS03,-3.254581,-8.000000,0.000000,0.0000,2.0000,-3.254581,-7.695124,-0.414742,32.00
9.368004,friction-sweep,hip_abduction_right_joint,RS03,-3.315942,-8.000000,0.000000,0.0000,2.0000,-3.315942,-7.662775,-0.537422,32.00
9.376010,friction-sweep,hip_abduction_right_joint,RS03,-3.377686,-8.000000,0.000000,0.0000,2.0000,-3.377686,-7.745785,-0.936600,32.00
9.388004,friction-sweep,hip_abduction_right_joint,RS03,-3.470110,-8.000000,0.000000,0.0000,2.0000,-3.470110,-7.769588,-0.473335,32.00
9.396006,friction-sweep,hip_abduction_right_joint,RS03,-3.531469,-8.000000,0.000000,0.0000,2.0000,-3.531469,-7.793393,-0.339664,32.00
9.404010,friction-sweep,hip_abduction_right_joint,RS03,-3.593596,-8.000000,0.000000,0.0000,2.0000,-3.593596,-7.845273,-0.614330,32.00
9.412005,friction-sweep,hip_abduction_right_joint,RS03,-3.654957,-8.000000,0.000000,0.0000,2.0000,-3.654957,-7.700619,-0.839554,32.00
9.420011,friction-sweep,hip_abduction_right_joint,RS03,-3.716701,-8.000000,0.000000,0.0000,2.0000,-3.716701,-7.591363,-0.520943,32.00
9.428055,friction-sweep,hip_abduction_right_joint,RS03,-3.778444,-8.000000,0.000000,0.0000,2.0000,-3.778444,-7.676203,-0.396431,32.00
9.436036,friction-sweep,hip_abduction_right_joint,RS03,-3.839805,-8.000000,0.000000,0.0000,2.0000,-3.839805,-7.620661,-0.617992,32.00
9.444022,friction-sweep,hip_abduction_right_joint,RS03,-3.901164,-8.000000,0.000000,0.0000,2.0000,-3.901164,-7.803769,-1.040970,32.00
9.452020,friction-sweep,hip_abduction_right_joint,RS03,-3.962525,-8.000000,0.000000,0.0000,2.0000,-3.962525,-7.768368,-0.607006,32.00
9.460011,friction-sweep,hip_abduction_right_joint,RS03,-4.023885,-8.000000,0.000000,0.0000,2.0000,-4.023885,-7.648737,-0.345158,32.00
9.468012,friction-sweep,hip_abduction_right_joint,RS03,-4.085629,-8.000000,0.000000,0.0000,2.0000,-4.085629,-7.837949,-0.433052,32.00
9.476009,friction-sweep,hip_abduction_right_joint,RS03,-4.147372,-8.000000,0.000000,0.0000,2.0000,-4.147372,-7.770809,-0.821243,32.00
9.484011,friction-sweep,hip_abduction_right_joint,RS03,-4.208733,-8.000000,0.000000,0.0000,2.0000,-4.208733,-7.549859,-0.687572,32.00
9.492009,friction-sweep,hip_abduction_right_joint,RS03,-4.270476,-8.000000,0.000000,0.0000,2.0000,-4.270476,-7.653009,-0.359810,32.00
9.500010,friction-sweep,hip_abduction_right_joint,RS03,-4.332219,-8.000000,0.000000,0.0000,2.0000,-4.332219,-7.595025,-0.370796,32.00
9.508010,friction-sweep,hip_abduction_right_joint,RS03,-4.393964,-8.000000,0.000000,0.0000,2.0000,-4.393964,-7.637140,-0.757153,32.00
9.516010,friction-sweep,hip_abduction_right_joint,RS03,-4.455324,-8.000000,0.000000,0.0000,2.0000,-4.455324,-7.618830,-0.815746,32.00
9.524009,friction-sweep,hip_abduction_right_joint,RS03,-4.516684,-8.000000,0.000000,0.0000,2.0000,-4.516684,-7.623102,-0.555733,32.00
9.532009,friction-sweep,hip_abduction_right_joint,RS03,-4.578044,-8.000000,0.000000,0.0000,2.0000,-4.578044,-7.713436,-0.387276,32.00
9.540008,friction-sweep,hip_abduction_right_joint,RS03,-4.639788,-8.000000,0.000000,0.0000,2.0000,-4.639788,-7.694513,-0.696728,32.00
9.548009,friction-sweep,hip_abduction_right_joint,RS03,-4.701531,-8.000000,0.000000,0.0000,2.0000,-4.701531,-7.588311,-0.885330,32.00
9.556010,friction-sweep,hip_abduction_right_joint,RS03,-4.762508,-8.000000,0.000000,0.0000,2.0000,-4.762508,-7.611505,-0.572212,32.00
9.564010,friction-sweep,hip_abduction_right_joint,RS03,-4.824635,-8.000000,0.000000,0.0000,2.0000,-4.824635,-7.617609,-0.348820,32.00
9.572008,friction-sweep,hip_abduction_right_joint,RS03,-4.885995,-8.000000,0.000000,0.0000,2.0000,-4.885995,-7.649958,-0.632641,32.00
9.580014,friction-sweep,hip_abduction_right_joint,RS03,-4.948123,-8.000000,0.000000,0.0000,2.0000,-4.948123,-7.659113,-0.865189,32.00
9.588009,friction-sweep,hip_abduction_right_joint,RS03,-5.009482,-8.000000,0.000000,0.0000,2.0000,-5.009482,-7.757992,-0.531929,32.00
9.596008,friction-sweep,hip_abduction_right_joint,RS03,-5.071226,-8.000000,0.000000,0.0000,2.0000,-5.071226,-7.761654,-0.418404,32.00
9.604010,friction-sweep,hip_abduction_right_joint,RS03,-5.132587,-8.000000,0.000000,0.0000,2.0000,-5.132587,-7.751278,-0.458687,32.00
9.612010,friction-sweep,hip_abduction_right_joint,RS03,-5.193947,-8.000000,0.000000,0.0000,2.0000,-5.193947,-7.743343,-0.921951,32.00
9.620008,friction-sweep,hip_abduction_right_joint,RS03,-5.254923,-8.000000,0.000000,0.0000,2.0000,-5.254923,-7.554742,-0.733349,32.00
9.628010,friction-sweep,hip_abduction_right_joint,RS03,-5.317050,-8.000000,0.000000,0.0000,2.0000,-5.317050,-7.706112,-0.442207,32.00
9.636101,friction-sweep,hip_abduction_right_joint,RS03,-5.378411,-8.000000,0.000000,0.0000,2.0000,-5.378411,-7.772030,-0.405586,32.00
9.644017,friction-sweep,hip_abduction_right_joint,RS03,-5.440155,-8.000000,0.000000,0.0000,2.0000,-5.440155,-7.718319,-0.705883,32.00
9.652011,friction-sweep,hip_abduction_right_joint,RS03,-5.501898,-8.000000,0.000000,0.0000,2.0000,-5.501898,-7.820249,-0.716869,32.00
9.660009,friction-sweep,hip_abduction_right_joint,RS03,-5.563258,-8.000000,0.000000,0.0000,2.0000,-5.563258,-7.676813,-0.487984,32.00
9.668008,friction-sweep,hip_abduction_right_joint,RS03,-5.624619,-8.000000,0.000000,0.0000,2.0000,-5.624619,-7.725033,-0.348820,32.00
9.676014,friction-sweep,hip_abduction_right_joint,RS03,-5.686746,-8.000000,0.000000,0.0000,2.0000,-5.686746,-7.834897,-0.623486,32.00
9.684010,friction-sweep,hip_abduction_right_joint,RS03,-5.748106,-8.000000,0.000000,0.0000,2.0000,-5.748106,-7.689020,-0.790112,32.00
9.692009,friction-sweep,hip_abduction_right_joint,RS03,-5.809465,-8.000000,0.000000,0.0000,2.0000,-5.809465,-7.631037,-0.572212,32.00
9.700009,friction-sweep,hip_abduction_right_joint,RS03,-5.870826,-8.000000,0.000000,0.0000,2.0000,-5.870826,-7.612115,-0.365303,32.00
9.708010,friction-sweep,hip_abduction_right_joint,RS03,-5.932953,-8.000000,0.000000,0.0000,2.0000,-5.932953,-7.659113,-0.661938,32.00
9.716006,friction-sweep,hip_abduction_right_joint,RS03,-5.993930,-8.000000,0.000000,0.0000,2.0000,-5.993930,-7.767757,-0.969559,32.00
9.724010,friction-sweep,hip_abduction_right_joint,RS03,-6.056056,-8.000000,0.000000,0.0000,2.0000,-6.056056,-7.676813,-0.617992,32.00
9.732008,friction-sweep,hip_abduction_right_joint,RS03,-6.117034,-8.000000,0.000000,0.0000,2.0000,-6.117034,-7.668879,-0.398262,32.00
9.740010,friction-sweep,hip_abduction_right_joint,RS03,-6.178777,-8.000000,0.000000,0.0000,2.0000,-6.178777,-7.743954,-0.400093,32.00
9.748008,friction-sweep,hip_abduction_right_joint,RS03,-6.240521,-8.000000,0.000000,0.0000,2.0000,-6.240521,-7.790952,-0.881668,32.00
9.756008,friction-sweep,hip_abduction_right_joint,RS03,-6.301498,-8.000000,0.000000,0.0000,2.0000,-6.301498,-7.703671,-0.612499,32.00
9.764008,friction-sweep,hip_abduction_right_joint,RS03,-6.363241,-8.000000,0.000000,0.0000,2.0000,-6.363241,-7.681696,-0.367134,32.00
9.772074,friction-sweep,hip_abduction_right_joint,RS03,-6.425752,-8.000000,0.000000,0.0000,2.0000,-6.425752,-7.747005,-0.394600,32.00
9.780032,friction-sweep,hip_abduction_right_joint,RS03,-6.487495,-8.000000,0.000000,0.0000,2.0000,-6.487495,-7.678034,-0.808422,32.00
9.788017,friction-sweep,hip_abduction_right_joint,RS03,-6.548472,-8.000000,0.000000,0.0000,2.0000,-6.548472,-7.671320,-0.784618,32.00
9.796015,friction-sweep,hip_abduction_right_joint,RS03,-6.610216,-8.000000,0.000000,0.0000,2.0000,-6.610216,-7.645075,-0.515450,32.00
9.804038,friction-sweep,hip_abduction_right_joint,RS03,-6.671576,-8.000000,0.000000,0.0000,2.0000,-6.671576,-7.695124,-0.363472,32.00
9.812011,friction-sweep,hip_abduction_right_joint,RS03,-6.733320,-8.000000,0.000000,0.0000,2.0000,-6.733320,-7.793393,-0.749828,32.00
9.820011,friction-sweep,hip_abduction_right_joint,RS03,-6.794680,-8.000000,0.000000,0.0000,2.0000,-6.794680,-7.648737,-0.832230,32.00
9.828010,friction-sweep,hip_abduction_right_joint,RS03,-6.856423,-8.000000,0.000000,0.0000,2.0000,-6.856423,-7.738461,-0.511787,32.00
9.836008,friction-sweep,hip_abduction_right_joint,RS03,-6.917784,-8.000000,0.000000,0.0000,2.0000,-6.917784,-7.591973,-0.356148,32.00
9.844010,friction-sweep,hip_abduction_right_joint,RS03,-6.979144,-8.000000,0.000000,0.0000,2.0000,-6.979144,-7.724422,-0.696728,32.00
9.852010,friction-sweep,hip_abduction_right_joint,RS03,-7.040888,-8.000000,0.000000,0.0000,2.0000,-7.040888,-7.726864,-0.916458,32.00
9.860009,friction-sweep,hip_abduction_right_joint,RS03,-7.102631,-8.000000,0.000000,0.0000,2.0000,-7.102631,-7.759823,-0.541084,32.00
9.868011,friction-sweep,hip_abduction_right_joint,RS03,-7.164375,-8.000000,0.000000,0.0000,2.0000,-7.164375,-7.783017,-0.361641,32.00
9.876009,friction-sweep,hip_abduction_right_joint,RS03,-7.225735,-8.000000,0.000000,0.0000,2.0000,-7.225735,-7.631647,-0.427559,32.00
9.884008,friction-sweep,hip_abduction_right_joint,RS03,-7.287479,-8.000000,0.000000,0.0000,2.0000,-7.287479,-7.713436,-0.943924,32.00
9.892010,friction-sweep,hip_abduction_right_joint,RS03,-7.348839,-8.000000,0.000000,0.0000,2.0000,-7.348839,-7.663996,-0.709545,32.00
9.900009,friction-sweep,hip_abduction_right_joint,RS03,-7.410583,-8.000000,0.000000,0.0000,2.0000,-7.410583,-7.647516,-0.372627,32.00
9.908013,friction-sweep,hip_abduction_right_joint,RS03,-7.472326,-8.000000,0.000000,0.0000,2.0000,-7.472326,-7.635920,-0.431221,32.00
9.916010,friction-sweep,hip_abduction_right_joint,RS03,-7.533687,-8.000000,0.000000,0.0000,2.0000,-7.533687,-7.756161,-0.735180,32.00
9.924008,friction-sweep,hip_abduction_right_joint,RS03,-7.595047,-8.000000,0.000000,0.0000,2.0000,-7.595047,-7.841611,-0.704052,32.00
9.932011,friction-sweep,hip_abduction_right_joint,RS03,-7.656790,-8.000000,0.000000,0.0000,2.0000,-7.656790,-7.654840,-0.400093,32.00
9.940008,friction-sweep,hip_abduction_right_joint,RS03,-7.718534,-8.000000,0.000000,0.0000,2.0000,-7.718534,-7.653620,-0.352486,32.00
9.948010,friction-sweep,hip_abduction_right_joint,RS03,-7.780278,-8.000000,0.000000,0.0000,2.0000,-7.780278,-7.807431,-0.812084,32.00
9.956010,friction-sweep,hip_abduction_right_joint,RS03,-7.841638,-8.000000,0.000000,0.0000,2.0000,-7.841638,-7.762875,-0.797436,32.00
9.964012,friction-sweep,hip_abduction_right_joint,RS03,-7.903381,-8.000000,0.000000,0.0000,2.0000,-7.903381,-7.644464,-0.522774,32.00
9.972009,friction-sweep,hip_abduction_right_joint,RS03,-7.964742,-8.000000,0.000000,0.0000,2.0000,-7.964742,-7.629816,-0.385445,32.00
9.980008,friction-sweep,hip_abduction_right_joint,RS03,-8.026102,-8.000000,0.000000,0.0000,2.0000,-8.026102,-7.579156,-0.742504,32.00
9.988009,friction-sweep,hip_abduction_right_joint,RS03,-8.087462,-8.000000,0.000000,0.0000,2.0000,-8.087462,-7.711605,-0.931107,32.00
9.996022,friction-sweep,hip_abduction_right_joint,RS03,-8.149206,-8.000000,0.000000,0.0000,2.0000,-8.149206,-7.754940,-0.508125,32.00
10.004016,friction-sweep,hip_abduction_right_joint,RS03,-8.210182,10.000000,0.000000,0.0000,2.0000,-8.210182,-7.665827,-0.346989,32.00
10.012010,friction-sweep,hip_abduction_right_joint,RS03,-8.272310,10.000000,0.000000,0.0000,2.0000,-8.272310,-7.654840,-0.489815,32.00
10.020010,friction-sweep,hip_abduction_right_joint,RS03,-8.316795,10.000000,0.000000,0.0000,2.0000,-8.316795,-3.884031,6.792397,32.00
10.028012,friction-sweep,hip_abduction_right_joint,RS03,-8.332136,10.000000,0.000000,0.0000,2.0000,-8.332136,-0.746166,4.831306,32.00
10.036010,friction-sweep,hip_abduction_right_joint,RS03,-8.326384,10.000000,0.000000,0.0000,2.0000,-8.326384,1.613487,4.316772,32.00
10.044008,friction-sweep,hip_abduction_right_joint,RS03,-8.304140,10.000000,0.000000,0.0000,2.0000,-8.304140,3.450066,3.476307,32.00
10.052009,friction-sweep,hip_abduction_right_joint,RS03,-8.270008,10.000000,0.000000,0.0000,2.0000,-8.270008,4.778212,2.928814,32.00
10.060009,friction-sweep,hip_abduction_right_joint,RS03,-8.225906,10.000000,0.000000,0.0000,2.0000,-8.225906,6.066683,2.286106,32.00
10.068009,friction-sweep,hip_abduction_right_joint,RS03,-8.174133,10.000000,0.000000,0.0000,2.0000,-8.174133,6.780193,2.430759,32.00
10.076011,friction-sweep,hip_abduction_right_joint,RS03,-8.116992,10.000000,0.000000,0.0000,2.0000,-8.116992,7.502861,1.606773,32.00
10.084007,friction-sweep,hip_abduction_right_joint,RS03,-8.054865,10.000000,0.000000,0.0000,2.0000,-8.054865,8.036316,1.363243,32.00
10.092008,friction-sweep,hip_abduction_right_joint,RS03,-7.989286,10.000000,0.000000,0.0000,2.0000,-7.989286,8.412300,1.159988,32.00
10.100010,friction-sweep,hip_abduction_right_joint,RS03,-7.921023,10.000000,0.000000,0.0000,2.0000,-7.921023,8.652170,1.445641,32.00
10.108007,friction-sweep,hip_abduction_right_joint,RS03,-7.850842,10.000000,0.000000,0.0000,2.0000,-7.850842,8.956739,1.189293,32.00
10.116008,friction-sweep,hip_abduction_right_joint,RS03,-7.778360,10.000000,0.000000,0.0000,2.0000,-7.778360,9.111160,0.812088,32.00
10.124009,friction-sweep,hip_abduction_right_joint,RS03,-7.704728,10.000000,0.000000,0.0000,2.0000,-7.704728,9.466393,0.674751,32.00
10.132102,friction-sweep,hip_abduction_right_joint,RS03,-7.629945,10.000000,0.000000,0.0000,2.0000,-7.629945,9.476768,0.564888,32.00
10.140018,friction-sweep,hip_abduction_right_joint,RS03,-7.554396,10.000000,0.000000,0.0000,2.0000,-7.554396,9.498131,0.638130,32.00
10.148012,friction-sweep,hip_abduction_right_joint,RS03,-7.478463,10.000000,0.000000,0.0000,2.0000,-7.478463,9.522545,0.865189,32.00
10.156010,friction-sweep,hip_abduction_right_joint,RS03,-7.401762,10.000000,0.000000,0.0000,2.0000,-7.401762,9.636684,1.029984,32.00
10.164009,friction-sweep,hip_abduction_right_joint,RS03,-7.325445,10.000000,0.000000,0.0000,2.0000,-7.325445,9.624477,0.691231,32.00
10.172010,friction-sweep,hip_abduction_right_joint,RS03,-7.248362,10.000000,0.000000,0.0000,2.0000,-7.248362,9.625698,0.515450,32.00
10.180009,friction-sweep,hip_abduction_right_joint,RS03,-7.171661,10.000000,0.000000,0.0000,2.0000,-7.171661,9.676357,0.500801,32.00
10.188010,friction-sweep,hip_abduction_right_joint,RS03,-7.094194,10.000000,0.000000,0.0000,2.0000,-7.094194,9.727016,0.848709,32.00
10.196011,friction-sweep,hip_abduction_right_joint,RS03,-7.017494,10.000000,0.000000,0.0000,2.0000,-7.017494,9.615322,0.909134,32.00
10.204009,friction-sweep,hip_abduction_right_joint,RS03,-6.940027,10.000000,0.000000,0.0000,2.0000,-6.940027,9.676357,0.531929,32.00
10.212008,friction-sweep,hip_abduction_right_joint,RS03,-6.862176,10.000000,0.000000,0.0000,2.0000,-6.862176,9.681240,0.383614,32.00
10.220011,friction-sweep,hip_abduction_right_joint,RS03,-6.785476,10.000000,0.000000,0.0000,2.0000,-6.785476,9.584801,0.544746,32.00
10.228008,friction-sweep,hip_abduction_right_joint,RS03,-6.707625,10.000000,0.000000,0.0000,2.0000,-6.707625,9.711147,0.934769,32.00
10.236010,friction-sweep,hip_abduction_right_joint,RS03,-6.629775,10.000000,0.000000,0.0000,2.0000,-6.629775,9.600670,0.779129,32.00
10.244011,friction-sweep,hip_abduction_right_joint,RS03,-6.552307,10.000000,0.000000,0.0000,2.0000,-6.552307,9.725185,0.438545,32.00
10.252009,friction-sweep,hip_abduction_right_joint,RS03,-6.475224,10.000000,0.000000,0.0000,2.0000,-6.475224,9.564659,0.381783,32.00
10.260009,friction-sweep,hip_abduction_right_joint,RS03,-6.398140,10.000000,0.000000,0.0000,2.0000,-6.398140,9.696499,0.801102,32.00
10.268010,friction-sweep,hip_abduction_right_joint,RS03,-6.320290,10.000000,0.000000,0.0000,2.0000,-6.320290,9.774015,0.989700,32.00
10.276010,friction-sweep,hip_abduction_right_joint,RS03,-6.242822,10.000000,0.000000,0.0000,2.0000,-6.242822,9.747768,0.575874,32.00
10.284008,friction-sweep,hip_abduction_right_joint,RS03,-6.166122,10.000000,0.000000,0.0000,2.0000,-6.166122,9.746548,0.367134,32.00
10.292011,friction-sweep,hip_abduction_right_joint,RS03,-6.087888,10.000000,0.000000,0.0000,2.0000,-6.087888,9.709316,0.433052,32.00
10.300012,friction-sweep,hip_abduction_right_joint,RS03,-6.010804,10.000000,0.000000,0.0000,2.0000,-6.010804,9.646450,0.854202,32.00
10.308011,friction-sweep,hip_abduction_right_joint,RS03,-5.933720,10.000000,0.000000,0.0000,2.0000,-5.933720,9.630581,0.854202,32.00
10.316009,friction-sweep,hip_abduction_right_joint,RS03,-5.856253,10.000000,0.000000,0.0000,2.0000,-5.856253,9.619595,0.557564,32.00
10.324008,friction-sweep,hip_abduction_right_joint,RS03,-5.779170,10.000000,0.000000,0.0000,2.0000,-5.779170,9.609829,0.339668,32.00
10.332008,friction-sweep,hip_abduction_right_joint,RS03,-5.701318,10.000000,0.000000,0.0000,2.0000,-5.701318,9.589684,0.768143,32.00
10.340008,friction-sweep,hip_abduction_right_joint,RS03,-5.624619,10.000000,0.000000,0.0000,2.0000,-5.624619,9.726406,1.013504,32.00
10.348009,friction-sweep,hip_abduction_right_joint,RS03,-5.546384,10.000000,0.000000,0.0000,2.0000,-5.546384,9.575035,0.531929,32.00
10.356011,friction-sweep,hip_abduction_right_joint,RS03,-5.469300,10.000000,0.000000,0.0000,2.0000,-5.469300,9.648891,0.425728,32.00
10.364011,friction-sweep,hip_abduction_right_joint,RS03,-5.391833,10.000000,0.000000,0.0000,2.0000,-5.391833,9.771574,0.484322,32.00
10.372009,friction-sweep,hip_abduction_right_joint,RS03,-5.314749,10.000000,0.000000,0.0000,2.0000,-5.314749,9.747768,0.823074,32.00
10.380008,friction-sweep,hip_abduction_right_joint,RS03,-5.237282,10.000000,0.000000,0.0000,2.0000,-5.237282,9.767302,0.921951,32.00
10.388009,friction-sweep,hip_abduction_right_joint,RS03,-5.159815,10.000000,0.000000,0.0000,2.0000,-5.159815,9.542076,0.592354,32.00
10.396008,friction-sweep,hip_abduction_right_joint,RS03,-5.082732,10.000000,0.000000,0.0000,2.0000,-5.082732,9.657436,0.357979,32.00
10.404009,friction-sweep,hip_abduction_right_joint,RS03,-5.004880,10.000000,0.000000,0.0000,2.0000,-5.004880,9.675747,0.563057,32.00
10.412010,friction-sweep,hip_abduction_right_joint,RS03,-4.927796,10.000000,0.000000,0.0000,2.0000,-4.927796,9.727627,0.986038,32.00
10.420010,friction-sweep,hip_abduction_right_joint,RS03,-4.849946,10.000000,0.000000,0.0000,2.0000,-4.849946,9.731899,0.669258,32.00
10.428009,friction-sweep,hip_abduction_right_joint,RS03,-4.772862,10.000000,0.000000,0.0000,2.0000,-4.772862,9.623867,0.434883,32.00
10.436009,friction-sweep,hip_abduction_right_joint,RS03,-4.695395,10.000000,0.000000,0.0000,2.0000,-4.695395,9.699551,0.403755,32.00
10.444008,friction-sweep,hip_abduction_right_joint,RS03,-4.618311,10.000000,0.000000,0.0000,2.0000,-4.618311,9.701992,0.735184,32.00
10.452010,friction-sweep,hip_abduction_right_joint,RS03,-4.540461,10.000000,0.000000,0.0000,2.0000,-4.540461,9.800261,0.929276,32.00
10.460011,friction-sweep,hip_abduction_right_joint,RS03,-4.462994,10.000000,0.000000,0.0000,2.0000,-4.462994,9.619595,0.563057,32.00
10.468009,friction-sweep,hip_abduction_right_joint,RS03,-4.386293,10.000000,0.000000,0.0000,2.0000,-4.386293,9.576866,0.372627,32.00
10.476060,friction-sweep,hip_abduction_right_joint,RS03,-4.308443,10.000000,0.000000,0.0000,2.0000,-4.308443,9.679409,0.515450,32.00
10.484018,friction-sweep,hip_abduction_right_joint,RS03,-4.231742,10.000000,0.000000,0.0000,2.0000,-4.231742,9.629971,0.958572,32.00
10.496013,friction-sweep,hip_abduction_right_joint,RS03,-4.115541,10.000000,0.000000,0.0000,2.0000,-4.115541,9.654385,0.555733,32.00
10.504021,friction-sweep,hip_abduction_right_joint,RS03,-4.038074,10.000000,0.000000,0.0000,2.0000,-4.038074,9.584190,0.339668,32.00
10.512013,friction-sweep,hip_abduction_right_joint,RS03,-3.960224,10.000000,0.000000,0.0000,2.0000,-3.960224,9.553062,0.423897,32.00
10.520011,friction-sweep,hip_abduction_right_joint,RS03,-3.883140,10.000000,0.000000,0.0000,2.0000,-3.883140,9.693447,0.832230,32.00
10.528057,friction-sweep,hip_abduction_right_joint,RS03,-3.805289,10.000000,0.000000,0.0000,2.0000,-3.805289,9.617153,0.837723,32.00
10.536028,friction-sweep,hip_abduction_right_joint,RS03,-3.728206,10.000000,0.000000,0.0000,2.0000,-3.728206,9.540245,0.555733,32.00
10.544018,friction-sweep,hip_abduction_right_joint,RS03,-3.651121,10.000000,0.000000,0.0000,2.0000,-3.651121,9.598839,0.361641,32.00
10.552018,friction-sweep,hip_abduction_right_joint,RS03,-3.573655,10.000000,0.000000,0.0000,2.0000,-3.573655,9.723354,0.660103,32.00
10.560009,friction-sweep,hip_abduction_right_joint,RS03,-3.496571,10.000000,0.000000,0.0000,2.0000,-3.496571,9.655605,0.993362,32.00
10.568004,friction-sweep,hip_abduction_right_joint,RS03,-3.419104,10.000000,0.000000,0.0000,2.0000,-3.419104,9.716030,0.660103,32.00
10.576010,friction-sweep,hip_abduction_right_joint,RS03,-3.342020,10.000000,0.000000,0.0000,2.0000,-3.342020,9.698330,0.409248,32.00
10.584006,friction-sweep,hip_abduction_right_joint,RS03,-3.264169,10.000000,0.000000,0.0000,2.0000,-3.264169,9.703213,0.418404,32.00
10.592006,friction-sweep,hip_abduction_right_joint,RS03,-3.187085,10.000000,0.000000,0.0000,2.0000,-3.187085,9.687954,0.888992,32.00
10.600008,friction-sweep,hip_abduction_right_joint,RS03,-3.109618,10.000000,0.000000,0.0000,2.0000,-3.109618,9.676357,0.914627,32.00
10.608017,friction-sweep,hip_abduction_right_joint,RS03,-3.032151,10.000000,0.000000,0.0000,2.0000,-3.032151,9.592125,0.616158,32.00
10.616007,friction-sweep,hip_abduction_right_joint,RS03,-2.954683,10.000000,0.000000,0.0000,2.0000,-2.954683,9.598228,0.411079,32.00
10.628160,friction-sweep,hip_abduction_right_joint,RS03,-2.839251,10.000000,0.000000,0.0000,2.0000,-2.839251,9.721523,0.878006,32.00
10.636012,friction-sweep,hip_abduction_right_joint,RS03,-2.761399,10.000000,0.000000,0.0000,2.0000,-2.761399,9.644619,0.931107,32.00
10.644015,friction-sweep,hip_abduction_right_joint,RS03,-2.684316,10.000000,0.000000,0.0000,2.0000,-2.684316,9.659267,0.596016,32.00
10.652012,friction-sweep,hip_abduction_right_joint,RS03,-2.607615,10.000000,0.000000,0.0000,2.0000,-2.607615,9.649502,0.487984,32.00
10.660008,friction-sweep,hip_abduction_right_joint,RS03,-2.529382,10.000000,0.000000,0.0000,2.0000,-2.529382,9.722744,0.462349,32.00
10.668010,friction-sweep,hip_abduction_right_joint,RS03,-2.452297,10.000000,0.000000,0.0000,2.0000,-2.452297,9.598228,0.856033,32.00
10.676016,friction-sweep,hip_abduction_right_joint,RS03,-2.374447,10.000000,0.000000,0.0000,2.0000,-2.374447,9.642788,0.896317,32.00
10.684010,friction-sweep,hip_abduction_right_joint,RS03,-2.297747,10.000000,0.000000,0.0000,2.0000,-2.297747,9.747768,0.592354,32.00
10.692003,friction-sweep,hip_abduction_right_joint,RS03,-2.220663,10.000000,0.000000,0.0000,2.0000,-2.220663,9.632412,0.455025,32.00
10.700007,friction-sweep,hip_abduction_right_joint,RS03,-2.143196,10.000000,0.000000,0.0000,2.0000,-2.143196,9.635464,0.702217,32.00
10.708012,friction-sweep,hip_abduction_right_joint,RS03,-2.065728,10.000000,0.000000,0.0000,2.0000,-2.065728,9.741665,0.934769,32.00
10.716014,friction-sweep,hip_abduction_right_joint,RS03,-1.988261,10.000000,0.000000,0.0000,2.0000,-1.988261,9.600670,0.726028,32.00
10.724008,friction-sweep,hip_abduction_right_joint,RS03,-1.910794,10.000000,0.000000,0.0000,2.0000,-1.910794,9.600670,0.531929,32.00
10.732022,friction-sweep,hip_abduction_right_joint,RS03,-1.833326,10.000000,0.000000,0.0000,2.0000,-1.833326,9.691006,0.447701,32.00
10.740003,friction-sweep,hip_abduction_right_joint,RS03,-1.755859,10.000000,0.000000,0.0000,2.0000,-1.755859,9.612881,0.921951,32.00
10.748008,friction-sweep,hip_abduction_right_joint,RS03,-1.678776,10.000000,0.000000,0.0000,2.0000,-1.678776,9.598228,0.953079,32.00
10.756005,friction-sweep,hip_abduction_right_joint,RS03,-1.601692,10.000000,0.000000,0.0000,2.0000,-1.601692,9.636684,0.630806,32.00
10.764010,friction-sweep,hip_abduction_right_joint,RS03,-1.524992,10.000000,0.000000,0.0000,2.0000,-1.524992,9.609829,0.469673,32.00
10.772005,friction-sweep,hip_abduction_right_joint,RS03,-1.447524,10.000000,0.000000,0.0000,2.0000,-1.447524,9.627529,0.586861,32.00
10.780007,friction-sweep,hip_abduction_right_joint,RS03,-1.369674,10.000000,0.000000,0.0000,2.0000,-1.369674,9.601891,0.881668,32.00
10.788017,friction-sweep,hip_abduction_right_joint,RS03,-1.292207,10.000000,0.000000,0.0000,2.0000,-1.292207,9.657436,0.799271,32.00
10.796029,friction-sweep,hip_abduction_right_joint,RS03,-1.215123,10.000000,0.000000,0.0000,2.0000,-1.215123,9.539635,0.568550,32.00
10.804036,friction-sweep,hip_abduction_right_joint,RS03,-1.137656,10.000000,0.000000,0.0000,2.0000,-1.137656,9.795378,0.414742,32.00
10.812019,friction-sweep,hip_abduction_right_joint,RS03,-1.060189,10.000000,0.000000,0.0000,2.0000,-1.060189,9.620815,0.791946,32.00
10.824039,friction-sweep,hip_abduction_right_joint,RS03,-0.944371,10.000000,0.000000,0.0000,2.0000,-0.944371,9.633633,0.885330,32.00
10.832056,friction-sweep,hip_abduction_right_joint,RS03,-0.866904,10.000000,0.000000,0.0000,2.0000,-0.866904,9.612881,0.586861,32.00
10.840021,friction-sweep,hip_abduction_right_joint,RS03,-0.789437,10.000000,0.000000,0.0000,2.0000,-0.789437,9.709927,0.401924,32.00
10.852007,friction-sweep,hip_abduction_right_joint,RS03,-0.674004,10.000000,0.000000,0.0000,2.0000,-0.674004,9.759975,0.804764,32.00
10.864008,friction-sweep,hip_abduction_right_joint,RS03,-0.557419,10.000000,0.000000,0.0000,2.0000,-0.557419,9.634243,0.667427,32.00
10.872009,friction-sweep,hip_abduction_right_joint,RS03,-0.480335,10.000000,0.000000,0.0000,2.0000,-0.480335,9.730679,0.497139,32.00
10.880008,friction-sweep,hip_abduction_right_joint,RS03,-0.402484,10.000000,0.000000,0.0000,2.0000,-0.402484,9.575035,0.517281,32.00
10.888007,friction-sweep,hip_abduction_right_joint,RS03,-0.325017,10.000000,0.000000,0.0000,2.0000,-0.325017,9.661709,0.801102,32.00
10.896008,friction-sweep,hip_abduction_right_joint,RS03,-0.247933,10.000000,0.000000,0.0000,2.0000,-0.247933,9.473106,0.888992,32.00
10.904006,friction-sweep,hip_abduction_right_joint,RS03,-0.170850,10.000000,0.000000,0.0000,2.0000,-0.170850,9.675747,0.654610,32.00
10.912006,friction-sweep,hip_abduction_right_joint,RS03,-0.093383,10.000000,0.000000,0.0000,2.0000,-0.093383,9.712368,0.478828,32.00
10.920007,friction-sweep,hip_abduction_right_joint,RS03,-0.015915,10.000000,0.000000,0.0000,2.0000,-0.015915,9.773405,0.586861,32.00
10.928006,friction-sweep,hip_abduction_right_joint,RS03,0.061169,10.000000,0.000000,0.0000,2.0000,0.061169,9.798429,0.812088,32.00
10.936007,friction-sweep,hip_abduction_right_joint,RS03,0.138251,10.000000,0.000000,0.0000,2.0000,0.138251,9.703823,0.824905,32.00
10.944006,friction-sweep,hip_abduction_right_joint,RS03,0.215719,10.000000,0.000000,0.0000,2.0000,0.215719,9.672085,0.482491,32.00
10.952006,friction-sweep,hip_abduction_right_joint,RS03,0.293186,10.000000,0.000000,0.0000,2.0000,0.293186,9.770964,0.431221,32.00
10.960005,friction-sweep,hip_abduction_right_joint,RS03,0.371037,10.000000,0.000000,0.0000,2.0000,0.371037,9.746548,0.780960,32.00
10.968005,friction-sweep,hip_abduction_right_joint,RS03,0.448505,10.000000,0.000000,0.0000,2.0000,0.448505,9.654995,0.949417,32.00
10.976007,friction-sweep,hip_abduction_right_joint,RS03,0.525204,10.000000,0.000000,0.0000,2.0000,0.525204,9.609829,0.586861,32.00
10.984007,friction-sweep,hip_abduction_right_joint,RS03,0.602672,10.000000,0.000000,0.0000,2.0000,0.602672,9.576256,0.482491,32.00
10.992005,friction-sweep,hip_abduction_right_joint,RS03,0.680523,10.000000,0.000000,0.0000,2.0000,0.680523,9.706264,0.594185,32.00
11.000006,friction-sweep,hip_abduction_right_joint,RS03,0.757223,10.000000,0.000000,0.0000,2.0000,0.757223,9.733730,0.780960,32.00
11.008005,friction-sweep,hip_abduction_right_joint,RS03,0.834691,10.000000,0.000000,0.0000,2.0000,0.834691,9.603111,0.856033,32.00
11.016007,friction-sweep,hip_abduction_right_joint,RS03,0.912540,10.000000,0.000000,0.0000,2.0000,0.912540,9.628750,0.570381,32.00
11.028008,friction-sweep,hip_abduction_right_joint,RS03,1.028358,10.000000,0.000000,0.0000,2.0000,1.028358,9.738613,0.506294,32.00
11.036010,friction-sweep,hip_abduction_right_joint,RS03,1.105824,10.000000,0.000000,0.0000,2.0000,1.105824,9.703213,0.793777,32.00
11.044005,friction-sweep,hip_abduction_right_joint,RS03,1.182909,10.000000,0.000000,0.0000,2.0000,1.182909,9.567101,0.905472,32.00
11.052006,friction-sweep,hip_abduction_right_joint,RS03,1.259993,10.000000,0.000000,0.0000,2.0000,1.259993,9.619595,0.511787,32.00
11.060004,friction-sweep,hip_abduction_right_joint,RS03,1.337461,10.000000,0.000000,0.0000,2.0000,1.337461,9.620205,0.511787,32.00
11.068007,friction-sweep,hip_abduction_right_joint,RS03,1.415310,10.000000,0.000000,0.0000,2.0000,1.415310,9.590294,0.546577,32.00
11.076006,friction-sweep,hip_abduction_right_joint,RS03,1.492778,10.000000,0.000000,0.0000,2.0000,1.492778,9.646450,0.823074,32.00
11.084006,friction-sweep,hip_abduction_right_joint,RS03,1.570245,10.000000,0.000000,0.0000,2.0000,1.570245,9.693447,0.716873,32.00
11.092006,friction-sweep,hip_abduction_right_joint,RS03,1.647713,10.000000,0.000000,0.0000,2.0000,1.647713,9.661709,0.484322,32.00
11.100007,friction-sweep,hip_abduction_right_joint,RS03,1.725181,10.000000,0.000000,0.0000,2.0000,1.725181,9.686733,0.434883,32.00
11.108005,friction-sweep,hip_abduction_right_joint,RS03,1.801879,10.000000,0.000000,0.0000,2.0000,1.801879,9.712368,0.722366,32.00
11.116005,friction-sweep,hip_abduction_right_joint,RS03,1.878963,10.000000,0.000000,0.0000,2.0000,1.878963,9.615322,0.938431,32.00
11.124005,friction-sweep,hip_abduction_right_joint,RS03,1.956430,10.000000,0.000000,0.0000,2.0000,1.956430,9.694057,0.621651,32.00
11.132008,friction-sweep,hip_abduction_right_joint,RS03,2.034282,10.000000,0.000000,0.0000,2.0000,2.034282,9.706875,0.552071,32.00
11.140111,friction-sweep,hip_abduction_right_joint,RS03,2.110982,10.000000,0.000000,0.0000,2.0000,2.110982,9.680019,0.434883,32.00
11.148012,friction-sweep,hip_abduction_right_joint,RS03,2.188832,10.000000,0.000000,0.0000,2.0000,2.188832,9.637905,0.709549,32.00
11.156007,friction-sweep,hip_abduction_right_joint,RS03,2.266299,10.000000,0.000000,0.0000,2.0000,2.266299,9.690395,0.852371,32.00
11.164006,friction-sweep,hip_abduction_right_joint,RS03,2.343767,10.000000,0.000000,0.0000,2.0000,2.343767,9.684292,0.596016,32.00
11.172007,friction-sweep,hip_abduction_right_joint,RS03,2.420467,10.000000,0.000000,0.0000,2.0000,2.420467,9.710537,0.409248,32.00
11.180005,friction-sweep,hip_abduction_right_joint,RS03,2.497933,10.000000,0.000000,0.0000,2.0000,2.497933,9.680019,0.568550,32.00
11.188004,friction-sweep,hip_abduction_right_joint,RS03,2.575018,10.000000,0.000000,0.0000,2.0000,2.575018,9.672085,0.901810,32.00
11.196006,friction-sweep,hip_abduction_right_joint,RS03,2.652485,10.000000,0.000000,0.0000,2.0000,2.652485,9.648891,0.757156,32.00
11.204005,friction-sweep,hip_abduction_right_joint,RS03,2.729569,-10.000000,0.000000,0.0000,2.0000,2.729569,9.576866,0.658272,32.00
11.212006,friction-sweep,hip_abduction_right_joint,RS03,2.807803,-10.000000,0.000000,0.0000,2.0000,2.807803,9.606163,0.414742,32.00
11.220002,friction-sweep,hip_abduction_right_joint,RS03,2.866095,-10.000000,0.000000,0.0000,2.0000,2.866095,5.129778,-7.953308,32.00
11.228004,friction-sweep,hip_abduction_right_joint,RS03,2.891405,-10.000000,0.000000,0.0000,2.0000,2.891405,1.816130,-5.690086,32.00
11.236007,friction-sweep,hip_abduction_right_joint,RS03,2.892940,-10.000000,0.000000,0.0000,2.0000,2.892940,-0.794384,-4.532845,32.00
11.244008,friction-sweep,hip_abduction_right_joint,RS03,2.876066,-10.000000,0.000000,0.0000,2.0000,2.876066,-2.872663,-4.029297,32.00
11.252005,friction-sweep,hip_abduction_right_joint,RS03,2.846537,-10.000000,0.000000,0.0000,2.0000,2.846537,-4.416877,-3.033188,32.00
11.260005,friction-sweep,hip_abduction_right_joint,RS03,2.805886,-10.000000,0.000000,0.0000,2.0000,2.805886,-5.472191,-2.877544,32.00
11.268006,friction-sweep,hip_abduction_right_joint,RS03,2.756413,-10.000000,0.000000,0.0000,2.0000,2.756413,-6.632486,-2.183563,32.00
11.276005,friction-sweep,hip_abduction_right_joint,RS03,2.701574,-10.000000,0.000000,0.0000,2.0000,2.701574,-7.152514,-2.016937,32.00
11.284060,friction-sweep,hip_abduction_right_joint,RS03,2.640596,-10.000000,0.000000,0.0000,2.0000,2.640596,-7.696957,-1.337608,32.00
11.292019,friction-sweep,hip_abduction_right_joint,RS03,2.576168,-10.000000,0.000000,0.0000,2.0000,2.576168,-8.229800,-1.079426,32.00
11.304008,friction-sweep,hip_abduction_right_joint,RS03,2.474156,-10.000000,0.000000,0.0000,2.0000,2.474156,-8.573435,-1.108723,32.00
11.312011,friction-sweep,hip_abduction_right_joint,RS03,2.403975,-10.000000,0.000000,0.0000,2.0000,2.403975,-8.904249,-0.954910,32.00
11.320007,friction-sweep,hip_abduction_right_joint,RS03,2.331495,-10.000000,0.000000,0.0000,2.0000,2.331495,-9.191120,-0.726025,32.00
11.328010,friction-sweep,hip_abduction_right_joint,RS03,2.257479,-10.000000,0.000000,0.0000,2.0000,2.257479,-9.240559,-0.663769,32.00
11.336012,friction-sweep,hip_abduction_right_joint,RS03,2.183080,-10.000000,0.000000,0.0000,2.0000,2.183080,-9.446860,-0.685741,32.00
11.344051,friction-sweep,hip_abduction_right_joint,RS03,2.107146,-10.000000,0.000000,0.0000,2.0000,2.107146,-9.454795,-0.850540,32.00
11.352027,friction-sweep,hip_abduction_right_joint,RS03,2.031597,-10.000000,0.000000,0.0000,2.0000,2.031597,-9.572596,-1.057453,32.00
11.360054,friction-sweep,hip_abduction_right_joint,RS03,1.954897,-10.000000,0.000000,0.0000,2.0000,1.954897,-9.578089,-0.887161,32.00
11.368017,friction-sweep,hip_abduction_right_joint,RS03,1.878197,-10.000000,0.000000,0.0000,2.0000,1.878197,-9.584192,-0.478828,32.00
11.376021,friction-sweep,hip_abduction_right_joint,RS03,1.801496,-10.000000,0.000000,0.0000,2.0000,1.801496,-9.583582,-0.502632,32.00
11.384013,friction-sweep,hip_abduction_right_joint,RS03,1.724796,-10.000000,0.000000,0.0000,2.0000,1.724796,-9.590906,-0.740673,32.00
11.392010,friction-sweep,hip_abduction_right_joint,RS03,1.647713,-10.000000,0.000000,0.0000,2.0000,1.647713,-9.718471,-0.998856,32.00
11.400011,friction-sweep,hip_abduction_right_joint,RS03,1.570628,-10.000000,0.000000,0.0000,2.0000,1.570628,-9.609217,-0.812084,32.00
11.408011,friction-sweep,hip_abduction_right_joint,RS03,1.493161,-10.000000,0.000000,0.0000,2.0000,1.493161,-9.570152,-0.414742,32.00
11.416009,friction-sweep,hip_abduction_right_joint,RS03,1.415693,-10.000000,0.000000,0.0000,2.0000,1.415693,-9.649501,-0.482491,32.00
11.424007,friction-sweep,hip_abduction_right_joint,RS03,1.338611,-10.000000,0.000000,0.0000,2.0000,1.338611,-9.676967,-0.757153,32.00
11.432008,friction-sweep,hip_abduction_right_joint,RS03,1.261144,-10.000000,0.000000,0.0000,2.0000,1.261144,-9.739834,-0.945755,32.00
11.440006,friction-sweep,hip_abduction_right_joint,RS03,1.182909,-10.000000,0.000000,0.0000,2.0000,1.182909,-9.681849,-0.456856,32.00
11.448007,friction-sweep,hip_abduction_right_joint,RS03,1.105824,-10.000000,0.000000,0.0000,2.0000,1.105824,-9.693446,-0.434883,32.00
11.456007,friction-sweep,hip_abduction_right_joint,RS03,1.028741,-10.000000,0.000000,0.0000,2.0000,1.028741,-9.586634,-0.577705,32.00
11.464006,friction-sweep,hip_abduction_right_joint,RS03,0.951275,-10.000000,0.000000,0.0000,2.0000,0.951275,-9.681239,-0.907303,32.00
11.472073,friction-sweep,hip_abduction_right_joint,RS03,0.873424,-10.000000,0.000000,0.0000,2.0000,0.873424,-9.619593,-0.747997,32.00
11.480054,friction-sweep,hip_abduction_right_joint,RS03,0.796340,-10.000000,0.000000,0.0000,2.0000,0.796340,-9.716640,-0.436714,32.00
11.488042,friction-sweep,hip_abduction_right_joint,RS03,0.719255,-10.000000,0.000000,0.0000,2.0000,0.719255,-9.674525,-0.392769,32.00
11.496030,friction-sweep,hip_abduction_right_joint,RS03,0.641789,-10.000000,0.000000,0.0000,2.0000,0.641789,-9.720302,-0.674755,32.00
11.504024,friction-sweep,hip_abduction_right_joint,RS03,0.563939,-10.000000,0.000000,0.0000,2.0000,0.563939,-9.698329,-0.980545,32.00
11.512014,friction-sweep,hip_abduction_right_joint,RS03,0.486471,-10.000000,0.000000,0.0000,2.0000,0.486471,-9.646448,-0.530098,32.00
11.520004,friction-sweep,hip_abduction_right_joint,RS03,0.409003,-10.000000,0.000000,0.0000,2.0000,0.409003,-9.720912,-0.473335,32.00
11.528010,friction-sweep,hip_abduction_right_joint,RS03,0.331920,-10.000000,0.000000,0.0000,2.0000,0.331920,-9.644007,-0.552071,32.00
11.536016,friction-sweep,hip_abduction_right_joint,RS03,0.254837,-10.000000,0.000000,0.0000,2.0000,0.254837,-9.715419,-0.848709,32.00
11.544010,friction-sweep,hip_abduction_right_joint,RS03,0.176986,-10.000000,0.000000,0.0000,2.0000,0.176986,-9.701991,-0.987869,32.00
11.552010,friction-sweep,hip_abduction_right_joint,RS03,0.099519,-10.000000,0.000000,0.0000,2.0000,0.099519,-9.707484,-0.487984,32.00
11.560008,friction-sweep,hip_abduction_right_joint,RS03,0.022434,-10.000000,0.000000,0.0000,2.0000,0.022434,-9.625696,-0.374458,32.00
11.568012,friction-sweep,hip_abduction_right_joint,RS03,-0.054648,-10.000000,0.000000,0.0000,2.0000,-0.054648,-9.695277,-0.718700,32.00
11.576004,friction-sweep,hip_abduction_right_joint,RS03,-0.132500,-10.000000,0.000000,0.0000,2.0000,-0.132500,-9.709926,-0.973221,32.00
11.584009,friction-sweep,hip_abduction_right_joint,RS03,-0.209967,-10.000000,0.000000,0.0000,2.0000,-0.209967,-9.810026,-0.656445,32.00
11.592007,friction-sweep,hip_abduction_right_joint,RS03,-0.287435,-10.000000,0.000000,0.0000,2.0000,-0.287435,-9.553062,-0.403755,32.00
11.600008,friction-sweep,hip_abduction_right_joint,RS03,-0.364517,-10.000000,0.000000,0.0000,2.0000,-0.364517,-9.648279,-0.566719,32.00
11.608008,friction-sweep,hip_abduction_right_joint,RS03,-0.441985,-10.000000,0.000000,0.0000,2.0000,-0.441985,-9.745327,-0.801098,32.00
11.616008,friction-sweep,hip_abduction_right_joint,RS03,-0.519452,-10.000000,0.000000,0.0000,2.0000,-0.519452,-9.702601,-0.925613,32.00
11.624012,friction-sweep,hip_abduction_right_joint,RS03,-0.596919,-10.000000,0.000000,0.0000,2.0000,-0.596919,-9.632410,-0.478828,32.00
11.632160,friction-sweep,hip_abduction_right_joint,RS03,-0.674387,-10.000000,0.000000,0.0000,2.0000,-0.674387,-9.753262,-0.422066,32.00
11.640016,friction-sweep,hip_abduction_right_joint,RS03,-0.751854,-10.000000,0.000000,0.0000,2.0000,-0.751854,-9.796597,-0.583199,32.00
11.648011,friction-sweep,hip_abduction_right_joint,RS03,-0.829321,-10.000000,0.000000,0.0000,2.0000,-0.829321,-9.768520,-0.921951,32.00
11.656009,friction-sweep,hip_abduction_right_joint,RS03,-0.906788,-10.000000,0.000000,0.0000,2.0000,-0.906788,-9.609217,-0.724194,32.00
11.664010,friction-sweep,hip_abduction_right_joint,RS03,-0.984256,-10.000000,0.000000,0.0000,2.0000,-0.984256,-9.601282,-0.412910,32.00
11.672010,friction-sweep,hip_abduction_right_joint,RS03,-1.061339,-10.000000,0.000000,0.0000,2.0000,-1.061339,-9.625086,-0.458687,32.00
11.680010,friction-sweep,hip_abduction_right_joint,RS03,-1.138806,-10.000000,0.000000,0.0000,2.0000,-1.138806,-9.764248,-0.801098,32.00
11.688004,friction-sweep,hip_abduction_right_joint,RS03,-1.216273,-10.000000,0.000000,0.0000,2.0000,-1.216273,-9.763027,-0.997025,32.00
11.696009,friction-sweep,hip_abduction_right_joint,RS03,-1.294124,-10.000000,0.000000,0.0000,2.0000,-1.294124,-9.647669,-0.537422,32.00
11.704009,friction-sweep,hip_abduction_right_joint,RS03,-1.371208,-10.000000,0.000000,0.0000,2.0000,-1.371208,-9.733730,-0.400093,32.00
11.712005,friction-sweep,hip_abduction_right_joint,RS03,-1.447907,-10.000000,0.000000,0.0000,2.0000,-1.447907,-9.609217,-0.504463,32.00
11.720013,friction-sweep,hip_abduction_right_joint,RS03,-1.526142,-10.000000,0.000000,0.0000,2.0000,-1.526142,-9.750820,-0.878006,32.00
11.728009,friction-sweep,hip_abduction_right_joint,RS03,-1.603610,-10.000000,0.000000,0.0000,2.0000,-1.603610,-9.688563,-0.788280,32.00
11.736022,friction-sweep,hip_abduction_right_joint,RS03,-1.681077,-10.000000,0.000000,0.0000,2.0000,-1.681077,-9.612268,-0.447701,32.00
11.744006,friction-sweep,hip_abduction_right_joint,RS03,-1.758161,-10.000000,0.000000,0.0000,2.0000,-1.758161,-9.687953,-0.411079,32.00
11.752008,friction-sweep,hip_abduction_right_joint,RS03,-1.835628,-10.000000,0.000000,0.0000,2.0000,-1.835628,-9.638514,-0.682079,32.00
11.760007,friction-sweep,hip_abduction_right_joint,RS03,-1.913095,-10.000000,0.000000,0.0000,2.0000,-1.913095,-9.612879,-0.993362,32.00
11.768009,friction-sweep,hip_abduction_right_joint,RS03,-1.990179,-10.000000,0.000000,0.0000,2.0000,-1.990179,-9.550621,-0.669262,32.00
11.776011,friction-sweep,hip_abduction_right_joint,RS03,-2.067646,-10.000000,0.000000,0.0000,2.0000,-2.067646,-9.707484,-0.365303,32.00
11.784005,friction-sweep,hip_abduction_right_joint,RS03,-2.144730,-10.000000,0.000000,0.0000,2.0000,-2.144730,-9.658656,-0.444038,32.00
11.792003,friction-sweep,hip_abduction_right_joint,RS03,-2.222197,-10.000000,0.000000,0.0000,2.0000,-2.222197,-9.739223,-0.769970,32.00
11.800003,friction-sweep,hip_abduction_right_joint,RS03,-2.300048,-10.000000,0.000000,0.0000,2.0000,-2.300048,-9.656215,-0.920120,32.00
11.808007,friction-sweep,hip_abduction_right_joint,RS03,-2.377515,-10.000000,0.000000,0.0000,2.0000,-2.377515,-9.617151,-0.502632,32.00
11.816011,friction-sweep,hip_abduction_right_joint,RS03,-2.454598,-10.000000,0.000000,0.0000,2.0000,-2.454598,-9.730679,-0.405586,32.00
11.824026,friction-sweep,hip_abduction_right_joint,RS03,-2.532066,-10.000000,0.000000,0.0000,2.0000,-2.532066,-9.730679,-0.553902,32.00
11.832009,friction-sweep,hip_abduction_right_joint,RS03,-2.609533,-10.000000,0.000000,0.0000,2.0000,-2.609533,-9.697719,-0.967728,32.00
11.840013,friction-sweep,hip_abduction_right_joint,RS03,-2.687000,-10.000000,0.000000,0.0000,2.0000,-2.687000,-9.709315,-0.689404,32.00
11.848007,friction-sweep,hip_abduction_right_joint,RS03,-2.763700,-10.000000,0.000000,0.0000,2.0000,-2.763700,-9.613489,-0.385445,32.00
11.856002,friction-sweep,hip_abduction_right_joint,RS03,-2.841167,-10.000000,0.000000,0.0000,2.0000,-2.841167,-9.732510,-0.453194,32.00
11.864009,friction-sweep,hip_abduction_right_joint,RS03,-2.919401,-10.000000,0.000000,0.0000,2.0000,-2.919401,-9.730679,-0.791943,32.00
11.872008,friction-sweep,hip_abduction_right_joint,RS03,-2.996869,-10.000000,0.000000,0.0000,2.0000,-2.996869,-9.656825,-0.942093,32.00
11.880002,friction-sweep,hip_abduction_right_joint,RS03,-3.073953,-10.000000,0.000000,0.0000,2.0000,-3.073953,-9.594568,-0.555733,32.00
11.888007,friction-sweep,hip_abduction_right_joint,RS03,-3.151036,-10.000000,0.000000,0.0000,2.0000,-3.151036,-9.719081,-0.407417,32.00
11.896009,friction-sweep,hip_abduction_right_joint,RS03,-3.228504,-10.000000,0.000000,0.0000,2.0000,-3.228504,-9.786221,-0.502632,32.00
11.904009,friction-sweep,hip_abduction_right_joint,RS03,-3.305970,-10.000000,0.000000,0.0000,2.0000,-3.305970,-9.716640,-0.843216,32.00
11.912254,friction-sweep,hip_abduction_right_joint,RS03,-3.385356,-10.000000,0.000000,0.0000,2.0000,-3.385356,-9.755703,-0.704052,32.00
11.920041,friction-sweep,hip_abduction_right_joint,RS03,-3.460906,-10.000000,0.000000,0.0000,2.0000,-3.460906,-9.560387,-0.398262,32.00
11.928021,friction-sweep,hip_abduction_right_joint,RS03,-3.538372,-10.000000,0.000000,0.0000,2.0000,-3.538372,-9.593348,-0.339664,32.00
11.936011,friction-sweep,hip_abduction_right_joint,RS03,-3.615840,-10.000000,0.000000,0.0000,2.0000,-3.615840,-9.618982,-0.727856,32.00
11.944008,friction-sweep,hip_abduction_right_joint,RS03,-3.693307,-10.000000,0.000000,0.0000,2.0000,-3.693307,-9.609827,-0.969559,32.00
11.956009,friction-sweep,hip_abduction_right_joint,RS03,-3.809508,-10.000000,0.000000,0.0000,2.0000,-3.809508,-9.652553,-0.467842,32.00
11.964006,friction-sweep,hip_abduction_right_joint,RS03,-3.886591,-10.000000,0.000000,0.0000,2.0000,-3.886591,-9.716640,-0.365303,32.00
11.972008,friction-sweep,hip_abduction_right_joint,RS03,-3.964059,-10.000000,0.000000,0.0000,2.0000,-3.964059,-9.681849,-0.676586,32.00
11.980005,friction-sweep,hip_abduction_right_joint,RS03,-4.041526,-10.000000,0.000000,0.0000,2.0000,-4.041526,-9.665370,-0.995193,32.00
11.988010,friction-sweep,hip_abduction_right_joint,RS03,-4.118609,-10.000000,0.000000,0.0000,2.0000,-4.118609,-9.580530,-0.656445,32.00
11.996009,friction-sweep,hip_abduction_right_joint,RS03,-4.196076,-10.000000,0.000000,0.0000,2.0000,-4.196076,-9.719081,-0.392769,32.00
12.004007,friction-sweep,hip_abduction_right_joint,RS03,-4.273161,-10.000000,0.000000,0.0000,2.0000,-4.273161,-9.683681,-0.482491,32.00
12.012009,friction-sweep,hip_abduction_right_joint,RS03,-4.351395,-10.000000,0.000000,0.0000,2.0000,-4.351395,-9.669642,-0.817577,32.00
12.020020,friction-sweep,hip_abduction_right_joint,RS03,-4.428862,-10.000000,0.000000,0.0000,2.0000,-4.428862,-9.718471,-0.932938,32.00
12.028024,friction-sweep,hip_abduction_right_joint,RS03,-4.505946,-10.000000,0.000000,0.0000,2.0000,-4.505946,-9.615931,-0.508125,32.00
12.036027,friction-sweep,hip_abduction_right_joint,RS03,-4.583029,-10.000000,0.000000,0.0000,2.0000,-4.583029,-9.686122,-0.455025,32.00
12.044070,friction-sweep,hip_abduction_right_joint,RS03,-4.660880,-10.000000,0.000000,0.0000,2.0000,-4.660880,-9.518883,-0.649120,32.00
12.052039,friction-sweep,hip_abduction_right_joint,RS03,-4.737964,-10.000000,0.000000,0.0000,2.0000,-4.737964,-9.654384,-0.910965,32.00
12.064082,friction-sweep,hip_abduction_right_joint,RS03,-4.854548,-10.000000,0.000000,0.0000,2.0000,-4.854548,-9.575037,-0.475166,32.00
12.072007,friction-sweep,hip_abduction_right_joint,RS03,-4.931632,-10.000000,0.000000,0.0000,2.0000,-4.931632,-9.774014,-0.414742,32.00
12.084022,friction-sweep,hip_abduction_right_joint,RS03,-5.048216,-10.000000,0.000000,0.0000,2.0000,-5.048216,-9.701381,-0.746166,32.00
12.092013,friction-sweep,hip_abduction_right_joint,RS03,-5.125299,-10.000000,0.000000,0.0000,2.0000,-5.125299,-9.586634,-0.975052,32.00
12.100008,friction-sweep,hip_abduction_right_joint,RS03,-5.202767,-10.000000,0.000000,0.0000,2.0000,-5.202767,-9.611658,-0.544746,32.00
12.108009,friction-sweep,hip_abduction_right_joint,RS03,-5.279851,-10.000000,0.000000,0.0000,2.0000,-5.279851,-9.686122,-0.469673,32.00
12.116011,friction-sweep,hip_abduction_right_joint,RS03,-5.357318,-10.000000,0.000000,0.0000,2.0000,-5.357318,-9.610437,-0.535591,32.00
12.124007,friction-sweep,hip_abduction_right_joint,RS03,-5.434785,-10.000000,0.000000,0.0000,2.0000,-5.434785,-9.755703,-0.907303,32.00
12.132133,friction-sweep,hip_abduction_right_joint,RS03,-5.511869,-10.000000,0.000000,0.0000,2.0000,-5.511869,-9.557945,-0.788280,32.00
12.140024,friction-sweep,hip_abduction_right_joint,RS03,-5.589336,-10.000000,0.000000,0.0000,2.0000,-5.589336,-9.634241,-0.453194,32.00
12.148014,friction-sweep,hip_abduction_right_joint,RS03,-5.666803,-10.000000,0.000000,0.0000,2.0000,-5.666803,-9.657435,-0.392769,32.00
12.156010,friction-sweep,hip_abduction_right_joint,RS03,-5.744654,-10.000000,0.000000,0.0000,2.0000,-5.744654,-9.683681,-0.720531,32.00
12.164013,friction-sweep,hip_abduction_right_joint,RS03,-5.822122,-10.000000,0.000000,0.0000,2.0000,-5.822122,-9.703212,-1.008011,32.00
12.172008,friction-sweep,hip_abduction_right_joint,RS03,-5.899205,-10.000000,0.000000,0.0000,2.0000,-5.899205,-9.587244,-0.592358,32.00
12.180006,friction-sweep,hip_abduction_right_joint,RS03,-5.976289,-10.000000,0.000000,0.0000,2.0000,-5.976289,-9.677577,-0.451363,32.00
12.188009,friction-sweep,hip_abduction_right_joint,RS03,-6.054139,-10.000000,0.000000,0.0000,2.0000,-6.054139,-9.756924,-0.555733,32.00
12.196016,friction-sweep,hip_abduction_right_joint,RS03,-6.131223,-10.000000,0.000000,0.0000,2.0000,-6.131223,-9.687343,-0.817577,32.00
12.204009,friction-sweep,hip_abduction_right_joint,RS03,-6.208690,-10.000000,0.000000,0.0000,2.0000,-6.208690,-9.694057,-0.835892,32.00
12.212009,friction-sweep,hip_abduction_right_joint,RS03,-6.286158,-10.000000,0.000000,0.0000,2.0000,-6.286158,-9.683070,-0.473335,32.00
12.220005,friction-sweep,hip_abduction_right_joint,RS03,-6.363625,-10.000000,0.000000,0.0000,2.0000,-6.363625,-9.600061,-0.438545,32.00
12.228007,friction-sweep,hip_abduction_right_joint,RS03,-6.441092,-10.000000,0.000000,0.0000,2.0000,-6.441092,-9.637903,-0.607006,32.00
12.236007,friction-sweep,hip_abduction_right_joint,RS03,-6.518559,-10.000000,0.000000,0.0000,2.0000,-6.518559,-9.607386,-0.971390,32.00
12.244005,friction-sweep,hip_abduction_right_joint,RS03,-6.596026,-10.000000,0.000000,0.0000,2.0000,-6.596026,-9.722743,-0.685741,32.00
12.252018,friction-sweep,hip_abduction_right_joint,RS03,-6.673110,-10.000000,0.000000,0.0000,2.0000,-6.673110,-9.668422,-0.414742,32.00
12.260008,friction-sweep,hip_abduction_right_joint,RS03,-6.750577,-10.000000,0.000000,0.0000,2.0000,-6.750577,-9.766079,-0.553902,32.00
12.268008,friction-sweep,hip_abduction_right_joint,RS03,-6.828044,-10.000000,0.000000,0.0000,2.0000,-6.828044,-9.700770,-0.782787,32.00
12.276009,friction-sweep,hip_abduction_right_joint,RS03,-6.905512,-10.000000,0.000000,0.0000,2.0000,-6.905512,-9.745937,-0.870682,32.00
12.284008,friction-sweep,hip_abduction_right_joint,RS03,-6.982595,-10.000000,0.000000,0.0000,2.0000,-6.982595,-9.614710,-0.548409,32.00
12.292008,friction-sweep,hip_abduction_right_joint,RS03,-7.060063,-10.000000,0.000000,0.0000,2.0000,-7.060063,-9.688563,-0.423897,32.00
12.304008,friction-sweep,hip_abduction_right_joint,RS03,-7.176647,-10.000000,0.000000,0.0000,2.0000,-7.176647,-9.784389,-0.775463,32.00
12.312054,friction-sweep,hip_abduction_right_joint,RS03,-7.254115,-10.000000,0.000000,0.0000,2.0000,-7.254115,-9.665370,-0.883499,32.00
12.320028,friction-sweep,hip_abduction_right_joint,RS03,-7.331198,-10.000000,0.000000,0.0000,2.0000,-7.331198,-9.620813,-0.564888,32.00
12.328011,friction-sweep,hip_abduction_right_joint,RS03,-7.408665,-10.000000,0.000000,0.0000,2.0000,-7.408665,-9.817961,-0.473335,32.00
12.336009,friction-sweep,hip_abduction_right_joint,RS03,-7.485749,-10.000000,0.000000,0.0000,2.0000,-7.485749,-9.698939,-0.570381,32.00
12.344007,friction-sweep,hip_abduction_right_joint,RS03,-7.563600,-10.000000,0.000000,0.0000,2.0000,-7.563600,-9.775845,-0.859695,32.00
12.352040,friction-sweep,hip_abduction_right_joint,RS03,-7.640683,-10.000000,0.000000,0.0000,2.0000,-7.640683,-9.659877,-0.852371,32.00
12.360023,friction-sweep,hip_abduction_right_joint,RS03,-7.718151,-10.000000,0.000000,0.0000,2.0000,-7.718151,-9.691615,-0.416573,32.00
12.368012,friction-sweep,hip_abduction_right_joint,RS03,-7.795618,-10.000000,0.000000,0.0000,2.0000,-7.795618,-9.648890,-0.383614,32.00
12.376013,friction-sweep,hip_abduction_right_joint,RS03,-7.873085,-10.000000,0.000000,0.0000,2.0000,-7.873085,-9.645838,-0.693066,32.00
12.384010,friction-sweep,hip_abduction_right_joint,RS03,-7.950552,-10.000000,0.000000,0.0000,2.0000,-7.950552,-9.682460,-0.942093,32.00
12.392009,friction-sweep,hip_abduction_right_joint,RS03,-8.027636,-10.000000,0.000000,0.0000,2.0000,-8.027636,-9.607996,-0.676586,32.00
12.400008,friction-sweep,hip_abduction_right_joint,RS03,-8.105103,12.000000,0.000000,0.0000,2.0000,-8.105103,-9.686732,-0.504463,32.00
12.408009,friction-sweep,hip_abduction_right_joint,RS03,-8.182570,12.000000,0.000000,0.0000,2.0000,-8.182570,-9.630579,-0.605175,32.00
12.416008,friction-sweep,hip_abduction_right_joint,RS03,-8.238945,12.000000,0.000000,0.0000,2.0000,-8.238945,-4.867323,8.801102,32.00
12.424007,friction-sweep,hip_abduction_right_joint,RS03,-8.258886,12.000000,0.000000,0.0000,2.0000,-8.258886,-0.984207,6.400551,32.00
12.432007,friction-sweep,hip_abduction_right_joint,RS03,-8.251984,12.000000,0.000000,0.0000,2.0000,-8.251984,1.826506,5.085831,32.00
12.440007,friction-sweep,hip_abduction_right_joint,RS03,-8.226673,12.000000,0.000000,0.0000,2.0000,-8.226673,4.009155,4.102539,32.00
12.448005,friction-sweep,hip_abduction_right_joint,RS03,-8.186022,12.000000,0.000000,0.0000,2.0000,-8.186022,5.628443,3.360950,32.00
12.456005,friction-sweep,hip_abduction_right_joint,RS03,-8.133482,12.000000,0.000000,0.0000,2.0000,-8.133482,7.219654,3.157703,32.00
12.464005,friction-sweep,hip_abduction_right_joint,RS03,-8.072123,12.000000,0.000000,0.0000,2.0000,-8.072123,7.977112,2.753033,32.00
12.472005,friction-sweep,hip_abduction_right_joint,RS03,-8.003475,12.000000,0.000000,0.0000,2.0000,-8.003475,8.825512,2.165257,32.00
12.480007,friction-sweep,hip_abduction_right_joint,RS03,-7.929460,12.000000,0.000000,0.0000,2.0000,-7.929460,9.473106,1.941864,32.00
12.488007,friction-sweep,hip_abduction_right_joint,RS03,-7.850459,12.000000,0.000000,0.0000,2.0000,-7.850459,10.094454,1.634239,32.00
12.496060,friction-sweep,hip_abduction_right_joint,RS03,-7.767622,12.000000,0.000000,0.0000,2.0000,-7.767622,10.453957,1.132523,32.00
12.504044,friction-sweep,hip_abduction_right_joint,RS03,-7.683252,12.000000,0.000000,0.0000,2.0000,-7.683252,10.744488,1.482262,32.00
12.512095,friction-sweep,hip_abduction_right_joint,RS03,-7.595814,12.000000,0.000000,0.0000,2.0000,-7.595814,10.901352,0.819412,32.00
12.520013,friction-sweep,hip_abduction_right_joint,RS03,-7.507992,12.000000,0.000000,0.0000,2.0000,-7.507992,11.174793,1.218590,32.00
12.528011,friction-sweep,hip_abduction_right_joint,RS03,-7.417869,12.000000,0.000000,0.0000,2.0000,-7.417869,11.254749,0.698555,32.00
12.536010,friction-sweep,hip_abduction_right_joint,RS03,-7.326980,12.000000,0.000000,0.0000,2.0000,-7.326980,11.383535,0.940262,32.00
12.544008,friction-sweep,hip_abduction_right_joint,RS03,-7.235706,12.000000,0.000000,0.0000,2.0000,-7.235706,11.428091,0.865189,32.00
12.552008,friction-sweep,hip_abduction_right_joint,RS03,-7.144050,12.000000,0.000000,0.0000,2.0000,-7.144050,11.515984,0.552071,32.00
12.560007,friction-sweep,hip_abduction_right_joint,RS03,-7.051626,12.000000,0.000000,0.0000,2.0000,-7.051626,11.545280,0.975052,32.00
12.568007,friction-sweep,hip_abduction_right_joint,RS03,-6.958435,12.000000,0.000000,0.0000,2.0000,-6.958435,11.555046,0.607002,32.00
12.576006,friction-sweep,hip_abduction_right_joint,RS03,-6.866011,12.000000,0.000000,0.0000,2.0000,-6.866011,11.544060,0.583199,32.00
12.584005,friction-sweep,hip_abduction_right_joint,RS03,-6.772820,12.000000,0.000000,0.0000,2.0000,-6.772820,11.641109,0.929276,32.00
12.592010,friction-sweep,hip_abduction_right_joint,RS03,-6.679630,12.000000,0.000000,0.0000,2.0000,-6.679630,11.595329,0.766312,32.00
12.600007,friction-sweep,hip_abduction_right_joint,RS03,-6.586439,12.000000,0.000000,0.0000,2.0000,-6.586439,11.660641,0.581367,32.00
12.608007,friction-sweep,hip_abduction_right_joint,RS03,-6.493632,12.000000,0.000000,0.0000,2.0000,-6.493632,11.631340,0.892654,32.00
12.616099,friction-sweep,hip_abduction_right_joint,RS03,-6.400441,12.000000,0.000000,0.0000,2.0000,-6.400441,11.718624,0.674751,32.00
12.624014,friction-sweep,hip_abduction_right_joint,RS03,-6.307250,12.000000,0.000000,0.0000,2.0000,-6.307250,11.588615,0.530098,32.00
12.632007,friction-sweep,hip_abduction_right_joint,RS03,-6.213676,12.000000,0.000000,0.0000,2.0000,-6.213676,11.827269,0.867020,32.00
12.640006,friction-sweep,hip_abduction_right_joint,RS03,-6.120485,12.000000,0.000000,0.0000,2.0000,-6.120485,11.531242,0.548409,32.00
12.648007,friction-sweep,hip_abduction_right_joint,RS03,-6.027295,12.000000,0.000000,0.0000,2.0000,-6.027295,11.554436,0.588692,32.00
12.656006,friction-sweep,hip_abduction_right_joint,RS03,-5.934103,12.000000,0.000000,0.0000,2.0000,-5.934103,11.613640,0.914627,32.00
12.664007,friction-sweep,hip_abduction_right_joint,RS03,-5.840529,12.000000,0.000000,0.0000,2.0000,-5.840529,11.604485,0.592354,32.00
12.672007,friction-sweep,hip_abduction_right_joint,RS03,-5.747722,12.000000,0.000000,0.0000,2.0000,-5.747722,11.627068,0.528267,32.00
12.680007,friction-sweep,hip_abduction_right_joint,RS03,-5.654531,12.000000,0.000000,0.0000,2.0000,-5.654531,11.755245,0.997025,32.00
12.688006,friction-sweep,hip_abduction_right_joint,RS03,-5.561340,12.000000,0.000000,0.0000,2.0000,-5.561340,11.638664,0.726028,32.00
12.696006,friction-sweep,hip_abduction_right_joint,RS03,-5.468150,12.000000,0.000000,0.0000,2.0000,-5.468150,11.661861,0.447701,32.00
12.704006,friction-sweep,hip_abduction_right_joint,RS03,-5.374959,12.000000,0.000000,0.0000,2.0000,-5.374959,11.744869,0.861526,32.00
12.712008,friction-sweep,hip_abduction_right_joint,RS03,-5.281385,12.000000,0.000000,0.0000,2.0000,-5.281385,11.712521,0.921951,32.00
12.720006,friction-sweep,hip_abduction_right_joint,RS03,-5.188194,12.000000,0.000000,0.0000,2.0000,-5.188194,11.583733,0.544746,32.00
12.728005,friction-sweep,hip_abduction_right_joint,RS03,-5.095387,12.000000,0.000000,0.0000,2.0000,-5.095387,11.531853,0.841385,32.00
12.736006,friction-sweep,hip_abduction_right_joint,RS03,-5.002196,12.000000,0.000000,0.0000,2.0000,-5.002196,11.654537,0.762650,32.00
12.744006,friction-sweep,hip_abduction_right_joint,RS03,-4.909005,12.000000,0.000000,0.0000,2.0000,-4.909005,11.631340,0.544746,32.00
12.752005,friction-sweep,hip_abduction_right_joint,RS03,-4.815431,12.000000,0.000000,0.0000,2.0000,-4.815431,11.756466,0.821243,32.00
12.760005,friction-sweep,hip_abduction_right_joint,RS03,-4.722624,12.000000,0.000000,0.0000,2.0000,-4.722624,11.657589,0.738846,32.00
12.768007,friction-sweep,hip_abduction_right_joint,RS03,-4.629049,12.000000,0.000000,0.0000,2.0000,-4.629049,11.678951,0.473335,32.00
12.776006,friction-sweep,hip_abduction_right_joint,RS03,-4.535858,12.000000,0.000000,0.0000,2.0000,-4.535858,11.636223,0.791946,32.00
12.784047,friction-sweep,hip_abduction_right_joint,RS03,-4.442668,12.000000,0.000000,0.0000,2.0000,-4.442668,11.606926,0.731522,32.00
12.792039,friction-sweep,hip_abduction_right_joint,RS03,-4.349861,12.000000,0.000000,0.0000,2.0000,-4.349861,11.633781,0.478828,32.00
12.800018,friction-sweep,hip_abduction_right_joint,RS03,-4.256287,12.000000,0.000000,0.0000,2.0000,-4.256287,11.736324,0.813919,32.00
12.808014,friction-sweep,hip_abduction_right_joint,RS03,-4.163095,12.000000,0.000000,0.0000,2.0000,-4.163095,11.640495,0.795609,32.00
12.816240,friction-sweep,hip_abduction_right_joint,RS03,-4.067221,12.000000,0.000000,0.0000,2.0000,-4.067221,11.642941,0.436714,32.00
12.824040,friction-sweep,hip_abduction_right_joint,RS03,-3.976714,12.000000,0.000000,0.0000,2.0000,-3.976714,11.749142,0.731522,32.00
12.832015,friction-sweep,hip_abduction_right_joint,RS03,-3.883523,12.000000,0.000000,0.0000,2.0000,-3.883523,11.637444,0.973221,32.00
12.840012,friction-sweep,hip_abduction_right_joint,RS03,-3.790333,12.000000,0.000000,0.0000,2.0000,-3.790333,11.641109,0.392769,32.00
12.848008,friction-sweep,hip_abduction_right_joint,RS03,-3.697142,12.000000,0.000000,0.0000,2.0000,-3.697142,11.559319,0.678413,32.00
12.856011,friction-sweep,hip_abduction_right_joint,RS03,-3.604335,12.000000,0.000000,0.0000,2.0000,-3.604335,11.589226,0.888992,32.00
12.864011,friction-sweep,hip_abduction_right_joint,RS03,-3.510761,12.000000,0.000000,0.0000,2.0000,-3.510761,11.663692,0.486153,32.00
12.872005,friction-sweep,hip_abduction_right_joint,RS03,-3.417570,12.000000,0.000000,0.0000,2.0000,-3.417570,11.678341,0.663765,32.00
12.880011,friction-sweep,hip_abduction_right_joint,RS03,-3.324762,12.000000,0.000000,0.0000,2.0000,-3.324762,11.535515,0.868851,32.00
12.888007,friction-sweep,hip_abduction_right_joint,RS03,-3.231189,12.000000,0.000000,0.0000,2.0000,-3.231189,11.626457,0.460518,32.00
12.896009,friction-sweep,hip_abduction_right_joint,RS03,-3.137998,12.000000,0.000000,0.0000,2.0000,-3.137998,11.538567,0.791946,32.00
12.904007,friction-sweep,hip_abduction_right_joint,RS03,-3.044806,12.000000,0.000000,0.0000,2.0000,-3.044806,11.576408,0.738846,32.00
12.912006,friction-sweep,hip_abduction_right_joint,RS03,-2.952000,12.000000,0.000000,0.0000,2.0000,-2.952000,11.626457,0.438545,32.00
12.920012,friction-sweep,hip_abduction_right_joint,RS03,-2.858809,12.000000,0.000000,0.0000,2.0000,-2.858809,11.682003,0.782791,32.00
12.928004,friction-sweep,hip_abduction_right_joint,RS03,-2.765617,12.000000,0.000000,0.0000,2.0000,-2.765617,11.602654,0.815750,32.00
12.936006,friction-sweep,hip_abduction_right_joint,RS03,-2.672427,12.000000,0.000000,0.0000,2.0000,-2.672427,11.569695,0.409248,32.00
12.944006,friction-sweep,hip_abduction_right_joint,RS03,-2.579620,12.000000,0.000000,0.0000,2.0000,-2.579620,11.598381,0.639961,32.00
12.952005,friction-sweep,hip_abduction_right_joint,RS03,-2.486046,12.000000,0.000000,0.0000,2.0000,-2.486046,11.539177,0.920120,32.00
12.960007,friction-sweep,hip_abduction_right_joint,RS03,-2.392855,12.000000,0.000000,0.0000,2.0000,-2.392855,11.620964,0.350655,32.00
12.968007,friction-sweep,hip_abduction_right_joint,RS03,-2.300048,12.000000,0.000000,0.0000,2.0000,-2.300048,11.736935,0.724197,32.00
12.976005,friction-sweep,hip_abduction_right_joint,RS03,-2.206857,12.000000,0.000000,0.0000,2.0000,-2.206857,11.674068,0.890823,32.00
12.984006,friction-sweep,hip_abduction_right_joint,RS03,-2.113666,12.000000,0.000000,0.0000,2.0000,-2.113666,11.682613,0.458687,32.00
12.992006,friction-sweep,hip_abduction_right_joint,RS03,-2.020475,12.000000,0.000000,0.0000,2.0000,-2.020475,11.620964,0.694893,32.00
13.000006,friction-sweep,hip_abduction_right_joint,RS03,-1.927668,12.000000,0.000000,0.0000,2.0000,-1.927668,11.584953,0.815750,32.00
13.008005,friction-sweep,hip_abduction_right_joint,RS03,-1.834093,12.000000,0.000000,0.0000,2.0000,-1.834093,11.639885,0.464180,32.00
13.016006,friction-sweep,hip_abduction_right_joint,RS03,-1.740903,12.000000,0.000000,0.0000,2.0000,-1.740903,11.619743,0.748001,32.00
13.024007,friction-sweep,hip_abduction_right_joint,RS03,-1.648096,12.000000,0.000000,0.0000,2.0000,-1.648096,11.651485,0.867020,32.00
13.032006,friction-sweep,hip_abduction_right_joint,RS03,-1.554905,12.000000,0.000000,0.0000,2.0000,-1.554905,11.642941,0.462349,32.00
13.040007,friction-sweep,hip_abduction_right_joint,RS03,-1.461715,12.000000,0.000000,0.0000,2.0000,-1.461715,11.719845,0.771805,32.00
13.048007,friction-sweep,hip_abduction_right_joint,RS03,-1.368524,12.000000,0.000000,0.0000,2.0000,-1.368524,11.575188,0.859695,32.00
13.056005,friction-sweep,hip_abduction_right_joint,RS03,-1.275716,12.000000,0.000000,0.0000,2.0000,-1.275716,11.643551,0.444038,32.00
13.064005,friction-sweep,hip_abduction_right_joint,RS03,-1.182526,12.000000,0.000000,0.0000,2.0000,-1.182526,11.696651,0.685738,32.00
13.076005,friction-sweep,hip_abduction_right_joint,RS03,-1.042547,12.000000,0.000000,0.0000,2.0000,-1.042547,11.520866,0.744339,32.00
13.084004,friction-sweep,hip_abduction_right_joint,RS03,-0.949357,12.000000,0.000000,0.0000,2.0000,-0.949357,11.635002,0.892654,32.00
13.092006,friction-sweep,hip_abduction_right_joint,RS03,-0.856549,12.000000,0.000000,0.0000,2.0000,-0.856549,11.649654,0.458687,32.00
13.100007,friction-sweep,hip_abduction_right_joint,RS03,-0.762976,12.000000,0.000000,0.0000,2.0000,-0.762976,11.682613,0.758987,32.00
13.108099,friction-sweep,hip_abduction_right_joint,RS03,-0.669785,12.000000,0.000000,0.0000,2.0000,-0.669785,11.697262,0.916458,32.00
13.116015,friction-sweep,hip_abduction_right_joint,RS03,-0.576978,12.000000,0.000000,0.0000,2.0000,-0.576978,11.597771,0.456856,32.00
13.124007,friction-sweep,hip_abduction_right_joint,RS03,-0.483787,12.000000,0.000000,0.0000,2.0000,-0.483787,11.613640,0.687569,32.00
13.132006,friction-sweep,hip_abduction_right_joint,RS03,-0.390212,12.000000,0.000000,0.0000,2.0000,-0.390212,11.592278,0.986038,32.00
13.140008,friction-sweep,hip_abduction_right_joint,RS03,-0.297022,12.000000,0.000000,0.0000,2.0000,-0.297022,11.597771,0.442207,32.00
13.148005,friction-sweep,hip_abduction_right_joint,RS03,-0.204214,12.000000,0.000000,0.0000,2.0000,-0.204214,11.514153,0.661934,32.00
13.156006,friction-sweep,hip_abduction_right_joint,RS03,-0.111023,12.000000,0.000000,0.0000,2.0000,-0.111023,11.741817,0.993362,32.00
13.164005,friction-sweep,hip_abduction_right_joint,RS03,-0.017833,12.000000,0.000000,0.0000,2.0000,-0.017833,11.619133,0.596016,32.00
13.172007,friction-sweep,hip_abduction_right_joint,RS03,0.075742,12.000000,0.000000,0.0000,2.0000,0.075742,11.537956,0.628975,32.00
13.180006,friction-sweep,hip_abduction_right_joint,RS03,0.168550,12.000000,0.000000,0.0000,2.0000,0.168550,11.579460,0.964066,32.00
13.188004,friction-sweep,hip_abduction_right_joint,RS03,0.261740,12.000000,0.000000,0.0000,2.0000,0.261740,11.734493,0.621651,32.00
13.196005,friction-sweep,hip_abduction_right_joint,RS03,0.355314,12.000000,0.000000,0.0000,2.0000,0.355314,11.655148,0.639961,32.00
13.204005,friction-sweep,hip_abduction_right_joint,RS03,0.448505,12.000000,0.000000,0.0000,2.0000,0.448505,11.615471,0.943924,32.00
13.212007,friction-sweep,hip_abduction_right_joint,RS03,0.541312,12.000000,0.000000,0.0000,2.0000,0.541312,11.641109,0.511787,32.00
13.220005,friction-sweep,hip_abduction_right_joint,RS03,0.634501,12.000000,0.000000,0.0000,2.0000,0.634501,11.782711,0.694893,32.00
13.228004,friction-sweep,hip_abduction_right_joint,RS03,0.728076,12.000000,0.000000,0.0000,2.0000,0.728076,11.674068,0.912796,32.00
13.236006,friction-sweep,hip_abduction_right_joint,RS03,0.821267,12.000000,0.000000,0.0000,2.0000,0.821267,11.683224,0.466011,32.00
13.244004,friction-sweep,hip_abduction_right_joint,RS03,0.914074,12.000000,0.000000,0.0000,2.0000,0.914074,11.553215,0.568550,32.00
13.252004,friction-sweep,hip_abduction_right_joint,RS03,1.007648,12.000000,0.000000,0.0000,2.0000,1.007648,11.642330,1.008011,32.00
13.260007,friction-sweep,hip_abduction_right_joint,RS03,1.101223,12.000000,0.000000,0.0000,2.0000,1.101223,11.689327,0.509956,32.00
13.268006,friction-sweep,hip_abduction_right_joint,RS03,1.194031,12.000000,0.000000,0.0000,2.0000,1.194031,11.634392,0.553902,32.00
13.276007,friction-sweep,hip_abduction_right_joint,RS03,1.287221,12.000000,0.000000,0.0000,2.0000,1.287221,11.682613,1.009842,32.00
13.284006,friction-sweep,hip_abduction_right_joint,RS03,1.380795,12.000000,0.000000,0.0000,2.0000,1.380795,11.722286,0.782791,32.00
13.292045,friction-sweep,hip_abduction_right_joint,RS03,1.473987,12.000000,0.000000,0.0000,2.0000,1.473987,11.808958,0.524605,32.00
13.300018,friction-sweep,hip_abduction_right_joint,RS03,1.567177,12.000000,0.000000,0.0000,2.0000,1.567177,11.731441,0.881668,32.00
13.308006,friction-sweep,hip_abduction_right_joint,RS03,1.660368,12.000000,0.000000,0.0000,2.0000,1.660368,11.752193,0.597847,32.00
13.316011,friction-sweep,hip_abduction_right_joint,RS03,1.753559,12.000000,0.000000,0.0000,2.0000,1.753559,11.571526,0.577705,32.00
13.324010,friction-sweep,hip_abduction_right_joint,RS03,1.846749,12.000000,0.000000,0.0000,2.0000,1.846749,11.669796,0.931107,32.00
13.332010,friction-sweep,hip_abduction_right_joint,RS03,1.939940,12.000000,0.000000,0.0000,2.0000,1.939940,11.753414,0.559395,32.00
13.340010,friction-sweep,hip_abduction_right_joint,RS03,2.032748,12.000000,0.000000,0.0000,2.0000,2.032748,11.701534,0.682076,32.00
13.348057,friction-sweep,hip_abduction_right_joint,RS03,2.126705,12.000000,0.000000,0.0000,2.0000,2.126705,11.593498,0.894485,32.00
13.356030,friction-sweep,hip_abduction_right_joint,RS03,2.219130,12.000000,0.000000,0.0000,2.0000,2.219130,11.639275,0.541084,32.00
13.364027,friction-sweep,hip_abduction_right_joint,RS03,2.312321,12.000000,0.000000,0.0000,2.0000,2.312321,11.597160,0.559395,32.00
13.372017,friction-sweep,hip_abduction_right_joint,RS03,2.405894,12.000000,0.000000,0.0000,2.0000,2.405894,11.733883,1.031815,32.00
13.380005,friction-sweep,hip_abduction_right_joint,RS03,2.499084,12.000000,0.000000,0.0000,2.0000,2.499084,11.647213,0.590523,32.00
13.388011,friction-sweep,hip_abduction_right_joint,RS03,2.591891,12.000000,0.000000,0.0000,2.0000,2.591891,11.624016,0.550240,32.00
13.396007,friction-sweep,hip_abduction_right_joint,RS03,2.685082,12.000000,0.000000,0.0000,2.0000,2.685082,11.656368,1.002518,32.00
13.404009,friction-sweep,hip_abduction_right_joint,RS03,2.778273,12.000000,0.000000,0.0000,2.0000,2.778273,11.623405,0.753494,32.00
13.412009,friction-sweep,hip_abduction_right_joint,RS03,2.871464,12.000000,0.000000,0.0000,2.0000,2.871464,11.740597,0.513618,32.00
13.420006,friction-sweep,hip_abduction_right_joint,RS03,2.964272,12.000000,0.000000,0.0000,2.0000,2.964272,11.589836,0.932938,32.00
13.428009,friction-sweep,hip_abduction_right_joint,RS03,3.057845,12.000000,0.000000,0.0000,2.0000,3.057845,11.644161,0.680244,32.00
13.440006,friction-sweep,hip_abduction_right_joint,RS03,3.197441,12.000000,0.000000,0.0000,2.0000,3.197441,11.622185,0.656441,32.00
13.448009,friction-sweep,hip_abduction_right_joint,RS03,3.290631,12.000000,0.000000,0.0000,2.0000,3.290631,11.599602,0.447701,32.00
13.456006,friction-sweep,hip_abduction_right_joint,RS03,3.383821,12.000000,0.000000,0.0000,2.0000,3.383821,11.746700,0.969559,32.00
13.464008,friction-sweep,hip_abduction_right_joint,RS03,3.477012,12.000000,0.000000,0.0000,2.0000,3.477012,11.738155,0.938431,32.00
13.472008,friction-sweep,hip_abduction_right_joint,RS03,3.570203,12.000000,0.000000,0.0000,2.0000,3.570203,11.597771,0.436714,32.00
13.480006,friction-sweep,hip_abduction_right_joint,RS03,3.663011,12.000000,0.000000,0.0000,2.0000,3.663011,11.527580,0.868851,32.00
13.488014,friction-sweep,hip_abduction_right_joint,RS03,3.756585,12.000000,0.000000,0.0000,2.0000,3.756585,11.685055,0.773636,32.00
13.496009,friction-sweep,hip_abduction_right_joint,RS03,3.849774,12.000000,0.000000,0.0000,2.0000,3.849774,11.653316,0.484322,32.00
13.504007,friction-sweep,hip_abduction_right_joint,RS03,3.942966,12.000000,0.000000,0.0000,2.0000,3.942966,11.696651,0.830399,32.00
13.512006,friction-sweep,hip_abduction_right_joint,RS03,4.035773,12.000000,0.000000,0.0000,2.0000,4.035773,11.506828,0.757156,32.00
13.520056,friction-sweep,hip_abduction_right_joint,RS03,4.129731,12.000000,0.000000,0.0000,2.0000,4.129731,11.722286,0.520943,32.00
13.528052,friction-sweep,hip_abduction_right_joint,RS03,4.222922,12.000000,0.000000,0.0000,2.0000,4.222922,11.666744,0.764481,32.00
13.536044,friction-sweep,hip_abduction_right_joint,RS03,4.315345,12.000000,0.000000,0.0000,2.0000,4.315345,11.663082,0.737015,32.00
13.544055,friction-sweep,hip_abduction_right_joint,RS03,4.408536,12.000000,0.000000,0.0000,2.0000,4.408536,11.802244,0.509956,32.00
13.552197,friction-sweep,hip_abduction_right_joint,RS03,4.503644,12.000000,0.000000,0.0000,2.0000,4.503644,11.673458,0.885330,32.00
13.560021,friction-sweep,hip_abduction_right_joint,RS03,4.595302,12.000000,0.000000,0.0000,2.0000,4.595302,11.650265,0.749832,32.00
13.568021,friction-sweep,hip_abduction_right_joint,RS03,4.688109,12.000000,0.000000,0.0000,2.0000,4.688109,11.555046,0.433052,32.00
13.576019,friction-sweep,hip_abduction_right_joint,RS03,4.780917,12.000000,0.000000,0.0000,2.0000,4.780917,11.586784,0.848709,32.00
13.584017,friction-sweep,hip_abduction_right_joint,RS03,4.874106,12.000000,0.000000,0.0000,2.0000,4.874106,11.572746,0.920120,32.00
13.592056,friction-sweep,hip_abduction_right_joint,RS03,4.968064,12.000000,0.000000,0.0000,2.0000,4.968064,11.634392,0.368965,32.00
13.600045,friction-sweep,hip_abduction_right_joint,RS03,5.061255,-12.000000,0.000000,0.0000,2.0000,5.061255,11.700314,0.751663,32.00
13.612162,friction-sweep,hip_abduction_right_joint,RS03,5.200467,-12.000000,0.000000,0.0000,2.0000,5.200467,11.628288,0.839554,32.00
13.624016,friction-sweep,hip_abduction_right_joint,RS03,5.289823,-12.000000,0.000000,0.0000,2.0000,5.289823,3.989014,-8.330513,32.00
13.632013,friction-sweep,hip_abduction_right_joint,RS03,5.304011,-12.000000,0.000000,0.0000,2.0000,5.304011,0.386662,-5.972073,32.00
13.640014,friction-sweep,hip_abduction_right_joint,RS03,5.293273,-12.000000,0.000000,0.0000,2.0000,5.293273,-2.326391,-4.600597,32.00
13.648010,friction-sweep,hip_abduction_right_joint,RS03,5.264129,-12.000000,0.000000,0.0000,2.0000,5.264129,-4.467536,-3.802242,32.00
13.656024,friction-sweep,hip_abduction_right_joint,RS03,5.220792,-12.000000,0.000000,0.0000,2.0000,5.220792,-6.152133,-3.197987,32.00
13.664010,friction-sweep,hip_abduction_right_joint,RS03,5.165952,-12.000000,0.000000,0.0000,2.0000,5.165952,-7.350882,-2.947128,32.00
13.672009,friction-sweep,hip_abduction_right_joint,RS03,5.103057,-12.000000,0.000000,0.0000,2.0000,5.103057,-8.276188,-2.780499,32.00
13.680026,friction-sweep,hip_abduction_right_joint,RS03,5.033259,-12.000000,0.000000,0.0000,2.0000,5.033259,-9.068437,-2.293430,32.00
13.688015,friction-sweep,hip_abduction_right_joint,RS03,4.957709,-12.000000,0.000000,0.0000,2.0000,4.957709,-9.587244,-1.788055,32.00
13.696009,friction-sweep,hip_abduction_right_joint,RS03,4.878325,-12.000000,0.000000,0.0000,2.0000,4.878325,-10.113375,-1.246052,32.00
13.704010,friction-sweep,hip_abduction_right_joint,RS03,4.795106,-12.000000,0.000000,0.0000,2.0000,4.795106,-10.630960,-1.420006,32.00
13.712007,friction-sweep,hip_abduction_right_joint,RS03,4.709968,-12.000000,0.000000,0.0000,2.0000,4.709968,-10.864119,-1.207600,32.00
13.720007,friction-sweep,hip_abduction_right_joint,RS03,4.622914,-12.000000,0.000000,0.0000,2.0000,4.622914,-10.837262,-0.912796,32.00
13.728008,friction-sweep,hip_abduction_right_joint,RS03,4.534324,-12.000000,0.000000,0.0000,2.0000,4.534324,-11.146715,-0.936600,32.00
13.736008,friction-sweep,hip_abduction_right_joint,RS03,4.443818,-12.000000,0.000000,0.0000,2.0000,4.443818,-11.337148,-0.949417,32.00
13.744007,friction-sweep,hip_abduction_right_joint,RS03,4.353312,-12.000000,0.000000,0.0000,2.0000,4.353312,-11.284047,-0.683910,32.00
13.752008,friction-sweep,hip_abduction_right_joint,RS03,4.262038,-12.000000,0.000000,0.0000,2.0000,4.262038,-11.504387,-1.046463,32.00
13.760009,friction-sweep,hip_abduction_right_joint,RS03,4.169997,-12.000000,0.000000,0.0000,2.0000,4.169997,-11.470207,-0.738842,32.00
13.768007,friction-sweep,hip_abduction_right_joint,RS03,4.077191,-12.000000,0.000000,0.0000,2.0000,4.077191,-11.688716,-0.568550,32.00
13.776008,friction-sweep,hip_abduction_right_joint,RS03,3.984385,-12.000000,0.000000,0.0000,2.0000,3.984385,-11.651484,-1.037308,32.00
13.784012,friction-sweep,hip_abduction_right_joint,RS03,3.891961,-12.000000,0.000000,0.0000,2.0000,3.891961,-11.668574,-0.678417,32.00
13.792006,friction-sweep,hip_abduction_right_joint,RS03,3.799153,-12.000000,0.000000,0.0000,2.0000,3.799153,-11.600824,-0.550240,32.00
13.800007,friction-sweep,hip_abduction_right_joint,RS03,3.705962,-12.000000,0.000000,0.0000,2.0000,3.705962,-11.685054,-1.033646,32.00
13.812005,friction-sweep,hip_abduction_right_joint,RS03,3.566367,-12.000000,0.000000,0.0000,2.0000,3.566367,-11.667964,-1.008011,32.00
13.820005,friction-sweep,hip_abduction_right_joint,RS03,3.473176,-12.000000,0.000000,0.0000,2.0000,3.473176,-11.640497,-0.636303,32.00
13.828004,friction-sweep,hip_abduction_right_joint,RS03,3.379986,-12.000000,0.000000,0.0000,2.0000,3.379986,-11.721676,-0.489815,32.00
13.836007,friction-sweep,hip_abduction_right_joint,RS03,3.286411,-12.000000,0.000000,0.0000,2.0000,3.286411,-11.766842,-0.954910,32.00
13.844007,friction-sweep,hip_abduction_right_joint,RS03,3.193222,-12.000000,0.000000,0.0000,2.0000,3.193222,-11.583124,-0.647289,32.00
13.852005,friction-sweep,hip_abduction_right_joint,RS03,3.100415,-12.000000,0.000000,0.0000,2.0000,3.100415,-11.550164,-0.531929,32.00
13.860004,friction-sweep,hip_abduction_right_joint,RS03,3.007224,-12.000000,0.000000,0.0000,2.0000,3.007224,-11.744869,-1.128864,32.00
13.868005,friction-sweep,hip_abduction_right_joint,RS03,2.913650,-12.000000,0.000000,0.0000,2.0000,2.913650,-11.582514,-0.552071,32.00
13.876007,friction-sweep,hip_abduction_right_joint,RS03,2.820459,-12.000000,0.000000,0.0000,2.0000,2.820459,-11.528801,-0.390938,32.00
13.884006,friction-sweep,hip_abduction_right_joint,RS03,2.727268,-12.000000,0.000000,0.0000,2.0000,2.727268,-11.572137,-0.998856,32.00
13.892006,friction-sweep,hip_abduction_right_joint,RS03,2.634077,-12.000000,0.000000,0.0000,2.0000,2.634077,-11.707638,-0.700390,32.00
13.900005,friction-sweep,hip_abduction_right_joint,RS03,2.540887,-12.000000,0.000000,0.0000,2.0000,2.540887,-11.638666,-0.445869,32.00
13.908007,friction-sweep,hip_abduction_right_joint,RS03,2.447696,-12.000000,0.000000,0.0000,2.0000,2.447696,-11.590448,-0.986038,32.00
13.916004,friction-sweep,hip_abduction_right_joint,RS03,2.354505,-12.000000,0.000000,0.0000,2.0000,2.354505,-11.733273,-0.614330,32.00
13.924006,friction-sweep,hip_abduction_right_joint,RS03,2.261314,-12.000000,0.000000,0.0000,2.0000,2.261314,-11.702145,-0.497139,32.00
13.932005,friction-sweep,hip_abduction_right_joint,RS03,2.168507,-12.000000,0.000000,0.0000,2.0000,2.168507,-11.572747,-0.909134,32.00
13.940005,friction-sweep,hip_abduction_right_joint,RS03,2.075315,-12.000000,0.000000,0.0000,2.0000,2.075315,-11.774166,-0.585030,32.00
13.948006,friction-sweep,hip_abduction_right_joint,RS03,1.981742,-12.000000,0.000000,0.0000,2.0000,1.981742,-11.694209,-0.506294,32.00
13.956006,friction-sweep,hip_abduction_right_joint,RS03,1.888551,-12.000000,0.000000,0.0000,2.0000,1.888551,-11.686275,-0.830399,32.00
13.964005,friction-sweep,hip_abduction_right_joint,RS03,1.795360,-12.000000,0.000000,0.0000,2.0000,1.795360,-11.660640,-0.627148,32.00
13.972006,friction-sweep,hip_abduction_right_joint,RS03,1.702553,-12.000000,0.000000,0.0000,2.0000,1.702553,-11.592890,-0.478828,32.00
13.980004,friction-sweep,hip_abduction_right_joint,RS03,1.608978,-12.000000,0.000000,0.0000,2.0000,1.608978,-11.655146,-1.042801,32.00
13.988006,friction-sweep,hip_abduction_right_joint,RS03,1.515787,-12.000000,0.000000,0.0000,2.0000,1.515787,-11.694819,-0.658276,32.00
13.996006,friction-sweep,hip_abduction_right_joint,RS03,1.422596,-12.000000,0.000000,0.0000,2.0000,1.422596,-11.620356,-0.390938,32.00
14.004005,friction-sweep,hip_abduction_right_joint,RS03,1.329791,-12.000000,0.000000,0.0000,2.0000,1.329791,-11.517815,-0.892654,32.00
14.012006,friction-sweep,hip_abduction_right_joint,RS03,1.236217,-12.000000,0.000000,0.0000,2.0000,1.236217,-11.517204,-0.623486,32.00
14.020006,friction-sweep,hip_abduction_right_joint,RS03,1.143025,-12.000000,0.000000,0.0000,2.0000,1.143025,-11.684443,-0.489815,32.00
14.028006,friction-sweep,hip_abduction_right_joint,RS03,1.049834,-12.000000,0.000000,0.0000,2.0000,1.049834,-11.639887,-1.006180,32.00
14.036006,friction-sweep,hip_abduction_right_joint,RS03,0.956644,-12.000000,0.000000,0.0000,2.0000,0.956644,-11.686275,-0.726025,32.00
14.044007,friction-sweep,hip_abduction_right_joint,RS03,0.863453,-12.000000,0.000000,0.0000,2.0000,0.863453,-11.638666,-0.541084,32.00
14.052007,friction-sweep,hip_abduction_right_joint,RS03,0.770262,-12.000000,0.000000,0.0000,2.0000,0.770262,-11.565423,-0.868851,32.00
14.060081,friction-sweep,hip_abduction_right_joint,RS03,0.676688,-12.000000,0.000000,0.0000,2.0000,0.676688,-11.590448,-0.753490,32.00
14.072020,friction-sweep,hip_abduction_right_joint,RS03,0.537092,-12.000000,0.000000,0.0000,2.0000,0.537092,-11.609980,-0.784618,32.00
14.080012,friction-sweep,hip_abduction_right_joint,RS03,0.443903,-12.000000,0.000000,0.0000,2.0000,0.443903,-11.683223,-0.482491,32.00
14.088012,friction-sweep,hip_abduction_right_joint,RS03,0.350713,-12.000000,0.000000,0.0000,2.0000,0.350713,-11.637445,-0.887161,32.00
14.100004,friction-sweep,hip_abduction_right_joint,RS03,0.211117,-12.000000,0.000000,0.0000,2.0000,0.211117,-11.638056,-0.971390,32.00
14.108004,friction-sweep,hip_abduction_right_joint,RS03,0.117543,-12.000000,0.000000,0.0000,2.0000,0.117543,-11.702145,-0.790112,32.00
14.116101,friction-sweep,hip_abduction_right_joint,RS03,0.024735,-12.000000,0.000000,0.0000,2.0000,0.024735,-11.702755,-0.460518,32.00
14.124013,friction-sweep,hip_abduction_right_joint,RS03,-0.068455,-12.000000,0.000000,0.0000,2.0000,-0.068455,-11.641718,-0.801098,32.00
14.132010,friction-sweep,hip_abduction_right_joint,RS03,-0.162029,-12.000000,0.000000,0.0000,2.0000,-0.162029,-11.757687,-0.843216,32.00
14.140009,friction-sweep,hip_abduction_right_joint,RS03,-0.255219,-12.000000,0.000000,0.0000,2.0000,-0.255219,-11.728390,-0.476997,32.00
14.148007,friction-sweep,hip_abduction_right_joint,RS03,-0.348411,-12.000000,0.000000,0.0000,2.0000,-0.348411,-11.597773,-0.817577,32.00
14.156006,friction-sweep,hip_abduction_right_joint,RS03,-0.441602,-12.000000,0.000000,0.0000,2.0000,-0.441602,-11.792478,-0.914627,32.00
14.164002,friction-sweep,hip_abduction_right_joint,RS03,-0.534792,-12.000000,0.000000,0.0000,2.0000,-0.534792,-11.672847,-0.476997,32.00
14.172009,friction-sweep,hip_abduction_right_joint,RS03,-0.627983,-12.000000,0.000000,0.0000,2.0000,-0.627983,-11.602045,-0.757153,32.00
14.180007,friction-sweep,hip_abduction_right_joint,RS03,-0.721174,-12.000000,0.000000,0.0000,2.0000,-0.721174,-11.725948,-0.819408,32.00
14.188008,friction-sweep,hip_abduction_right_joint,RS03,-0.814364,-12.000000,0.000000,0.0000,2.0000,-0.814364,-11.592279,-0.557564,32.00
14.196006,friction-sweep,hip_abduction_right_joint,RS03,-0.907938,-12.000000,0.000000,0.0000,2.0000,-0.907938,-11.753414,-0.557564,32.00
14.204009,friction-sweep,hip_abduction_right_joint,RS03,-1.001129,-12.000000,0.000000,0.0000,2.0000,-1.001129,-11.614862,-0.861526,32.00
14.212008,friction-sweep,hip_abduction_right_joint,RS03,-1.094320,-12.000000,0.000000,0.0000,2.0000,-1.094320,-11.658808,-0.442207,32.00
14.220002,friction-sweep,hip_abduction_right_joint,RS03,-1.187510,-12.000000,0.000000,0.0000,2.0000,-1.187510,-11.704586,-0.652782,32.00
14.228005,friction-sweep,hip_abduction_right_joint,RS03,-1.281085,-12.000000,0.000000,0.0000,2.0000,-1.281085,-11.668574,-0.843216,32.00
14.236009,friction-sweep,hip_abduction_right_joint,RS03,-1.373893,-12.000000,0.000000,0.0000,2.0000,-1.373893,-11.633783,-0.392769,32.00
14.244004,friction-sweep,hip_abduction_right_joint,RS03,-1.467467,-12.000000,0.000000,0.0000,2.0000,-1.467467,-11.618525,-0.691235,32.00
14.252009,friction-sweep,hip_abduction_right_joint,RS03,-1.560658,-12.000000,0.000000,0.0000,2.0000,-1.560658,-11.772335,-0.907303,32.00
14.260005,friction-sweep,hip_abduction_right_joint,RS03,-1.654232,-12.000000,0.000000,0.0000,2.0000,-1.654232,-11.658197,-0.467842,32.00
14.268005,friction-sweep,hip_abduction_right_joint,RS03,-1.747040,-12.000000,0.000000,0.0000,2.0000,-1.747040,-11.714352,-0.641796,32.00
14.276004,friction-sweep,hip_abduction_right_joint,RS03,-1.840229,-12.000000,0.000000,0.0000,2.0000,-1.840229,-11.725338,-0.978714,32.00
14.284009,friction-sweep,hip_abduction_right_joint,RS03,-1.933804,-12.000000,0.000000,0.0000,2.0000,-1.933804,-11.737545,-0.451363,32.00
14.292011,friction-sweep,hip_abduction_right_joint,RS03,-2.026995,-12.000000,0.000000,0.0000,2.0000,-2.026995,-11.514153,-0.464180,32.00
14.300013,friction-sweep,hip_abduction_right_joint,RS03,-2.119802,-12.000000,0.000000,0.0000,2.0000,-2.119802,-11.587397,-0.896317,32.00
14.308009,friction-sweep,hip_abduction_right_joint,RS03,-2.213376,-12.000000,0.000000,0.0000,2.0000,-2.213376,-11.662471,-0.570381,32.00
14.316008,friction-sweep,hip_abduction_right_joint,RS03,-2.306567,-12.000000,0.000000,0.0000,2.0000,-2.306567,-11.613642,-0.533760,32.00
14.324007,friction-sweep,hip_abduction_right_joint,RS03,-2.399758,-12.000000,0.000000,0.0000,2.0000,-2.399758,-11.614862,-0.986038,32.00
14.332025,friction-sweep,hip_abduction_right_joint,RS03,-2.492949,-12.000000,0.000000,0.0000,2.0000,-2.492949,-11.663081,-0.588696,32.00
14.340010,friction-sweep,hip_abduction_right_joint,RS03,-2.586140,-12.000000,0.000000,0.0000,2.0000,-2.586140,-11.606318,-0.504463,32.00
14.348008,friction-sweep,hip_abduction_right_joint,RS03,-2.679714,-12.000000,0.000000,0.0000,2.0000,-2.679714,-11.747311,-0.993362,32.00
14.356011,friction-sweep,hip_abduction_right_joint,RS03,-2.772904,-12.000000,0.000000,0.0000,2.0000,-2.772904,-11.769283,-0.497139,32.00
14.364010,friction-sweep,hip_abduction_right_joint,RS03,-2.866095,-12.000000,0.000000,0.0000,2.0000,-2.866095,-11.603266,-0.537422,32.00
14.372009,friction-sweep,hip_abduction_right_joint,RS03,-2.959286,-12.000000,0.000000,0.0000,2.0000,-2.959286,-11.743649,-1.075764,32.00
14.380010,friction-sweep,hip_abduction_right_joint,RS03,-3.052477,-12.000000,0.000000,0.0000,2.0000,-3.052477,-11.566033,-0.544746,32.00
14.388020,friction-sweep,hip_abduction_right_joint,RS03,-3.145667,-12.000000,0.000000,0.0000,2.0000,-3.145667,-11.533684,-0.486153,32.00
14.396009,friction-sweep,hip_abduction_right_joint,RS03,-3.238858,-12.000000,0.000000,0.0000,2.0000,-3.238858,-11.708858,-1.066608,32.00
14.404008,friction-sweep,hip_abduction_right_joint,RS03,-3.332049,-12.000000,0.000000,0.0000,2.0000,-3.332049,-11.539787,-0.570381,32.00
14.412007,friction-sweep,hip_abduction_right_joint,RS03,-3.425240,-12.000000,0.000000,0.0000,2.0000,-3.425240,-11.630732,-0.442207,32.00
14.420008,friction-sweep,hip_abduction_right_joint,RS03,-3.518047,-12.000000,0.000000,0.0000,2.0000,-3.518047,-11.733273,-0.929276,32.00
14.428003,friction-sweep,hip_abduction_right_joint,RS03,-3.611622,-12.000000,0.000000,0.0000,2.0000,-3.611622,-11.614862,-0.599682,32.00
14.436008,friction-sweep,hip_abduction_right_joint,RS03,-3.704812,-12.000000,0.000000,0.0000,2.0000,-3.704812,-11.696651,-0.508125,32.00
14.444014,friction-sweep,hip_abduction_right_joint,RS03,-3.798002,-12.000000,0.000000,0.0000,2.0000,-3.798002,-11.675288,-0.995193,32.00
14.452004,friction-sweep,hip_abduction_right_joint,RS03,-3.891193,-12.000000,0.000000,0.0000,2.0000,-3.891193,-11.706417,-0.608837,32.00
14.460010,friction-sweep,hip_abduction_right_joint,RS03,-3.984000,-12.000000,0.000000,0.0000,2.0000,-3.984000,-11.519035,-0.506294,32.00
14.468007,friction-sweep,hip_abduction_right_joint,RS03,-4.077575,-12.000000,0.000000,0.0000,2.0000,-4.077575,-11.710690,-1.018997,32.00
14.476005,friction-sweep,hip_abduction_right_joint,RS03,-4.170382,-12.000000,0.000000,0.0000,2.0000,-4.170382,-11.655146,-0.568550,32.00
14.484015,friction-sweep,hip_abduction_right_joint,RS03,-4.263957,-12.000000,0.000000,0.0000,2.0000,-4.263957,-11.655146,-0.438545,32.00
14.492008,friction-sweep,hip_abduction_right_joint,RS03,-4.357147,-12.000000,0.000000,0.0000,2.0000,-4.357147,-11.624018,-1.040970,32.00
14.500025,friction-sweep,hip_abduction_right_joint,RS03,-4.450338,-12.000000,0.000000,0.0000,2.0000,-4.450338,-11.678340,-0.555733,32.00
14.508009,friction-sweep,hip_abduction_right_joint,RS03,-4.543530,-12.000000,0.000000,0.0000,2.0000,-4.543530,-11.548944,-0.412910,32.00
14.516007,friction-sweep,hip_abduction_right_joint,RS03,-4.636719,-12.000000,0.000000,0.0000,2.0000,-4.636719,-11.765011,-1.035477,32.00
14.524009,friction-sweep,hip_abduction_right_joint,RS03,-4.729910,-12.000000,0.000000,0.0000,2.0000,-4.729910,-11.558709,-0.519112,32.00
14.532007,friction-sweep,hip_abduction_right_joint,RS03,-4.823101,-12.000000,0.000000,0.0000,2.0000,-4.823101,-11.605097,-0.389107,32.00
14.540008,friction-sweep,hip_abduction_right_joint,RS03,-4.916292,-12.000000,0.000000,0.0000,2.0000,-4.916292,-11.783933,-0.997025,32.00
14.548063,friction-sweep,hip_abduction_right_joint,RS03,-5.010250,-12.000000,0.000000,0.0000,2.0000,-5.010250,-11.666743,-0.661938,32.00
14.556038,friction-sweep,hip_abduction_right_joint,RS03,-5.103057,-12.000000,0.000000,0.0000,2.0000,-5.103057,-11.672236,-0.453194,32.00
14.564014,friction-sweep,hip_abduction_right_joint,RS03,-5.196248,-12.000000,0.000000,0.0000,2.0000,-5.196248,-11.641108,-0.975052,32.00
14.572008,friction-sweep,hip_abduction_right_joint,RS03,-5.289055,-12.000000,0.000000,0.0000,2.0000,-5.289055,-11.722897,-0.667431,32.00
14.580008,friction-sweep,hip_abduction_right_joint,RS03,-5.382246,-12.000000,0.000000,0.0000,2.0000,-5.382246,-11.594110,-0.528267,32.00
14.588008,friction-sweep,hip_abduction_right_joint,RS03,-5.475820,-12.000000,0.000000,0.0000,2.0000,-5.475820,-11.678340,-0.947586,32.00
14.596137,friction-sweep,hip_abduction_right_joint,RS03,-5.568627,-12.000000,0.000000,0.0000,2.0000,-5.568627,-11.542839,-0.676586,32.00
14.604008,friction-sweep,hip_abduction_right_joint,RS03,-5.662201,-12.000000,0.000000,0.0000,2.0000,-5.662201,-11.656977,-0.493477,32.00
14.612019,friction-sweep,hip_abduction_right_joint,RS03,-5.755392,-12.000000,0.000000,0.0000,2.0000,-5.755392,-11.489738,-1.035477,32.00
14.620013,friction-sweep,hip_abduction_right_joint,RS03,-5.848583,-12.000000,0.000000,0.0000,2.0000,-5.848583,-11.627069,-0.645458,32.00
14.628008,friction-sweep,hip_abduction_right_joint,RS03,-5.941773,-12.000000,0.000000,0.0000,2.0000,-5.941773,-11.746090,-0.462349,32.00
14.636005,friction-sweep,hip_abduction_right_joint,RS03,-6.034965,-12.000000,0.000000,0.0000,2.0000,-6.034965,-11.609980,-0.989700,32.00
14.644009,friction-sweep,hip_abduction_right_joint,RS03,-6.128155,-12.000000,0.000000,0.0000,2.0000,-6.128155,-11.584955,-0.744335,32.00
14.652007,friction-sweep,hip_abduction_right_joint,RS03,-6.221346,-12.000000,0.000000,0.0000,2.0000,-6.221346,-11.669795,-0.440376,32.00
14.660008,friction-sweep,hip_abduction_right_joint,RS03,-6.314537,-12.000000,0.000000,0.0000,2.0000,-6.314537,-11.643549,-0.867020,32.00
14.668015,friction-sweep,hip_abduction_right_joint,RS03,-6.407727,-12.000000,0.000000,0.0000,2.0000,-6.407727,-11.568475,-0.799267,32.00
14.676005,friction-sweep,hip_abduction_right_joint,RS03,-6.501302,-12.000000,0.000000,0.0000,2.0000,-6.501302,-11.595942,-0.467842,32.00
14.684007,friction-sweep,hip_abduction_right_joint,RS03,-6.594492,-12.000000,0.000000,0.0000,2.0000,-6.594492,-11.625238,-0.874344,32.00
14.692013,friction-sweep,hip_abduction_right_joint,RS03,-6.687300,-12.000000,0.000000,0.0000,2.0000,-6.687300,-11.691157,-0.845047,32.00
14.700006,friction-sweep,hip_abduction_right_joint,RS03,-6.780490,-12.000000,0.000000,0.0000,2.0000,-6.780490,-11.559930,-0.563057,32.00
14.708004,friction-sweep,hip_abduction_right_joint,RS03,-6.874065,-12.000000,0.000000,0.0000,2.0000,-6.874065,-11.680171,-0.835892,32.00
14.716008,friction-sweep,hip_abduction_right_joint,RS03,-6.967256,-12.000000,0.000000,0.0000,2.0000,-6.967256,-11.570306,-0.722363,32.00
14.724015,friction-sweep,hip_abduction_right_joint,RS03,-7.060446,-12.000000,0.000000,0.0000,2.0000,-7.060446,-11.669795,-0.464180,32.00
14.732005,friction-sweep,hip_abduction_right_joint,RS03,-7.154020,-12.000000,0.000000,0.0000,2.0000,-7.154020,-11.756466,-0.733349,32.00
14.740005,friction-sweep,hip_abduction_right_joint,RS03,-7.247211,-12.000000,0.000000,0.0000,2.0000,-7.247211,-11.594110,-0.788280,32.00
14.748008,friction-sweep,hip_abduction_right_joint,RS03,-7.340402,-12.000000,0.000000,0.0000,2.0000,-7.340402,-11.485466,-0.445869,32.00
14.756008,friction-sweep,hip_abduction_right_joint,RS03,-7.433593,-12.000000,0.000000,0.0000,2.0000,-7.433593,-11.739376,-0.777294,32.00
14.764008,friction-sweep,hip_abduction_right_joint,RS03,-7.526783,-12.000000,0.000000,0.0000,2.0000,-7.526783,-11.661860,-0.863358,32.00
14.772008,friction-sweep,hip_abduction_right_joint,RS03,-7.619974,-12.000000,0.000000,0.0000,2.0000,-7.619974,-11.519646,-0.455025,32.00
14.780014,friction-sweep,hip_abduction_right_joint,RS03,-7.713165,-12.000000,0.000000,0.0000,2.0000,-7.713165,-11.692378,-0.689404,32.00
14.788009,friction-sweep,hip_abduction_right_joint,RS03,-7.806356,-12.000000,0.000000,0.0000,2.0000,-7.806356,-11.613031,-0.852371,32.00
14.796007,friction-sweep,hip_abduction_right_joint,RS03,-7.899930,-12.000000,0.000000,0.0000,2.0000,-7.899930,-11.625238,-0.401924,32.00
