t_s,maneuver,joint,model,cmd_pos,cmd_vel,cmd_tau,cmd_kp,cmd_kd,fb_pos,fb_vel,fb_tau,fb_temp
0.000001,torque-chirp,hip_abduction_right_joint,RS03,7.354592,0.000000,0.000022,0.0000,0.0000,7.354592,-0.025330,-0.000916,32.00
0.008084,torque-chirp,hip_abduction_right_joint,RS03,7.354592,0.000000,0.321372,0.0000,0.0000,7.354592,0.013733,0.030212,32.00
0.016015,torque-chirp,hip_abduction_right_joint,RS03,7.354592,0.000000,0.639230,0.0000,0.0000,7.354592,0.057678,0.013733,32.00
0.024012,torque-chirp,hip_abduction_right_joint,RS03,7.354592,0.000000,0.962118,0.0000,0.0000,7.354592,0.040588,0.083313,32.00
0.032012,torque-chirp,hip_abduction_right_joint,RS03,7.354592,0.000000,1.287216,0.0000,0.0000,7.354592,0.037537,0.275581,32.00
0.040005,torque-chirp,hip_abduction_right_joint,RS03,7.354976,0.000000,1.613963,0.0000,0.0000,7.354976,0.035706,0.608833,32.00
0.048017,torque-chirp,hip_abduction_right_joint,RS03,7.355742,0.000000,1.943099,0.0000,0.0000,7.355742,0.072327,0.819412,32.00
0.056010,torque-chirp,hip_abduction_right_joint,RS03,7.356893,0.000000,2.272885,0.0000,0.0000,7.356893,0.217592,0.905472,32.00
0.064000,torque-chirp,hip_abduction_right_joint,RS03,7.358809,0.000000,2.603673,0.0000,0.0000,7.358809,0.338444,0.888992,32.00
0.072010,torque-chirp,hip_abduction_right_joint,RS03,7.362645,0.000000,2.936080,0.0000,0.0000,7.362645,0.524605,0.826736,32.00
0.080006,torque-chirp,hip_abduction_right_joint,RS03,7.368781,0.000000,3.268512,0.0000,0.0000,7.368781,0.833447,0.810257,32.00
0.088002,torque-chirp,hip_abduction_right_joint,RS03,7.376834,0.000000,3.601179,0.0000,0.0000,7.376834,1.206989,0.854202,32.00
0.096007,torque-chirp,hip_abduction_right_joint,RS03,7.387956,0.000000,3.934105,0.0000,0.0000,7.387956,1.554893,1.306480,32.00
0.104007,torque-chirp,hip_abduction_right_joint,RS03,7.401378,0.000000,4.266493,0.0000,0.0000,7.401378,1.852140,1.372398,32.00
0.112000,torque-chirp,hip_abduction_right_joint,RS03,7.418637,0.000000,4.597812,0.0000,0.0000,7.418637,2.270849,1.242393,32.00
0.120006,torque-chirp,hip_abduction_right_joint,RS03,7.439345,0.000000,4.928625,0.0000,0.0000,7.439345,2.816509,1.214928,32.00
0.132002,torque-chirp,hip_abduction_right_joint,RS03,7.477311,0.000000,5.421548,0.0000,0.0000,7.477311,3.625238,1.330284,32.00
0.140000,torque-chirp,hip_abduction_right_joint,RS03,7.507607,0.000000,5.747780,0.0000,0.0000,7.507607,3.956663,1.647064,32.00
0.148275,torque-chirp,hip_abduction_right_joint,RS03,7.544808,0.000000,6.082826,0.0000,0.0000,7.544808,4.654308,1.597618,32.00
0.156031,torque-chirp,hip_abduction_right_joint,RS03,7.584308,0.000000,6.394191,0.0000,0.0000,7.584308,5.323261,1.720306,32.00
0.164017,torque-chirp,hip_abduction_right_joint,RS03,7.630330,0.000000,6.711684,0.0000,0.0000,7.630330,6.204624,2.112156,32.00
0.172012,torque-chirp,hip_abduction_right_joint,RS03,7.682485,0.000000,7.025997,0.0000,0.0000,7.682485,6.796062,1.971161,32.00
0.180011,torque-chirp,hip_abduction_right_joint,RS03,7.740394,0.000000,7.336526,0.0000,0.0000,7.740394,7.621271,2.394138,32.00
0.188007,torque-chirp,hip_abduction_right_joint,RS03,7.804437,0.000000,7.642534,0.0000,0.0000,7.804437,8.409248,2.408787,32.00
0.196006,torque-chirp,hip_abduction_right_joint,RS03,7.875770,0.000000,7.943871,0.0000,0.0000,7.875770,9.216755,2.564426,32.00
0.204007,torque-chirp,hip_abduction_right_joint,RS03,7.954387,0.000000,8.240002,0.0000,0.0000,7.954387,10.092623,2.789654,32.00
0.212007,torque-chirp,hip_abduction_right_joint,RS03,8.040292,0.000000,8.530408,0.0000,0.0000,8.040292,11.221790,2.353855,32.00
0.220006,torque-chirp,hip_abduction_right_joint,RS03,8.133483,0.000000,8.814656,0.0000,0.0000,8.133483,12.151981,2.736553,32.00
0.228006,torque-chirp,hip_abduction_right_joint,RS03,8.235494,0.000000,9.092328,0.0000,0.0000,8.235494,13.104752,3.011211,32.00
0.236007,torque-chirp,hip_abduction_right_joint,RS03,8.344790,0.000000,9.362954,0.0000,0.0000,8.344790,14.090485,3.084461,32.00
0.244007,torque-chirp,hip_abduction_right_joint,RS03,8.463292,0.000000,9.626064,0.0000,0.0000,8.463292,15.296558,2.833599,32.00
0.252006,torque-chirp,hip_abduction_right_joint,RS03,8.590232,0.000000,9.881131,0.0000,0.0000,8.590232,16.334175,3.219959,32.00
0.260006,torque-chirp,hip_abduction_right_joint,RS03,8.727141,0.000000,10.127778,0.0000,0.0000,8.727141,17.543907,3.241932,32.00
0.268007,torque-chirp,hip_abduction_right_joint,RS03,8.873256,0.000000,10.365534,0.0000,0.0000,8.873256,18.729839,2.163425,32.00
0.276007,torque-chirp,hip_abduction_right_joint,RS03,9.030108,0.000000,10.593895,0.0000,0.0000,9.030108,20.000000,2.785992,32.00
0.284007,torque-chirp,hip_abduction_right_joint,RS03,9.195014,0.000000,10.812353,0.0000,0.0000,9.195014,20.000000,0.508125,32.00
0.292007,torque-chirp,hip_abduction_right_joint,RS03,9.361068,0.000000,11.020509,0.0000,0.0000,9.361068,20.000000,-0.101624,32.00
0.300008,torque-chirp,hip_abduction_right_joint,RS03,9.530576,0.000000,11.217877,0.0000,0.0000,9.530576,20.000000,-0.209660,32.00
0.308007,torque-chirp,hip_abduction_right_joint,RS03,9.698550,0.000000,11.403940,0.0000,0.0000,9.698550,20.000000,1.000687,32.00
0.316005,torque-chirp,hip_abduction_right_joint,RS03,9.868058,0.000000,11.578246,0.0000,0.0000,9.868058,20.000000,0.528267,32.00
0.324008,torque-chirp,hip_abduction_right_joint,RS03,10.037948,0.000000,11.740469,0.0000,0.0000,10.037948,20.000000,0.617989,32.00
0.332006,torque-chirp,hip_abduction_right_joint,RS03,10.208222,0.000000,11.889982,0.0000,0.0000,10.208222,20.000000,-0.195011,32.00
0.340006,torque-chirp,hip_abduction_right_joint,RS03,10.378497,0.000000,12.026436,0.0000,0.0000,10.378497,20.000000,-0.407417,32.00
0.348007,torque-chirp,hip_abduction_right_joint,RS03,10.549922,0.000000,12.149409,0.0000,0.0000,10.549922,20.000000,-0.636303,32.00
0.356006,torque-chirp,hip_abduction_right_joint,RS03,10.719047,0.000000,12.258421,0.0000,0.0000,10.719047,20.000000,0.204163,32.00
0.364006,torque-chirp,hip_abduction_right_joint,RS03,10.889705,0.000000,12.353088,0.0000,0.0000,10.889705,20.000000,0.275581,32.00
0.372007,torque-chirp,hip_abduction_right_joint,RS03,11.059979,0.000000,12.433025,0.0000,0.0000,11.059979,20.000000,0.689400,32.00
0.380006,torque-chirp,hip_abduction_right_joint,RS03,11.230252,0.000000,12.497790,0.0000,0.0000,11.230252,20.000000,0.682076,32.00
0.388006,torque-chirp,hip_abduction_right_joint,RS03,11.400527,0.000000,12.547051,0.0000,0.0000,11.400527,20.000000,0.387276,32.00
0.396007,torque-chirp,hip_abduction_right_joint,RS03,11.571568,0.000000,12.580436,0.0000,0.0000,11.571568,20.000000,0.035706,32.00
0.404006,torque-chirp,hip_abduction_right_joint,RS03,11.740693,0.000000,12.597592,0.0000,0.0000,11.740693,20.000000,-0.491646,32.00
0.412006,torque-chirp,hip_abduction_right_joint,RS03,11.910968,0.000000,12.598209,0.0000,0.0000,11.910968,20.000000,-0.588696,32.00
0.420008,torque-chirp,hip_abduction_right_joint,RS03,12.080859,0.000000,12.581969,0.0000,0.0000,12.080859,20.000000,-0.119938,32.00
0.428006,torque-chirp,hip_abduction_right_joint,RS03,12.251134,0.000000,12.548604,0.0000,0.0000,12.251134,20.000000,0.610664,32.00
0.436006,torque-chirp,hip_abduction_right_joint,RS03,12.421409,0.000000,12.497843,0.0000,0.0000,12.421409,20.000000,0.469673,32.00
0.444006,torque-chirp,hip_abduction_right_joint,RS03,-12.533773,0.000000,12.429438,0.0000,0.0000,-12.533773,20.000000,0.868851,32.00
0.452004,torque-chirp,hip_abduction_right_joint,RS03,-12.363499,0.000000,12.343217,0.0000,0.0000,-12.363499,20.000000,0.431221,32.00
0.460006,torque-chirp,hip_abduction_right_joint,RS03,-12.193224,0.000000,12.238914,0.0000,0.0000,-12.193224,20.000000,0.412910,32.00
0.468009,torque-chirp,hip_abduction_right_joint,RS03,-12.022950,0.000000,12.116384,0.0000,0.0000,-12.022950,20.000000,-0.416573,32.00
0.476007,torque-chirp,hip_abduction_right_joint,RS03,-11.852675,0.000000,11.975621,0.0000,0.0000,-11.852675,20.000000,-0.422066,32.00
0.484006,torque-chirp,hip_abduction_right_joint,RS03,-11.681251,0.000000,11.816405,0.0000,0.0000,-11.681251,20.000000,-0.163883,32.00
0.492007,torque-chirp,hip_abduction_right_joint,RS03,-11.511744,0.000000,11.638659,0.0000,0.0000,-11.511744,20.000000,-0.008240,32.00
0.500006,torque-chirp,hip_abduction_right_joint,RS03,-11.339934,0.000000,11.442454,0.0000,0.0000,-11.339934,20.000000,0.180359,32.00
0.508160,torque-chirp,hip_abduction_right_joint,RS03,-11.169276,0.000000,11.223352,0.0000,0.0000,-11.169276,20.000000,1.075760,32.00
0.516013,torque-chirp,hip_abduction_right_joint,RS03,-10.999769,0.000000,10.994201,0.0000,0.0000,-10.999769,20.000000,0.319527,32.00
0.524010,torque-chirp,hip_abduction_right_joint,RS03,-10.829111,0.000000,10.742576,0.0000,0.0000,-10.829111,20.000000,1.198448,32.00
0.532014,torque-chirp,hip_abduction_right_joint,RS03,-10.657303,0.000000,10.472450,0.0000,0.0000,-10.657303,20.000000,-0.052185,32.00
0.540007,torque-chirp,hip_abduction_right_joint,RS03,-10.487411,0.000000,10.184500,0.0000,0.0000,-10.487411,20.000000,0.184021,32.00
0.548006,torque-chirp,hip_abduction_right_joint,RS03,-10.315603,0.000000,9.878381,0.0000,0.0000,-10.315603,20.000000,-0.702221,32.00
0.556006,torque-chirp,hip_abduction_right_joint,RS03,-10.145712,0.000000,9.554473,0.0000,0.0000,-10.145712,20.000000,0.004578,32.00
0.564006,torque-chirp,hip_abduction_right_joint,RS03,-9.974670,0.000000,9.213050,0.0000,0.0000,-9.974670,20.000000,0.163879,32.00
0.572005,torque-chirp,hip_abduction_right_joint,RS03,-9.803629,0.000000,8.854515,0.0000,0.0000,-9.803629,20.000000,1.101395,32.00
0.580007,torque-chirp,hip_abduction_right_joint,RS03,-9.631821,0.000000,8.479053,0.0000,0.0000,-9.631821,20.000000,0.325020,32.00
0.588006,torque-chirp,hip_abduction_right_joint,RS03,-9.461929,0.000000,8.087257,0.0000,0.0000,-9.461929,20.000000,1.220421,32.00
0.596029,torque-chirp,hip_abduction_right_joint,RS03,-9.289738,0.000000,7.678247,0.0000,0.0000,-9.289738,20.000000,0.460518,32.00
0.604007,torque-chirp,hip_abduction_right_joint,RS03,-9.119080,0.000000,7.256057,0.0000,0.0000,-9.119080,20.000000,0.868851,32.00
0.612006,torque-chirp,hip_abduction_right_joint,RS03,-8.949189,0.000000,6.817810,0.0000,0.0000,-8.949189,20.000000,-0.151066,32.00
0.620006,torque-chirp,hip_abduction_right_joint,RS03,-8.778531,0.000000,6.365152,0.0000,0.0000,-8.778531,20.000000,-0.008240,32.00
0.628005,torque-chirp,hip_abduction_right_joint,RS03,-8.607873,0.000000,5.898699,0.0000,0.0000,-8.607873,20.000000,-0.720531,32.00
0.636007,torque-chirp,hip_abduction_right_joint,RS03,-8.436831,0.000000,5.419011,0.0000,0.0000,-8.436831,20.000000,-0.376289,32.00
0.644009,torque-chirp,hip_abduction_right_joint,RS03,-8.265023,0.000000,4.926901,0.0000,0.0000,-8.265023,20.000000,-0.264591,32.00
0.652006,torque-chirp,hip_abduction_right_joint,RS03,-8.095516,0.000000,4.423501,0.0000,0.0000,-8.095516,20.000000,0.795609,32.00
0.660008,torque-chirp,hip_abduction_right_joint,RS03,-7.924858,0.000000,3.908911,0.0000,0.0000,-7.924858,20.000000,0.469673,32.00
0.668006,torque-chirp,hip_abduction_right_joint,RS03,-7.754200,0.000000,3.384581,0.0000,0.0000,-7.754200,20.000000,0.650948,32.00
0.676005,torque-chirp,hip_abduction_right_joint,RS03,-7.583925,0.000000,2.851057,0.0000,0.0000,-7.583925,20.000000,0.198669,32.00
0.684007,torque-chirp,hip_abduction_right_joint,RS03,-7.413651,0.000000,2.309117,0.0000,0.0000,-7.413651,20.000000,0.264595,32.00
0.692007,torque-chirp,hip_abduction_right_joint,RS03,-7.242993,0.000000,1.760198,0.0000,0.0000,-7.242993,20.000000,-0.539253,32.00
0.700005,torque-chirp,hip_abduction_right_joint,RS03,-7.072718,0.000000,1.205092,0.0000,0.0000,-7.072718,20.000000,-0.799267,32.00
0.708008,torque-chirp,hip_abduction_right_joint,RS03,-6.902444,0.000000,0.644569,0.0000,0.0000,-6.902444,20.000000,-0.288395,32.00
0.716006,torque-chirp,hip_abduction_right_joint,RS03,-6.732553,0.000000,0.080285,0.0000,0.0000,-6.732553,20.000000,0.445869,32.00
0.724006,torque-chirp,hip_abduction_right_joint,RS03,-6.561895,0.000000,-0.487080,0.0000,0.0000,-6.561895,20.000000,0.495308,32.00
0.732007,torque-chirp,hip_abduction_right_joint,RS03,-6.392004,0.000000,-1.056278,0.0000,0.0000,-6.392004,20.000000,0.583199,32.00
0.740007,torque-chirp,hip_abduction_right_joint,RS03,-6.220963,0.000000,-1.626026,0.0000,0.0000,-6.220963,20.000000,0.314034,32.00
0.748008,torque-chirp,hip_abduction_right_joint,RS03,-6.052989,0.000000,-2.195224,0.0000,0.0000,-6.052989,20.000000,-0.204166,32.00
0.756005,torque-chirp,hip_abduction_right_joint,RS03,-5.884632,0.000000,-2.762302,0.0000,0.0000,-5.884632,20.000000,-1.033646,32.00
0.764009,torque-chirp,hip_abduction_right_joint,RS03,-5.718960,0.000000,-3.326660,0.0000,0.0000,-5.718960,20.000000,-0.310368,32.00
0.772010,torque-chirp,hip_abduction_right_joint,RS03,-5.555204,0.000000,-3.886448,0.0000,0.0000,-5.555204,20.000000,-0.059509,32.00
0.780008,torque-chirp,hip_abduction_right_joint,RS03,-5.396435,0.000000,-4.440235,0.0000,0.0000,-5.396435,19.795528,-2.456394,32.00
0.788006,torque-chirp,hip_abduction_right_joint,RS03,-5.239200,0.000000,-4.986984,0.0000,0.0000,-5.239200,19.331657,0.205994,32.00
0.796005,torque-chirp,hip_abduction_right_joint,RS03,-5.088100,0.000000,-5.525411,0.0000,0.0000,-5.088100,18.613869,-0.310368,32.00
0.804007,torque-chirp,hip_abduction_right_joint,RS03,-4.941603,0.000000,-6.054174,0.0000,0.0000,-4.941603,18.114594,-0.460518,32.00
0.812006,torque-chirp,hip_abduction_right_joint,RS03,-4.801242,0.000000,-6.571704,0.0000,0.0000,-4.801242,17.251545,-1.346764,32.00
0.820006,torque-chirp,hip_abduction_right_joint,RS03,-4.668550,0.000000,-7.076743,0.0000,0.0000,-4.668550,16.274967,-1.264362,32.00
0.828006,torque-chirp,hip_abduction_right_joint,RS03,-4.541995,0.000000,-7.567905,0.0000,0.0000,-4.541995,15.216602,-1.099567,32.00
0.836006,torque-chirp,hip_abduction_right_joint,RS03,-4.425794,0.000000,-8.043857,0.0000,0.0000,-4.425794,14.221104,-1.603115,32.00
0.844006,torque-chirp,hip_abduction_right_joint,RS03,-4.318030,0.000000,-8.503264,0.0000,0.0000,-4.318030,13.003433,-1.800873,32.00
0.852006,torque-chirp,hip_abduction_right_joint,RS03,-4.218320,0.000000,-8.944712,0.0000,0.0000,-4.218320,11.758907,-1.680019,32.00
0.860007,torque-chirp,hip_abduction_right_joint,RS03,-4.130115,0.000000,-9.366962,0.0000,0.0000,-4.130115,10.630960,-1.886932,32.00
0.868007,torque-chirp,hip_abduction_right_joint,RS03,-4.051114,0.000000,-9.768657,0.0000,0.0000,-4.051114,9.373007,-1.883270,32.00
0.876006,torque-chirp,hip_abduction_right_joint,RS03,-3.983233,0.000000,-10.148476,0.0000,0.0000,-3.983233,8.044250,-1.987640,32.00
0.884006,torque-chirp,hip_abduction_right_joint,RS03,-3.925325,0.000000,-10.505286,0.0000,0.0000,-3.925325,6.832685,-2.284275,32.00
0.892006,torque-chirp,hip_abduction_right_joint,RS03,-3.878922,0.000000,-10.837817,0.0000,0.0000,-3.878922,5.135271,-2.141449,32.00
0.900006,torque-chirp,hip_abduction_right_joint,RS03,-3.844023,0.000000,-11.144900,0.0000,0.0000,-3.844023,3.818111,-2.192719,32.00
0.908006,torque-chirp,hip_abduction_right_joint,RS03,-3.821012,0.000000,-11.425416,0.0000,0.0000,-3.821012,2.298315,-2.668800,32.00
0.916007,torque-chirp,hip_abduction_right_joint,RS03,-3.809892,0.000000,-11.678303,0.0000,0.0000,-3.809892,0.820019,-2.438084,32.00
0.924006,torque-chirp,hip_abduction_right_joint,RS03,-3.811042,0.000000,-11.902474,0.0000,0.0000,-3.811042,-0.757763,-2.595558,32.00
0.932006,torque-chirp,hip_abduction_right_joint,RS03,-3.823697,0.000000,-12.096996,0.0000,0.0000,-3.823697,-2.091402,-3.439690,32.00
0.940006,torque-chirp,hip_abduction_right_joint,RS03,-3.847474,0.000000,-12.260964,0.0000,0.0000,-3.847474,-3.572748,-3.379261,32.00
0.948006,torque-chirp,hip_abduction_right_joint,RS03,-3.882756,0.000000,-12.393549,0.0000,0.0000,-3.882756,-5.015030,-3.490959,32.00
0.956006,torque-chirp,hip_abduction_right_joint,RS03,-3.930310,0.000000,-12.493974,0.0000,0.0000,-3.930310,-6.592813,-3.837032,32.00
0.964006,torque-chirp,hip_abduction_right_joint,RS03,-3.989753,0.000000,-12.561546,0.0000,0.0000,-3.989753,-8.092470,-3.458000,32.00
0.972008,torque-chirp,hip_abduction_right_joint,RS03,-4.061852,0.000000,-12.595663,0.0000,0.0000,-4.061852,-9.571375,-3.489128,32.00
0.980007,torque-chirp,hip_abduction_right_joint,RS03,-4.145838,0.000000,-12.595784,0.0000,0.0000,-4.145838,-11.046617,-4.047607,32.00
0.988007,torque-chirp,hip_abduction_right_joint,RS03,-4.240946,0.000000,-12.561488,0.0000,0.0000,-4.240946,-12.709849,-3.974365,32.00
0.996009,torque-chirp,hip_abduction_right_joint,RS03,-4.349478,0.000000,-12.492406,0.0000,0.0000,-4.349478,-14.207676,-4.172123,32.00
1.004069,torque-chirp,hip_abduction_right_joint,RS03,-4.470663,0.000000,-12.387411,0.0000,0.0000,-4.470663,-15.634699,-3.620964,32.00
1.012014,torque-chirp,hip_abduction_right_joint,RS03,-4.601821,0.000000,-12.249011,0.0000,0.0000,-4.601821,-17.183186,-4.245365,32.00
1.020007,torque-chirp,hip_abduction_right_joint,RS03,-4.747935,0.000000,-12.074727,0.0000,0.0000,-4.747935,-18.735943,-4.355232,32.00
1.028008,torque-chirp,hip_abduction_right_joint,RS03,-4.904787,0.000000,-11.865145,0.0000,0.0000,-4.904787,-20.000000,-1.051956,32.00
1.036010,torque-chirp,hip_abduction_right_joint,RS03,-5.069309,0.000000,-11.620571,0.0000,0.0000,-5.069309,-20.000000,-0.931107,32.00
1.044049,torque-chirp,hip_abduction_right_joint,RS03,-5.237282,0.000000,-11.339939,0.0000,0.0000,-5.237282,-20.000000,-0.863358,32.00
1.052056,torque-chirp,hip_abduction_right_joint,RS03,-5.406023,0.000000,-11.026012,0.0000,0.0000,-5.406023,-20.000000,-1.352257,32.00
1.064053,torque-chirp,hip_abduction_right_joint,RS03,-5.660284,0.000000,-10.492597,0.0000,0.0000,-5.660284,-20.000000,-0.414742,32.00
1.076053,torque-chirp,hip_abduction_right_joint,RS03,-5.915312,0.000000,-9.885362,0.0000,0.0000,-5.915312,-20.000000,0.478828,32.00
1.084027,torque-chirp,hip_abduction_right_joint,RS03,-6.085970,0.000000,-9.442488,0.0000,0.0000,-6.085970,-20.000000,0.041199,32.00
1.092017,torque-chirp,hip_abduction_right_joint,RS03,-6.256628,0.000000,-8.968362,0.0000,0.0000,-6.256628,-20.000000,0.487984,32.00
1.100016,torque-chirp,hip_abduction_right_joint,RS03,-6.427670,0.000000,-8.464238,0.0000,0.0000,-6.427670,-20.000000,-0.716869,32.00
1.112011,torque-chirp,hip_abduction_right_joint,RS03,-6.683848,0.000000,-7.656053,0.0000,0.0000,-6.683848,-20.000000,0.482491,32.00
1.124007,torque-chirp,hip_abduction_right_joint,RS03,-6.940027,0.000000,-6.789067,0.0000,0.0000,-6.940027,-20.000000,-0.491646,32.00
1.132001,torque-chirp,hip_abduction_right_joint,RS03,-7.111069,0.000000,-6.181261,0.0000,0.0000,-7.111069,-20.000000,-0.691235,32.00
1.140001,torque-chirp,hip_abduction_right_joint,RS03,-7.282494,0.000000,-5.550986,0.0000,0.0000,-7.282494,-20.000000,0.293892,32.00
1.148010,torque-chirp,hip_abduction_right_joint,RS03,-7.454685,0.000000,-4.899614,0.0000,0.0000,-7.454685,-20.000000,0.112610,32.00
1.156007,torque-chirp,hip_abduction_right_joint,RS03,-7.626111,0.000000,-4.230801,0.0000,0.0000,-7.626111,-20.000000,0.442207,32.00
1.164006,torque-chirp,hip_abduction_right_joint,RS03,-7.797919,0.000000,-3.545417,0.0000,0.0000,-7.797919,-20.000000,0.107117,32.00
1.172007,torque-chirp,hip_abduction_right_joint,RS03,-7.968577,0.000000,-2.845592,0.0000,0.0000,-7.968577,-20.000000,0.394600,32.00
1.180006,torque-chirp,hip_abduction_right_joint,RS03,-8.139618,0.000000,-2.133804,0.0000,0.0000,-8.139618,-20.000000,-0.506294,32.00
1.188007,torque-chirp,hip_abduction_right_joint,RS03,-8.311426,0.000000,-1.411915,0.0000,0.0000,-8.311426,-20.000000,-0.343327,32.00
1.196010,torque-chirp,hip_abduction_right_joint,RS03,-8.484386,0.000000,-0.682424,0.0000,0.0000,-8.484386,-20.000000,-0.583199,32.00
1.204008,torque-chirp,hip_abduction_right_joint,RS03,-8.655044,0.000000,0.051732,0.0000,0.0000,-8.655044,-20.000000,-0.705883,32.00
1.212007,torque-chirp,hip_abduction_right_joint,RS03,-8.826468,0.000000,0.788579,0.0000,0.0000,-8.826468,-20.000000,-0.888992,32.00
1.220008,torque-chirp,hip_abduction_right_joint,RS03,-8.999428,0.000000,1.525767,0.0000,0.0000,-8.999428,-20.000000,-0.464180,32.00
1.228006,torque-chirp,hip_abduction_right_joint,RS03,-9.169703,0.000000,2.260076,0.0000,0.0000,-9.169703,-20.000000,-0.405586,32.00
1.236005,torque-chirp,hip_abduction_right_joint,RS03,-9.340361,0.000000,2.989333,0.0000,0.0000,-9.340361,-20.000000,0.315865,32.00
1.244008,torque-chirp,hip_abduction_right_joint,RS03,-9.508333,0.000000,3.711125,0.0000,0.0000,-9.508333,-20.000000,1.630577,32.00
1.252008,torque-chirp,hip_abduction_right_joint,RS03,-9.674773,0.000000,4.422174,0.0000,0.0000,-9.674773,-20.000000,1.116043,32.00
1.260009,torque-chirp,hip_abduction_right_joint,RS03,-9.836611,0.000000,5.120103,0.0000,0.0000,-9.836611,-20.000000,0.872513,32.00
1.268007,torque-chirp,hip_abduction_right_joint,RS03,-9.993846,0.000000,5.801936,0.0000,0.0000,-9.993846,-19.531242,1.090408,32.00
1.276006,torque-chirp,hip_abduction_right_joint,RS03,-10.147246,0.000000,6.465346,0.0000,0.0000,-10.147246,-18.707867,0.735184,32.00
1.284005,torque-chirp,hip_abduction_right_joint,RS03,-10.293360,0.000000,7.107572,0.0000,0.0000,-10.293360,-17.967499,0.641792,32.00
1.292007,torque-chirp,hip_abduction_right_joint,RS03,-10.432188,0.000000,7.726127,0.0000,0.0000,-10.432188,-17.097734,1.388878,32.00
1.300021,torque-chirp,hip_abduction_right_joint,RS03,-10.562195,0.000000,8.319185,0.0000,0.0000,-10.562195,-15.847105,1.218590,32.00
1.308006,torque-chirp,hip_abduction_right_joint,RS03,-10.682998,0.000000,8.881220,0.0000,0.0000,-10.682998,-14.602579,1.824677,32.00
1.316006,torque-chirp,hip_abduction_right_joint,RS03,-10.794212,0.000000,9.412954,0.0000,0.0000,-10.794212,-13.310445,2.106659,32.00
1.324010,torque-chirp,hip_abduction_right_joint,RS03,-10.895457,0.000000,9.911158,0.0000,0.0000,-10.895457,-12.185550,2.223850,32.00
1.332009,torque-chirp,hip_abduction_right_joint,RS03,-10.986731,0.000000,10.373023,0.0000,0.0000,-10.986731,-10.711528,1.967499,32.00
1.340006,torque-chirp,hip_abduction_right_joint,RS03,-11.066114,0.000000,10.796597,0.0000,0.0000,-11.066114,-9.288777,2.452732,32.00
1.348006,torque-chirp,hip_abduction_right_joint,RS03,-11.132844,0.000000,11.180012,0.0000,0.0000,-11.132844,-7.726254,2.613873,32.00
1.356007,torque-chirp,hip_abduction_right_joint,RS03,-11.189219,0.000000,11.521188,0.0000,0.0000,-11.189219,-6.379187,2.395969,32.00
1.364009,torque-chirp,hip_abduction_right_joint,RS03,-11.232938,0.000000,11.818404,0.0000,0.0000,-11.232938,-4.808119,2.674297,32.00
1.372007,torque-chirp,hip_abduction_right_joint,RS03,-11.264769,0.000000,12.069765,0.0000,0.0000,-11.264769,-3.292591,2.568089,32.00
1.380006,torque-chirp,hip_abduction_right_joint,RS03,-11.283176,0.000000,12.274012,0.0000,0.0000,-11.283176,-1.683681,3.172352,32.00
1.388007,torque-chirp,hip_abduction_right_joint,RS03,-11.289312,0.000000,12.429760,0.0000,0.0000,-11.289312,-0.043032,2.670635,32.00
1.396007,torque-chirp,hip_abduction_right_joint,RS03,-11.282410,0.000000,12.535849,0.0000,0.0000,-11.282410,1.495689,3.368275,32.00
1.404006,torque-chirp,hip_abduction_right_joint,RS03,-11.264002,0.000000,12.591320,0.0000,0.0000,-11.264002,2.854351,3.393909,32.00
1.412007,torque-chirp,hip_abduction_right_joint,RS03,-11.233705,0.000000,12.595427,0.0000,0.0000,-11.233705,4.285648,3.608150,32.00
1.420007,torque-chirp,hip_abduction_right_joint,RS03,-11.190369,0.000000,12.547611,0.0000,0.0000,-11.190369,5.975739,3.445179,32.00
1.428007,torque-chirp,hip_abduction_right_joint,RS03,-11.135145,0.000000,12.447531,0.0000,0.0000,-11.135145,7.437553,3.859005,32.00
1.436008,torque-chirp,hip_abduction_right_joint,RS03,-11.068032,0.000000,12.295041,0.0000,0.0000,-11.068032,9.024490,3.899288,32.00
1.444006,torque-chirp,hip_abduction_right_joint,RS03,-10.988647,0.000000,12.090370,0.0000,0.0000,-10.988647,10.641336,3.835201,32.00
1.452006,torque-chirp,hip_abduction_right_joint,RS03,-10.896224,0.000000,11.833726,0.0000,0.0000,-10.896224,12.056152,3.996342,32.00
1.460006,torque-chirp,hip_abduction_right_joint,RS03,-10.793062,0.000000,11.525711,0.0000,0.0000,-10.793062,13.568626,3.652096,32.00
1.468006,torque-chirp,hip_abduction_right_joint,RS03,-10.678395,0.000000,11.167146,0.0000,0.0000,-10.678395,14.954758,3.926754,32.00
1.476005,torque-chirp,hip_abduction_right_joint,RS03,-10.551456,0.000000,10.759134,0.0000,0.0000,-10.551456,16.383614,3.848019,32.00
1.484007,torque-chirp,hip_abduction_right_joint,RS03,-10.413396,0.000000,10.302772,0.0000,0.0000,-10.413396,17.724575,3.379261,32.00
1.492006,torque-chirp,hip_abduction_right_joint,RS03,-10.265748,0.000000,9.799867,0.0000,0.0000,-10.265748,19.120468,4.172119,32.00
1.500072,torque-chirp,hip_abduction_right_joint,RS03,-10.103527,0.000000,9.247338,0.0000,0.0000,-10.103527,20.000000,1.110550,32.00
1.508039,torque-chirp,hip_abduction_right_joint,RS03,-9.939388,0.000000,8.658770,0.0000,0.0000,-9.939388,20.000000,0.010071,32.00
1.516135,torque-chirp,hip_abduction_right_joint,RS03,-9.771799,0.000000,8.019326,0.0000,0.0000,-9.771799,20.000000,1.207603,32.00
1.524012,torque-chirp,hip_abduction_right_joint,RS03,-9.603058,0.000000,7.359600,0.0000,0.0000,-9.603058,20.000000,0.837723,32.00
1.532016,torque-chirp,hip_abduction_right_joint,RS03,-9.433551,0.000000,6.654046,0.0000,0.0000,-9.433551,20.000000,1.004349,32.00
1.540003,torque-chirp,hip_abduction_right_joint,RS03,-9.264811,0.000000,5.917295,0.0000,0.0000,-9.264811,20.000000,-0.482491,32.00
1.548014,torque-chirp,hip_abduction_right_joint,RS03,-9.093769,0.000000,5.148829,0.0000,0.0000,-9.093769,20.000000,0.130920,32.00
1.556072,torque-chirp,hip_abduction_right_joint,RS03,-8.922728,0.000000,4.349164,0.0000,0.0000,-8.922728,20.000000,-0.575874,32.00
1.568018,torque-chirp,hip_abduction_right_joint,RS03,-8.667699,0.000000,3.122296,0.0000,0.0000,-8.667699,20.000000,0.141907,32.00
1.576011,torque-chirp,hip_abduction_right_joint,RS03,-8.497425,0.000000,2.279062,0.0000,0.0000,-8.497425,20.000000,-0.323185,32.00
1.584018,torque-chirp,hip_abduction_right_joint,RS03,-8.327150,0.000000,1.420830,0.0000,0.0000,-8.327150,20.000000,-0.638134,32.00
1.596004,torque-chirp,hip_abduction_right_joint,RS03,-8.072506,0.000000,0.119512,0.0000,0.0000,-8.072506,20.000000,1.158157,32.00
1.604006,torque-chirp,hip_abduction_right_joint,RS03,-7.900314,0.000000,-0.754197,0.0000,0.0000,-7.900314,20.000000,-0.162052,32.00
1.612010,torque-chirp,hip_abduction_right_joint,RS03,-7.730039,0.000000,-1.627351,0.0000,0.0000,-7.730039,20.000000,0.235298,32.00
1.620064,torque-chirp,hip_abduction_right_joint,RS03,-7.560148,0.000000,-2.500723,0.0000,0.0000,-7.560148,20.000000,-1.037308,32.00
1.628031,torque-chirp,hip_abduction_right_joint,RS03,-7.391407,0.000000,-3.355240,0.0000,0.0000,-7.391407,20.000000,-0.619823,32.00
1.636031,torque-chirp,hip_abduction_right_joint,RS03,-7.224201,0.000000,-4.199470,0.0000,0.0000,-7.224201,20.000000,-1.077595,32.00
1.644045,torque-chirp,hip_abduction_right_joint,RS03,-7.061213,0.000000,-5.027027,0.0000,0.0000,-7.061213,20.000000,-0.370796,32.00
1.652025,torque-chirp,hip_abduction_right_joint,RS03,-6.901677,0.000000,-5.828610,0.0000,0.0000,-6.901677,19.699093,-2.458225,32.00
1.660023,torque-chirp,hip_abduction_right_joint,RS03,-6.747126,0.000000,-6.605253,0.0000,0.0000,-6.747126,19.036850,-0.537422,32.00
1.668005,torque-chirp,hip_abduction_right_joint,RS03,-6.599094,0.000000,-7.349552,0.0000,0.0000,-6.599094,18.215305,-0.885330,32.00
1.676005,torque-chirp,hip_abduction_right_joint,RS03,-6.457199,0.000000,-8.060499,0.0000,0.0000,-6.457199,17.178303,-1.178303,32.00
1.684004,torque-chirp,hip_abduction_right_joint,RS03,-6.322974,0.000000,-8.732426,0.0000,0.0000,-6.322974,16.269474,-1.009842,32.00
1.692003,torque-chirp,hip_abduction_right_joint,RS03,-6.199870,0.000000,-9.361438,0.0000,0.0000,-6.199870,14.902874,-2.104828,32.00
1.700004,torque-chirp,hip_abduction_right_joint,RS03,-6.085970,0.000000,-9.944095,0.0000,0.0000,-6.085970,13.675442,-2.075531,32.00
1.708005,torque-chirp,hip_abduction_right_joint,RS03,-5.982041,0.000000,-10.476711,0.0000,0.0000,-5.982041,12.421757,-2.007782,32.00
1.716002,torque-chirp,hip_abduction_right_joint,RS03,-5.890385,0.000000,-10.955864,0.0000,0.0000,-5.890385,10.805523,-2.460056,32.00
1.724002,torque-chirp,hip_abduction_right_joint,RS03,-5.810616,0.000000,-11.378867,0.0000,0.0000,-5.810616,9.254597,-2.582741,32.00
1.732004,torque-chirp,hip_abduction_right_joint,RS03,-5.743120,0.000000,-11.742865,0.0000,0.0000,-5.743120,7.756771,-2.817120,32.00
1.740007,torque-chirp,hip_abduction_right_joint,RS03,-5.688280,0.000000,-12.045335,0.0000,0.0000,-5.688280,6.257114,-2.602882,32.00
1.748003,torque-chirp,hip_abduction_right_joint,RS03,-5.645711,0.000000,-12.283786,0.0000,0.0000,-5.645711,4.715343,-2.959946,32.00
1.756005,torque-chirp,hip_abduction_right_joint,RS03,-5.616564,0.000000,-12.456769,0.0000,0.0000,-5.616564,2.941635,-2.820782,32.00
1.764050,torque-chirp,hip_abduction_right_joint,RS03,-5.600841,0.000000,-12.562939,0.0000,0.0000,-5.600841,1.343710,-3.119247,32.00
1.772049,torque-chirp,hip_abduction_right_joint,RS03,-5.597390,0.000000,-12.599954,0.0000,0.0000,-5.597390,-0.154116,-3.274891,32.00
1.780026,torque-chirp,hip_abduction_right_joint,RS03,-5.606594,0.000000,-12.567979,0.0000,0.0000,-5.606594,-1.683681,-3.791256,32.00
1.788017,torque-chirp,hip_abduction_right_joint,RS03,-5.627687,0.000000,-12.466540,0.0000,0.0000,-5.627687,-3.389639,-3.452507,32.00
1.796011,torque-chirp,hip_abduction_right_joint,RS03,-5.661051,0.000000,-12.295498,0.0000,0.0000,-5.661051,-4.755016,-3.540398,32.00
1.804008,torque-chirp,hip_abduction_right_joint,RS03,-5.707454,0.000000,-12.055107,0.0000,0.0000,-5.707454,-6.279697,-3.750973,32.00
1.812008,torque-chirp,hip_abduction_right_joint,RS03,-5.765363,0.000000,-11.746049,0.0000,0.0000,-5.765363,-7.850766,-3.406731,32.00
1.820008,torque-chirp,hip_abduction_right_joint,RS03,-5.834777,0.000000,-11.369534,0.0000,0.0000,-5.834777,-9.309529,-3.346302,32.00
1.828009,torque-chirp,hip_abduction_right_joint,RS03,-5.915696,0.000000,-10.927086,0.0000,0.0000,-5.915696,-10.732281,-3.545891,32.00
1.836008,torque-chirp,hip_abduction_right_joint,RS03,-6.008119,0.000000,-10.420817,0.0000,0.0000,-6.008119,-12.100710,-3.454338,32.00
1.844007,torque-chirp,hip_abduction_right_joint,RS03,-6.110514,0.000000,-9.853009,0.0000,0.0000,-6.110514,-13.347067,-3.406731,32.00
1.852008,torque-chirp,hip_abduction_right_joint,RS03,-6.224798,0.000000,-9.226356,0.0000,0.0000,-6.224798,-14.663004,-3.190662,32.00
1.860006,torque-chirp,hip_abduction_right_joint,RS03,-6.346751,0.000000,-8.544181,0.0000,0.0000,-6.346751,-15.954529,-3.507439,32.00
1.868009,torque-chirp,hip_abduction_right_joint,RS03,-6.479442,0.000000,-7.809577,0.0000,0.0000,-6.479442,-17.104448,-3.498283,32.00
1.876007,torque-chirp,hip_abduction_right_joint,RS03,-6.620954,0.000000,-7.027172,0.0000,0.0000,-6.620954,-18.071871,-2.725567,32.00
1.884008,torque-chirp,hip_abduction_right_joint,RS03,-6.770136,0.000000,-6.200636,0.0000,0.0000,-6.770136,-19.050888,-3.560539,32.00
1.892006,torque-chirp,hip_abduction_right_joint,RS03,-6.927372,0.000000,-5.334931,0.0000,0.0000,-6.927372,-20.000000,-1.220417,32.00
1.900006,torque-chirp,hip_abduction_right_joint,RS03,-7.092660,0.000000,-4.434621,0.0000,0.0000,-7.092660,-20.000000,-1.002518,32.00
1.908006,torque-chirp,hip_abduction_right_joint,RS03,-7.259867,0.000000,-3.504887,0.0000,0.0000,-7.259867,-20.000000,-1.046463,32.00
1.916007,torque-chirp,hip_abduction_right_joint,RS03,-7.427840,0.000000,-2.551175,0.0000,0.0000,-7.427840,-20.000000,-0.870682,32.00
1.924007,torque-chirp,hip_abduction_right_joint,RS03,-7.597348,0.000000,-1.579279,0.0000,0.0000,-7.597348,-20.000000,-0.352486,32.00
1.932008,torque-chirp,hip_abduction_right_joint,RS03,-7.768773,0.000000,-0.594797,0.0000,0.0000,-7.768773,-20.000000,0.081482,32.00
1.940007,torque-chirp,hip_abduction_right_joint,RS03,-7.938280,0.000000,0.395828,0.0000,0.0000,-7.938280,-20.000000,0.266426,32.00
1.948007,torque-chirp,hip_abduction_right_joint,RS03,-8.110088,0.000000,1.387005,0.0000,0.0000,-8.110088,-20.000000,0.841385,32.00
1.956006,torque-chirp,hip_abduction_right_joint,RS03,-8.281130,0.000000,2.372034,0.0000,0.0000,-8.281130,-20.000000,0.286568,32.00
1.964007,torque-chirp,hip_abduction_right_joint,RS03,-8.451788,0.000000,3.345177,0.0000,0.0000,-8.451788,-20.000000,0.114441,32.00
1.972007,torque-chirp,hip_abduction_right_joint,RS03,-8.619378,0.000000,4.299903,0.0000,0.0000,-8.619378,-20.000000,-0.030212,32.00
1.980007,torque-chirp,hip_abduction_right_joint,RS03,-8.785818,0.000000,5.229873,0.0000,0.0000,-8.785818,-20.000000,1.095901,32.00
1.988007,torque-chirp,hip_abduction_right_joint,RS03,-8.946888,0.000000,6.129057,0.0000,0.0000,-8.946888,-19.948730,3.060658,32.00
1.996006,torque-chirp,hip_abduction_right_joint,RS03,-9.103740,0.000000,6.991292,0.0000,0.0000,-9.103740,-19.242542,0.828568,32.00
2.004007,torque-chirp,hip_abduction_right_joint,RS03,-9.254839,0.000000,7.810848,0.0000,0.0000,-9.254839,-18.390478,0.749832,32.00
2.012070,torque-chirp,hip_abduction_right_joint,RS03,-9.399803,0.000000,8.587878,0.0000,0.0000,-9.399803,-17.408407,1.830170,32.00
2.020301,torque-chirp,hip_abduction_right_joint,RS03,-9.534411,0.000000,9.324443,0.0000,0.0000,-9.534411,-16.285343,1.755096,32.00
2.028061,torque-chirp,hip_abduction_right_joint,RS03,-9.657132,0.000000,9.961480,0.0000,0.0000,-9.657132,-14.963913,1.863129,32.00
2.036051,torque-chirp,hip_abduction_right_joint,RS03,-9.770265,0.000000,10.554524,0.0000,0.0000,-9.770265,-13.519188,2.145115,32.00
2.044031,torque-chirp,hip_abduction_right_joint,RS03,-9.871893,0.000000,11.078759,0.0000,0.0000,-9.871893,-12.180667,2.101166,32.00
2.052022,torque-chirp,hip_abduction_right_joint,RS03,-9.962015,0.000000,11.531358,0.0000,0.0000,-9.962015,-10.560159,2.496677,32.00
2.060042,torque-chirp,hip_abduction_right_joint,RS03,-10.038715,0.000000,11.909327,0.0000,0.0000,-10.038715,-8.961624,2.447239,32.00
2.068040,torque-chirp,hip_abduction_right_joint,RS03,-10.103144,0.000000,12.206860,0.0000,0.0000,-10.103144,-7.449149,2.685284,32.00
2.076018,torque-chirp,hip_abduction_right_joint,RS03,-10.154149,0.000000,12.422031,0.0000,0.0000,-10.154149,-5.671168,2.861065,32.00
2.084004,torque-chirp,hip_abduction_right_joint,RS03,-10.192116,0.000000,12.553672,0.0000,0.0000,-10.192116,-4.134279,3.154041,32.00
2.092011,torque-chirp,hip_abduction_right_joint,RS03,-10.216660,0.000000,12.599949,0.0000,0.0000,-10.216660,-2.309301,2.815289,32.00
2.100008,torque-chirp,hip_abduction_right_joint,RS03,-10.227398,0.000000,12.559505,0.0000,0.0000,-10.227398,-0.750439,3.122913,32.00
2.108005,torque-chirp,hip_abduction_right_joint,RS03,-10.225481,0.000000,12.432049,0.0000,0.0000,-10.225481,0.804760,3.476307,32.00
2.116006,torque-chirp,hip_abduction_right_joint,RS03,-10.211290,0.000000,12.217601,0.0000,0.0000,-10.211290,2.305029,3.430531,32.00
2.124004,torque-chirp,hip_abduction_right_joint,RS03,-10.185213,0.000000,11.917222,0.0000,0.0000,-10.185213,3.928587,3.518429,32.00
2.132008,torque-chirp,hip_abduction_right_joint,RS03,-10.146863,0.000000,11.531870,0.0000,0.0000,-10.146863,5.403221,3.289539,32.00
2.144002,torque-chirp,hip_abduction_right_joint,RS03,-10.067862,0.000000,10.800502,0.0000,0.0000,-10.067862,7.510185,3.457996,32.00
2.155998,torque-chirp,hip_abduction_right_joint,RS03,-9.963165,0.000000,9.893061,0.0000,0.0000,-9.963165,9.723354,3.450672,32.00
2.163998,torque-chirp,hip_abduction_right_joint,RS03,-9.879946,0.000000,9.196190,0.0000,0.0000,-9.879946,10.994125,3.652096,32.00
2.172007,torque-chirp,hip_abduction_right_joint,RS03,-9.786371,0.000000,8.430251,0.0000,0.0000,-9.786371,12.059814,3.025860,32.00
2.180004,torque-chirp,hip_abduction_right_joint,RS03,-9.683210,0.000000,7.602207,0.0000,0.0000,-9.683210,13.339741,2.802471,32.00
2.188010,torque-chirp,hip_abduction_right_joint,RS03,-9.572378,0.000000,6.715560,0.0000,0.0000,-9.572378,14.276035,2.873882,32.00
2.196045,torque-chirp,hip_abduction_right_joint,RS03,-9.453493,0.000000,5.773743,0.0000,0.0000,-9.453493,15.205616,2.818951,32.00
2.204026,torque-chirp,hip_abduction_right_joint,RS03,-9.328088,0.000000,4.793315,0.0000,0.0000,-9.328088,15.844662,2.322727,32.00
2.212025,torque-chirp,hip_abduction_right_joint,RS03,-9.196931,0.000000,3.772754,0.0000,0.0000,-9.196931,16.752880,2.227512,32.00
2.220011,torque-chirp,hip_abduction_right_joint,RS03,-9.060404,0.000000,2.723156,0.0000,0.0000,-9.060404,17.310139,2.053558,32.00
2.228004,torque-chirp,hip_abduction_right_joint,RS03,-8.921193,0.000000,1.649598,0.0000,0.0000,-8.921193,17.667812,1.348595,32.00
2.236005,torque-chirp,hip_abduction_right_joint,RS03,-8.776997,0.000000,0.559983,0.0000,0.0000,-8.776997,18.113983,1.619591,32.00
2.244003,torque-chirp,hip_abduction_right_joint,RS03,-8.632801,0.000000,-0.536422,0.0000,0.0000,-8.632801,18.148163,0.912796,32.00
2.252004,torque-chirp,hip_abduction_right_joint,RS03,-8.486303,0.000000,-1.631887,0.0000,0.0000,-8.486303,18.139008,1.123367,32.00
2.260010,torque-chirp,hip_abduction_right_joint,RS03,-8.340572,0.000000,-2.718339,0.0000,0.0000,-8.340572,18.160370,0.768143,32.00
2.268004,torque-chirp,hip_abduction_right_joint,RS03,-8.197527,0.000000,-3.784921,0.0000,0.0000,-8.197527,17.767300,0.348824,32.00
2.276003,torque-chirp,hip_abduction_right_joint,RS03,-8.054482,0.000000,-4.825695,0.0000,0.0000,-8.054482,17.598232,0.346992,32.00
2.284003,torque-chirp,hip_abduction_right_joint,RS03,-7.917188,0.000000,-5.831867,0.0000,0.0000,-7.917188,17.045853,-0.401924,32.00
2.292002,torque-chirp,hip_abduction_right_joint,RS03,-7.783729,0.000000,-6.794855,0.0000,0.0000,-7.783729,16.404976,-0.451363,32.00
2.300002,torque-chirp,hip_abduction_right_joint,RS03,-7.656407,0.000000,-7.707210,0.0000,0.0000,-7.656407,15.657890,-1.061115,32.00
2.308003,torque-chirp,hip_abduction_right_joint,RS03,-7.535604,0.000000,-8.561151,0.0000,0.0000,-7.535604,14.629436,-1.322960,32.00
2.316001,torque-chirp,hip_abduction_right_joint,RS03,-7.424388,0.000000,-9.349281,0.0000,0.0000,-7.424388,13.547874,-1.641567,32.00
2.324002,torque-chirp,hip_abduction_right_joint,RS03,-7.321610,0.000000,-10.065137,0.0000,0.0000,-7.321610,12.163578,-1.890594,32.00
2.332001,torque-chirp,hip_abduction_right_joint,RS03,-7.231104,0.000000,-10.702226,0.0000,0.0000,-7.231104,10.713360,-2.070038,32.00
2.340003,torque-chirp,hip_abduction_right_joint,RS03,-7.150952,0.000000,-11.255102,0.0000,0.0000,-7.150952,9.517662,-2.287937,32.00
2.348004,torque-chirp,hip_abduction_right_joint,RS03,-7.082306,0.000000,-11.718407,0.0000,0.0000,-7.082306,8.010071,-2.445408,32.00
2.356002,torque-chirp,hip_abduction_right_joint,RS03,-7.025931,0.000000,-12.087626,0.0000,0.0000,-7.025931,6.288242,-2.637672,32.00
2.364008,torque-chirp,hip_abduction_right_joint,RS03,-6.982979,0.000000,-12.359461,0.0000,0.0000,-6.982979,4.703747,-2.593727,32.00
2.372004,torque-chirp,hip_abduction_right_joint,RS03,-6.953449,0.000000,-12.530395,0.0000,0.0000,-6.953449,3.039291,-2.758526,32.00
2.380004,torque-chirp,hip_abduction_right_joint,RS03,-6.936575,0.000000,-12.598705,0.0000,0.0000,-6.936575,1.399862,-3.262074,32.00
2.388003,torque-chirp,hip_abduction_right_joint,RS03,-6.933124,0.000000,-12.562966,0.0000,0.0000,-6.933124,-0.221867,-3.262074,32.00
2.396001,torque-chirp,hip_abduction_right_joint,RS03,-6.941561,0.000000,-12.422754,0.0000,0.0000,-6.941561,-1.607996,-3.458000,32.00
2.404002,torque-chirp,hip_abduction_right_joint,RS03,-6.962270,0.000000,-12.178391,0.0000,0.0000,-6.962270,-3.048447,-3.575188,32.00
2.412002,torque-chirp,hip_abduction_right_joint,RS03,-6.995251,0.000000,-11.831252,0.0000,0.0000,-6.995251,-4.764782,-3.611809,32.00
2.420002,torque-chirp,hip_abduction_right_joint,RS03,-7.040888,0.000000,-11.383461,0.0000,0.0000,-7.040888,-6.245518,-3.902954,32.00
2.428005,torque-chirp,hip_abduction_right_joint,RS03,-7.097262,0.000000,-10.837919,0.0000,0.0000,-7.097262,-7.604791,-3.468987,32.00
2.436002,torque-chirp,hip_abduction_right_joint,RS03,-7.165525,0.000000,-10.199180,0.0000,0.0000,-7.165525,-9.141069,-3.210804,32.00
2.444003,torque-chirp,hip_abduction_right_joint,RS03,-7.244143,0.000000,-9.471336,0.0000,0.0000,-7.244143,-10.325170,-3.403069,32.00
2.452002,torque-chirp,hip_abduction_right_joint,RS03,-7.332349,0.000000,-8.660586,0.0000,0.0000,-7.332349,-11.583124,-3.163193,32.00
2.460001,torque-chirp,hip_abduction_right_joint,RS03,-7.430141,0.000000,-7.773119,0.0000,0.0000,-7.430141,-12.736095,-3.410393,32.00
2.468006,torque-chirp,hip_abduction_right_joint,RS03,-7.537905,0.000000,-6.815316,0.0000,0.0000,-7.537905,-13.871367,-2.886700,32.00
2.476059,torque-chirp,hip_abduction_right_joint,RS03,-7.652188,0.000000,-5.789423,0.0000,0.0000,-7.652188,-14.651407,-2.423435,32.00
2.484045,torque-chirp,hip_abduction_right_joint,RS03,-7.773758,0.000000,-4.718925,0.0000,0.0000,-7.773758,-15.538262,-2.840923,32.00
2.492018,torque-chirp,hip_abduction_right_joint,RS03,-7.901464,0.000000,-3.606256,0.0000,0.0000,-7.901464,-16.208439,-2.113983,32.00
2.500010,torque-chirp,hip_abduction_right_joint,RS03,-8.033772,0.000000,-2.456683,0.0000,0.0000,-8.033772,-16.657663,-1.863129,32.00
2.508006,torque-chirp,hip_abduction_right_joint,RS03,-8.168764,0.000000,-1.282007,0.0000,0.0000,-8.168764,-17.184406,-1.736782,32.00
2.516003,torque-chirp,hip_abduction_right_joint,RS03,-8.307591,0.000000,-0.092909,0.0000,0.0000,-8.307591,-17.352865,-1.218586,32.00
2.524238,torque-chirp,hip_abduction_right_joint,RS03,-8.447186,0.000000,1.135081,0.0000,0.0000,-8.447186,-17.578089,-1.181965,32.00
2.532011,torque-chirp,hip_abduction_right_joint,RS03,-8.587547,0.000000,2.287240,0.0000,0.0000,-8.587547,-17.474937,-0.729687,32.00
2.540005,torque-chirp,hip_abduction_right_joint,RS03,-8.727909,0.000000,3.454365,0.0000,0.0000,-8.727909,-17.341269,-0.253605,32.00
2.548004,torque-chirp,hip_abduction_right_joint,RS03,-8.865585,0.000000,4.593581,0.0000,0.0000,-8.865585,-17.081255,-0.361641,32.00
2.556003,torque-chirp,hip_abduction_right_joint,RS03,-8.999044,0.000000,5.693307,0.0000,0.0000,-8.999044,-16.674755,0.103455,32.00
2.564000,torque-chirp,hip_abduction_right_joint,RS03,-9.129435,0.000000,6.743181,0.0000,0.0000,-9.129435,-16.058899,0.572212,32.00
2.572010,torque-chirp,hip_abduction_right_joint,RS03,-9.255222,0.000000,7.734818,0.0000,0.0000,-9.255222,-15.366140,1.084915,32.00
2.580032,torque-chirp,hip_abduction_right_joint,RS03,-9.372957,0.000000,8.658212,0.0000,0.0000,-9.372957,-14.313878,1.409019,32.00
2.588008,torque-chirp,hip_abduction_right_joint,RS03,-9.482639,0.000000,9.498106,0.0000,0.0000,-9.482639,-13.171282,1.451134,32.00
2.596005,torque-chirp,hip_abduction_right_joint,RS03,-9.582733,0.000000,10.253541,0.0000,0.0000,-9.582733,-11.915771,1.806366,32.00
2.604004,torque-chirp,hip_abduction_right_joint,RS03,-9.671705,0.000000,10.914515,0.0000,0.0000,-9.671705,-10.608377,2.441746,32.00
2.612004,torque-chirp,hip_abduction_right_joint,RS03,-9.750322,0.000000,11.474156,0.0000,0.0000,-9.750322,-9.161211,2.615704,32.00
2.620003,torque-chirp,hip_abduction_right_joint,RS03,-9.816285,0.000000,11.926198,0.0000,0.0000,-9.816285,-7.665827,2.785992,32.00
2.628002,torque-chirp,hip_abduction_right_joint,RS03,-9.869975,0.000000,12.265759,0.0000,0.0000,-9.869975,-6.064241,2.505833,32.00
2.636002,torque-chirp,hip_abduction_right_joint,RS03,-9.911010,0.000000,12.488809,0.0000,0.0000,-9.911010,-4.369268,2.987408,32.00
2.644051,torque-chirp,hip_abduction_right_joint,RS03,-9.938238,0.000000,12.592620,0.0000,0.0000,-9.938238,-2.649881,2.714581,32.00
2.652024,torque-chirp,hip_abduction_right_joint,RS03,-9.952044,0.000000,12.574379,0.0000,0.0000,-9.952044,-1.106279,3.337147,32.00
2.660010,torque-chirp,hip_abduction_right_joint,RS03,-9.953195,0.000000,12.434676,0.0000,0.0000,-9.953195,0.393990,3.457996,32.00
2.668009,torque-chirp,hip_abduction_right_joint,RS03,-9.942457,0.000000,12.173460,0.0000,0.0000,-9.942457,1.977264,3.648434,32.00
2.676010,torque-chirp,hip_abduction_right_joint,RS03,-9.919064,0.000000,11.792540,0.0000,0.0000,-9.919064,3.562983,3.758297,32.00
2.684002,torque-chirp,hip_abduction_right_joint,RS03,-9.884165,0.000000,11.295422,0.0000,0.0000,-9.884165,5.069351,3.694210,32.00
2.692003,torque-chirp,hip_abduction_right_joint,RS03,-9.837761,0.000000,10.685232,0.0000,0.0000,-9.837761,6.412756,3.381092,32.00
2.700002,torque-chirp,hip_abduction_right_joint,RS03,-9.779469,0.000000,9.967835,0.0000,0.0000,-9.779469,7.764095,3.562374,32.00
2.708002,torque-chirp,hip_abduction_right_joint,RS03,-9.711205,0.000000,9.149632,0.0000,0.0000,-9.711205,9.192341,3.348133,32.00
2.716003,torque-chirp,hip_abduction_right_joint,RS03,-9.632971,0.000000,8.237916,0.0000,0.0000,-9.632971,10.273289,3.322498,32.00
2.724002,torque-chirp,hip_abduction_right_joint,RS03,-9.545533,0.000000,7.241644,0.0000,0.0000,-9.545533,11.487297,2.837261,32.00
2.732004,torque-chirp,hip_abduction_right_joint,RS03,-9.449274,0.000000,6.169743,0.0000,0.0000,-9.449274,12.465096,2.513157,32.00
2.740003,torque-chirp,hip_abduction_right_joint,RS03,-9.346113,0.000000,5.033347,0.0000,0.0000,-9.346113,13.191422,2.313572,32.00
2.748003,torque-chirp,hip_abduction_right_joint,RS03,-9.237198,0.000000,3.843236,0.0000,0.0000,-9.237198,13.969025,2.225681,32.00
2.756002,torque-chirp,hip_abduction_right_joint,RS03,-9.121765,0.000000,2.611099,0.0000,0.0000,-9.121765,14.696575,2.148777,32.00
2.764005,torque-chirp,hip_abduction_right_joint,RS03,-9.002879,0.000000,1.349058,0.0000,0.0000,-9.002879,15.089649,1.758759,32.00
2.772002,torque-chirp,hip_abduction_right_joint,RS03,-8.882460,0.000000,0.071240,0.0000,0.0000,-8.882460,15.279469,1.181969,32.00
2.780007,torque-chirp,hip_abduction_right_joint,RS03,-8.758972,0.000000,-1.211380,0.0000,0.0000,-8.758972,15.501640,1.297325,32.00
2.788004,torque-chirp,hip_abduction_right_joint,RS03,-8.634335,0.000000,-2.482788,0.0000,0.0000,-8.634335,15.420464,0.522774,32.00
2.796004,torque-chirp,hip_abduction_right_joint,RS03,-8.511614,0.000000,-3.731573,0.0000,0.0000,-8.511614,15.324024,0.383614,32.00
2.804002,torque-chirp,hip_abduction_right_joint,RS03,-8.390045,0.000000,-4.943579,0.0000,0.0000,-8.390045,15.147022,0.182190,32.00
2.812004,torque-chirp,hip_abduction_right_joint,RS03,-8.272310,0.000000,-6.106682,0.0000,0.0000,-8.272310,14.561073,-0.198673,32.00
2.820003,torque-chirp,hip_abduction_right_joint,RS03,-8.158792,0.000000,-7.207174,0.0000,0.0000,-8.158792,13.948273,-0.726025,32.00
2.828002,torque-chirp,hip_abduction_right_joint,RS03,-8.051029,0.000000,-8.233467,0.0000,0.0000,-8.051029,13.068130,-1.161823,32.00
2.836003,torque-chirp,hip_abduction_right_joint,RS03,-7.950936,0.000000,-9.174335,0.0000,0.0000,-7.950936,12.071411,-1.500572,32.00
2.844003,torque-chirp,hip_abduction_right_joint,RS03,-7.860046,0.000000,-10.018648,0.0000,0.0000,-7.860046,10.835430,-1.632412,32.00
2.852002,torque-chirp,hip_abduction_right_joint,RS03,-7.778744,0.000000,-10.756785,0.0000,0.0000,-7.778744,9.684902,-2.029755,32.00
2.860005,torque-chirp,hip_abduction_right_joint,RS03,-7.707796,0.000000,-11.380530,0.0000,0.0000,-7.707796,8.216373,-2.233006,32.00
2.868002,torque-chirp,hip_abduction_right_joint,RS03,-7.649120,0.000000,-11.881599,0.0000,0.0000,-7.649120,6.634315,-2.286106,32.00
2.876001,torque-chirp,hip_abduction_right_joint,RS03,-7.603100,0.000000,-12.254283,0.0000,0.0000,-7.603100,5.146868,-2.789654,32.00
2.884010,torque-chirp,hip_abduction_right_joint,RS03,-7.569736,0.000000,-12.493806,0.0000,0.0000,-7.569736,3.432365,-2.850079,32.00
2.892004,torque-chirp,hip_abduction_right_joint,RS03,-7.549410,0.000000,-12.596054,0.0000,0.0000,-7.549410,1.840544,-2.864727,32.00
2.900002,torque-chirp,hip_abduction_right_joint,RS03,-7.542123,0.000000,-12.559564,0.0000,0.0000,-7.542123,0.254826,-2.950790,32.00
2.908003,torque-chirp,hip_abduction_right_joint,RS03,-7.548643,0.000000,-12.383683,0.0000,0.0000,-7.548643,-1.525597,-3.155869,32.00
2.916002,torque-chirp,hip_abduction_right_joint,RS03,-7.566668,0.000000,-12.069566,0.0000,0.0000,-7.566668,-2.807964,-3.758297,32.00
2.924003,torque-chirp,hip_abduction_right_joint,RS03,-7.596964,0.000000,-11.619742,0.0000,0.0000,-7.596964,-4.473029,-3.807735,32.00
2.932003,torque-chirp,hip_abduction_right_joint,RS03,-7.639533,0.000000,-11.038498,0.0000,0.0000,-7.639533,-5.840849,-3.690548,32.00
2.940003,torque-chirp,hip_abduction_right_joint,RS03,-7.693606,0.000000,-10.331537,0.0000,0.0000,-7.693606,-7.250782,-3.485466,32.00
2.948002,torque-chirp,hip_abduction_right_joint,RS03,-7.758418,0.000000,-9.506227,0.0000,0.0000,-7.758418,-8.743114,-3.273060,32.00
2.956004,torque-chirp,hip_abduction_right_joint,RS03,-7.833584,0.000000,-8.570884,0.0000,0.0000,-7.833584,-9.817350,-3.177845,32.00
2.964003,torque-chirp,hip_abduction_right_joint,RS03,-7.917955,0.000000,-7.536018,0.0000,0.0000,-7.917955,-11.091784,-3.115585,32.00
2.972002,torque-chirp,hip_abduction_right_joint,RS03,-8.011145,0.000000,-6.412551,0.0000,0.0000,-8.011145,-12.102541,-2.820782,32.00
2.980002,torque-chirp,hip_abduction_right_joint,RS03,-8.111622,0.000000,-5.212822,0.0000,0.0000,-8.111622,-12.914931,-2.573586,32.00
2.988007,torque-chirp,hip_abduction_right_joint,RS03,-8.219004,0.000000,-3.949768,0.0000,0.0000,-8.219004,-13.725491,-2.152435,32.00
2.996002,torque-chirp,hip_abduction_right_joint,RS03,-8.331753,0.000000,-2.639571,0.0000,0.0000,-8.331753,-14.336462,-2.200043,32.00
3.004004,torque-chirp,hip_abduction_right_joint,RS03,-8.447569,0.000000,-1.295123,0.0000,0.0000,-8.447569,-14.905318,-1.634243,32.00
3.012002,torque-chirp,hip_abduction_right_joint,RS03,-8.568373,0.000000,0.066819,0.0000,0.0000,-8.568373,-15.204394,-1.412682,32.00
3.020000,torque-chirp,hip_abduction_right_joint,RS03,-8.688791,0.000000,1.430677,0.0000,0.0000,-8.688791,-15.079270,-1.213093,32.00
3.028065,torque-chirp,hip_abduction_right_joint,RS03,-8.811129,0.000000,2.791612,0.0000,0.0000,-8.811129,-15.208057,-0.608837,32.00
3.036006,torque-chirp,hip_abduction_right_joint,RS03,-8.931931,0.000000,4.101634,0.0000,0.0000,-8.931931,-15.047531,-0.526436,32.00
3.044007,torque-chirp,hip_abduction_right_joint,RS03,-9.050817,0.000000,5.375395,0.0000,0.0000,-9.050817,-14.634317,0.306709,32.00
3.052011,torque-chirp,hip_abduction_right_joint,RS03,-9.166250,0.000000,6.588133,0.0000,0.0000,-9.166250,-14.240635,0.262764,32.00
3.060003,torque-chirp,hip_abduction_right_joint,RS03,-9.277082,0.000000,7.722373,0.0000,0.0000,-9.277082,-13.594873,0.638130,32.00
3.068073,torque-chirp,hip_abduction_right_joint,RS03,-9.381778,0.000000,8.775954,0.0000,0.0000,-9.381778,-12.663462,1.088577,32.00
3.076092,torque-chirp,hip_abduction_right_joint,RS03,-9.478420,0.000000,9.718104,0.0000,0.0000,-9.478420,-11.609369,1.458458,32.00
3.084061,torque-chirp,hip_abduction_right_joint,RS03,-9.565092,0.000000,10.538754,0.0000,0.0000,-9.565092,-10.366064,2.117649,32.00
3.092066,torque-chirp,hip_abduction_right_joint,RS03,-9.642559,0.000000,11.236481,0.0000,0.0000,-9.642559,-8.946976,2.425266,32.00
3.104028,torque-chirp,hip_abduction_right_joint,RS03,-9.734982,0.000000,12.022734,0.0000,0.0000,-9.734982,-6.717937,2.491184,32.00
3.112019,torque-chirp,hip_abduction_right_joint,RS03,-9.782153,0.000000,12.366190,0.0000,0.0000,-9.782153,-5.115739,2.883038,32.00
3.120012,torque-chirp,hip_abduction_right_joint,RS03,-9.816669,0.000000,12.557896,0.0000,0.0000,-9.816669,-3.722286,3.014874,32.00
3.128013,torque-chirp,hip_abduction_right_joint,RS03,-9.837761,0.000000,12.594426,0.0000,0.0000,-9.837761,-1.975433,2.945293,32.00
3.136006,torque-chirp,hip_abduction_right_joint,RS03,-9.845815,0.000000,12.474298,0.0000,0.0000,-9.845815,-0.428778,3.459827,32.00
3.144007,torque-chirp,hip_abduction_right_joint,RS03,-9.841596,0.000000,12.197862,0.0000,0.0000,-9.841596,1.130693,3.525753,32.00
3.152001,torque-chirp,hip_abduction_right_joint,RS03,-9.824722,0.000000,11.768144,0.0000,0.0000,-9.824722,2.748150,3.439686,32.00
3.160007,torque-chirp,hip_abduction_right_joint,RS03,-9.795959,0.000000,11.188513,0.0000,0.0000,-9.795959,4.122681,3.337147,32.00
3.168006,torque-chirp,hip_abduction_right_joint,RS03,-9.755692,0.000000,10.466619,0.0000,0.0000,-9.755692,5.606470,3.348133,32.00
3.176007,torque-chirp,hip_abduction_right_joint,RS03,-9.704303,0.000000,9.610158,0.0000,0.0000,-9.704303,6.941328,3.564205,32.00
3.184002,torque-chirp,hip_abduction_right_joint,RS03,-9.642942,0.000000,8.630235,0.0000,0.0000,-9.642942,8.184023,3.296864,32.00
3.192006,torque-chirp,hip_abduction_right_joint,RS03,-9.570845,0.000000,7.536699,0.0000,0.0000,-9.570845,9.389486,3.177845,32.00
3.200004,torque-chirp,hip_abduction_right_joint,RS03,-9.491076,0.000000,6.344994,0.0000,0.0000,-9.491076,10.488747,2.994732,32.00
3.212000,torque-chirp,hip_abduction_right_joint,RS03,-9.356851,0.000000,4.404883,0.0000,0.0000,-9.356851,11.736324,2.762188,32.00
3.220057,torque-chirp,hip_abduction_right_joint,RS03,-9.258675,0.000000,3.022961,0.0000,0.0000,-9.258675,12.535896,2.293430,32.00
3.228028,torque-chirp,hip_abduction_right_joint,RS03,-9.155896,0.000000,1.613837,0.0000,0.0000,-9.155896,13.030899,1.806366,32.00
3.236012,torque-chirp,hip_abduction_right_joint,RS03,-9.049666,0.000000,0.178627,0.0000,0.0000,-9.049666,13.318989,1.363243,32.00
3.244013,torque-chirp,hip_abduction_right_joint,RS03,-8.941902,0.000000,-1.264674,0.0000,0.0000,-8.941902,13.531395,1.059280,32.00
3.252005,torque-chirp,hip_abduction_right_joint,RS03,-8.832989,0.000000,-2.692500,0.0000,0.0000,-8.832989,13.591209,0.934769,32.00
3.260001,torque-chirp,hip_abduction_right_joint,RS03,-8.724840,0.000000,-4.088353,0.0000,0.0000,-8.724840,13.387352,0.544746,32.00
3.268004,torque-chirp,hip_abduction_right_joint,RS03,-8.619378,0.000000,-5.433635,0.0000,0.0000,-8.619378,13.102310,0.048523,32.00
3.276006,torque-chirp,hip_abduction_right_joint,RS03,-8.515833,0.000000,-6.708673,0.0000,0.0000,-8.515833,12.692760,-0.264591,32.00
3.284002,torque-chirp,hip_abduction_right_joint,RS03,-8.418039,0.000000,-7.895614,0.0000,0.0000,-8.418039,11.840696,-0.661938,32.00
3.292004,torque-chirp,hip_abduction_right_joint,RS03,-8.325617,0.000000,-8.979608,0.0000,0.0000,-8.325617,11.077745,-1.463951,32.00
3.300003,torque-chirp,hip_abduction_right_joint,RS03,-8.242396,0.000000,-9.944177,0.0000,0.0000,-8.242396,10.081636,-1.522545,32.00
3.308001,torque-chirp,hip_abduction_right_joint,RS03,-8.167997,0.000000,-10.775817,0.0000,0.0000,-8.167997,8.703442,-1.868622,32.00
3.316025,torque-chirp,hip_abduction_right_joint,RS03,-8.103569,0.000000,-11.464684,0.0000,0.0000,-8.103569,7.465630,-2.212860,32.00
3.324008,torque-chirp,hip_abduction_right_joint,RS03,-8.051413,0.000000,-11.995163,0.0000,0.0000,-8.051413,5.821926,-2.771343,32.00
3.332005,torque-chirp,hip_abduction_right_joint,RS03,-8.012296,0.000000,-12.363609,0.0000,0.0000,-8.012296,4.217899,-2.910503,32.00
3.340002,torque-chirp,hip_abduction_right_joint,RS03,-7.985834,0.000000,-12.562974,0.0000,0.0000,-7.985834,2.656595,-2.991074,32.00
3.348006,torque-chirp,hip_abduction_right_joint,RS03,-7.972412,0.000000,-12.589434,0.0000,0.0000,-7.972412,0.964066,-3.331654,32.00
3.356005,torque-chirp,hip_abduction_right_joint,RS03,-7.971262,0.000000,-12.441588,0.0000,0.0000,-7.971262,-0.564278,-3.379261,32.00
3.364002,torque-chirp,hip_abduction_right_joint,RS03,-7.982383,0.000000,-12.120633,0.0000,0.0000,-7.982383,-2.050507,-3.835201,32.00
3.372007,torque-chirp,hip_abduction_right_joint,RS03,-8.005393,0.000000,-11.629566,0.0000,0.0000,-8.005393,-3.597162,-3.481804,32.00
3.380006,torque-chirp,hip_abduction_right_joint,RS03,-8.040675,0.000000,-10.975050,0.0000,0.0000,-8.040675,-4.943007,-3.468987,32.00
3.388001,torque-chirp,hip_abduction_right_joint,RS03,-8.087462,0.000000,-10.165465,0.0000,0.0000,-8.087462,-6.534219,-3.760128,32.00
3.396006,torque-chirp,hip_abduction_right_joint,RS03,-8.144987,0.000000,-9.210013,0.0000,0.0000,-8.144987,-7.670099,-3.306019,32.00
3.404005,torque-chirp,hip_abduction_right_joint,RS03,-8.212483,0.000000,-8.122945,0.0000,0.0000,-8.212483,-9.000687,-2.877544,32.00
3.412002,torque-chirp,hip_abduction_right_joint,RS03,-8.289568,0.000000,-6.918710,0.0000,0.0000,-8.289568,-10.201877,-2.820782,32.00
3.420005,torque-chirp,hip_abduction_right_joint,RS03,-8.374704,0.000000,-5.612556,0.0000,0.0000,-8.374704,-11.053941,-2.749371,32.00
3.428004,torque-chirp,hip_abduction_right_joint,RS03,-8.466361,0.000000,-4.224527,0.0000,0.0000,-8.466361,-11.770504,-2.593727,32.00
3.436000,torque-chirp,hip_abduction_right_joint,RS03,-8.565304,0.000000,-2.773562,0.0000,0.0000,-8.565304,-12.475471,-1.896088,32.00
3.444005,torque-chirp,hip_abduction_right_joint,RS03,-8.667699,0.000000,-1.278285,0.0000,0.0000,-8.667699,-13.086443,-1.515221,32.00
3.452006,torque-chirp,hip_abduction_right_joint,RS03,-8.772779,0.000000,0.237253,0.0000,0.0000,-8.772779,-13.245747,-1.178303,32.00
3.460002,torque-chirp,hip_abduction_right_joint,RS03,-8.879392,0.000000,1.751494,0.0000,0.0000,-8.879392,-13.464867,-0.898148,32.00
3.468005,torque-chirp,hip_abduction_right_joint,RS03,-8.987539,0.000000,3.244088,0.0000,0.0000,-8.987539,-13.419089,-0.451363,32.00
3.476004,torque-chirp,hip_abduction_right_joint,RS03,-9.094152,0.000000,4.691164,0.0000,0.0000,-9.094152,-13.201190,-0.235294,32.00
3.484001,torque-chirp,hip_abduction_right_joint,RS03,-9.198464,0.000000,6.071714,0.0000,0.0000,-9.198464,-12.814832,0.079651,32.00
3.492006,torque-chirp,hip_abduction_right_joint,RS03,-9.298943,0.000000,7.366509,0.0000,0.0000,-9.298943,-12.319219,0.755325,32.00
3.500006,torque-chirp,hip_abduction_right_joint,RS03,-9.394051,0.000000,8.553677,0.0000,0.0000,-9.394051,-11.633783,1.332115,32.00
3.508003,torque-chirp,hip_abduction_right_joint,RS03,-9.481488,0.000000,9.615779,0.0000,0.0000,-9.481488,-10.682841,1.238731,32.00
3.516005,torque-chirp,hip_abduction_right_joint,RS03,-9.561640,0.000000,10.536875,0.0000,0.0000,-9.561640,-9.387045,1.813690,32.00
3.524001,torque-chirp,hip_abduction_right_joint,RS03,-9.630671,0.000000,11.301564,0.0000,0.0000,-9.630671,-8.113832,2.192722,32.00
3.532123,torque-chirp,hip_abduction_right_joint,RS03,-9.688195,0.000000,11.906047,0.0000,0.0000,-9.688195,-6.537881,2.326389,32.00
3.540009,torque-chirp,hip_abduction_right_joint,RS03,-9.733448,0.000000,12.317133,0.0000,0.0000,-9.733448,-5.002823,2.707256,32.00
3.548007,torque-chirp,hip_abduction_right_joint,RS03,-9.766430,0.000000,12.549889,0.0000,0.0000,-9.766430,-3.500725,2.749371,32.00
3.556003,torque-chirp,hip_abduction_right_joint,RS03,-9.785988,0.000000,12.592697,0.0000,0.0000,-9.785988,-1.792324,3.148548,32.00
3.564008,torque-chirp,hip_abduction_right_joint,RS03,-9.792508,0.000000,12.443660,0.0000,0.0000,-9.792508,-0.063784,2.818951,32.00
3.572011,torque-chirp,hip_abduction_right_joint,RS03,-9.785604,0.000000,12.104049,0.0000,0.0000,-9.785604,1.490807,3.298695,32.00
3.580002,torque-chirp,hip_abduction_right_joint,RS03,-9.766813,0.000000,11.578906,0.0000,0.0000,-9.766813,2.971542,3.536739,32.00
3.588006,torque-chirp,hip_abduction_right_joint,RS03,-9.736134,0.000000,10.873720,0.0000,0.0000,-9.736134,4.434576,3.467152,32.00
3.596005,torque-chirp,hip_abduction_right_joint,RS03,-9.693948,0.000000,9.999567,0.0000,0.0000,-9.693948,5.776150,3.146717,32.00
3.604008,torque-chirp,hip_abduction_right_joint,RS03,-9.640641,0.000000,8.968483,0.0000,0.0000,-9.640641,7.194019,3.333485,32.00
3.612013,torque-chirp,hip_abduction_right_joint,RS03,-9.577747,0.000000,7.795525,0.0000,0.0000,-9.577747,8.423286,2.970928,32.00
3.620008,torque-chirp,hip_abduction_right_joint,RS03,-9.505650,0.000000,6.500302,0.0000,0.0000,-9.505650,9.358358,2.837261,32.00
3.628002,torque-chirp,hip_abduction_right_joint,RS03,-9.425880,0.000000,5.101190,0.0000,0.0000,-9.425880,10.392311,2.721905,32.00
3.636006,torque-chirp,hip_abduction_right_joint,RS03,-9.339593,0.000000,3.617621,0.0000,0.0000,-9.339593,11.057604,2.002289,32.00
3.644005,torque-chirp,hip_abduction_right_joint,RS03,-9.247169,0.000000,2.075437,0.0000,0.0000,-9.247169,11.822386,2.086517,32.00
3.652003,torque-chirp,hip_abduction_right_joint,RS03,-9.151294,0.000000,0.497697,0.0000,0.0000,-9.151294,12.221561,1.604942,32.00
3.660008,torque-chirp,hip_abduction_right_joint,RS03,-9.053118,0.000000,-1.091952,0.0000,0.0000,-9.053118,12.316776,0.936600,32.00
3.668004,torque-chirp,hip_abduction_right_joint,RS03,-8.953791,0.000000,-2.665292,0.0000,0.0000,-8.953791,12.415653,0.493477,32.00
3.676008,torque-chirp,hip_abduction_right_joint,RS03,-8.854848,0.000000,-4.200158,0.0000,0.0000,-8.854848,12.333256,0.288399,32.00
3.684003,torque-chirp,hip_abduction_right_joint,RS03,-8.758205,0.000000,-5.668539,0.0000,0.0000,-8.758205,12.062256,0.182190,32.00
3.692045,torque-chirp,hip_abduction_right_joint,RS03,-8.663481,0.000000,-7.056081,0.0000,0.0000,-8.663481,11.547112,-0.292057,32.00
3.700032,torque-chirp,hip_abduction_right_joint,RS03,-8.574125,0.000000,-8.322440,0.0000,0.0000,-8.574125,10.795147,-1.236897,32.00
3.708021,torque-chirp,hip_abduction_right_joint,RS03,-8.491673,0.000000,-9.456716,0.0000,0.0000,-8.491673,10.084688,-1.275349,32.00
3.716017,torque-chirp,hip_abduction_right_joint,RS03,-8.417273,0.000000,-10.439990,0.0000,0.0000,-8.417273,8.773632,-1.593960,32.00
3.724011,torque-chirp,hip_abduction_right_joint,RS03,-8.353228,0.000000,-11.254465,0.0000,0.0000,-8.353228,7.443657,-2.055389,32.00
3.732045,torque-chirp,hip_abduction_right_joint,RS03,-8.300304,0.000000,-11.888675,0.0000,0.0000,-8.300304,5.978790,-2.555275,32.00
3.740037,torque-chirp,hip_abduction_right_joint,RS03,-8.259271,0.000000,-12.324952,0.0000,0.0000,-8.259271,4.504158,-2.939804,32.00
3.748014,torque-chirp,hip_abduction_right_joint,RS03,-8.230891,0.000000,-12.558637,0.0000,0.0000,-8.230891,2.894028,-2.956284,32.00
3.756007,torque-chirp,hip_abduction_right_joint,RS03,-8.215551,0.000000,-12.585674,0.0000,0.0000,-8.215551,1.240559,-3.245594,32.00
3.764004,torque-chirp,hip_abduction_right_joint,RS03,-8.213251,0.000000,-12.403766,0.0000,0.0000,-8.213251,-0.409246,-2.991074,32.00
3.772005,torque-chirp,hip_abduction_right_joint,RS03,-8.223605,0.000000,-12.014525,0.0000,0.0000,-8.223605,-1.864347,-3.771114,32.00
3.780003,torque-chirp,hip_abduction_right_joint,RS03,-8.245464,0.000000,-11.423681,0.0000,0.0000,-8.245464,-3.497673,-3.285877,32.00
3.788003,torque-chirp,hip_abduction_right_joint,RS03,-8.279980,0.000000,-10.639899,0.0000,0.0000,-8.279980,-4.838026,-3.381092,32.00
3.796003,torque-chirp,hip_abduction_right_joint,RS03,-8.325233,0.000000,-9.675483,0.0000,0.0000,-8.325233,-6.227207,-3.520256,32.00
3.804002,torque-chirp,hip_abduction_right_joint,RS03,-8.380840,0.000000,-8.545897,0.0000,0.0000,-8.380840,-7.485161,-3.007553,32.00
3.812056,torque-chirp,hip_abduction_right_joint,RS03,-8.447569,0.000000,-7.260190,0.0000,0.0000,-8.447569,-8.715649,-2.815289,32.00
3.820051,torque-chirp,hip_abduction_right_joint,RS03,-8.522352,0.000000,-5.857939,0.0000,0.0000,-8.522352,-9.579309,-2.417942,32.00
3.828042,torque-chirp,hip_abduction_right_joint,RS03,-8.603655,0.000000,-4.353978,0.0000,0.0000,-8.603655,-10.647441,-2.417942,32.00
3.836024,torque-chirp,hip_abduction_right_joint,RS03,-8.691476,0.000000,-2.774937,0.0000,0.0000,-8.691476,-11.196765,-1.958344,32.00
3.844012,torque-chirp,hip_abduction_right_joint,RS03,-8.783517,0.000000,-1.144438,0.0000,0.0000,-8.783517,-11.738766,-2.064545,32.00
3.852008,torque-chirp,hip_abduction_right_joint,RS03,-8.879775,0.000000,0.510122,0.0000,0.0000,-8.879775,-12.188601,-1.114216,32.00
3.860008,torque-chirp,hip_abduction_right_joint,RS03,-8.976801,0.000000,2.159431,0.0000,0.0000,-8.976801,-12.126345,-0.678417,32.00
3.868008,torque-chirp,hip_abduction_right_joint,RS03,-9.074210,0.000000,3.773887,0.0000,0.0000,-9.074210,-12.085450,-0.509956,32.00
3.876045,torque-chirp,hip_abduction_right_joint,RS03,-9.170469,0.000000,5.332357,0.0000,0.0000,-9.170469,-11.904174,-0.456856,32.00
3.884033,torque-chirp,hip_abduction_right_joint,RS03,-9.264043,0.000000,6.790619,0.0000,0.0000,-9.264043,-11.591059,0.493477,32.00
3.892023,torque-chirp,hip_abduction_right_joint,RS03,-9.353399,0.000000,8.132912,0.0000,0.0000,-9.353399,-10.944686,0.879837,32.00
3.900040,torque-chirp,hip_abduction_right_joint,RS03,-9.436619,0.000000,9.338329,0.0000,0.0000,-9.436619,-10.024262,1.496910,32.00
3.908032,torque-chirp,hip_abduction_right_joint,RS03,-9.511786,0.000000,10.377048,0.0000,0.0000,-9.511786,-9.020218,1.782562,32.00
3.916029,torque-chirp,hip_abduction_right_joint,RS03,-9.577747,0.000000,11.234476,0.0000,0.0000,-9.577747,-7.579766,2.156101,32.00
3.924018,torque-chirp,hip_abduction_right_joint,RS03,-9.632204,0.000000,11.893131,0.0000,0.0000,-9.632204,-6.219883,2.467381,32.00
3.932012,torque-chirp,hip_abduction_right_joint,RS03,-9.674389,0.000000,12.341472,0.0000,0.0000,-9.674389,-4.581675,2.937969,32.00
3.940009,torque-chirp,hip_abduction_right_joint,RS03,-9.704303,0.000000,12.569995,0.0000,0.0000,-9.704303,-3.062485,3.009380,32.00
3.948009,torque-chirp,hip_abduction_right_joint,RS03,-9.721176,0.000000,12.573277,0.0000,0.0000,-9.721176,-1.313803,2.894024,32.00
3.956008,torque-chirp,hip_abduction_right_joint,RS03,-9.724245,0.000000,12.350056,0.0000,0.0000,-9.724245,0.336613,2.941631,32.00
3.964006,torque-chirp,hip_abduction_right_joint,RS03,-9.714657,0.000000,11.903327,0.0000,0.0000,-9.714657,1.875334,3.379261,32.00
3.972008,torque-chirp,hip_abduction_right_joint,RS03,-9.693181,0.000000,11.239751,0.0000,0.0000,-9.693181,3.209583,3.355457,32.00
3.980005,torque-chirp,hip_abduction_right_joint,RS03,-9.660200,0.000000,10.370901,0.0000,0.0000,-9.660200,4.770277,3.348133,32.00
3.988006,torque-chirp,hip_abduction_right_joint,RS03,-9.616097,0.000000,9.311001,0.0000,0.0000,-9.616097,6.108187,3.243763,32.00
3.996007,torque-chirp,hip_abduction_right_joint,RS03,-9.560873,0.000000,8.078804,0.0000,0.0000,-9.560873,7.325857,3.091785,32.00
4.004006,torque-chirp,hip_abduction_right_joint,RS03,-9.496445,0.000000,6.696489,0.0000,0.0000,-9.496445,8.511177,3.082630,32.00
4.012034,torque-chirp,hip_abduction_right_joint,RS03,-9.423964,0.000000,5.182691,0.0000,0.0000,-9.423964,9.570152,2.762188,32.00
4.020044,torque-chirp,hip_abduction_right_joint,RS03,-9.344962,0.000000,3.573827,0.0000,0.0000,-9.344962,10.200655,2.026093,32.00
4.028184,torque-chirp,hip_abduction_right_joint,RS03,-9.260592,0.000000,1.868188,0.0000,0.0000,-9.260592,10.827496,1.930878,32.00
4.036055,torque-chirp,hip_abduction_right_joint,RS03,-9.172003,0.000000,0.181663,0.0000,0.0000,-9.172003,11.368887,1.394371,32.00
4.044016,torque-chirp,hip_abduction_right_joint,RS03,-9.081114,0.000000,-1.530231,0.0000,0.0000,-9.081114,11.463491,1.280846,32.00
4.052003,torque-chirp,hip_abduction_right_joint,RS03,-8.989840,0.000000,-3.221836,0.0000,0.0000,-8.989840,11.467764,0.381783,32.00
4.060060,torque-chirp,hip_abduction_right_joint,RS03,-8.898567,0.000000,-4.869625,0.0000,0.0000,-8.898567,11.199818,0.337837,32.00
4.068029,torque-chirp,hip_abduction_right_joint,RS03,-8.809211,0.000000,-6.410567,0.0000,0.0000,-8.809211,10.933090,-0.292057,32.00
4.076016,torque-chirp,hip_abduction_right_joint,RS03,-8.724073,0.000000,-7.836808,0.0000,0.0000,-8.724073,10.436256,-0.431221,32.00
4.084015,torque-chirp,hip_abduction_right_joint,RS03,-8.644305,0.000000,-9.118715,0.0000,0.0000,-8.644305,9.660488,-1.370567,32.00
4.092010,torque-chirp,hip_abduction_right_joint,RS03,-8.572591,0.000000,-10.228574,0.0000,0.0000,-8.572591,8.582590,-1.912567,32.00
4.100009,torque-chirp,hip_abduction_right_joint,RS03,-8.509314,0.000000,-11.145680,0.0000,0.0000,-8.509314,7.421072,-2.200043,32.00
4.108008,torque-chirp,hip_abduction_right_joint,RS03,-8.457541,0.000000,-11.850549,0.0000,0.0000,-8.457541,5.904327,-2.487526,32.00
4.116005,torque-chirp,hip_abduction_right_joint,RS03,-8.416889,0.000000,-12.328721,0.0000,0.0000,-8.416889,4.415045,-2.452732,32.00
4.124003,torque-chirp,hip_abduction_right_joint,RS03,-8.390045,0.000000,-12.570119,0.0000,0.0000,-8.390045,2.660868,-2.945297,32.00
4.132005,torque-chirp,hip_abduction_right_joint,RS03,-8.375854,0.000000,-12.568781,0.0000,0.0000,-8.375854,1.081255,-2.850079,32.00
4.140005,torque-chirp,hip_abduction_right_joint,RS03,-8.374704,0.000000,-12.323507,0.0000,0.0000,-8.374704,-0.644846,-3.036850,32.00
4.148004,torque-chirp,hip_abduction_right_joint,RS03,-8.386593,0.000000,-11.838005,0.0000,0.0000,-8.386593,-2.101168,-3.161362,32.00
4.156004,torque-chirp,hip_abduction_right_joint,RS03,-8.410370,0.000000,-11.120402,0.0000,0.0000,-8.410370,-3.560541,-3.417717,32.00
4.164004,torque-chirp,hip_abduction_right_joint,RS03,-8.446035,0.000000,-10.183955,0.0000,0.0000,-8.446035,-5.095597,-3.207142,32.00
4.172003,torque-chirp,hip_abduction_right_joint,RS03,-8.492439,0.000000,-9.045887,0.0000,0.0000,-8.492439,-6.307775,-3.221790,32.00
4.180004,torque-chirp,hip_abduction_right_joint,RS03,-8.549581,0.000000,-7.727599,0.0000,0.0000,-8.549581,-7.641413,-3.062485,32.00
4.188002,torque-chirp,hip_abduction_right_joint,RS03,-8.615543,0.000000,-6.254742,0.0000,0.0000,-8.615543,-8.688792,-2.961777,32.00
4.196002,torque-chirp,hip_abduction_right_joint,RS03,-8.689175,0.000000,-4.655273,0.0000,0.0000,-8.689175,-9.544518,-2.527809,32.00
4.204003,torque-chirp,hip_abduction_right_joint,RS03,-8.768944,0.000000,-2.960434,0.0000,0.0000,-8.768944,-10.379492,-1.987640,32.00
4.212003,torque-chirp,hip_abduction_right_joint,RS03,-8.854848,0.000000,-1.204082,0.0000,0.0000,-8.854848,-10.871443,-1.989471,32.00
4.220004,torque-chirp,hip_abduction_right_joint,RS03,-8.943437,0.000000,0.579351,0.0000,0.0000,-8.943437,-11.061265,-1.051956,32.00
4.228004,torque-chirp,hip_abduction_right_joint,RS03,-9.033559,0.000000,2.353673,0.0000,0.0000,-9.033559,-11.343862,-1.073933,32.00
4.236003,torque-chirp,hip_abduction_right_joint,RS03,-9.123299,0.000000,4.083223,0.0000,0.0000,-9.123299,-11.260853,-0.268253,32.00
4.244002,torque-chirp,hip_abduction_right_joint,RS03,-9.213421,0.000000,5.732878,0.0000,0.0000,-9.213421,-11.030746,0.043030,32.00
4.252004,torque-chirp,hip_abduction_right_joint,RS03,-9.298943,0.000000,7.269290,0.0000,0.0000,-9.298943,-10.654765,0.539253,32.00
4.260002,torque-chirp,hip_abduction_right_joint,RS03,-9.381394,0.000000,8.659597,0.0000,0.0000,-9.381394,-10.047456,0.634468,32.00
4.268003,torque-chirp,hip_abduction_right_joint,RS03,-9.456561,0.000000,9.875925,0.0000,0.0000,-9.456561,-9.028153,1.425499,32.00
4.276003,torque-chirp,hip_abduction_right_joint,RS03,-9.523674,0.000000,10.891681,0.0000,0.0000,-9.523674,-8.011903,1.802704,32.00
4.284004,torque-chirp,hip_abduction_right_joint,RS03,-9.580049,0.000000,11.685556,0.0000,0.0000,-9.580049,-6.408484,2.222019,32.00
4.292003,torque-chirp,hip_abduction_right_joint,RS03,-9.624535,0.000000,12.239857,0.0000,0.0000,-9.624535,-4.986343,2.342869,32.00
4.300003,torque-chirp,hip_abduction_right_joint,RS03,-9.657132,0.000000,12.542259,0.0000,0.0000,-9.657132,-3.296253,2.648663,32.00
4.308002,torque-chirp,hip_abduction_right_joint,RS03,-9.676307,0.000000,12.585286,0.0000,0.0000,-9.676307,-1.867399,3.199818,32.00
4.316002,torque-chirp,hip_abduction_right_joint,RS03,-9.682827,0.000000,12.366833,0.0000,0.0000,-9.682827,-0.164492,2.948956,32.00
4.324002,torque-chirp,hip_abduction_right_joint,RS03,-9.675923,0.000000,11.890206,0.0000,0.0000,-9.675923,1.417562,3.611813,32.00
4.332002,torque-chirp,hip_abduction_right_joint,RS03,-9.657899,0.000000,11.164289,0.0000,0.0000,-9.657899,2.949570,3.439686,32.00
4.340050,torque-chirp,hip_abduction_right_joint,RS03,-9.627603,0.000000,10.196638,0.0000,0.0000,-9.627603,4.311285,3.500111,32.00
4.348039,torque-chirp,hip_abduction_right_joint,RS03,-9.586568,0.000000,9.019873,0.0000,0.0000,-9.586568,5.720608,3.199818,32.00
4.356019,torque-chirp,hip_abduction_right_joint,RS03,-9.534795,0.000000,7.653075,0.0000,0.0000,-9.534795,7.007248,3.317005,32.00
4.364015,torque-chirp,hip_abduction_right_joint,RS03,-9.473819,0.000000,6.120073,0.0000,0.0000,-9.473819,8.129702,2.815289,32.00
4.372010,torque-chirp,hip_abduction_right_joint,RS03,-9.405556,0.000000,4.454851,0.0000,0.0000,-9.405556,8.875563,2.273289,32.00
4.380018,torque-chirp,hip_abduction_right_joint,RS03,-9.330772,0.000000,2.689728,0.0000,0.0000,-9.330772,9.631802,2.053558,32.00
4.388011,torque-chirp,hip_abduction_right_joint,RS03,-9.251388,0.000000,0.867801,0.0000,0.0000,-9.251388,10.241550,1.907074,32.00
4.396005,torque-chirp,hip_abduction_right_joint,RS03,-9.168936,0.000000,-0.975804,0.0000,0.0000,-9.168936,10.460670,1.039139,32.00
4.404003,torque-chirp,hip_abduction_right_joint,RS03,-9.084949,0.000000,-2.802173,0.0000,0.0000,-9.084949,10.600443,0.925613,32.00
4.412006,torque-chirp,hip_abduction_right_joint,RS03,-9.000961,0.000000,-4.571845,0.0000,0.0000,-9.000961,10.359959,0.288399,32.00
4.420012,torque-chirp,hip_abduction_right_joint,RS03,-8.918125,0.000000,-6.245924,0.0000,0.0000,-8.918125,10.204317,-0.383614,32.00
4.428006,torque-chirp,hip_abduction_right_joint,RS03,-8.839125,0.000000,-7.784672,0.0000,0.0000,-8.839125,9.691006,-0.409248,32.00
4.436017,torque-chirp,hip_abduction_right_joint,RS03,-8.764725,0.000000,-9.159238,0.0000,0.0000,-8.764725,8.935377,-0.865189,32.00
4.444014,torque-chirp,hip_abduction_right_joint,RS03,-8.698380,0.000000,-10.333813,0.0000,0.0000,-8.698380,7.873348,-1.447472,32.00
4.452010,torque-chirp,hip_abduction_right_joint,RS03,-8.641237,0.000000,-11.284098,0.0000,0.0000,-8.641237,6.627602,-2.295261,32.00
4.460007,torque-chirp,hip_abduction_right_joint,RS03,-8.594450,0.000000,-11.988429,0.0000,0.0000,-8.594450,5.342182,-2.317234,32.00
4.468003,torque-chirp,hip_abduction_right_joint,RS03,-8.559936,0.000000,-12.430202,0.0000,0.0000,-8.559936,3.581903,-2.648659,32.00
4.476001,torque-chirp,hip_abduction_right_joint,RS03,-8.538076,0.000000,-12.598459,0.0000,0.0000,-8.538076,2.019989,-3.144882,32.00
4.484004,torque-chirp,hip_abduction_right_joint,RS03,-8.528872,0.000000,-12.488028,0.0000,0.0000,-8.528872,0.523384,-3.157700,32.00
4.492012,torque-chirp,hip_abduction_right_joint,RS03,-8.532707,0.000000,-12.099637,0.0000,0.0000,-8.532707,-1.069048,-3.534904,32.00
4.500006,torque-chirp,hip_abduction_right_joint,RS03,-8.548046,0.000000,-11.442039,0.0000,0.0000,-8.548046,-2.571756,-3.523918,32.00
4.508004,torque-chirp,hip_abduction_right_joint,RS03,-8.575659,0.000000,-10.527675,0.0000,0.0000,-8.575659,-3.942625,-3.761959,32.00
4.516012,torque-chirp,hip_abduction_right_joint,RS03,-8.614392,0.000000,-9.374822,0.0000,0.0000,-8.614392,-5.389181,-3.527580,32.00
4.524010,torque-chirp,hip_abduction_right_joint,RS03,-8.663864,0.000000,-8.010848,0.0000,0.0000,-8.663864,-6.661173,-3.119247,32.00
4.532160,torque-chirp,hip_abduction_right_joint,RS03,-8.722540,0.000000,-6.433571,0.0000,0.0000,-8.722540,-7.864805,-3.005722,32.00
4.540016,torque-chirp,hip_abduction_right_joint,RS03,-8.789653,0.000000,-4.767714,0.0000,0.0000,-8.789653,-8.846265,-2.769512,32.00
4.548018,torque-chirp,hip_abduction_right_joint,RS03,-8.863285,0.000000,-2.961711,0.0000,0.0000,-8.863285,-9.581141,-2.227512,32.00
4.556007,torque-chirp,hip_abduction_right_joint,RS03,-8.942286,0.000000,-1.088454,0.0000,0.0000,-8.942286,-10.140230,-1.515221,32.00
4.564000,torque-chirp,hip_abduction_right_joint,RS03,-9.024355,0.000000,0.813052,0.0000,0.0000,-9.024355,-10.414893,-1.399864,32.00
4.572004,torque-chirp,hip_abduction_right_joint,RS03,-9.107958,0.000000,2.701297,0.0000,0.0000,-9.107958,-10.570535,-0.876175,32.00
4.580008,torque-chirp,hip_abduction_right_joint,RS03,-9.192329,0.000000,4.530177,0.0000,0.0000,-9.192329,-10.500954,-0.273746,32.00
4.588006,torque-chirp,hip_abduction_right_joint,RS03,-9.274781,0.000000,6.256247,0.0000,0.0000,-9.274781,-10.160372,-0.169376,32.00
4.596006,torque-chirp,hip_abduction_right_joint,RS03,-9.354166,0.000000,7.841060,0.0000,0.0000,-9.354166,-9.689784,0.632637,32.00
4.604019,torque-chirp,hip_abduction_right_joint,RS03,-9.428182,0.000000,9.248763,0.0000,0.0000,-9.428182,-8.917067,1.225914,32.00
4.612052,torque-chirp,hip_abduction_right_joint,RS03,-9.495678,0.000000,10.445979,0.0000,0.0000,-9.495678,-7.899595,1.872284,32.00
4.620029,torque-chirp,hip_abduction_right_joint,RS03,-9.553204,0.000000,11.394008,0.0000,0.0000,-9.553204,-6.608072,1.894257,32.00
4.628057,torque-chirp,hip_abduction_right_joint,RS03,-9.600374,0.000000,12.082570,0.0000,0.0000,-9.600374,-5.276875,2.655987,32.00
4.636019,torque-chirp,hip_abduction_right_joint,RS03,-9.634889,0.000000,12.485144,0.0000,0.0000,-9.634889,-3.702753,2.881207,32.00
4.644016,torque-chirp,hip_abduction_right_joint,RS03,-9.657132,0.000000,12.597905,0.0000,0.0000,-9.657132,-2.078585,2.765850,32.00
4.652007,torque-chirp,hip_abduction_right_joint,RS03,-9.665569,0.000000,12.414757,0.0000,0.0000,-9.665569,-0.478828,3.185169,32.00
4.660015,torque-chirp,hip_abduction_right_joint,RS03,-9.661350,0.000000,11.937593,0.0000,0.0000,-9.661350,1.181965,3.295033,32.00
4.668007,torque-chirp,hip_abduction_right_joint,RS03,-9.645244,0.000000,11.178324,0.0000,0.0000,-9.645244,2.697489,3.503773,32.00
4.676007,torque-chirp,hip_abduction_right_joint,RS03,-9.616864,0.000000,10.152078,0.0000,0.0000,-9.616864,4.138550,3.370106,32.00
4.684002,torque-chirp,hip_abduction_right_joint,RS03,-9.578131,0.000000,8.883401,0.0000,0.0000,-9.578131,5.488060,3.137562,32.00
4.692005,torque-chirp,hip_abduction_right_joint,RS03,-9.527892,0.000000,7.399457,0.0000,0.0000,-9.527892,6.730755,3.295033,32.00
4.700004,torque-chirp,hip_abduction_right_joint,RS03,-9.469216,0.000000,5.737013,0.0000,0.0000,-9.469216,7.770199,2.985577,32.00
4.708004,torque-chirp,hip_abduction_right_joint,RS03,-9.403255,0.000000,3.934154,0.0000,0.0000,-9.403255,8.508125,2.223850,32.00
4.716012,torque-chirp,hip_abduction_right_joint,RS03,-9.331156,0.000000,2.032093,0.0000,0.0000,-9.331156,9.225300,2.016937,32.00
4.724006,torque-chirp,hip_abduction_right_joint,RS03,-9.254839,0.000000,0.081821,0.0000,0.0000,-9.254839,9.746548,1.833832,32.00
4.732013,torque-chirp,hip_abduction_right_joint,RS03,-9.175838,0.000000,-1.876462,0.0000,0.0000,-9.175838,9.930878,0.907303,32.00
4.740008,torque-chirp,hip_abduction_right_joint,RS03,-9.095686,0.000000,-3.789323,0.0000,0.0000,-9.095686,10.035248,0.409248,32.00
4.748004,torque-chirp,hip_abduction_right_joint,RS03,-9.016685,0.000000,-5.612536,0.0000,0.0000,-9.016685,9.832609,0.229797,32.00
4.756005,torque-chirp,hip_abduction_right_joint,RS03,-8.939985,0.000000,-7.302545,0.0000,0.0000,-8.939985,9.390097,-0.171207,32.00
4.764008,torque-chirp,hip_abduction_right_joint,RS03,-8.867503,0.000000,-8.816117,0.0000,0.0000,-8.867503,8.842604,-0.667431,32.00
4.772083,torque-chirp,hip_abduction_right_joint,RS03,-8.800775,0.000000,-10.125950,0.0000,0.0000,-8.800775,7.930115,-1.273518,32.00
4.780033,torque-chirp,hip_abduction_right_joint,RS03,-8.743632,0.000000,-11.169114,0.0000,0.0000,-8.743632,6.692913,-2.148773,32.00
4.788021,torque-chirp,hip_abduction_right_joint,RS03,-8.696845,0.000000,-11.944211,0.0000,0.0000,-8.696845,5.336079,-2.106659,32.00
4.796012,torque-chirp,hip_abduction_right_joint,RS03,-8.661947,0.000000,-12.425513,0.0000,0.0000,-8.661947,3.835814,-2.370335,32.00
4.804004,torque-chirp,hip_abduction_right_joint,RS03,-8.639704,0.000000,-12.599497,0.0000,0.0000,-8.639704,2.106049,-3.084457,32.00
4.812278,torque-chirp,hip_abduction_right_joint,RS03,-8.630116,0.000000,-12.449868,0.0000,0.0000,-8.630116,0.451973,-2.921490,32.00
4.820046,torque-chirp,hip_abduction_right_joint,RS03,-8.633568,0.000000,-12.006170,0.0000,0.0000,-8.633568,-1.071489,-3.355457,32.00
4.828038,torque-chirp,hip_abduction_right_joint,RS03,-8.649291,0.000000,-11.253261,0.0000,0.0000,-8.649291,-2.644999,-3.681393,32.00
4.836025,torque-chirp,hip_abduction_right_joint,RS03,-8.676904,0.000000,-10.217942,0.0000,0.0000,-8.676904,-4.018921,-3.628288,32.00
4.844018,torque-chirp,hip_abduction_right_joint,RS03,-8.715254,0.000000,-8.923658,0.0000,0.0000,-8.715254,-5.374533,-3.631950,32.00
4.852011,torque-chirp,hip_abduction_right_joint,RS03,-8.764341,0.000000,-7.402323,0.0000,0.0000,-8.764341,-6.698406,-2.980087,32.00
4.860007,torque-chirp,hip_abduction_right_joint,RS03,-8.822250,0.000000,-5.691162,0.0000,0.0000,-8.822250,-7.723202,-3.100937,32.00
4.868008,torque-chirp,hip_abduction_right_joint,RS03,-8.888212,0.000000,-3.832080,0.0000,0.0000,-8.888212,-8.693675,-2.571754,32.00
4.876007,torque-chirp,hip_abduction_right_joint,RS03,-8.959543,0.000000,-1.873147,0.0000,0.0000,-8.959543,-9.245441,-2.209198,32.00
4.884005,torque-chirp,hip_abduction_right_joint,RS03,-9.035477,0.000000,0.135928,0.0000,0.0000,-9.035477,-9.609827,-1.694668,32.00
4.892005,torque-chirp,hip_abduction_right_joint,RS03,-9.113710,0.000000,2.144892,0.0000,0.0000,-9.113710,-9.901580,-0.817577,32.00
4.900008,torque-chirp,hip_abduction_right_joint,RS03,-9.193096,0.000000,4.102059,0.0000,0.0000,-9.193096,-9.883269,-0.476997,32.00
4.908006,torque-chirp,hip_abduction_right_joint,RS03,-9.271330,0.000000,5.955040,0.0000,0.0000,-9.271330,-9.728848,-0.275578,32.00
4.916006,torque-chirp,hip_abduction_right_joint,RS03,-9.346497,0.000000,7.657430,0.0000,0.0000,-9.346497,-9.258260,0.209656,32.00
4.924006,torque-chirp,hip_abduction_right_joint,RS03,-9.417444,0.000000,9.163759,0.0000,0.0000,-9.417444,-8.516670,0.786453,32.00
4.932005,torque-chirp,hip_abduction_right_joint,RS03,-9.481488,0.000000,10.434049,0.0000,0.0000,-9.481488,-7.715267,1.310143,32.00
4.940006,torque-chirp,hip_abduction_right_joint,RS03,-9.536713,0.000000,11.434628,0.0000,0.0000,-9.536713,-6.423132,2.344700,32.00
4.948006,torque-chirp,hip_abduction_right_joint,RS03,-9.580815,0.000000,12.137882,0.0000,0.0000,-9.580815,-4.932021,2.339207,32.00
4.956005,torque-chirp,hip_abduction_right_joint,RS03,-9.613029,0.000000,12.524317,0.0000,0.0000,-9.613029,-3.355459,2.725567,32.00
4.964006,torque-chirp,hip_abduction_right_joint,RS03,-9.632204,0.000000,12.582558,0.0000,0.0000,-9.632204,-1.714809,3.177845,32.00
4.972007,torque-chirp,hip_abduction_right_joint,RS03,-9.638723,0.000000,12.309583,0.0000,0.0000,-9.638723,-0.205387,3.357288,32.00
4.980006,torque-chirp,hip_abduction_right_joint,RS03,-9.632587,0.000000,11.711443,0.0000,0.0000,-9.632587,1.281452,3.470814,32.00
4.988005,torque-chirp,hip_abduction_right_joint,RS03,-9.614180,0.000000,10.802520,0.0000,0.0000,-9.614180,3.046616,3.327991,32.00
4.996005,torque-chirp,hip_abduction_right_joint,RS03,-9.584650,0.000000,9.605716,0.0000,0.0000,-9.584650,4.175785,3.163197,32.00
5.004005,torque-chirp,hip_abduction_right_joint,RS03,-9.543999,0.000000,8.151641,0.0000,0.0000,-9.543999,5.626612,3.146717,32.00
5.012005,torque-chirp,hip_abduction_right_joint,RS03,-9.493377,0.000000,6.478067,0.0000,0.0000,-9.493377,6.801558,3.199818,32.00
5.020005,torque-chirp,hip_abduction_right_joint,RS03,-9.434702,0.000000,4.629102,0.0000,0.0000,-9.434702,7.632868,2.776836,32.00
5.028120,torque-chirp,hip_abduction_right_joint,RS03,-9.369506,0.000000,2.624357,0.0000,0.0000,-9.369506,8.481880,2.040741,32.00
5.036016,torque-chirp,hip_abduction_right_joint,RS03,-9.299326,0.000000,0.600905,0.0000,0.0000,-9.299326,9.058670,1.698334,32.00
5.044010,torque-chirp,hip_abduction_right_joint,RS03,-9.226077,0.000000,-1.466377,0.0000,0.0000,-9.226077,9.185017,1.242393,32.00
5.052007,torque-chirp,hip_abduction_right_joint,RS03,-9.150910,0.000000,-3.497602,0.0000,0.0000,-9.150910,9.280231,0.973221,32.00
5.060008,torque-chirp,hip_abduction_right_joint,RS03,-9.076128,0.000000,-5.437401,0.0000,0.0000,-9.076128,9.268024,0.563057,32.00
5.068007,torque-chirp,hip_abduction_right_joint,RS03,-9.003646,0.000000,-7.231776,0.0000,0.0000,-9.003646,8.926832,-0.101624,32.00
5.076042,torque-chirp,hip_abduction_right_joint,RS03,-8.935383,0.000000,-8.838057,0.0000,0.0000,-8.935383,8.181581,-0.617992,32.00
5.084013,torque-chirp,hip_abduction_right_joint,RS03,-8.872872,0.000000,-10.192752,0.0000,0.0000,-8.872872,7.530327,-1.333946,32.00
5.096086,torque-chirp,hip_abduction_right_joint,RS03,-8.795404,0.000000,-11.709895,0.0000,0.0000,-8.795404,5.595484,-1.828339,32.00
5.104064,torque-chirp,hip_abduction_right_joint,RS03,-8.757055,0.000000,-12.316718,0.0000,0.0000,-8.757055,4.161137,-2.342869,32.00
5.112033,torque-chirp,hip_abduction_right_joint,RS03,-8.730977,0.000000,-12.586238,0.0000,0.0000,-8.730977,2.536354,-2.509499,32.00
5.120086,torque-chirp,hip_abduction_right_joint,RS03,-8.717937,0.000000,-12.507984,0.0000,0.0000,-8.717937,0.995804,-3.230946,32.00
5.128016,torque-chirp,hip_abduction_right_joint,RS03,-8.717937,0.000000,-12.087316,0.0000,0.0000,-8.717937,-0.657663,-3.410393,32.00
5.136018,torque-chirp,hip_abduction_right_joint,RS03,-8.729443,0.000000,-11.327388,0.0000,0.0000,-8.729443,-2.064545,-3.280384,32.00
5.144017,torque-chirp,hip_abduction_right_joint,RS03,-8.753603,0.000000,-10.251006,0.0000,0.0000,-8.753603,-3.710688,-3.597160,32.00
5.152007,torque-chirp,hip_abduction_right_joint,RS03,-8.788885,0.000000,-8.888478,0.0000,0.0000,-8.788885,-4.949111,-3.509270,32.00
5.160007,torque-chirp,hip_abduction_right_joint,RS03,-8.834139,0.000000,-7.273435,0.0000,0.0000,-8.834139,-6.257114,-2.798809,32.00
5.168012,torque-chirp,hip_abduction_right_joint,RS03,-8.888979,0.000000,-5.450445,0.0000,0.0000,-8.888979,-7.280079,-3.013046,32.00
5.176010,torque-chirp,hip_abduction_right_joint,RS03,-8.951107,0.000000,-3.473349,0.0000,0.0000,-8.951107,-8.101015,-2.189056,32.00
5.184007,torque-chirp,hip_abduction_right_joint,RS03,-9.018602,0.000000,-1.395744,0.0000,0.0000,-9.018602,-8.755322,-1.773407,32.00
5.192004,torque-chirp,hip_abduction_right_joint,RS03,-9.090700,0.000000,0.724073,0.0000,0.0000,-9.090700,-9.163042,-1.317467,32.00
5.200006,torque-chirp,hip_abduction_right_joint,RS03,-9.164717,0.000000,2.827410,0.0000,0.0000,-9.164717,-9.283284,-0.971390,32.00
5.208004,torque-chirp,hip_abduction_right_joint,RS03,-9.239116,0.000000,4.851814,0.0000,0.0000,-9.239116,-9.382772,-0.704052,32.00
5.216005,torque-chirp,hip_abduction_right_joint,RS03,-9.311981,0.000000,6.741179,0.0000,0.0000,-9.311981,-9.036698,-0.264591,32.00
5.224004,torque-chirp,hip_abduction_right_joint,RS03,-9.381011,0.000000,8.439655,0.0000,0.0000,-9.381011,-8.436713,0.337837,32.00
5.232005,torque-chirp,hip_abduction_right_joint,RS03,-9.445056,0.000000,9.898331,0.0000,0.0000,-9.445056,-7.726864,0.973221,32.00
5.240007,torque-chirp,hip_abduction_right_joint,RS03,-9.501431,0.000000,11.074294,0.0000,0.0000,-9.501431,-6.518349,2.119480,32.00
5.248007,torque-chirp,hip_abduction_right_joint,RS03,-9.547834,0.000000,11.931881,0.0000,0.0000,-9.547834,-5.259785,2.170750,32.00
5.256005,torque-chirp,hip_abduction_right_joint,RS03,-9.582350,0.000000,12.445349,0.0000,0.0000,-9.582350,-3.700312,2.520481,32.00
5.264006,torque-chirp,hip_abduction_right_joint,RS03,-9.604209,0.000000,12.598810,0.0000,0.0000,-9.604209,-2.142672,3.223621,32.00
5.272007,torque-chirp,hip_abduction_right_joint,RS03,-9.613413,0.000000,12.386081,0.0000,0.0000,-9.613413,-0.462959,3.058826,32.00
5.280006,torque-chirp,hip_abduction_right_joint,RS03,-9.609578,0.000000,11.812094,0.0000,0.0000,-9.609578,1.022661,3.474476,32.00
5.288005,torque-chirp,hip_abduction_right_joint,RS03,-9.593854,0.000000,10.892364,0.0000,0.0000,-9.593854,2.619364,3.597164,32.00
5.296008,torque-chirp,hip_abduction_right_joint,RS03,-9.566626,0.000000,9.651702,0.0000,0.0000,-9.566626,4.086060,3.562374,32.00
5.304005,torque-chirp,hip_abduction_right_joint,RS03,-9.528275,0.000000,8.126776,0.0000,0.0000,-9.528275,5.450218,3.368275,32.00
5.312003,torque-chirp,hip_abduction_right_joint,RS03,-9.480338,0.000000,6.360787,0.0000,0.0000,-9.480338,6.482946,2.694439,32.00
5.320004,torque-chirp,hip_abduction_right_joint,RS03,-9.423964,0.000000,4.403959,0.0000,0.0000,-9.423964,7.483940,2.732891,32.00
5.328007,torque-chirp,hip_abduction_right_joint,RS03,-9.360685,0.000000,2.313584,0.0000,0.0000,-9.360685,8.146791,2.348362,32.00
5.336013,torque-chirp,hip_abduction_right_joint,RS03,-9.293190,0.000000,0.150967,0.0000,0.0000,-9.293190,8.690624,1.773407,32.00
5.344007,torque-chirp,hip_abduction_right_joint,RS03,-9.222626,0.000000,-2.015381,0.0000,0.0000,-9.222626,8.961012,1.341270,32.00
5.352005,torque-chirp,hip_abduction_right_joint,RS03,-9.150527,0.000000,-4.125547,0.0000,0.0000,-9.150527,9.057449,0.923782,32.00
5.360008,torque-chirp,hip_abduction_right_joint,RS03,-9.079579,0.000000,-6.116421,0.0000,0.0000,-9.079579,8.657663,0.466011,32.00
5.368005,torque-chirp,hip_abduction_right_joint,RS03,-9.011316,0.000000,-7.924927,0.0000,0.0000,-9.011316,8.387276,-0.231632,32.00
5.376005,torque-chirp,hip_abduction_right_joint,RS03,-8.947271,0.000000,-9.498186,0.0000,0.0000,-8.947271,7.782406,-0.975052,32.00
5.384007,torque-chirp,hip_abduction_right_joint,RS03,-8.890130,0.000000,-10.787458,0.0000,0.0000,-8.890130,6.794231,-1.905243,32.00
5.392007,torque-chirp,hip_abduction_right_joint,RS03,-8.842959,0.000000,-11.752176,0.0000,0.0000,-8.842959,5.396507,-2.174408,32.00
5.400005,torque-chirp,hip_abduction_right_joint,RS03,-8.806526,0.000000,-12.362004,0.0000,0.0000,-8.806526,3.946287,-2.644997,32.00
5.408004,torque-chirp,hip_abduction_right_joint,RS03,-8.782366,0.000000,-12.597444,0.0000,0.0000,-8.782366,2.392920,-3.067978,32.00
5.416005,torque-chirp,hip_abduction_right_joint,RS03,-8.771244,0.000000,-12.449673,0.0000,0.0000,-8.771244,0.670481,-2.917828,32.00
5.424008,torque-chirp,hip_abduction_right_joint,RS03,-8.773545,0.000000,-11.921494,0.0000,0.0000,-8.773545,-0.895094,-3.298695,32.00
5.432002,torque-chirp,hip_abduction_right_joint,RS03,-8.787352,0.000000,-11.028838,0.0000,0.0000,-8.787352,-2.386206,-3.675900,32.00
5.440004,torque-chirp,hip_abduction_right_joint,RS03,-8.813430,0.000000,-9.795897,0.0000,0.0000,-8.813430,-3.891356,-3.516594,32.00
5.448004,torque-chirp,hip_abduction_right_joint,RS03,-8.850630,0.000000,-8.260477,0.0000,0.0000,-8.850630,-5.222553,-3.403069,32.00
5.456006,torque-chirp,hip_abduction_right_joint,RS03,-8.897417,0.000000,-6.468087,0.0000,0.0000,-8.897417,-6.337071,-3.049667,32.00
5.464005,torque-chirp,hip_abduction_right_joint,RS03,-8.952641,0.000000,-4.474118,0.0000,0.0000,-8.952641,-7.283741,-2.590065,32.00
5.472004,torque-chirp,hip_abduction_right_joint,RS03,-9.014768,0.000000,-2.339171,0.0000,0.0000,-9.014768,-7.908140,-2.020599,32.00
5.480004,torque-chirp,hip_abduction_right_joint,RS03,-9.081881,0.000000,-0.128650,0.0000,0.0000,-9.081881,-8.601511,-1.425499,32.00
5.488007,torque-chirp,hip_abduction_right_joint,RS03,-9.152061,0.000000,2.089377,0.0000,0.0000,-9.152061,-8.770580,-0.945755,32.00
5.496004,torque-chirp,hip_abduction_right_joint,RS03,-9.223392,0.000000,4.243528,0.0000,0.0000,-9.223392,-8.824903,-0.398262,32.00
5.504051,torque-chirp,hip_abduction_right_joint,RS03,-9.293573,0.000000,6.279555,0.0000,0.0000,-9.293573,-8.754101,0.143738,32.00
5.512043,torque-chirp,hip_abduction_right_joint,RS03,-9.361069,0.000000,8.107014,0.0000,0.0000,-9.361069,-8.276798,0.777298,32.00
5.520023,torque-chirp,hip_abduction_right_joint,RS03,-9.423964,0.000000,9.680265,0.0000,0.0000,-9.423964,-7.396049,1.070267,32.00
5.528019,torque-chirp,hip_abduction_right_joint,RS03,-9.479954,0.000000,10.953849,0.0000,0.0000,-9.479954,-6.537881,1.452965,32.00
5.536140,torque-chirp,hip_abduction_right_joint,RS03,-9.526358,0.000000,11.894929,0.0000,0.0000,-9.526358,-5.268330,2.324558,32.00
5.544012,torque-chirp,hip_abduction_right_joint,RS03,-9.561256,0.000000,12.437679,0.0000,0.0000,-9.561256,-3.810789,2.692608,32.00
5.552009,torque-chirp,hip_abduction_right_joint,RS03,-9.583500,0.000000,12.598016,0.0000,0.0000,-9.583500,-2.118258,2.582745,32.00
5.560009,torque-chirp,hip_abduction_right_joint,RS03,-9.592704,0.000000,12.357532,0.0000,0.0000,-9.592704,-0.405584,2.947124,32.00
5.568006,torque-chirp,hip_abduction_right_joint,RS03,-9.588486,0.000000,11.722695,0.0000,0.0000,-9.588486,1.203327,3.132069,32.00
5.576006,torque-chirp,hip_abduction_right_joint,RS03,-9.571995,0.000000,10.711718,0.0000,0.0000,-9.571995,2.750591,3.555050,32.00
5.584009,torque-chirp,hip_abduction_right_joint,RS03,-9.544382,0.000000,9.355421,0.0000,0.0000,-9.544382,4.185551,3.282215,32.00
5.592008,torque-chirp,hip_abduction_right_joint,RS03,-9.505265,0.000000,7.697267,0.0000,0.0000,-9.505265,5.425194,3.201649,32.00
5.600005,torque-chirp,hip_abduction_right_joint,RS03,-9.457328,0.000000,5.789372,0.0000,0.0000,-9.457328,6.361486,3.009380,32.00
5.608005,torque-chirp,hip_abduction_right_joint,RS03,-9.400953,0.000000,3.691633,0.0000,0.0000,-9.400953,7.420462,2.524143,32.00
5.616008,torque-chirp,hip_abduction_right_joint,RS03,-9.338826,0.000000,1.470812,0.0000,0.0000,-9.338826,7.952698,1.751434,32.00
5.624006,torque-chirp,hip_abduction_right_joint,RS03,-9.272097,0.000000,-0.799158,0.0000,0.0000,-9.272097,8.514839,1.227745,32.00
5.632005,torque-chirp,hip_abduction_right_joint,RS03,-9.203450,0.000000,-3.046064,0.0000,0.0000,-9.203450,8.559397,0.727859,32.00
5.640004,torque-chirp,hip_abduction_right_joint,RS03,-9.134420,0.000000,-5.196315,0.0000,0.0000,-9.134420,8.558786,0.237129,32.00
5.648055,torque-chirp,hip_abduction_right_joint,RS03,-9.066540,0.000000,-7.191232,0.0000,0.0000,-9.066540,8.397652,-0.132755,32.00
5.656029,torque-chirp,hip_abduction_right_joint,RS03,-9.002879,0.000000,-8.934604,0.0000,0.0000,-9.002879,7.801937,-0.601513,32.00
5.664014,torque-chirp,hip_abduction_right_joint,RS03,-8.944970,0.000000,-10.389865,0.0000,0.0000,-8.944970,6.921186,-1.370567,32.00
5.672009,torque-chirp,hip_abduction_right_joint,RS03,-8.895115,0.000000,-11.506907,0.0000,0.0000,-8.895115,5.660791,-2.055389,32.00
5.680016,torque-chirp,hip_abduction_right_joint,RS03,-8.855998,0.000000,-12.246603,0.0000,0.0000,-8.855998,4.250248,-2.674294,32.00
5.688009,torque-chirp,hip_abduction_right_joint,RS03,-8.828770,0.000000,-12.580759,0.0000,0.0000,-8.828770,2.652933,-2.630348,32.00
5.696010,torque-chirp,hip_abduction_right_joint,RS03,-8.814580,0.000000,-12.498168,0.0000,0.0000,-8.814580,1.114214,-3.201649,32.00
5.704006,torque-chirp,hip_abduction_right_joint,RS03,-8.813046,0.000000,-11.999928,0.0000,0.0000,-8.813046,-0.505074,-3.357288,32.00
5.712009,torque-chirp,hip_abduction_right_joint,RS03,-8.823784,0.000000,-11.100330,0.0000,0.0000,-8.823784,-1.913176,-3.635616,32.00
5.720007,torque-chirp,hip_abduction_right_joint,RS03,-8.846027,0.000000,-9.829224,0.0000,0.0000,-8.846027,-3.515984,-3.384754,32.00
5.728006,torque-chirp,hip_abduction_right_joint,RS03,-8.879775,0.000000,-8.226938,0.0000,0.0000,-8.879775,-4.808119,-3.190662,32.00
5.736008,torque-chirp,hip_abduction_right_joint,RS03,-8.923494,0.000000,-6.345969,0.0000,0.0000,-8.923494,-5.975127,-3.183338,32.00
5.744010,torque-chirp,hip_abduction_right_joint,RS03,-8.975651,0.000000,-4.248804,0.0000,0.0000,-8.975651,-6.938277,-2.245823,32.00
5.752007,torque-chirp,hip_abduction_right_joint,RS03,-9.034327,0.000000,-2.006978,0.0000,0.0000,-9.034327,-7.586480,-2.256809,32.00
5.760010,torque-chirp,hip_abduction_right_joint,RS03,-9.097987,0.000000,0.306820,0.0000,0.0000,-9.097987,-8.179751,-1.853973,32.00
5.768008,torque-chirp,hip_abduction_right_joint,RS03,-9.164717,0.000000,2.611729,0.0000,0.0000,-9.164717,-8.412299,-1.123371,32.00
5.776011,torque-chirp,hip_abduction_right_joint,RS03,-9.231829,0.000000,4.832127,0.0000,0.0000,-9.231829,-8.368353,-0.455025,32.00
5.784008,torque-chirp,hip_abduction_right_joint,RS03,-9.297791,0.000000,6.888550,0.0000,0.0000,-9.297791,-8.050355,0.312202,32.00
5.792006,torque-chirp,hip_abduction_right_joint,RS03,-9.360685,0.000000,8.712500,0.0000,0.0000,-9.360685,-7.677423,0.912796,32.00
5.800006,torque-chirp,hip_abduction_right_joint,RS03,-9.417828,0.000000,10.241069,0.0000,0.0000,-9.417828,-6.871138,1.132523,32.00
5.808006,torque-chirp,hip_abduction_right_joint,RS03,-9.467299,0.000000,11.419663,0.0000,0.0000,-9.467299,-5.666286,2.134129,32.00
5.816005,torque-chirp,hip_abduction_right_joint,RS03,-9.506800,0.000000,12.206693,0.0000,0.0000,-9.506800,-4.326543,2.547947,32.00
5.824005,torque-chirp,hip_abduction_right_joint,RS03,-9.534411,0.000000,12.573817,0.0000,0.0000,-9.534411,-2.786602,3.024029,32.00
5.832003,torque-chirp,hip_abduction_right_joint,RS03,-9.548601,0.000000,12.506770,0.0000,0.0000,-9.548601,-1.009232,2.683453,32.00
5.840008,torque-chirp,hip_abduction_right_joint,RS03,-9.549751,0.000000,12.005830,0.0000,0.0000,-9.549751,0.553293,2.983746,32.00
5.848004,torque-chirp,hip_abduction_right_joint,RS03,-9.538246,0.000000,11.088110,0.0000,0.0000,-9.538246,2.054779,3.379261,32.00
5.856005,torque-chirp,hip_abduction_right_joint,RS03,-9.514853,0.000000,9.782672,0.0000,0.0000,-9.514853,3.436028,3.260242,32.00
5.864004,torque-chirp,hip_abduction_right_joint,RS03,-9.479954,0.000000,8.134658,0.0000,0.0000,-9.479954,4.947891,3.053333,32.00
5.872011,torque-chirp,hip_abduction_right_joint,RS03,-9.435852,0.000000,6.198302,0.0000,0.0000,-9.435852,6.169222,3.100941,32.00
5.880006,torque-chirp,hip_abduction_right_joint,RS03,-9.382929,0.000000,4.045276,0.0000,0.0000,-9.382929,7.021896,2.514988,32.00
5.888003,torque-chirp,hip_abduction_right_joint,RS03,-9.323870,0.000000,1.746984,0.0000,0.0000,-9.323870,7.776913,2.311741,32.00
5.896004,torque-chirp,hip_abduction_right_joint,RS03,-9.260208,0.000000,-0.616545,0.0000,0.0000,-9.260208,8.041809,1.595787,32.00
5.904008,torque-chirp,hip_abduction_right_joint,RS03,-9.193480,0.000000,-2.961699,0.0000,0.0000,-9.193480,8.440987,0.791946,32.00
5.912006,torque-chirp,hip_abduction_right_joint,RS03,-9.126750,0.000000,-5.203437,0.0000,0.0000,-9.126750,8.308537,0.273750,32.00
5.920006,torque-chirp,hip_abduction_right_joint,RS03,-9.061172,0.000000,-7.263467,0.0000,0.0000,-9.061172,8.127871,-0.482491,32.00
5.928006,torque-chirp,hip_abduction_right_joint,RS03,-8.999044,0.000000,-9.067477,0.0000,0.0000,-8.999044,7.491264,-0.720531,32.00
5.936006,torque-chirp,hip_abduction_right_joint,RS03,-8.943052,0.000000,-10.550612,0.0000,0.0000,-8.943052,6.758221,-1.405357,32.00
5.944006,torque-chirp,hip_abduction_right_joint,RS03,-8.895498,0.000000,-11.658595,0.0000,0.0000,-8.895498,5.323872,-2.026093,32.00
5.952004,torque-chirp,hip_abduction_right_joint,RS03,-8.858299,0.000000,-12.350121,0.0000,0.0000,-8.858299,4.038452,-2.555275,32.00
5.960005,torque-chirp,hip_abduction_right_joint,RS03,-8.833372,0.000000,-12.599409,0.0000,0.0000,-8.833372,2.526588,-2.635841,32.00
5.968008,torque-chirp,hip_abduction_right_joint,RS03,-8.821483,0.000000,-12.395520,0.0000,0.0000,-8.821483,0.790722,-3.304188,32.00
5.976006,torque-chirp,hip_abduction_right_joint,RS03,-8.823017,0.000000,-11.744677,0.0000,0.0000,-8.823017,-0.883497,-3.456169,32.00
5.984005,torque-chirp,hip_abduction_right_joint,RS03,-8.836056,0.000000,-10.668491,0.0000,0.0000,-8.836056,-2.259251,-3.265736,32.00
5.992004,torque-chirp,hip_abduction_right_joint,RS03,-8.860984,0.000000,-9.204865,0.0000,0.0000,-8.860984,-3.689936,-3.459831,32.00
6.000007,torque-chirp,hip_abduction_right_joint,RS03,-8.896649,0.000000,-7.404358,0.0000,0.0000,-8.896649,-4.987564,-3.234608,32.00
6.008005,torque-chirp,hip_abduction_right_joint,RS03,-8.941902,0.000000,-5.333587,0.0000,0.0000,-8.941902,-6.138095,-2.580910,32.00
6.016005,torque-chirp,hip_abduction_right_joint,RS03,-8.994825,0.000000,-3.065255,0.0000,0.0000,-8.994825,-7.080492,-2.648659,32.00
6.024003,torque-chirp,hip_abduction_right_joint,RS03,-9.053118,0.000000,-0.682925,0.0000,0.0000,-9.053118,-7.645075,-1.714809,32.00
6.032078,torque-chirp,hip_abduction_right_joint,RS03,-9.115628,0.000000,1.750178,0.0000,0.0000,-9.115628,-7.872740,-0.960403,32.00
6.040009,torque-chirp,hip_abduction_right_joint,RS03,-9.179673,0.000000,4.079632,0.0000,0.0000,-9.179673,-8.115053,-0.601513,32.00
6.048008,torque-chirp,hip_abduction_right_joint,RS03,-9.243335,0.000000,6.281611,0.0000,0.0000,-9.243335,-7.879454,-0.376289,32.00
6.056007,torque-chirp,hip_abduction_right_joint,RS03,-9.305078,0.000000,8.254382,0.0000,0.0000,-9.305078,-7.447318,0.231628,32.00
6.064008,torque-chirp,hip_abduction_right_joint,RS03,-9.361452,0.000000,9.924625,0.0000,0.0000,-9.361452,-6.672770,1.332115,32.00
6.072006,torque-chirp,hip_abduction_right_joint,RS03,-9.410924,0.000000,11.228392,0.0000,0.0000,-9.410924,-5.666896,1.577477,32.00
6.080008,torque-chirp,hip_abduction_right_joint,RS03,-9.450425,0.000000,12.117028,0.0000,0.0000,-9.450425,-4.306401,2.062714,32.00
6.088008,torque-chirp,hip_abduction_right_joint,RS03,-9.478804,0.000000,12.555113,0.0000,0.0000,-9.478804,-2.870832,2.487522,32.00
6.096012,torque-chirp,hip_abduction_right_joint,RS03,-9.494144,0.000000,12.524951,0.0000,0.0000,-9.494144,-1.306479,3.044170,32.00
6.104050,torque-chirp,hip_abduction_right_joint,RS03,-9.497211,0.000000,12.022593,0.0000,0.0000,-9.497211,0.350651,3.620968,32.00
6.112062,torque-chirp,hip_abduction_right_joint,RS03,-9.487624,0.000000,11.068447,0.0000,0.0000,-9.487624,1.789272,3.522091,32.00
6.120030,torque-chirp,hip_abduction_right_joint,RS03,-9.466532,0.000000,9.704576,0.0000,0.0000,-9.466532,3.180895,3.566036,32.00
6.128020,torque-chirp,hip_abduction_right_joint,RS03,-9.434318,0.000000,7.971468,0.0000,0.0000,-9.434318,4.576790,3.425037,32.00
6.136015,torque-chirp,hip_abduction_right_joint,RS03,-9.392133,0.000000,5.934652,0.0000,0.0000,-9.392133,5.788357,3.102772,32.00
6.144016,torque-chirp,hip_abduction_right_joint,RS03,-9.341511,0.000000,3.669689,0.0000,0.0000,-9.341511,6.646526,2.311741,32.00
6.152009,torque-chirp,hip_abduction_right_joint,RS03,-9.284752,0.000000,1.265579,0.0000,0.0000,-9.284752,7.202564,2.233006,32.00
6.160007,torque-chirp,hip_abduction_right_joint,RS03,-9.223776,0.000000,-1.190864,0.0000,0.0000,-9.223776,7.700006,1.625084,32.00
6.168005,torque-chirp,hip_abduction_right_joint,RS03,-9.160498,0.000000,-3.604900,0.0000,0.0000,-9.160498,7.989929,0.689400,32.00
6.176002,torque-chirp,hip_abduction_right_joint,RS03,-9.097220,0.000000,-5.883715,0.0000,0.0000,-9.097220,7.759823,0.068665,32.00
6.184006,torque-chirp,hip_abduction_right_joint,RS03,-9.035860,0.000000,-7.941881,0.0000,0.0000,-9.035860,7.488213,-0.310368,32.00
6.192004,torque-chirp,hip_abduction_right_joint,RS03,-8.978335,0.000000,-9.695929,0.0000,0.0000,-8.978335,6.878462,-0.932938,32.00
6.200004,torque-chirp,hip_abduction_right_joint,RS03,-8.927713,0.000000,-11.080006,0.0000,0.0000,-8.927713,5.976349,-1.793549,32.00
6.208002,torque-chirp,hip_abduction_right_joint,RS03,-8.886679,0.000000,-12.038481,0.0000,0.0000,-8.886679,4.601204,-2.504005,32.00
6.216008,torque-chirp,hip_abduction_right_joint,RS03,-8.856382,0.000000,-12.533672,0.0000,0.0000,-8.856382,3.151598,-2.881207,32.00
6.224004,torque-chirp,hip_abduction_right_joint,RS03,-8.839125,0.000000,-12.543964,0.0000,0.0000,-8.839125,1.451132,-2.846416,32.00
6.232003,torque-chirp,hip_abduction_right_joint,RS03,-8.834906,0.000000,-12.068023,0.0000,0.0000,-8.834906,-0.193789,-2.853741,32.00
6.240003,torque-chirp,hip_abduction_right_joint,RS03,-8.844110,0.000000,-11.122419,0.0000,0.0000,-8.844110,-1.814907,-3.447014,32.00
6.248003,torque-chirp,hip_abduction_right_joint,RS03,-8.864819,0.000000,-9.742349,0.0000,0.0000,-8.864819,-3.255360,-3.262074,32.00
6.256003,torque-chirp,hip_abduction_right_joint,RS03,-8.896649,0.000000,-7.980386,0.0000,0.0000,-8.896649,-4.519417,-3.304188,32.00
6.264004,torque-chirp,hip_abduction_right_joint,RS03,-8.938451,0.000000,-5.904257,0.0000,0.0000,-8.938451,-5.541162,-2.683449,32.00
6.272003,torque-chirp,hip_abduction_right_joint,RS03,-8.988689,0.000000,-3.594562,0.0000,0.0000,-8.988689,-6.620890,-2.606544,32.00
6.280003,torque-chirp,hip_abduction_right_joint,RS03,-9.045448,0.000000,-1.140686,0.0000,0.0000,-9.045448,-7.418021,-1.678188,32.00
6.288003,torque-chirp,hip_abduction_right_joint,RS03,-9.106041,0.000000,1.360729,0.0000,0.0000,-9.106041,-7.792783,-1.570156,32.00
6.296003,torque-chirp,hip_abduction_right_joint,RS03,-9.169319,0.000000,3.811260,0.0000,0.0000,-9.169319,-7.988708,-1.086750,32.00
6.304004,torque-chirp,hip_abduction_right_joint,RS03,-9.232213,0.000000,6.113746,0.0000,0.0000,-9.232213,-7.806821,-0.196842,32.00
6.312003,torque-chirp,hip_abduction_right_joint,RS03,-9.292807,0.000000,8.176052,0.0000,0.0000,-9.292807,-7.368582,0.687569,32.00
6.320004,torque-chirp,hip_abduction_right_joint,RS03,-9.349564,0.000000,9.915813,0.0000,0.0000,-9.349564,-6.714886,0.901810,32.00
6.328005,torque-chirp,hip_abduction_right_joint,RS03,-9.399035,0.000000,11.262616,0.0000,0.0000,-9.399035,-5.694362,2.024261,32.00
6.336003,torque-chirp,hip_abduction_right_joint,RS03,-9.438920,0.000000,12.160854,0.0000,0.0000,-9.438920,-4.326543,2.260471,32.00
6.344003,torque-chirp,hip_abduction_right_joint,RS03,-9.467299,0.000000,12.573908,0.0000,0.0000,-9.467299,-2.818340,2.894024,32.00
6.352004,torque-chirp,hip_abduction_right_joint,RS03,-9.483023,0.000000,12.483166,0.0000,0.0000,-9.483023,-1.242390,2.692608,32.00
6.360003,torque-chirp,hip_abduction_right_joint,RS03,-9.484940,0.000000,11.890847,0.0000,0.0000,-9.484940,0.431221,2.892193,32.00
6.368004,torque-chirp,hip_abduction_right_joint,RS03,-9.474202,0.000000,10.818756,0.0000,0.0000,-9.474202,2.036469,3.271229,32.00
6.376004,torque-chirp,hip_abduction_right_joint,RS03,-9.451959,0.000000,9.309046,0.0000,0.0000,-9.451959,3.376823,3.340809,32.00
6.384003,torque-chirp,hip_abduction_right_joint,RS03,-9.418594,0.000000,7.421342,0.0000,0.0000,-9.418594,4.723888,3.190662,32.00
6.392002,torque-chirp,hip_abduction_right_joint,RS03,-9.375642,0.000000,5.230733,0.0000,0.0000,-9.375642,5.676050,2.648663,32.00
6.400002,torque-chirp,hip_abduction_right_joint,RS03,-9.325403,0.000000,2.825095,0.0000,0.0000,-9.325403,6.571449,2.624859,32.00
6.408005,torque-chirp,hip_abduction_right_joint,RS03,-9.269029,0.000000,0.300873,0.0000,0.0000,-9.269029,7.253223,1.586632,32.00
6.416049,torque-chirp,hip_abduction_right_joint,RS03,-9.208819,0.000000,-2.251129,0.0000,0.0000,-9.208819,7.654840,1.011673,32.00
6.424021,torque-chirp,hip_abduction_right_joint,RS03,-9.148226,0.000000,-4.691492,0.0000,0.0000,-9.148226,7.631037,0.901810,32.00
6.432014,torque-chirp,hip_abduction_right_joint,RS03,-9.087633,0.000000,-6.949275,0.0000,0.0000,-9.087633,7.424126,0.074158,32.00
6.440010,torque-chirp,hip_abduction_right_joint,RS03,-9.030107,0.000000,-8.925245,0.0000,0.0000,-9.030107,6.982834,-0.903641,32.00
6.448007,torque-chirp,hip_abduction_right_joint,RS03,-8.977568,0.000000,-10.536384,0.0000,0.0000,-8.977568,6.174107,-1.302818,32.00
6.456005,torque-chirp,hip_abduction_right_joint,RS03,-8.933466,0.000000,-11.715270,0.0000,0.0000,-8.933466,4.955826,-1.892426,32.00
6.464016,torque-chirp,hip_abduction_right_joint,RS03,-8.899717,0.000000,-12.412015,0.0000,0.0000,-8.899717,3.638666,-2.460056,32.00
6.472020,torque-chirp,hip_abduction_right_joint,RS03,-8.877858,0.000000,-12.593910,0.0000,0.0000,-8.877858,2.155491,-3.044174,32.00
6.480001,torque-chirp,hip_abduction_right_joint,RS03,-8.869421,0.000000,-12.254318,0.0000,0.0000,-8.869421,0.335392,-2.818951,32.00
6.488006,torque-chirp,hip_abduction_right_joint,RS03,-8.874407,0.000000,-11.403727,0.0000,0.0000,-8.874407,-1.103838,-3.064316,32.00
6.496003,torque-chirp,hip_abduction_right_joint,RS03,-8.891664,0.000000,-10.077665,0.0000,0.0000,-8.891664,-2.676737,-3.690548,32.00
6.504006,torque-chirp,hip_abduction_right_joint,RS03,-8.920043,0.000000,-8.327824,0.0000,0.0000,-8.920043,-4.024415,-3.467155,32.00
6.512006,torque-chirp,hip_abduction_right_joint,RS03,-8.958776,0.000000,-6.227921,0.0000,0.0000,-8.958776,-5.329976,-3.223621,32.00
6.520014,torque-chirp,hip_abduction_right_joint,RS03,-9.005947,0.000000,-3.862103,0.0000,0.0000,-9.005947,-6.276035,-2.319065,32.00
6.528006,torque-chirp,hip_abduction_right_joint,RS03,-9.059637,0.000000,-1.336287,0.0000,0.0000,-9.059637,-6.955367,-2.282444,32.00
6.536159,torque-chirp,hip_abduction_right_joint,RS03,-9.118313,0.000000,1.300537,0.0000,0.0000,-9.118313,-7.520561,-1.282673,32.00
6.544009,torque-chirp,hip_abduction_right_joint,RS03,-9.179290,0.000000,3.789569,0.0000,0.0000,-9.179290,-7.753109,-0.716869,32.00
6.552006,torque-chirp,hip_abduction_right_joint,RS03,-9.240266,0.000000,6.168251,0.0000,0.0000,-9.240266,-7.684137,-0.643627,32.00
6.560004,torque-chirp,hip_abduction_right_joint,RS03,-9.298943,0.000000,8.288368,0.0000,0.0000,-9.298943,-7.190356,0.489815,32.00
6.568003,torque-chirp,hip_abduction_right_joint,RS03,-9.353783,0.000000,10.058596,0.0000,0.0000,-9.353783,-6.503700,1.108719,32.00
6.576014,torque-chirp,hip_abduction_right_joint,RS03,-9.401337,0.000000,11.404016,0.0000,0.0000,-9.401337,-5.575952,1.965668,32.00
6.588000,torque-chirp,hip_abduction_right_joint,RS03,-9.453876,0.000000,12.495405,0.0000,0.0000,-9.453876,-3.426262,2.392307,32.00
6.596005,torque-chirp,hip_abduction_right_joint,RS03,-9.474586,0.000000,12.561127,0.0000,0.0000,-9.474586,-1.987030,2.767681,32.00
6.604002,torque-chirp,hip_abduction_right_joint,RS03,-9.482256,0.000000,12.087863,0.0000,0.0000,-9.482256,-0.226139,2.791485,32.00
6.612002,torque-chirp,hip_abduction_right_joint,RS03,-9.476503,0.000000,11.094176,0.0000,0.0000,-9.476503,1.263752,3.155872,32.00
6.620003,torque-chirp,hip_abduction_right_joint,RS03,-9.458862,0.000000,9.620940,0.0000,0.0000,-9.458862,2.881207,3.558712,32.00
6.628006,torque-chirp,hip_abduction_right_joint,RS03,-9.430099,0.000000,7.730229,0.0000,0.0000,-9.430099,4.140381,3.333485,32.00
6.635999,torque-chirp,hip_abduction_right_joint,RS03,-9.391749,0.000000,5.505257,0.0000,0.0000,-9.391749,5.253071,3.038677,32.00
6.644030,torque-chirp,hip_abduction_right_joint,RS03,-9.344962,0.000000,3.027772,0.0000,0.0000,-9.344962,6.069124,2.222019,32.00
6.652006,torque-chirp,hip_abduction_right_joint,RS03,-9.292807,0.000000,0.433059,0.0000,0.0000,-9.292807,6.941938,1.947357,32.00
6.660007,torque-chirp,hip_abduction_right_joint,RS03,-9.236431,0.000000,-2.191074,0.0000,0.0000,-9.236431,7.220875,1.094070,32.00
6.668002,torque-chirp,hip_abduction_right_joint,RS03,-9.178522,0.000000,-4.720771,0.0000,0.0000,-9.178522,7.335012,0.795609,32.00
6.676002,torque-chirp,hip_abduction_right_joint,RS03,-9.120997,0.000000,-7.047863,0.0000,0.0000,-9.120997,7.062790,0.189514,32.00
6.684005,torque-chirp,hip_abduction_right_joint,RS03,-9.066540,0.000000,-9.069412,0.0000,0.0000,-9.066540,6.511635,-0.786449,32.00
6.695999,torque-chirp,hip_abduction_right_joint,RS03,-8.995593,0.000000,-11.332900,0.0000,0.0000,-8.995593,5.311665,-1.760590,32.00
6.704007,torque-chirp,hip_abduction_right_joint,RS03,-8.958776,0.000000,-12.233541,0.0000,0.0000,-8.958776,4.171513,-2.395969,32.00
6.712004,torque-chirp,hip_abduction_right_joint,RS03,-8.933082,0.000000,-12.593851,0.0000,0.0000,-8.933082,2.530251,-2.634010,32.00
6.720005,torque-chirp,hip_abduction_right_joint,RS03,-8.919659,0.000000,-12.397397,0.0000,0.0000,-8.919659,0.972610,-3.271229,32.00
6.728006,torque-chirp,hip_abduction_right_joint,RS03,-8.919275,0.000000,-11.650757,0.0000,0.0000,-8.919275,-0.637522,-3.553215,32.00
6.736004,torque-chirp,hip_abduction_right_joint,RS03,-8.930014,0.000000,-10.386262,0.0000,0.0000,-8.930014,-1.965057,-3.608147,32.00
6.744012,torque-chirp,hip_abduction_right_joint,RS03,-8.953024,0.000000,-8.655567,0.0000,0.0000,-8.953024,-3.429314,-3.434196,32.00
6.752050,torque-chirp,hip_abduction_right_joint,RS03,-8.986773,0.000000,-6.527661,0.0000,0.0000,-8.986773,-4.648203,-3.033188,32.00
6.760063,torque-chirp,hip_abduction_right_joint,RS03,-9.029341,0.000000,-4.110930,0.0000,0.0000,-9.029341,-5.676051,-2.948959,32.00
6.768044,torque-chirp,hip_abduction_right_joint,RS03,-9.078813,0.000000,-1.517440,0.0000,0.0000,-9.078813,-6.395056,-1.886932,32.00
6.780079,torque-chirp,hip_abduction_right_joint,RS03,-9.162416,0.000000,2.488814,0.0000,0.0000,-9.162416,-7.222095,-1.388878,32.00
6.788020,torque-chirp,hip_abduction_right_joint,RS03,-9.220708,0.000000,5.021759,0.0000,0.0000,-9.220708,-7.375296,-0.597851,32.00
6.796015,torque-chirp,hip_abduction_right_joint,RS03,-9.278999,0.000000,7.349004,0.0000,0.0000,-9.278999,-7.182422,-0.209660,32.00
6.804004,torque-chirp,hip_abduction_right_joint,RS03,-9.334607,0.000000,9.344932,0.0000,0.0000,-9.334607,-6.648966,0.782791,32.00
6.812006,torque-chirp,hip_abduction_right_joint,RS03,-9.384846,0.000000,10.923011,0.0000,0.0000,-9.384846,-5.937896,1.297325,32.00
6.820007,torque-chirp,hip_abduction_right_joint,RS03,-9.425880,0.000000,12.006079,0.0000,0.0000,-9.425880,-4.686656,2.337376,32.00
6.828007,torque-chirp,hip_abduction_right_joint,RS03,-9.456178,0.000000,12.543830,0.0000,0.0000,-9.456178,-3.246204,2.646832,32.00
6.836009,torque-chirp,hip_abduction_right_joint,RS03,-9.474202,0.000000,12.510006,0.0000,0.0000,-9.474202,-1.552452,2.934307,32.00
6.844003,torque-chirp,hip_abduction_right_joint,RS03,-9.479187,0.000000,11.905032,0.0000,0.0000,-9.479187,0.129091,2.939800,32.00
6.852007,torque-chirp,hip_abduction_right_joint,RS03,-9.470751,0.000000,10.753432,0.0000,0.0000,-9.470751,1.597618,3.432362,32.00
6.860262,torque-chirp,hip_abduction_right_joint,RS03,-9.450425,0.000000,9.047849,0.0000,0.0000,-9.450425,2.996567,3.185169,32.00
6.868030,torque-chirp,hip_abduction_right_joint,RS03,-9.420511,0.000000,7.035130,0.0000,0.0000,-9.420511,4.213627,3.089954,32.00
6.876020,torque-chirp,hip_abduction_right_joint,RS03,-9.380628,0.000000,4.644579,0.0000,0.0000,-9.380628,5.459984,2.586407,32.00
6.884014,torque-chirp,hip_abduction_right_joint,RS03,-9.333457,0.000000,2.036724,0.0000,0.0000,-9.333457,6.176548,2.167088,32.00
6.892010,torque-chirp,hip_abduction_right_joint,RS03,-9.280917,0.000000,-0.668612,0.0000,0.0000,-9.280917,6.647747,1.634239,32.00
6.900006,torque-chirp,hip_abduction_right_joint,RS03,-9.225309,0.000000,-3.345814,0.0000,0.0000,-9.225309,7.077438,1.090408,32.00
6.908002,torque-chirp,hip_abduction_right_joint,RS03,-9.169319,0.000000,-5.870535,0.0000,0.0000,-9.169319,6.993820,0.193176,32.00
6.916006,torque-chirp,hip_abduction_right_joint,RS03,-9.114478,0.000000,-8.126634,0.0000,0.0000,-9.114478,6.665447,0.006409,32.00
6.924005,torque-chirp,hip_abduction_right_joint,RS03,-9.063856,0.000000,-10.004646,0.0000,0.0000,-9.063856,5.931793,-1.268024,32.00
6.932003,torque-chirp,hip_abduction_right_joint,RS03,-9.019753,0.000000,-11.417043,0.0000,0.0000,-9.019753,5.016861,-1.773407,32.00
6.940008,torque-chirp,hip_abduction_right_joint,RS03,-8.985238,0.000000,-12.296958,0.0000,0.0000,-8.985238,3.806515,-2.370335,32.00
6.948003,torque-chirp,hip_abduction_right_joint,RS03,-8.962611,0.000000,-12.599952,0.0000,0.0000,-8.962611,2.205540,-2.914165,32.00
6.956000,torque-chirp,hip_abduction_right_joint,RS03,-8.952257,0.000000,-12.311324,0.0000,0.0000,-8.952257,0.633860,-3.080795,32.00
6.964002,torque-chirp,hip_abduction_right_joint,RS03,-8.954558,0.000000,-11.442078,0.0000,0.0000,-8.954558,-0.789501,-3.597160,32.00
6.972003,torque-chirp,hip_abduction_right_joint,RS03,-8.968747,0.000000,-10.031743,0.0000,0.0000,-8.968747,-2.280003,-3.375599,32.00
6.980002,torque-chirp,hip_abduction_right_joint,RS03,-8.994825,0.000000,-8.145628,0.0000,0.0000,-8.994825,-3.775387,-3.584343,32.00
6.988002,torque-chirp,hip_abduction_right_joint,RS03,-9.030874,0.000000,-5.871536,0.0000,0.0000,-9.030874,-4.915542,-3.267567,32.00
6.996002,torque-chirp,hip_abduction_right_joint,RS03,-9.075361,0.000000,-3.316031,0.0000,0.0000,-9.075361,-6.126497,-2.328220,32.00
7.004002,torque-chirp,hip_abduction_right_joint,RS03,-9.126367,0.000000,-0.600424,0.0000,0.0000,-9.126367,-6.639200,-1.921722,32.00
7.012002,torque-chirp,hip_abduction_right_joint,RS03,-9.181591,0.000000,2.146615,0.0000,0.0000,-9.181591,-7.026169,-1.101398,32.00
7.020003,torque-chirp,hip_abduction_right_joint,RS03,-9.238732,0.000000,4.794252,0.0000,0.0000,-9.238732,-7.191577,-0.949417,32.00
7.028001,torque-chirp,hip_abduction_right_joint,RS03,-9.295107,0.000000,7.213936,0.0000,0.0000,-9.295107,-7.028000,0.336006,32.00
7.036004,torque-chirp,hip_abduction_right_joint,RS03,-9.348413,0.000000,9.291247,0.0000,0.0000,-9.348413,-6.442663,0.509956,32.00
7.044176,torque-chirp,hip_abduction_right_joint,RS03,-9.396734,0.000000,10.952662,0.0000,0.0000,-9.396734,-5.636377,1.670868,32.00
7.052018,torque-chirp,hip_abduction_right_joint,RS03,-9.436235,0.000000,12.031826,0.0000,0.0000,-9.436235,-4.383307,2.326389,32.00
7.064005,torque-chirp,hip_abduction_right_joint,RS03,-9.475352,0.000000,12.594854,0.0000,0.0000,-9.475352,-2.361792,2.601055,32.00
7.072006,torque-chirp,hip_abduction_right_joint,RS03,-9.485707,0.000000,12.210925,0.0000,0.0000,-9.485707,-0.577095,2.721905,32.00
7.080002,torque-chirp,hip_abduction_right_joint,RS03,-9.482639,0.000000,11.234917,0.0000,0.0000,-9.482639,1.136187,3.011211,32.00
7.088005,torque-chirp,hip_abduction_right_joint,RS03,-9.467299,0.000000,9.710990,0.0000,0.0000,-9.467299,2.582132,3.468983,32.00
7.096004,torque-chirp,hip_abduction_right_joint,RS03,-9.441221,0.000000,7.713010,0.0000,0.0000,-9.441221,3.861448,3.243763,32.00
7.104004,torque-chirp,hip_abduction_right_joint,RS03,-9.404788,0.000000,5.336765,0.0000,0.0000,-9.404788,5.048599,2.850079,32.00
7.112006,torque-chirp,hip_abduction_right_joint,RS03,-9.360685,0.000000,2.696409,0.0000,0.0000,-9.360685,5.848782,2.670635,32.00
7.120007,torque-chirp,hip_abduction_right_joint,RS03,-9.310447,0.000000,-0.078237,0.0000,0.0000,-9.310447,6.540932,1.648895,32.00
7.128060,torque-chirp,hip_abduction_right_joint,RS03,-9.256373,0.000000,-2.869738,0.0000,0.0000,-9.256373,6.832075,1.365074,32.00
7.136041,torque-chirp,hip_abduction_right_joint,RS03,-9.201916,0.000000,-5.498085,0.0000,0.0000,-9.201916,6.867476,0.306709,32.00
7.144014,torque-chirp,hip_abduction_right_joint,RS03,-9.147842,0.000000,-7.857205,0.0000,0.0000,-9.147842,6.702068,0.156555,32.00
7.152003,torque-chirp,hip_abduction_right_joint,RS03,-9.097220,0.000000,-9.836851,0.0000,0.0000,-9.097220,6.063021,-1.178303,32.00
7.160005,torque-chirp,hip_abduction_right_joint,RS03,-9.052734,0.000000,-11.334608,0.0000,0.0000,-9.052734,5.148088,-1.667202,32.00
7.168002,torque-chirp,hip_abduction_right_joint,RS03,-9.018219,0.000000,-12.271389,0.0000,0.0000,-9.018219,3.869383,-2.434422,32.00
7.176003,torque-chirp,hip_abduction_right_joint,RS03,-8.994825,0.000000,-12.599813,0.0000,0.0000,-8.994825,2.283056,-3.027695,32.00
7.184004,torque-chirp,hip_abduction_right_joint,RS03,-8.983704,0.000000,-12.301164,0.0000,0.0000,-8.983704,0.766308,-3.157700,32.00
7.192004,torque-chirp,hip_abduction_right_joint,RS03,-8.985238,0.000000,-11.388760,0.0000,0.0000,-8.985238,-0.798656,-3.547722,32.00
7.200006,torque-chirp,hip_abduction_right_joint,RS03,-8.999044,0.000000,-9.906035,0.0000,0.0000,-8.999044,-2.219578,-3.558708,32.00
7.208002,torque-chirp,hip_abduction_right_joint,RS03,-9.023972,0.000000,-7.926828,0.0000,0.0000,-9.023972,-3.744869,-3.458000,32.00
7.216004,torque-chirp,hip_abduction_right_joint,RS03,-9.059254,0.000000,-5.546912,0.0000,0.0000,-9.059254,-4.875257,-3.166859,32.00
7.224004,torque-chirp,hip_abduction_right_joint,RS03,-9.102973,0.000000,-2.886031,0.0000,0.0000,-9.102973,-5.826811,-2.522316,32.00
7.232003,torque-chirp,hip_abduction_right_joint,RS03,-9.153212,0.000000,-0.078054,0.0000,0.0000,-9.153212,-6.515907,-1.722134,32.00
7.240003,torque-chirp,hip_abduction_right_joint,RS03,-9.206902,0.000000,2.737421,0.0000,0.0000,-9.206902,-6.852827,-1.533535,32.00
7.248002,torque-chirp,hip_abduction_right_joint,RS03,-9.261742,0.000000,5.416566,0.0000,0.0000,-9.261742,-7.005417,-0.361641,32.00
7.256006,torque-chirp,hip_abduction_right_joint,RS03,-9.315433,0.000000,7.825539,0.0000,0.0000,-9.315433,-6.654459,-0.114441,32.00
7.264003,torque-chirp,hip_abduction_right_joint,RS03,-9.365671,0.000000,9.837342,0.0000,0.0000,-9.365671,-6.030060,1.238731,32.00
7.272005,torque-chirp,hip_abduction_right_joint,RS03,-9.410157,0.000000,11.352149,0.0000,0.0000,-9.410157,-5.093156,1.368736,32.00
7.280003,torque-chirp,hip_abduction_right_joint,RS03,-9.445439,0.000000,12.289165,0.0000,0.0000,-9.445439,-3.814451,2.029755,32.00
7.288004,torque-chirp,hip_abduction_right_joint,RS03,-9.469216,0.000000,12.599902,0.0000,0.0000,-9.469216,-2.330053,3.051502,32.00
7.296002,torque-chirp,hip_abduction_right_joint,RS03,-9.480338,0.000000,12.266397,0.0000,0.0000,-9.480338,-0.710766,2.747540,32.00
7.304004,torque-chirp,hip_abduction_right_joint,RS03,-9.477654,0.000000,11.303524,0.0000,0.0000,-9.477654,1.087358,3.108265,32.00
7.312003,torque-chirp,hip_abduction_right_joint,RS03,-9.463080,0.000000,9.759607,0.0000,0.0000,-9.463080,2.355688,3.655758,32.00
7.320003,torque-chirp,hip_abduction_right_joint,RS03,-9.437002,0.000000,7.711693,0.0000,0.0000,-9.437002,3.868773,3.284046,32.00
7.328003,torque-chirp,hip_abduction_right_joint,RS03,-9.401337,0.000000,5.264089,0.0000,0.0000,-9.401337,4.908827,2.978252,32.00
7.336003,torque-chirp,hip_abduction_right_joint,RS03,-9.357234,0.000000,2.542639,0.0000,0.0000,-9.357234,5.832912,2.687115,32.00
7.344002,torque-chirp,hip_abduction_right_joint,RS03,-9.307379,0.000000,-0.312700,0.0000,0.0000,-9.307379,6.493324,1.597618,32.00
7.352003,torque-chirp,hip_abduction_right_joint,RS03,-9.254072,0.000000,-3.155575,0.0000,0.0000,-9.254072,6.876631,1.434654,32.00
7.360003,torque-chirp,hip_abduction_right_joint,RS03,-9.199615,0.000000,-5.836542,0.0000,0.0000,-9.199615,6.902266,0.189514,32.00
7.368005,torque-chirp,hip_abduction_right_joint,RS03,-9.146692,0.000000,-8.217048,0.0000,0.0000,-9.146692,6.472570,0.030212,32.00
7.376004,torque-chirp,hip_abduction_right_joint,RS03,-9.096837,0.000000,-10.170044,0.0000,0.0000,-9.096837,5.945221,-1.277180,32.00
7.384004,torque-chirp,hip_abduction_right_joint,RS03,-9.054268,0.000000,-11.593904,0.0000,0.0000,-9.054268,4.901503,-1.837494,32.00
7.392004,torque-chirp,hip_abduction_right_joint,RS03,-9.021288,0.000000,-12.412104,0.0000,0.0000,-9.021288,3.672848,-2.438084,32.00
7.400003,torque-chirp,hip_abduction_right_joint,RS03,-9.000578,0.000000,-12.579801,0.0000,0.0000,-9.000578,1.979095,-2.899517,32.00
7.408003,torque-chirp,hip_abduction_right_joint,RS03,-8.992141,0.000000,-12.086500,0.0000,0.0000,-8.992141,0.446480,-3.337147,32.00
7.416055,torque-chirp,hip_abduction_right_joint,RS03,-8.996743,0.000000,-10.947093,0.0000,0.0000,-8.996743,-1.188066,-3.613640,32.00
7.424032,torque-chirp,hip_abduction_right_joint,RS03,-9.012466,0.000000,-9.239712,0.0000,0.0000,-9.012466,-2.661478,-3.139389,32.00
7.432034,torque-chirp,hip_abduction_right_joint,RS03,-9.039695,0.000000,-7.038013,0.0000,0.0000,-9.039695,-3.850462,-2.980087,32.00
7.440017,torque-chirp,hip_abduction_right_joint,RS03,-9.076511,0.000000,-4.467226,0.0000,0.0000,-9.076511,-5.149309,-2.602882,32.00
7.448003,torque-chirp,hip_abduction_right_joint,RS03,-9.120997,0.000000,-1.656957,0.0000,0.0000,-9.120997,-5.948882,-1.971161,32.00
7.456009,torque-chirp,hip_abduction_right_joint,RS03,-9.170469,0.000000,1.250648,0.0000,0.0000,-9.170469,-6.352941,-1.923553,32.00
7.464006,torque-chirp,hip_abduction_right_joint,RS03,-9.223009,0.000000,4.091364,0.0000,0.0000,-9.223009,-6.561074,-0.672924,32.00
7.472006,torque-chirp,hip_abduction_right_joint,RS03,-9.275549,0.000000,6.717530,0.0000,0.0000,-9.275549,-6.485390,-0.650951,32.00
7.480001,torque-chirp,hip_abduction_right_joint,RS03,-9.325787,0.000000,8.985665,0.0000,0.0000,-9.325787,-6.141757,0.733353,32.00
7.488006,torque-chirp,hip_abduction_right_joint,RS03,-9.371424,0.000000,10.776956,0.0000,0.0000,-9.371424,-5.485008,1.216759,32.00
7.496010,torque-chirp,hip_abduction_right_joint,RS03,-9.409390,0.000000,11.990642,0.0000,0.0000,-9.409390,-4.233158,1.795380,32.00
7.504007,torque-chirp,hip_abduction_right_joint,RS03,-9.436619,0.000000,12.559846,0.0000,0.0000,-9.436619,-2.817120,2.694439,32.00
7.512010,torque-chirp,hip_abduction_right_joint,RS03,-9.451575,0.000000,12.453003,0.0000,0.0000,-9.451575,-1.134356,2.870220,32.00
7.520011,torque-chirp,hip_abduction_right_joint,RS03,-9.453110,0.000000,11.673532,0.0000,0.0000,-9.453110,0.331730,3.155872,32.00
7.528007,torque-chirp,hip_abduction_right_joint,RS03,-9.442755,0.000000,10.263055,0.0000,0.0000,-9.442755,1.948576,3.276722,32.00
7.536277,torque-chirp,hip_abduction_right_joint,RS03,-9.418978,0.000000,8.219544,0.0000,0.0000,-9.418978,3.476921,3.457996,32.00
7.544023,torque-chirp,hip_abduction_right_joint,RS03,-9.387147,0.000000,5.868743,0.0000,0.0000,-9.387147,4.595100,3.051502,32.00
7.552124,torque-chirp,hip_abduction_right_joint,RS03,-9.345729,0.000000,3.089662,0.0000,0.0000,-9.345729,5.425194,2.359348,32.00
7.560018,torque-chirp,hip_abduction_right_joint,RS03,-9.297791,0.000000,0.211809,0.0000,0.0000,-9.297791,6.349890,1.846649,32.00
7.568017,torque-chirp,hip_abduction_right_joint,RS03,-9.246019,0.000000,-2.717853,0.0000,0.0000,-9.246019,6.593422,1.170975,32.00
7.576008,torque-chirp,hip_abduction_right_joint,RS03,-9.192713,0.000000,-5.498922,0.0000,0.0000,-9.192713,6.655682,0.508125,32.00
7.584006,torque-chirp,hip_abduction_right_joint,RS03,-9.139789,0.000000,-7.983825,0.0000,0.0000,-9.139789,6.517128,-0.074158,32.00
7.596083,torque-chirp,hip_abduction_right_joint,RS03,-9.067691,0.000000,-10.872452,0.0000,0.0000,-9.067691,5.729763,-0.987869,32.00
7.604029,torque-chirp,hip_abduction_right_joint,RS03,-9.028191,0.000000,-12.051349,0.0000,0.0000,-9.028191,4.594490,-1.983978,32.00
7.612011,torque-chirp,hip_abduction_right_joint,RS03,-8.998278,0.000000,-12.576386,0.0000,0.0000,-8.998278,3.000229,-2.613869,32.00
7.620018,torque-chirp,hip_abduction_right_joint,RS03,-8.980637,0.000000,-12.408381,0.0000,0.0000,-8.980637,1.479818,-2.919659,32.00
7.628013,torque-chirp,hip_abduction_right_joint,RS03,-8.976034,0.000000,-11.553706,0.0000,0.0000,-8.976034,-0.177919,-2.857403,32.00
7.636003,torque-chirp,hip_abduction_right_joint,RS03,-8.984855,0.000000,-10.059248,0.0000,0.0000,-8.984855,-1.745937,-3.468987,32.00
7.644008,torque-chirp,hip_abduction_right_joint,RS03,-9.004414,0.000000,-8.001493,0.0000,0.0000,-9.004414,-2.917830,-3.069809,32.00
7.652009,torque-chirp,hip_abduction_right_joint,RS03,-9.035093,0.000000,-5.497343,0.0000,0.0000,-9.035093,-4.241093,-3.051498,32.00
7.660063,torque-chirp,hip_abduction_right_joint,RS03,-9.073827,0.000000,-2.664770,0.0000,0.0000,-9.073827,-5.233540,-2.298923,32.00
7.668043,torque-chirp,hip_abduction_right_joint,RS03,-9.118696,0.000000,0.293912,0.0000,0.0000,-9.118696,-5.865873,-1.615932,32.00
7.676013,torque-chirp,hip_abduction_right_joint,RS03,-9.167401,0.000000,3.235591,0.0000,0.0000,-9.167401,-6.050201,-1.343102,32.00
7.684048,torque-chirp,hip_abduction_right_joint,RS03,-9.217257,0.000000,6.020565,0.0000,0.0000,-9.217257,-6.350499,-0.290226,32.00
7.692008,torque-chirp,hip_abduction_right_joint,RS03,-9.265577,0.000000,8.446245,0.0000,0.0000,-9.265577,-5.970244,0.323189,32.00
7.700087,torque-chirp,hip_abduction_right_joint,RS03,-9.310447,0.000000,10.428316,0.0000,0.0000,-9.310447,-5.338521,0.716873,32.00
7.708027,torque-chirp,hip_abduction_right_joint,RS03,-9.347647,0.000000,11.794373,0.0000,0.0000,-9.347647,-4.263066,1.712982,32.00
7.716016,torque-chirp,hip_abduction_right_joint,RS03,-9.375642,0.000000,12.507037,0.0000,0.0000,-9.375642,-2.869001,2.265965,32.00
7.724012,torque-chirp,hip_abduction_right_joint,RS03,-9.390983,0.000000,12.513972,0.0000,0.0000,-9.390983,-1.327230,3.080799,32.00
7.732010,torque-chirp,hip_abduction_right_joint,RS03,-9.394051,0.000000,11.811613,0.0000,0.0000,-9.394051,0.259708,3.445179,32.00
7.740007,torque-chirp,hip_abduction_right_joint,RS03,-9.385229,0.000000,10.437933,0.0000,0.0000,-9.385229,1.693447,3.556881,32.00
7.748006,torque-chirp,hip_abduction_right_joint,RS03,-9.364138,0.000000,8.468792,0.0000,0.0000,-9.364138,3.219959,3.414051,32.00
7.756006,torque-chirp,hip_abduction_right_joint,RS03,-9.333074,0.000000,6.014266,0.0000,0.0000,-9.333074,4.385748,2.914165,32.00
7.764007,torque-chirp,hip_abduction_right_joint,RS03,-9.292807,0.000000,3.213884,0.0000,0.0000,-9.292807,5.477074,2.635845,32.00
7.772007,torque-chirp,hip_abduction_right_joint,RS03,-9.246019,0.000000,0.227252,0.0000,0.0000,-9.246019,6.186314,1.930878,32.00
7.780007,torque-chirp,hip_abduction_right_joint,RS03,-9.194630,0.000000,-2.775396,0.0000,0.0000,-9.194630,6.532997,1.176476,32.00
7.788007,torque-chirp,hip_abduction_right_joint,RS03,-9.142090,0.000000,-5.620670,0.0000,0.0000,-9.142090,6.551308,0.570381,32.00
7.796007,torque-chirp,hip_abduction_right_joint,RS03,-9.090317,0.000000,-8.145451,0.0000,0.0000,-9.090317,6.296787,-0.129093,32.00
7.804008,torque-chirp,hip_abduction_right_joint,RS03,-9.041996,0.000000,-10.203066,0.0000,0.0000,-9.041996,5.740749,-0.623486,32.00
7.812007,torque-chirp,hip_abduction_right_joint,RS03,-9.000578,0.000000,-11.672570,0.0000,0.0000,-9.000578,4.744030,-1.782562,32.00
7.820005,torque-chirp,hip_abduction_right_joint,RS03,-8.968364,0.000000,-12.467939,0.0000,0.0000,-8.968364,3.475700,-2.308079,32.00
7.832009,torque-chirp,hip_abduction_right_joint,RS03,-8.942286,0.000000,-12.303345,0.0000,0.0000,-8.942286,1.062944,-2.641335,32.00
7.840009,torque-chirp,hip_abduction_right_joint,RS03,-8.941519,0.000000,-11.294809,0.0000,0.0000,-8.941519,-0.462349,-2.855572,32.00
7.848007,torque-chirp,hip_abduction_right_joint,RS03,-8.953024,0.000000,-9.627961,0.0000,0.0000,-8.953024,-2.068817,-3.589836,32.00
7.856007,torque-chirp,hip_abduction_right_joint,RS03,-8.975651,0.000000,-7.397225,0.0000,0.0000,-8.975651,-3.442741,-3.062485,32.00
7.864006,torque-chirp,hip_abduction_right_joint,RS03,-9.008248,0.000000,-4.732779,0.0000,0.0000,-9.008248,-4.455329,-2.634010,32.00
7.872007,torque-chirp,hip_abduction_right_joint,RS03,-9.049283,0.000000,-1.788021,0.0000,0.0000,-9.049283,-5.391623,-2.095673,32.00
7.880007,torque-chirp,hip_abduction_right_joint,RS03,-9.095303,0.000000,1.264199,0.0000,0.0000,-9.095303,-5.958037,-1.896088,32.00
7.888008,torque-chirp,hip_abduction_right_joint,RS03,-9.144774,0.000000,4.244918,0.0000,0.0000,-9.144774,-6.286411,-0.758984,32.00
7.896006,torque-chirp,hip_abduction_right_joint,RS03,-9.194246,0.000000,6.977410,0.0000,0.0000,-9.194246,-6.238194,-0.205997,32.00
7.904008,torque-chirp,hip_abduction_right_joint,RS03,-9.241800,0.000000,9.301910,0.0000,0.0000,-9.241800,-5.721217,0.215149,32.00
7.912004,torque-chirp,hip_abduction_right_joint,RS03,-9.284369,0.000000,11.077465,0.0000,0.0000,-9.284369,-5.002213,1.520714,32.00
7.920007,torque-chirp,hip_abduction_right_joint,RS03,-9.318884,0.000000,12.200065,0.0000,0.0000,-9.318884,-3.711300,2.313572,32.00
7.928005,torque-chirp,hip_abduction_right_joint,RS03,-9.342278,0.000000,12.599548,0.0000,0.0000,-9.342278,-2.206150,2.482029,32.00
7.936005,torque-chirp,hip_abduction_right_joint,RS03,-9.353016,0.000000,12.250907,0.0000,0.0000,-9.353016,-0.655222,3.007549,32.00
7.944008,torque-chirp,hip_abduction_right_joint,RS03,-9.350715,0.000000,11.172269,0.0000,0.0000,-9.350715,0.875565,3.370106,32.00
7.952006,torque-chirp,hip_abduction_right_joint,RS03,-9.336525,0.000000,9.427113,0.0000,0.0000,-9.336525,2.528419,3.307850,32.00
7.960007,torque-chirp,hip_abduction_right_joint,RS03,-9.311213,0.000000,7.116764,0.0000,0.0000,-9.311213,3.671625,3.058826,32.00
7.968006,torque-chirp,hip_abduction_right_joint,RS03,-9.275549,0.000000,4.378848,0.0000,0.0000,-9.275549,4.984512,2.632183,32.00
7.976005,torque-chirp,hip_abduction_right_joint,RS03,-9.232980,0.000000,1.376123,0.0000,0.0000,-9.232980,5.695581,2.088348,32.00
7.984006,torque-chirp,hip_abduction_right_joint,RS03,-9.184658,0.000000,-1.712743,0.0000,0.0000,-9.184658,6.337683,1.885101,32.00
7.992007,torque-chirp,hip_abduction_right_joint,RS03,-9.134037,0.000000,-4.700979,0.0000,0.0000,-9.134037,6.379797,0.581367,32.00
8.000007,torque-chirp,hip_abduction_right_joint,RS03,-9.083414,0.000000,-7.408369,0.0000,0.0000,-9.083414,6.326694,0.429390,32.00
8.008005,torque-chirp,hip_abduction_right_joint,RS03,-9.035477,0.000000,-9.670199,0.0000,0.0000,-9.035477,5.760281,-0.612499,32.00
8.016007,torque-chirp,hip_abduction_right_joint,RS03,-8.992524,0.000000,-11.350028,0.0000,0.0000,-8.992524,4.966202,-1.804535,32.00
8.024005,torque-chirp,hip_abduction_right_joint,RS03,-8.958776,0.000000,-12.342752,0.0000,0.0000,-8.958776,3.671015,-2.478371,32.00
8.032007,torque-chirp,hip_abduction_right_joint,RS03,-8.935766,0.000000,-12.587398,0.0000,0.0000,-8.935766,2.182346,-2.632179,32.00
8.040009,torque-chirp,hip_abduction_right_joint,RS03,-8.926179,0.000000,-12.066318,0.0000,0.0000,-8.926179,0.592356,-3.256580,32.00
8.048008,torque-chirp,hip_abduction_right_joint,RS03,-8.929630,0.000000,-10.809900,0.0000,0.0000,-8.929630,-1.072710,-3.342640,32.00
8.056110,torque-chirp,hip_abduction_right_joint,RS03,-8.944203,0.000000,-8.864223,0.0000,0.0000,-8.944203,-2.521095,-3.071640,32.00
8.064013,torque-chirp,hip_abduction_right_joint,RS03,-8.970665,0.000000,-6.428057,0.0000,0.0000,-8.970665,-3.802855,-2.939804,32.00
8.072007,torque-chirp,hip_abduction_right_joint,RS03,-9.005564,0.000000,-3.571458,0.0000,0.0000,-9.005564,-4.762341,-2.421604,32.00
8.080006,torque-chirp,hip_abduction_right_joint,RS03,-9.048132,0.000000,-0.491546,0.0000,0.0000,-9.048132,-5.516747,-1.870453,32.00
8.088006,torque-chirp,hip_abduction_right_joint,RS03,-9.094919,0.000000,2.621542,0.0000,0.0000,-9.094919,-6.120394,-1.606777,32.00
8.096007,torque-chirp,hip_abduction_right_joint,RS03,-9.143624,0.000000,5.576707,0.0000,0.0000,-9.143624,-6.152743,-0.617992,32.00
8.104006,torque-chirp,hip_abduction_right_joint,RS03,-9.191945,0.000000,8.189187,0.0000,0.0000,-9.191945,-5.764553,0.427559,32.00
8.112008,torque-chirp,hip_abduction_right_joint,RS03,-9.236814,0.000000,10.299063,0.0000,0.0000,-9.236814,-5.264668,0.674751,32.00
8.120008,torque-chirp,hip_abduction_right_joint,RS03,-9.275549,0.000000,11.772471,0.0000,0.0000,-9.275549,-4.338751,1.518883,32.00
8.128006,torque-chirp,hip_abduction_right_joint,RS03,-9.303927,0.000000,12.517118,0.0000,0.0000,-9.303927,-2.955673,2.192722,32.00
8.136011,torque-chirp,hip_abduction_right_joint,RS03,-9.320418,0.000000,12.484745,0.0000,0.0000,-9.320418,-1.381552,3.011211,32.00
8.144011,torque-chirp,hip_abduction_right_joint,RS03,-9.324636,0.000000,11.675231,0.0000,0.0000,-9.324636,0.064392,3.468983,32.00
8.152004,torque-chirp,hip_abduction_right_joint,RS03,-9.316584,0.000000,10.138584,0.0000,0.0000,-9.316584,1.605553,3.577023,32.00
8.160006,torque-chirp,hip_abduction_right_joint,RS03,-9.297408,0.000000,7.966254,0.0000,0.0000,-9.297408,3.080797,3.318836,32.00
8.168007,torque-chirp,hip_abduction_right_joint,RS03,-9.267495,0.000000,5.293301,0.0000,0.0000,-9.267495,4.171513,2.980083,32.00
8.176009,torque-chirp,hip_abduction_right_joint,RS03,-9.229145,0.000000,2.285699,0.0000,0.0000,-9.229145,5.243305,2.284275,32.00
8.184007,torque-chirp,hip_abduction_right_joint,RS03,-9.184275,0.000000,-0.865697,0.0000,0.0000,-9.184275,5.817043,2.101166,32.00
8.192007,torque-chirp,hip_abduction_right_joint,RS03,-9.136721,0.000000,-3.966779,0.0000,0.0000,-9.136721,6.183872,0.867020,32.00
8.200005,torque-chirp,hip_abduction_right_joint,RS03,-9.088017,0.000000,-6.819706,0.0000,0.0000,-9.088017,6.089266,0.321358,32.00
8.208007,torque-chirp,hip_abduction_right_joint,RS03,-9.041229,0.000000,-9.246175,0.0000,0.0000,-9.041229,5.569239,-0.240788,32.00
8.216006,torque-chirp,hip_abduction_right_joint,RS03,-8.999044,0.000000,-11.089331,0.0000,0.0000,-8.999044,4.943008,-1.436485,32.00
8.224006,torque-chirp,hip_abduction_right_joint,RS03,-8.964912,0.000000,-12.231796,0.0000,0.0000,-8.964912,3.721066,-2.245823,32.00
8.232006,torque-chirp,hip_abduction_right_joint,RS03,-8.941519,0.000000,-12.599339,0.0000,0.0000,-8.941519,2.353857,-2.476540,32.00
8.240006,torque-chirp,hip_abduction_right_joint,RS03,-8.931165,0.000000,-12.166411,0.0000,0.0000,-8.931165,0.580759,-3.038681,32.00
8.248003,torque-chirp,hip_abduction_right_joint,RS03,-8.933466,0.000000,-10.959194,0.0000,0.0000,-8.933466,-0.976273,-3.177845,32.00
8.256005,torque-chirp,hip_abduction_right_joint,RS03,-8.948038,0.000000,-9.051181,0.0000,0.0000,-8.948038,-2.393530,-3.359119,32.00
8.264006,torque-chirp,hip_abduction_right_joint,RS03,-8.973733,0.000000,-6.563446,0.0000,0.0000,-8.973733,-3.715572,-2.943466,32.00
8.272006,torque-chirp,hip_abduction_right_joint,RS03,-9.009398,0.000000,-3.653576,0.0000,0.0000,-9.009398,-4.859999,-2.445408,32.00
8.280007,torque-chirp,hip_abduction_right_joint,RS03,-9.051584,0.000000,-0.506690,0.0000,0.0000,-9.051584,-5.671779,-1.934540,32.00
8.288006,torque-chirp,hip_abduction_right_joint,RS03,-9.098755,0.000000,2.674392,0.0000,0.0000,-9.098755,-6.091097,-1.634243,32.00
8.296006,torque-chirp,hip_abduction_right_joint,RS03,-9.147842,0.000000,5.686807,0.0000,0.0000,-9.147842,-6.134433,-0.453194,32.00
8.304006,torque-chirp,hip_abduction_right_joint,RS03,-9.196548,0.000000,8.335090,0.0000,0.0000,-9.196548,-6.000153,0.141907,32.00
8.312005,torque-chirp,hip_abduction_right_joint,RS03,-9.241417,0.000000,10.447594,0.0000,0.0000,-9.241417,-5.331807,0.616158,32.00
8.320006,torque-chirp,hip_abduction_right_joint,RS03,-9.279767,0.000000,11.886790,0.0000,0.0000,-9.279767,-4.397345,1.810028,32.00
8.328011,torque-chirp,hip_abduction_right_joint,RS03,-9.308146,0.000000,12.556952,0.0000,0.0000,-9.308146,-2.967270,2.256809,32.00
8.336043,torque-chirp,hip_abduction_right_joint,RS03,-9.324636,0.000000,12.410079,0.0000,0.0000,-9.324636,-1.468224,3.318836,32.00
8.344031,torque-chirp,hip_abduction_right_joint,RS03,-9.328471,0.000000,11.457319,0.0000,0.0000,-9.328471,0.302433,3.388416,32.00
8.352015,torque-chirp,hip_abduction_right_joint,RS03,-9.320034,0.000000,9.761086,0.0000,0.0000,-9.320034,1.672695,3.699703,32.00
8.360007,torque-chirp,hip_abduction_right_joint,RS03,-9.300476,0.000000,7.426623,0.0000,0.0000,-9.300476,3.058214,3.161366,32.00
8.368007,torque-chirp,hip_abduction_right_joint,RS03,-9.270563,0.000000,4.603145,0.0000,0.0000,-9.270563,4.144657,2.677959,32.00
8.376005,torque-chirp,hip_abduction_right_joint,RS03,-9.232980,0.000000,1.476729,0.0000,0.0000,-9.232980,5.101702,2.212864,32.00
8.384007,torque-chirp,hip_abduction_right_joint,RS03,-9.189644,0.000000,-1.750704,0.0000,0.0000,-9.189644,5.694361,1.762421,32.00
8.392007,torque-chirp,hip_abduction_right_joint,RS03,-9.143624,0.000000,-4.865032,0.0000,0.0000,-9.143624,5.817043,0.921951,32.00
8.400043,torque-chirp,hip_abduction_right_joint,RS03,-9.097604,0.000000,-7.673632,0.0000,0.0000,-9.097604,5.653467,-0.081482,32.00
8.408025,torque-chirp,hip_abduction_right_joint,RS03,-9.053885,0.000000,-9.961029,0.0000,0.0000,-9.053885,5.192034,-0.658276,32.00
8.416018,torque-chirp,hip_abduction_right_joint,RS03,-9.016302,0.000000,-11.597652,0.0000,0.0000,-9.016302,4.352789,-1.606777,32.00
8.424011,torque-chirp,hip_abduction_right_joint,RS03,-8.987539,0.000000,-12.469752,0.0000,0.0000,-8.987539,3.080797,-2.439915,32.00
8.432010,torque-chirp,hip_abduction_right_joint,RS03,-8.970282,0.000000,-12.517960,0.0000,0.0000,-8.970282,1.532310,-2.615700,32.00
8.440008,torque-chirp,hip_abduction_right_joint,RS03,-8.966446,0.000000,-11.735997,0.0000,0.0000,-8.966446,-0.162661,-3.035019,32.00
8.448007,torque-chirp,hip_abduction_right_joint,RS03,-8.975267,0.000000,-10.173774,0.0000,0.0000,-8.975267,-1.791103,-3.177845,32.00
8.456006,torque-chirp,hip_abduction_right_joint,RS03,-8.995976,0.000000,-7.932729,0.0000,0.0000,-8.995976,-3.172962,-3.593498,32.00
8.464006,torque-chirp,hip_abduction_right_joint,RS03,-9.027040,0.000000,-5.160568,0.0000,0.0000,-9.027040,-4.452277,-3.181507,32.00
8.472006,torque-chirp,hip_abduction_right_joint,RS03,-9.066540,0.000000,-2.041797,0.0000,0.0000,-9.066540,-5.325704,-2.666969,32.00
8.480007,torque-chirp,hip_abduction_right_joint,RS03,-9.111794,0.000000,1.217038,0.0000,0.0000,-9.111794,-5.874418,-1.546352,32.00
8.488005,torque-chirp,hip_abduction_right_joint,RS03,-9.160498,0.000000,4.395453,0.0000,0.0000,-9.160498,-6.064241,-0.903641,32.00
8.496006,torque-chirp,hip_abduction_right_joint,RS03,-9.210353,0.000000,7.283080,0.0000,0.0000,-9.210353,-6.136874,-0.363472,32.00
8.504006,torque-chirp,hip_abduction_right_joint,RS03,-9.257140,0.000000,9.682503,0.0000,0.0000,-9.257140,-5.794460,0.861526,32.00
8.512006,torque-chirp,hip_abduction_right_joint,RS03,-9.299326,0.000000,11.431620,0.0000,0.0000,-9.299326,-5.033951,1.412682,32.00
8.520005,torque-chirp,hip_abduction_right_joint,RS03,-9.333074,0.000000,12.410826,0.0000,0.0000,-9.333074,-3.604486,2.260471,32.00
8.528007,torque-chirp,hip_abduction_right_joint,RS03,-9.354933,0.000000,12.551966,0.0000,0.0000,-9.354933,-2.070038,2.888531,32.00
8.536006,torque-chirp,hip_abduction_right_joint,RS03,-9.364521,0.000000,11.843285,0.0000,0.0000,-9.364521,-0.520943,3.351795,32.00
8.544006,torque-chirp,hip_abduction_right_joint,RS03,-9.361069,0.000000,10.330719,0.0000,0.0000,-9.361069,1.023882,3.672237,32.00
8.552006,torque-chirp,hip_abduction_right_joint,RS03,-9.346880,0.000000,8.115112,0.0000,0.0000,-9.346880,2.353857,3.337147,32.00
8.560080,torque-chirp,hip_abduction_right_joint,RS03,-9.321952,0.000000,5.317657,0.0000,0.0000,-9.321952,3.663691,3.274891,32.00
8.568027,torque-chirp,hip_abduction_right_joint,RS03,-9.288588,0.000000,2.199933,0.0000,0.0000,-9.288588,4.527351,2.709087,32.00
8.576009,torque-chirp,hip_abduction_right_joint,RS03,-9.248703,0.000000,-1.082172,0.0000,0.0000,-9.248703,5.264057,2.035248,32.00
8.584005,torque-chirp,hip_abduction_right_joint,RS03,-9.205751,0.000000,-4.299376,0.0000,0.0000,-9.205751,5.414207,0.828568,32.00
8.592007,torque-chirp,hip_abduction_right_joint,RS03,-9.162032,0.000000,-7.226424,0.0000,0.0000,-9.162032,5.445946,0.160217,32.00
8.600008,torque-chirp,hip_abduction_right_joint,RS03,-9.119847,0.000000,-9.660023,0.0000,0.0000,-9.119847,5.073013,-0.394600,32.00
8.608007,torque-chirp,hip_abduction_right_joint,RS03,-9.083414,0.000000,-11.430859,0.0000,0.0000,-9.083414,4.220951,-1.361412,32.00
8.616007,torque-chirp,hip_abduction_right_joint,RS03,-9.055419,0.000000,-12.416248,0.0000,0.0000,-9.055419,3.015488,-2.284275,32.00
8.624006,torque-chirp,hip_abduction_right_joint,RS03,-9.038545,0.000000,-12.546190,0.0000,0.0000,-9.038545,1.412069,-2.558937,32.00
8.632007,torque-chirp,hip_abduction_right_joint,RS03,-9.034710,0.000000,-11.809485,0.0000,0.0000,-9.034710,-0.123598,-3.172352,32.00
8.640007,torque-chirp,hip_abduction_right_joint,RS03,-9.043146,0.000000,-10.254804,0.0000,0.0000,-9.043146,-1.598228,-3.227283,32.00
8.648005,torque-chirp,hip_abduction_right_joint,RS03,-9.063856,0.000000,-7.988590,0.0000,0.0000,-9.063856,-3.118029,-3.652096,32.00
8.656005,torque-chirp,hip_abduction_right_joint,RS03,-9.094919,0.000000,-5.165625,0.0000,0.0000,-9.094919,-4.398565,-3.267567,32.00
8.664007,torque-chirp,hip_abduction_right_joint,RS03,-9.134420,0.000000,-1.980082,0.0000,0.0000,-9.134420,-5.270771,-2.758526,32.00
8.672006,torque-chirp,hip_abduction_right_joint,RS03,-9.180057,0.000000,1.344452,0.0000,0.0000,-9.180057,-5.972686,-1.484093,32.00
8.680005,torque-chirp,hip_abduction_right_joint,RS03,-9.228762,0.000000,4.578551,0.0000,0.0000,-9.228762,-6.110018,-0.916458,32.00
8.688008,torque-chirp,hip_abduction_right_joint,RS03,-9.278233,0.000000,7.496437,0.0000,0.0000,-9.278233,-6.039825,-0.357979,32.00
8.696006,torque-chirp,hip_abduction_right_joint,RS03,-9.325020,0.000000,9.889940,0.0000,0.0000,-9.325020,-5.658350,0.850540,32.00
8.704005,torque-chirp,hip_abduction_right_joint,RS03,-9.366438,0.000000,11.592518,0.0000,0.0000,-9.366438,-4.800793,1.661713,32.00
8.712005,torque-chirp,hip_abduction_right_joint,RS03,-9.399420,0.000000,12.482384,0.0000,0.0000,-9.399420,-3.522087,2.498508,32.00
8.720008,torque-chirp,hip_abduction_right_joint,RS03,-9.420511,0.000000,12.494555,0.0000,0.0000,-9.420511,-1.976654,2.862896,32.00
8.728009,torque-chirp,hip_abduction_right_joint,RS03,-9.428565,0.000000,11.625850,0.0000,0.0000,-9.428565,-0.447090,3.337147,32.00
8.736007,torque-chirp,hip_abduction_right_joint,RS03,-9.424730,0.000000,9.936346,0.0000,0.0000,-9.424730,1.105059,3.507435,32.00
8.744006,torque-chirp,hip_abduction_right_joint,RS03,-9.409006,0.000000,7.542722,0.0000,0.0000,-9.409006,2.518654,3.141224,32.00
8.752006,torque-chirp,hip_abduction_right_joint,RS03,-9.382929,0.000000,4.612927,0.0000,0.0000,-9.382929,3.786373,2.969097,32.00
8.760009,torque-chirp,hip_abduction_right_joint,RS03,-9.349180,0.000000,1.352104,0.0000,0.0000,-9.349180,4.497444,2.397800,32.00
8.768009,torque-chirp,hip_abduction_right_joint,RS03,-9.309680,0.000000,-2.006464,0.0000,0.0000,-9.309680,5.096819,1.361412,32.00
8.776008,torque-chirp,hip_abduction_right_joint,RS03,-9.267495,0.000000,-5.223947,0.0000,0.0000,-9.267495,5.190203,0.552071,32.00
8.784006,torque-chirp,hip_abduction_right_joint,RS03,-9.225309,0.000000,-8.071996,0.0000,0.0000,-9.225309,5.204851,0.138245,32.00
8.792006,torque-chirp,hip_abduction_right_joint,RS03,-9.186193,0.000000,-10.346257,0.0000,0.0000,-9.186193,4.697643,-0.550240,32.00
8.800006,torque-chirp,hip_abduction_right_joint,RS03,-9.152828,0.000000,-11.882507,0.0000,0.0000,-9.152828,3.764400,-1.615932,32.00
8.808002,torque-chirp,hip_abduction_right_joint,RS03,-9.129435,0.000000,-12.568557,0.0000,0.0000,-9.129435,2.363012,-2.720074,32.00
8.816008,torque-chirp,hip_abduction_right_joint,RS03,-9.117163,0.000000,-12.353218,0.0000,0.0000,-9.117163,0.938431,-2.694435,32.00
8.824006,torque-chirp,hip_abduction_right_joint,RS03,-9.118696,0.000000,-11.249898,0.0000,0.0000,-9.118696,-0.815746,-3.027695,32.00
8.832006,torque-chirp,hip_abduction_right_joint,RS03,-9.132503,0.000000,-9.335700,0.0000,0.0000,-9.132503,-2.334936,-3.789425,32.00
8.840006,torque-chirp,hip_abduction_right_joint,RS03,-9.157430,0.000000,-6.746532,0.0000,0.0000,-9.157430,-3.830320,-3.121078,32.00
8.848007,torque-chirp,hip_abduction_right_joint,RS03,-9.192329,0.000000,-3.667649,0.0000,0.0000,-9.192329,-4.774548,-2.663307,32.00
8.856007,torque-chirp,hip_abduction_right_joint,RS03,-9.234514,0.000000,-0.321356,0.0000,0.0000,-9.234514,-5.487450,-2.386814,32.00
8.864006,torque-chirp,hip_abduction_right_joint,RS03,-9.280917,0.000000,3.050435,0.0000,0.0000,-9.280917,-5.953765,-1.489586,32.00
8.872007,torque-chirp,hip_abduction_right_joint,RS03,-9.329622,0.000000,6.204487,0.0000,0.0000,-9.329622,-6.034943,-0.319523,32.00
8.880047,torque-chirp,hip_abduction_right_joint,RS03,-9.376793,0.000000,8.921434,0.0000,0.0000,-9.376793,-5.782253,-0.066833,32.00
8.888032,torque-chirp,hip_abduction_right_joint,RS03,-9.420896,0.000000,10.972943,0.0000,0.0000,-9.420896,-5.224384,0.916458,32.00
8.896018,torque-chirp,hip_abduction_right_joint,RS03,-9.457328,0.000000,12.228842,0.0000,0.0000,-9.457328,-4.059205,2.165257,32.00
8.904010,torque-chirp,hip_abduction_right_joint,RS03,-9.483406,0.000000,12.595213,0.0000,0.0000,-9.483406,-2.621195,2.373997,32.00
8.912010,torque-chirp,hip_abduction_right_joint,RS03,-9.497211,0.000000,12.040993,0.0000,0.0000,-9.497211,-0.983597,3.318836,32.00
8.920008,torque-chirp,hip_abduction_right_joint,RS03,-9.498363,0.000000,10.604409,0.0000,0.0000,-9.498363,0.478828,3.633785,32.00
8.928007,torque-chirp,hip_abduction_right_joint,RS03,-9.487624,0.000000,8.387902,0.0000,0.0000,-9.487624,1.723965,3.441517,32.00
8.936007,torque-chirp,hip_abduction_right_joint,RS03,-9.465765,0.000000,5.552794,0.0000,0.0000,-9.465765,3.248035,3.249256,32.00
8.944010,torque-chirp,hip_abduction_right_joint,RS03,-9.435469,0.000000,2.305422,0.0000,0.0000,-9.435469,4.194706,2.648663,32.00
8.952006,torque-chirp,hip_abduction_right_joint,RS03,-9.398652,0.000000,-1.112306,0.0000,0.0000,-9.398652,4.913099,2.002289,32.00
8.960007,torque-chirp,hip_abduction_right_joint,RS03,-9.358385,0.000000,-4.452145,0.0000,0.0000,-9.358385,5.023575,1.335777,32.00
8.968006,torque-chirp,hip_abduction_right_joint,RS03,-9.317350,0.000000,-7.464682,0.0000,0.0000,-9.317350,4.949722,0.323189,32.00
8.976007,torque-chirp,hip_abduction_right_joint,RS03,-9.278233,0.000000,-9.926729,0.0000,0.0000,-9.278233,4.637218,-0.586864,32.00
8.984006,torque-chirp,hip_abduction_right_joint,RS03,-9.244485,0.000000,-11.653070,0.0000,0.0000,-9.244485,3.829710,-1.451134,32.00
8.992007,torque-chirp,hip_abduction_right_joint,RS03,-9.219941,0.000000,-12.514596,0.0000,0.0000,-9.219941,2.548561,-2.101166,32.00
9.000006,torque-chirp,hip_abduction_right_joint,RS03,-9.206902,0.000000,-12.444456,0.0000,0.0000,-9.206902,0.962845,-3.014877,32.00
9.008007,torque-chirp,hip_abduction_right_joint,RS03,-9.206518,0.000000,-11.445765,0.0000,0.0000,-9.206518,-0.602121,-3.274891,32.00
9.016006,torque-chirp,hip_abduction_right_joint,RS03,-9.218023,0.000000,-9.591276,0.0000,0.0000,-9.218023,-2.012054,-3.293201,32.00
9.024006,torque-chirp,hip_abduction_right_joint,RS03,-9.241800,0.000000,-7.017214,0.0000,0.0000,-9.241800,-3.615473,-3.452507,32.00
9.032007,torque-chirp,hip_abduction_right_joint,RS03,-9.274781,0.000000,-3.914404,0.0000,0.0000,-9.274781,-4.566414,-3.084457,32.00
9.040010,torque-chirp,hip_abduction_right_joint,RS03,-9.315816,0.000000,-0.514630,0.0000,0.0000,-9.315816,-5.497215,-2.251316,32.00
9.048008,torque-chirp,hip_abduction_right_joint,RS03,-9.361452,0.000000,2.924391,0.0000,0.0000,-9.361452,-5.904326,-1.268024,32.00
9.056008,torque-chirp,hip_abduction_right_joint,RS03,-9.409006,0.000000,6.146866,0.0000,0.0000,-9.409006,-6.003815,-0.780956,32.00
9.064070,torque-chirp,hip_abduction_right_joint,RS03,-9.455793,0.000000,8.926886,0.0000,0.0000,-9.455793,-5.799343,0.028381,32.00
9.072014,torque-chirp,hip_abduction_right_joint,RS03,-9.499513,0.000000,10.999318,0.0000,0.0000,-9.499513,-5.151751,1.216759,32.00
9.080008,torque-chirp,hip_abduction_right_joint,RS03,-9.535563,0.000000,12.257377,0.0000,0.0000,-9.535563,-4.028077,2.238499,32.00
9.088007,torque-chirp,hip_abduction_right_joint,RS03,-9.561640,0.000000,12.588611,0.0000,0.0000,-9.561640,-2.568094,2.738384,32.00
9.096004,torque-chirp,hip_abduction_right_joint,RS03,-9.574296,0.000000,11.964576,0.0000,0.0000,-9.574296,-0.973831,3.304188,32.00
9.104044,torque-chirp,hip_abduction_right_joint,RS03,-9.574679,0.000000,10.420437,0.0000,0.0000,-9.574679,0.663767,3.447010,32.00
9.112029,torque-chirp,hip_abduction_right_joint,RS03,-9.563558,0.000000,8.091629,0.0000,0.0000,-9.563558,1.953461,3.564205,32.00
9.120016,torque-chirp,hip_abduction_right_joint,RS03,-9.541698,0.000000,5.145464,0.0000,0.0000,-9.541698,3.204700,2.958111,32.00
9.128030,torque-chirp,hip_abduction_right_joint,RS03,-9.511018,0.000000,1.793237,0.0000,0.0000,-9.511018,4.258793,2.438084,32.00
9.140118,torque-chirp,hip_abduction_right_joint,RS03,-9.453493,0.000000,-3.442157,0.0000,0.0000,-9.453493,5.276875,1.560997,32.00
9.148081,torque-chirp,hip_abduction_right_joint,RS03,-9.412075,0.000000,-6.621933,0.0000,0.0000,-9.412075,5.273212,0.683907,32.00
9.156112,torque-chirp,hip_abduction_right_joint,RS03,-9.369890,0.000000,-9.319992,0.0000,0.0000,-9.369890,4.974747,-0.290226,32.00
9.164025,torque-chirp,hip_abduction_right_joint,RS03,-9.332690,0.000000,-11.274338,0.0000,0.0000,-9.332690,4.290531,-1.121540,32.00
9.172015,torque-chirp,hip_abduction_right_joint,RS03,-9.302777,0.000000,-12.385936,0.0000,0.0000,-9.302777,3.268177,-2.306248,32.00
9.180052,torque-chirp,hip_abduction_right_joint,RS03,-9.283218,0.000000,-12.542592,0.0000,0.0000,-9.283218,1.849699,-2.560768,32.00
9.188022,torque-chirp,hip_abduction_right_joint,RS03,-9.277466,0.000000,-11.731466,0.0000,0.0000,-9.277466,0.000305,-3.181507,32.00
9.196011,torque-chirp,hip_abduction_right_joint,RS03,-9.283602,0.000000,-10.012826,0.0000,0.0000,-9.283602,-1.428549,-3.278553,32.00
9.204006,torque-chirp,hip_abduction_right_joint,RS03,-9.301626,0.000000,-7.515757,0.0000,0.0000,-9.301626,-2.837261,-3.472649,32.00
9.212011,torque-chirp,hip_abduction_right_joint,RS03,-9.330389,0.000000,-4.429899,0.0000,0.0000,-9.330389,-4.031739,-2.683449,32.00
9.220011,torque-chirp,hip_abduction_right_joint,RS03,-9.366438,0.000000,-0.998765,0.0000,0.0000,-9.366438,-4.882582,-2.214691,32.00
9.228011,torque-chirp,hip_abduction_right_joint,RS03,-9.408623,0.000000,2.513313,0.0000,0.0000,-9.408623,-5.324483,-1.788055,32.00
9.236010,torque-chirp,hip_abduction_right_joint,RS03,-9.453110,0.000000,5.830934,0.0000,0.0000,-9.453110,-5.690700,-0.973221,32.00
9.244014,torque-chirp,hip_abduction_right_joint,RS03,-9.497211,0.000000,8.697165,0.0000,0.0000,-9.497211,-5.452660,0.200500,32.00
9.252008,torque-chirp,hip_abduction_right_joint,RS03,-9.537863,0.000000,10.881859,0.0000,0.0000,-9.537863,-4.917983,1.235069,32.00
9.260011,torque-chirp,hip_abduction_right_joint,RS03,-9.571611,0.000000,12.216859,0.0000,0.0000,-9.571611,-3.808958,2.130466,32.00
9.268009,torque-chirp,hip_abduction_right_joint,RS03,-9.595388,0.000000,12.592739,0.0000,0.0000,-9.595388,-2.404516,2.672466,32.00
9.276009,torque-chirp,hip_abduction_right_joint,RS03,-9.606510,0.000000,11.978477,0.0000,0.0000,-9.606510,-0.680859,3.260242,32.00
9.284008,torque-chirp,hip_abduction_right_joint,RS03,-9.604976,0.000000,10.419986,0.0000,0.0000,-9.604976,0.848095,3.641109,32.00
9.292009,torque-chirp,hip_abduction_right_joint,RS03,-9.592320,0.000000,8.037539,0.0000,0.0000,-9.592320,2.093231,3.476307,32.00
9.300008,torque-chirp,hip_abduction_right_joint,RS03,-9.568927,0.000000,5.018944,0.0000,0.0000,-9.568927,3.465935,3.309681,32.00
9.308007,torque-chirp,hip_abduction_right_joint,RS03,-9.536713,0.000000,1.600603,0.0000,0.0000,-9.536713,4.550545,2.613873,32.00
9.316006,torque-chirp,hip_abduction_right_joint,RS03,-9.498363,0.000000,-1.946937,0.0000,0.0000,-9.498363,4.910048,1.993134,32.00
9.324006,torque-chirp,hip_abduction_right_joint,RS03,-9.457328,0.000000,-5.343594,0.0000,0.0000,-9.457328,5.159685,0.894485,32.00
9.332006,torque-chirp,hip_abduction_right_joint,RS03,-9.416293,0.000000,-8.317546,0.0000,0.0000,-9.416293,5.054703,-0.015564,32.00
9.340007,torque-chirp,hip_abduction_right_joint,RS03,-9.377943,0.000000,-10.631347,0.0000,0.0000,-9.377943,4.512703,-1.147175,32.00
9.348005,torque-chirp,hip_abduction_right_joint,RS03,-9.346113,0.000000,-12.098222,0.0000,0.0000,-9.346113,3.540400,-2.038910,32.00
9.356007,torque-chirp,hip_abduction_right_joint,RS03,-9.323870,0.000000,-12.599998,0.0000,0.0000,-9.323870,2.148167,-2.265965,32.00
9.364006,torque-chirp,hip_abduction_right_joint,RS03,-9.313898,0.000000,-12.093692,0.0000,0.0000,-9.313898,0.597849,-3.047836,32.00
9.372006,torque-chirp,hip_abduction_right_joint,RS03,-9.317350,0.000000,-10.617585,0.0000,0.0000,-9.317350,-1.035477,-3.245594,32.00
9.380005,torque-chirp,hip_abduction_right_joint,RS03,-9.332306,0.000000,-8.288603,0.0000,0.0000,-9.332306,-2.523537,-3.307850,32.00
9.388006,torque-chirp,hip_abduction_right_joint,RS03,-9.358385,0.000000,-5.290581,0.0000,0.0000,-9.358385,-3.749752,-2.906841,32.00
9.396009,torque-chirp,hip_abduction_right_joint,RS03,-9.393284,0.000000,-1.863288,0.0000,0.0000,-9.393284,-4.706798,-2.300755,32.00
9.404005,torque-chirp,hip_abduction_right_joint,RS03,-9.434318,0.000000,1.713650,0.0000,0.0000,-9.434318,-5.328145,-1.473106,32.00
9.412005,torque-chirp,hip_abduction_right_joint,RS03,-9.478420,0.000000,5.157040,0.0000,0.0000,-9.478420,-5.558862,-1.079426,32.00
9.420008,torque-chirp,hip_abduction_right_joint,RS03,-9.522906,0.000000,8.186290,0.0000,0.0000,-9.522906,-5.494774,-0.326847,32.00
9.428007,torque-chirp,hip_abduction_right_joint,RS03,-9.565092,0.000000,10.553635,0.0000,0.0000,-9.565092,-5.025406,0.812088,32.00
9.436007,torque-chirp,hip_abduction_right_joint,RS03,-9.600758,0.000000,12.066348,0.0000,0.0000,-9.600758,-3.978638,1.932709,32.00
9.444006,torque-chirp,hip_abduction_right_joint,RS03,-9.627218,0.000000,12.599774,0.0000,0.0000,-9.627218,-2.684671,2.408787,32.00
9.452006,torque-chirp,hip_abduction_right_joint,RS03,-9.641026,0.000000,12.108072,0.0000,0.0000,-9.641026,-1.150225,3.166859,32.00
9.460007,torque-chirp,hip_abduction_right_joint,RS03,-9.642176,0.000000,10.628794,0.0000,0.0000,-9.642176,0.508736,3.485462,32.00
9.468006,torque-chirp,hip_abduction_right_joint,RS03,-9.631821,0.000000,8.280841,0.0000,0.0000,-9.631821,1.917448,3.333485,32.00
9.476006,torque-chirp,hip_abduction_right_joint,RS03,-9.611112,0.000000,5.254158,0.0000,0.0000,-9.611112,3.091784,3.152210,32.00
9.484007,torque-chirp,hip_abduction_right_joint,RS03,-9.580815,0.000000,1.794125,0.0000,0.0000,-9.580815,4.115967,2.496677,32.00
9.492008,torque-chirp,hip_abduction_right_joint,RS03,-9.544382,0.000000,-1.815797,0.0000,0.0000,-9.544382,4.813002,1.672699,32.00
9.500006,torque-chirp,hip_abduction_right_joint,RS03,-9.504498,0.000000,-5.277544,0.0000,0.0000,-9.504498,5.047989,1.039139,32.00
9.508005,torque-chirp,hip_abduction_right_joint,RS03,-9.464998,0.000000,-8.308613,0.0000,0.0000,-9.464998,4.874647,0.440376,32.00
9.516007,torque-chirp,hip_abduction_right_joint,RS03,-9.427798,0.000000,-10.658110,0.0000,0.0000,-9.427798,4.466927,-0.502632,32.00
9.524007,torque-chirp,hip_abduction_right_joint,RS03,-9.397502,0.000000,-12.129068,0.0000,0.0000,-9.397502,3.354847,-1.656216,32.00
9.532006,torque-chirp,hip_abduction_right_joint,RS03,-9.376793,0.000000,-12.598722,0.0000,0.0000,-9.376793,1.947966,-2.787823,32.00
9.540008,torque-chirp,hip_abduction_right_joint,RS03,-9.367972,0.000000,-12.025709,0.0000,0.0000,-9.367972,0.430611,-3.218128,32.00
9.548007,torque-chirp,hip_abduction_right_joint,RS03,-9.371424,0.000000,-10.455551,0.0000,0.0000,-9.371424,-1.029984,-3.564201,32.00
9.556008,torque-chirp,hip_abduction_right_joint,RS03,-9.386764,0.000000,-8.015642,0.0000,0.0000,-9.386764,-2.486305,-3.322498,32.00
9.564119,torque-chirp,hip_abduction_right_joint,RS03,-9.412458,0.000000,-4.861047,0.0000,0.0000,-9.412458,-3.733883,-3.349964,32.00
9.572016,torque-chirp,hip_abduction_right_joint,RS03,-9.447357,0.000000,-1.385119,0.0000,0.0000,-9.447357,-4.645761,-2.751202,32.00
9.580008,torque-chirp,hip_abduction_right_joint,RS03,-9.487624,0.000000,2.248500,0.0000,0.0000,-9.487624,-5.294576,-1.886932,32.00
9.588008,torque-chirp,hip_abduction_right_joint,RS03,-9.531343,0.000000,5.700901,0.0000,0.0000,-9.531343,-5.445335,-0.612499,32.00
9.596006,torque-chirp,hip_abduction_right_joint,RS03,-9.574296,0.000000,8.678413,0.0000,0.0000,-9.574296,-5.243916,0.295723,32.00
9.604008,torque-chirp,hip_abduction_right_joint,RS03,-9.614946,0.000000,10.931850,0.0000,0.0000,-9.614946,-4.690928,0.938431,32.00
9.612008,torque-chirp,hip_abduction_right_joint,RS03,-9.648312,0.000000,12.269143,0.0000,0.0000,-9.648312,-3.663691,1.952850,32.00
9.620007,torque-chirp,hip_abduction_right_joint,RS03,-9.671322,0.000000,12.576382,0.0000,0.0000,-9.671322,-2.336767,2.787823,32.00
9.628006,torque-chirp,hip_abduction_right_joint,RS03,-9.682059,0.000000,11.825598,0.0000,0.0000,-9.682059,-0.625925,3.024029,32.00
9.636007,torque-chirp,hip_abduction_right_joint,RS03,-9.679758,0.000000,10.077020,0.0000,0.0000,-9.679758,0.906082,3.322498,32.00
9.644007,torque-chirp,hip_abduction_right_joint,RS03,-9.665953,0.000000,7.476827,0.0000,0.0000,-9.665953,2.280615,3.342640,32.00
9.652006,torque-chirp,hip_abduction_right_joint,RS03,-9.641792,0.000000,4.242721,0.0000,0.0000,-9.641792,3.448235,2.956280,32.00
9.660007,torque-chirp,hip_abduction_right_joint,RS03,-9.609578,0.000000,0.646555,0.0000,0.0000,-9.609578,4.382696,2.450901,32.00
9.668004,torque-chirp,hip_abduction_right_joint,RS03,-9.572378,0.000000,-3.005692,0.0000,0.0000,-9.572378,4.896009,1.632408,32.00
9.676006,torque-chirp,hip_abduction_right_joint,RS03,-9.532494,0.000000,-6.407592,0.0000,0.0000,-9.532494,5.084612,1.000687,32.00
9.684006,torque-chirp,hip_abduction_right_joint,RS03,-9.492993,0.000000,-9.265526,0.0000,0.0000,-9.492993,4.830091,-0.006409,32.00
9.692006,torque-chirp,hip_abduction_right_joint,RS03,-9.457711,0.000000,-11.336764,0.0000,0.0000,-9.457711,4.048218,-1.000687,32.00
9.700006,torque-chirp,hip_abduction_right_joint,RS03,-9.429716,0.000000,-12.442193,0.0000,0.0000,-9.429716,2.980087,-1.830170,32.00
9.708006,torque-chirp,hip_abduction_right_joint,RS03,-9.413225,0.000000,-12.485394,0.0000,0.0000,-9.413225,1.470663,-3.046005,32.00
9.716005,torque-chirp,hip_abduction_right_joint,RS03,-9.409006,0.000000,-11.460377,0.0000,0.0000,-9.409006,-0.039980,-3.434196,32.00
9.724007,torque-chirp,hip_abduction_right_joint,RS03,-9.417061,0.000000,-9.451934,0.0000,0.0000,-9.417061,-1.545738,-3.633785,32.00
9.732006,torque-chirp,hip_abduction_right_joint,RS03,-9.436235,0.000000,-6.631693,0.0000,0.0000,-9.436235,-3.020370,-3.144882,32.00
9.740007,torque-chirp,hip_abduction_right_joint,RS03,-9.465382,0.000000,-3.238182,0.0000,0.0000,-9.465382,-4.145266,-2.659645,32.00
9.748007,torque-chirp,hip_abduction_right_joint,RS03,-9.502197,0.000000,0.435806,0.0000,0.0000,-9.502197,-4.933852,-1.872284,32.00
9.756046,torque-chirp,hip_abduction_right_joint,RS03,-9.543615,0.000000,4.092275,0.0000,0.0000,-9.543615,-5.406271,-1.187458,32.00
9.764024,torque-chirp,hip_abduction_right_joint,RS03,-9.585800,0.000000,7.371165,0.0000,0.0000,-9.585800,-5.455101,-0.617992,32.00
9.772019,torque-chirp,hip_abduction_right_joint,RS03,-9.626835,0.000000,10.024008,0.0000,0.0000,-9.626835,-5.001602,0.308540,32.00
9.780021,torque-chirp,hip_abduction_right_joint,RS03,-9.662885,0.000000,11.812525,0.0000,0.0000,-9.662885,-4.128786,1.398033,32.00
9.788018,torque-chirp,hip_abduction_right_joint,RS03,-9.690113,0.000000,12.577404,0.0000,0.0000,-9.690113,-2.908674,2.150608,32.00
9.796014,torque-chirp,hip_abduction_right_joint,RS03,-9.705836,0.000000,12.251415,0.0000,0.0000,-9.705836,-1.367514,3.091785,32.00
9.804009,torque-chirp,hip_abduction_right_joint,RS03,-9.708904,0.000000,10.860721,0.0000,0.0000,-9.708904,0.238346,3.538570,32.00
9.812008,torque-chirp,hip_abduction_right_joint,RS03,-9.700084,0.000000,8.522908,0.0000,0.0000,-9.700084,1.674526,3.538570,32.00
9.820007,torque-chirp,hip_abduction_right_joint,RS03,-9.680141,0.000000,5.439850,0.0000,0.0000,-9.680141,3.068590,3.166859,32.00
9.828006,torque-chirp,hip_abduction_right_joint,RS03,-9.651380,0.000000,1.879274,0.0000,0.0000,-9.651380,4.031738,2.518650,32.00
9.836006,torque-chirp,hip_abduction_right_joint,RS03,-9.615714,0.000000,-1.848387,0.0000,0.0000,-9.615714,4.705578,1.674530,32.00
9.844008,torque-chirp,hip_abduction_right_joint,RS03,-9.576981,0.000000,-5.418088,0.0000,0.0000,-9.576981,4.851454,0.834061,32.00
9.852007,torque-chirp,hip_abduction_right_joint,RS03,-9.537863,0.000000,-8.513072,0.0000,0.0000,-9.537863,4.836805,0.160217,32.00
9.860006,torque-chirp,hip_abduction_right_joint,RS03,-9.501431,0.000000,-10.862627,0.0000,0.0000,-9.501431,4.388800,-0.682079,32.00
9.868008,torque-chirp,hip_abduction_right_joint,RS03,-9.471518,0.000000,-12.258101,0.0000,0.0000,-9.471518,3.356068,-1.918060,32.00
9.876006,torque-chirp,hip_abduction_right_joint,RS03,-9.451959,0.000000,-12.573799,0.0000,0.0000,-9.451959,1.782558,-2.701763,32.00
9.884007,torque-chirp,hip_abduction_right_joint,RS03,-9.445056,0.000000,-11.779784,0.0000,0.0000,-9.445056,0.219423,-3.251087,32.00
9.892006,torque-chirp,hip_abduction_right_joint,RS03,-9.449657,0.000000,-9.944074,0.0000,0.0000,-9.449657,-1.077593,-3.659420,32.00
9.900007,torque-chirp,hip_abduction_right_joint,RS03,-9.466148,0.000000,-7.225956,0.0000,0.0000,-9.466148,-2.619364,-3.117416,32.00
9.908008,torque-chirp,hip_abduction_right_joint,RS03,-9.492993,0.000000,-3.865425,0.0000,0.0000,-9.492993,-3.880980,-2.848248,32.00
9.916008,torque-chirp,hip_abduction_right_joint,RS03,-9.527892,0.000000,-0.159309,0.0000,0.0000,-9.527892,-4.729992,-2.007782,32.00
9.924006,torque-chirp,hip_abduction_right_joint,RS03,-9.567776,0.000000,3.562986,0.0000,0.0000,-9.567776,-5.015640,-1.134357,32.00
9.932006,torque-chirp,hip_abduction_right_joint,RS03,-9.609962,0.000000,6.971140,0.0000,0.0000,-9.609962,-5.253071,-0.376289,32.00
9.940007,torque-chirp,hip_abduction_right_joint,RS03,-9.650229,0.000000,9.760455,0.0000,0.0000,-9.650229,-4.870985,0.341499,32.00
9.948007,torque-chirp,hip_abduction_right_joint,RS03,-9.686662,0.000000,11.679395,0.0000,0.0000,-9.686662,-4.222172,1.235069,32.00
9.956006,torque-chirp,hip_abduction_right_joint,RS03,-9.714657,0.000000,12.555164,0.0000,0.0000,-9.714657,-2.874495,2.485691,32.00
9.964007,torque-chirp,hip_abduction_right_joint,RS03,-9.731531,0.000000,12.306843,0.0000,0.0000,-9.731531,-1.380331,2.771343,32.00
9.972007,torque-chirp,hip_abduction_right_joint,RS03,-9.734982,0.000000,10.954248,0.0000,0.0000,-9.734982,0.273746,3.197987,32.00
9.980006,torque-chirp,hip_abduction_right_joint,RS03,-9.726162,0.000000,8.616751,0.0000,0.0000,-9.726162,1.756313,3.214466,32.00
9.988007,torque-chirp,hip_abduction_right_joint,RS03,-9.706221,0.000000,5.501997,0.0000,0.0000,-9.706221,3.055162,3.271229,32.00
9.996005,torque-chirp,hip_abduction_right_joint,RS03,-9.677074,0.000000,1.889887,0.0000,0.0000,-9.677074,4.020142,2.588238,32.00
