t_s,maneuver,joint,model,cmd_pos,cmd_vel,cmd_tau,cmd_kp,cmd_kd,fb_pos,fb_vel,fb_tau,fb_temp
0.000000,torque-chirp,knee_flexion_right_joint,RS04,3.591680,0.000000,0.000038,0.0000,0.0000,3.591680,-0.031358,-0.001831,28.00
0.008075,torque-chirp,knee_flexion_right_joint,RS04,3.595515,0.000000,0.642084,0.0000,0.0000,3.595515,0.136644,-0.097046,28.00
0.016027,torque-chirp,knee_flexion_right_joint,RS04,3.597049,0.000000,1.279449,0.0000,0.0000,3.597049,0.183338,-0.086060,28.00
0.023858,torque-chirp,knee_flexion_right_joint,RS04,3.598582,0.000000,1.911703,0.0000,0.0000,3.598582,0.206226,0.206909,28.00
0.031846,torque-chirp,knee_flexion_right_joint,RS04,3.600884,0.000000,2.560930,0.0000,0.0000,3.600884,0.342642,0.529190,28.00
0.039844,torque-chirp,knee_flexion_right_joint,RS04,3.603951,0.000000,3.214725,0.0000,0.0000,3.603951,0.455254,0.910049,28.00
0.047844,torque-chirp,knee_flexion_right_joint,RS04,3.607787,0.000000,3.872031,0.0000,0.0000,3.607787,0.489128,1.536285,28.00
0.055841,torque-chirp,knee_flexion_right_joint,RS04,3.613156,0.000000,4.531853,0.0000,0.0000,3.613156,0.772946,2.037994,28.00
0.063843,torque-chirp,knee_flexion_right_joint,RS04,3.619292,0.000000,5.194298,0.0000,0.0000,3.619292,0.895629,1.884186,28.00
0.071844,torque-chirp,knee_flexion_right_joint,RS04,3.628112,0.000000,5.858392,0.0000,0.0000,3.628112,1.286106,1.693756,28.00
0.079843,torque-chirp,knee_flexion_right_joint,RS04,3.640767,0.000000,6.523456,0.0000,0.0000,3.640767,1.700848,2.660568,28.00
0.087839,torque-chirp,knee_flexion_right_joint,RS04,3.656875,0.000000,7.188725,0.0000,0.0000,3.656875,2.149004,2.946213,28.00
0.095840,torque-chirp,knee_flexion_right_joint,RS04,3.677583,0.000000,7.854373,0.0000,0.0000,3.677583,2.810940,3.594421,28.00
0.103906,torque-chirp,knee_flexion_right_joint,RS04,3.704045,0.000000,8.524610,0.0000,0.0000,3.704045,3.476997,3.792175,28.00
0.111886,torque-chirp,knee_flexion_right_joint,RS04,3.735492,0.000000,9.186208,0.0000,0.0000,3.735492,4.241474,3.909363,28.00
0.119875,torque-chirp,knee_flexion_right_joint,RS04,3.773074,0.000000,9.846469,0.0000,0.0000,3.773074,5.044403,4.337837,28.00
0.127865,torque-chirp,knee_flexion_right_joint,RS04,3.817945,0.000000,10.504030,0.0000,0.0000,3.817945,5.881208,4.630806,28.00
0.135886,torque-chirp,knee_flexion_right_joint,RS04,3.869718,0.000000,11.160506,0.0000,0.0000,3.869718,6.778896,5.022652,28.00
0.143873,torque-chirp,knee_flexion_right_joint,RS04,3.929543,0.000000,11.809860,0.0000,0.0000,3.929543,7.839094,5.004341,28.00
0.151868,torque-chirp,knee_flexion_right_joint,RS04,3.997808,0.000000,12.454837,0.0000,0.0000,3.997808,8.910276,5.502403,28.00
0.159866,torque-chirp,knee_flexion_right_joint,RS04,4.075274,0.000000,13.094152,0.0000,0.0000,4.075274,10.075304,6.183571,28.00
0.167855,torque-chirp,knee_flexion_right_joint,RS04,4.161944,0.000000,13.726079,0.0000,0.0000,4.161944,11.284275,6.073692,28.00
0.175850,torque-chirp,knee_flexion_right_joint,RS04,4.258588,0.000000,14.351021,0.0000,0.0000,4.258588,12.555504,6.194557,28.00
0.183846,torque-chirp,knee_flexion_right_joint,RS04,4.365584,0.000000,14.967789,0.0000,0.0000,4.365584,13.905472,6.912331,28.00
0.191846,torque-chirp,knee_flexion_right_joint,RS04,4.484469,0.000000,15.575549,0.0000,0.0000,4.484469,15.000000,7.490959,28.00
0.199843,torque-chirp,knee_flexion_right_joint,RS04,4.614860,0.000000,16.173172,0.0000,0.0000,4.614860,15.000000,7.527580,28.00
0.207844,torque-chirp,knee_flexion_right_joint,RS04,4.757522,0.000000,16.760061,0.0000,0.0000,4.757522,15.000000,8.633545,28.00
0.215844,torque-chirp,knee_flexion_right_joint,RS04,4.913224,0.000000,17.335104,0.0000,0.0000,4.913224,15.000000,9.080338,28.00
0.223842,torque-chirp,knee_flexion_right_joint,RS04,5.081965,0.000000,17.897284,0.0000,0.0000,5.081965,15.000000,5.608604,28.00
0.231842,torque-chirp,knee_flexion_right_joint,RS04,5.260293,0.000000,18.445980,0.0000,0.0000,5.260293,15.000000,3.858093,28.00
0.239845,torque-chirp,knee_flexion_right_joint,RS04,5.443604,0.000000,18.980305,0.0000,0.0000,5.443604,15.000000,1.748688,28.00
0.247842,torque-chirp,knee_flexion_right_joint,RS04,5.628837,0.000000,19.498741,0.0000,0.0000,5.628837,15.000000,1.528961,28.00
0.255843,torque-chirp,knee_flexion_right_joint,RS04,5.815217,0.000000,20.001040,0.0000,0.0000,5.815217,15.000000,1.539948,28.00
0.263843,torque-chirp,knee_flexion_right_joint,RS04,6.002366,0.000000,20.485912,0.0000,0.0000,6.002366,15.000000,0.873428,28.00
0.271841,torque-chirp,knee_flexion_right_joint,RS04,6.189898,0.000000,20.952389,0.0000,0.0000,6.189898,15.000000,1.162735,28.00
0.279841,torque-chirp,knee_flexion_right_joint,RS04,6.377048,0.000000,21.399685,0.0000,0.0000,6.377048,15.000000,0.730606,28.00
0.287842,torque-chirp,knee_flexion_right_joint,RS04,6.564197,0.000000,21.826895,0.0000,0.0000,6.564197,15.000000,1.419098,28.00
0.295843,torque-chirp,knee_flexion_right_joint,RS04,6.751346,0.000000,22.232996,0.0000,0.0000,6.751346,15.000000,1.096817,28.00
0.303843,torque-chirp,knee_flexion_right_joint,RS04,6.938876,0.000000,22.617023,0.0000,0.0000,6.938876,15.000000,0.851456,28.00
0.311841,torque-chirp,knee_flexion_right_joint,RS04,7.125642,0.000000,22.977980,0.0000,0.0000,7.125642,15.000000,0.829483,28.00
0.319841,torque-chirp,knee_flexion_right_joint,RS04,7.311255,0.000000,23.315092,0.0000,0.0000,7.311255,15.000000,1.558258,28.00
0.327842,torque-chirp,knee_flexion_right_joint,RS04,7.499171,0.000000,23.627483,0.0000,0.0000,7.499171,15.000000,0.573135,28.00
0.335843,torque-chirp,knee_flexion_right_joint,RS04,7.686320,0.000000,23.914169,0.0000,0.0000,7.686320,15.000000,1.177383,28.00
0.343841,torque-chirp,knee_flexion_right_joint,RS04,7.872701,0.000000,24.174198,0.0000,0.0000,7.872701,15.000000,1.016251,28.00
0.351842,torque-chirp,knee_flexion_right_joint,RS04,8.057933,0.000000,24.406874,0.0000,0.0000,8.057933,15.000000,1.060196,28.00
0.359840,torque-chirp,knee_flexion_right_joint,RS04,8.244697,0.000000,24.611219,0.0000,0.0000,8.244697,15.000000,1.422760,28.00
0.367839,torque-chirp,knee_flexion_right_joint,RS04,8.432229,0.000000,24.786501,0.0000,0.0000,8.432229,15.000000,0.708633,28.00
0.375840,torque-chirp,knee_flexion_right_joint,RS04,8.617461,0.000000,24.931948,0.0000,0.0000,8.617461,15.000000,1.323868,28.00
0.383840,torque-chirp,knee_flexion_right_joint,RS04,8.804994,0.000000,25.046717,0.0000,0.0000,8.804994,15.000000,0.682999,28.00
0.391840,torque-chirp,knee_flexion_right_joint,RS04,8.990607,0.000000,25.130098,0.0000,0.0000,8.990607,15.000000,1.386124,28.00
0.399842,torque-chirp,knee_flexion_right_joint,RS04,9.178138,0.000000,25.181412,0.0000,0.0000,9.178138,15.000000,0.719620,28.00
0.407843,torque-chirp,knee_flexion_right_joint,RS04,9.363370,0.000000,25.199945,0.0000,0.0000,9.363370,15.000000,0.847794,28.00
0.415842,torque-chirp,knee_flexion_right_joint,RS04,9.549750,0.000000,25.185089,0.0000,0.0000,9.549750,15.000000,0.811172,28.00
0.423841,torque-chirp,knee_flexion_right_joint,RS04,9.737666,0.000000,25.136269,0.0000,0.0000,9.737666,15.000000,1.367813,28.00
0.431842,torque-chirp,knee_flexion_right_joint,RS04,9.924048,0.000000,25.052902,0.0000,0.0000,9.924048,15.000000,0.510880,28.00
0.439842,torque-chirp,knee_flexion_right_joint,RS04,10.109664,0.000000,24.934513,0.0000,0.0000,10.109664,15.000000,1.924469,28.00
0.447840,torque-chirp,knee_flexion_right_joint,RS04,10.297963,0.000000,24.780695,0.0000,0.0000,10.297963,15.000000,0.781876,28.00
0.455842,torque-chirp,knee_flexion_right_joint,RS04,10.484727,0.000000,24.590889,0.0000,0.0000,10.484727,15.000000,1.657135,28.00
0.463842,torque-chirp,knee_flexion_right_joint,RS04,10.670342,0.000000,24.364929,0.0000,0.0000,10.670342,15.000000,1.085831,28.00
0.471843,torque-chirp,knee_flexion_right_joint,RS04,10.858642,0.000000,24.102398,0.0000,0.0000,10.858642,15.000000,1.038223,28.00
0.479843,torque-chirp,knee_flexion_right_joint,RS04,11.044639,0.000000,23.803150,0.0000,0.0000,11.044639,15.000000,1.345840,28.00
0.487839,torque-chirp,knee_flexion_right_joint,RS04,11.232938,0.000000,23.467127,0.0000,0.0000,11.232938,15.000000,1.144424,28.00
0.495842,torque-chirp,knee_flexion_right_joint,RS04,11.420085,0.000000,23.093821,0.0000,0.0000,11.420085,15.000000,1.060196,28.00
0.503840,torque-chirp,knee_flexion_right_joint,RS04,11.606851,0.000000,22.683655,0.0000,0.0000,11.606851,15.000000,0.877090,28.00
0.511992,torque-chirp,knee_flexion_right_joint,RS04,11.794383,0.000000,22.227518,0.0000,0.0000,11.794383,15.000000,1.038223,28.00
0.519847,torque-chirp,knee_flexion_right_joint,RS04,11.981532,0.000000,21.751740,0.0000,0.0000,11.981532,15.000000,0.492569,28.00
0.527853,torque-chirp,knee_flexion_right_joint,RS04,12.168681,0.000000,21.230330,0.0000,0.0000,12.168681,15.000000,1.660797,28.00
0.535845,torque-chirp,knee_flexion_right_joint,RS04,12.356212,0.000000,20.673407,0.0000,0.0000,12.356212,15.000000,0.444946,28.00
0.543845,torque-chirp,knee_flexion_right_joint,RS04,12.543361,0.000000,20.079721,0.0000,0.0000,12.543361,15.000000,0.829483,28.00
0.551845,torque-chirp,knee_flexion_right_joint,RS04,-12.395329,0.000000,19.450331,0.0000,0.0000,-12.395329,15.000000,0.796524,28.00
0.559844,torque-chirp,knee_flexion_right_joint,RS04,-12.208181,0.000000,18.785650,0.0000,0.0000,-12.208181,15.000000,1.052872,28.00
0.567843,torque-chirp,knee_flexion_right_joint,RS04,-12.021416,0.000000,18.086420,0.0000,0.0000,-12.021416,15.000000,1.404434,28.00
0.575843,torque-chirp,knee_flexion_right_joint,RS04,-11.834268,0.000000,17.352980,0.0000,0.0000,-11.834268,15.000000,0.924698,28.00
0.583842,torque-chirp,knee_flexion_right_joint,RS04,-11.647503,0.000000,16.586447,0.0000,0.0000,-11.647503,15.000000,1.030899,28.00
0.591841,torque-chirp,knee_flexion_right_joint,RS04,-11.460737,0.000000,15.787412,0.0000,0.0000,-11.460737,15.000000,1.437408,28.00
0.599842,torque-chirp,knee_flexion_right_joint,RS04,-11.276274,0.000000,14.956738,0.0000,0.0000,-11.276274,15.000000,0.778214,28.00
0.607840,torque-chirp,knee_flexion_right_joint,RS04,-11.090275,0.000000,14.095778,0.0000,0.0000,-11.090275,15.000000,0.825821,28.00
0.615841,torque-chirp,knee_flexion_right_joint,RS04,-10.903894,0.000000,13.205136,0.0000,0.0000,-10.903894,15.000000,1.653473,28.00
0.623844,torque-chirp,knee_flexion_right_joint,RS04,-10.717129,0.000000,12.286063,0.0000,0.0000,-10.717129,15.000000,0.463257,28.00
0.631840,torque-chirp,knee_flexion_right_joint,RS04,-10.530747,0.000000,11.340869,0.0000,0.0000,-10.530747,15.000000,1.027237,28.00
0.639843,torque-chirp,knee_flexion_right_joint,RS04,-10.344366,0.000000,10.369310,0.0000,0.0000,-10.344366,15.000000,0.682999,28.00
0.647843,torque-chirp,knee_flexion_right_joint,RS04,-10.157984,0.000000,9.373944,0.0000,0.0000,-10.157984,15.000000,1.594879,28.00
0.655842,torque-chirp,knee_flexion_right_joint,RS04,-9.971219,0.000000,8.356190,0.0000,0.0000,-9.971219,15.000000,0.957657,28.00
0.663843,torque-chirp,knee_flexion_right_joint,RS04,-9.784454,0.000000,7.317406,0.0000,0.0000,-9.784454,15.000000,0.650040,28.00
0.671841,torque-chirp,knee_flexion_right_joint,RS04,-9.598073,0.000000,6.259699,0.0000,0.0000,-9.598073,15.000000,0.704971,28.00
0.679841,torque-chirp,knee_flexion_right_joint,RS04,-9.411692,0.000000,5.184540,0.0000,0.0000,-9.411692,15.000000,1.697418,28.00
0.687842,torque-chirp,knee_flexion_right_joint,RS04,-9.224926,0.000000,4.093621,0.0000,0.0000,-9.224926,15.000000,0.785538,28.00
0.695843,torque-chirp,knee_flexion_right_joint,RS04,-9.038161,0.000000,2.989278,0.0000,0.0000,-9.038161,15.000000,0.997940,28.00
0.703840,torque-chirp,knee_flexion_right_joint,RS04,-8.851780,0.000000,1.874190,0.0000,0.0000,-8.851780,15.000000,0.598770,28.00
0.711842,torque-chirp,knee_flexion_right_joint,RS04,-8.665014,0.000000,0.749007,0.0000,0.0000,-8.665014,15.000000,1.078506,28.00
0.720096,torque-chirp,knee_flexion_right_joint,RS04,-8.472114,0.000000,-0.418919,0.0000,0.0000,-8.472114,15.000000,1.283585,28.00
0.727877,torque-chirp,knee_flexion_right_joint,RS04,-8.291485,0.000000,-1.524654,0.0000,0.0000,-8.291485,15.000000,0.258179,28.00
0.735865,torque-chirp,knee_flexion_right_joint,RS04,-8.104719,0.000000,-2.662067,0.0000,0.0000,-8.104719,15.000000,1.620514,28.00
0.743859,torque-chirp,knee_flexion_right_joint,RS04,-7.918722,0.000000,-3.800417,0.0000,0.0000,-7.918722,15.000000,-0.433968,28.00
0.751852,torque-chirp,knee_flexion_right_joint,RS04,-7.734258,0.000000,-4.936178,0.0000,0.0000,-7.734258,15.000000,-0.100708,28.00
0.759847,torque-chirp,knee_flexion_right_joint,RS04,-7.552862,0.000000,-6.067288,0.0000,0.0000,-7.552862,15.000000,-0.990616,28.00
0.767847,torque-chirp,knee_flexion_right_joint,RS04,-7.376451,0.000000,-7.191660,0.0000,0.0000,-7.376451,15.000000,-1.334862,28.00
0.775845,torque-chirp,knee_flexion_right_joint,RS04,-7.203876,0.000000,-8.305569,0.0000,0.0000,-7.203876,15.000000,-2.609299,28.00
0.783842,torque-chirp,knee_flexion_right_joint,RS04,-7.038970,0.000000,-9.406615,0.0000,0.0000,-7.038970,15.000000,-2.916916,28.00
0.791843,torque-chirp,knee_flexion_right_joint,RS04,-6.880968,0.000000,-10.492782,0.0000,0.0000,-6.880968,15.000000,-3.945984,28.00
0.799842,torque-chirp,knee_flexion_right_joint,RS04,-6.732169,0.000000,-11.560510,0.0000,0.0000,-6.732169,15.000000,-3.847107,28.00
0.807843,torque-chirp,knee_flexion_right_joint,RS04,-6.593726,0.000000,-12.607721,0.0000,0.0000,-6.593726,15.000000,-4.638130,28.00
0.815844,torque-chirp,knee_flexion_right_joint,RS04,-6.466786,0.000000,-13.631212,0.0000,0.0000,-6.466786,15.000000,-5.377884,28.00
0.823841,torque-chirp,knee_flexion_right_joint,RS04,-6.352503,0.000000,-14.628035,0.0000,0.0000,-6.352503,13.725109,-5.473106,28.00
0.831841,torque-chirp,knee_flexion_right_joint,RS04,-6.250875,0.000000,-15.596060,0.0000,0.0000,-6.250875,12.104143,-5.963837,28.00
0.839841,torque-chirp,knee_flexion_right_joint,RS04,-6.163438,0.000000,-16.532444,0.0000,0.0000,-6.163438,10.358204,-6.154266,28.00
0.847842,torque-chirp,knee_flexion_right_joint,RS04,-6.089805,0.000000,-17.434475,0.0000,0.0000,-6.089805,8.523918,-6.531471,28.00
0.855841,torque-chirp,knee_flexion_right_joint,RS04,-6.031513,0.000000,-18.299204,0.0000,0.0000,-6.031513,6.589836,-7.033188,28.00
0.863843,torque-chirp,knee_flexion_right_joint,RS04,-5.989328,0.000000,-19.124474,0.0000,0.0000,-5.989328,4.578394,-7.600822,28.00
0.871842,torque-chirp,knee_flexion_right_joint,RS04,-5.963249,0.000000,-19.907129,0.0000,0.0000,-5.963249,2.476768,-8.322273,28.00
0.879841,torque-chirp,knee_flexion_right_joint,RS04,-5.954429,0.000000,-20.645004,0.0000,0.0000,-5.954429,0.367819,-8.384529,28.00
0.887841,torque-chirp,knee_flexion_right_joint,RS04,-5.962866,0.000000,-21.335651,0.0000,0.0000,-5.962866,-1.750744,-8.256355,28.00
0.895840,torque-chirp,knee_flexion_right_joint,RS04,-5.987794,0.000000,-21.976526,0.0000,0.0000,-5.987794,-3.856031,-9.849396,28.00
0.903843,torque-chirp,knee_flexion_right_joint,RS04,-6.029595,0.000000,-22.565647,0.0000,0.0000,-6.029595,-6.001144,-9.790802,28.00
0.911848,torque-chirp,knee_flexion_right_joint,RS04,-6.089038,0.000000,-23.100771,0.0000,0.0000,-6.089038,-8.196155,-10.625778,28.00
0.919842,torque-chirp,knee_flexion_right_joint,RS04,-6.166889,0.000000,-23.578815,0.0000,0.0000,-6.166889,-10.479515,-10.497597,28.00
0.927841,torque-chirp,knee_flexion_right_joint,RS04,-6.262764,0.000000,-23.998936,0.0000,0.0000,-6.262764,-12.789883,-10.614792,28.00
0.935842,torque-chirp,knee_flexion_right_joint,RS04,-6.376664,0.000000,-24.358973,0.0000,0.0000,-6.376664,-15.000000,-11.735405,28.00
0.943840,torque-chirp,knee_flexion_right_joint,RS04,-6.512040,0.000000,-24.656969,0.0000,0.0000,-6.512040,-15.000000,-14.211029,28.00
0.951841,torque-chirp,knee_flexion_right_joint,RS04,-6.665057,0.000000,-24.891495,0.0000,0.0000,-6.665057,-15.000000,-8.574959,28.00
0.959842,torque-chirp,knee_flexion_right_joint,RS04,-6.836098,0.000000,-25.061026,0.0000,0.0000,-6.836098,-15.000000,-5.766075,28.00
0.967841,torque-chirp,knee_flexion_right_joint,RS04,-7.016344,0.000000,-25.164219,0.0000,0.0000,-7.016344,-15.000000,-2.345619,28.00
0.975840,torque-chirp,knee_flexion_right_joint,RS04,-7.200424,0.000000,-25.199980,0.0000,0.0000,-7.200424,-15.000000,-2.133217,28.00
0.983845,torque-chirp,knee_flexion_right_joint,RS04,-7.386422,0.000000,-25.167301,0.0000,0.0000,-7.386422,-15.000000,-1.206688,28.00
0.991846,torque-chirp,knee_flexion_right_joint,RS04,-7.573187,0.000000,-25.065401,0.0000,0.0000,-7.573187,-15.000000,-2.206459,28.00
0.999844,torque-chirp,knee_flexion_right_joint,RS04,-7.759952,0.000000,-24.893803,0.0000,0.0000,-7.759952,-15.000000,-0.986954,28.00
1.007924,torque-chirp,knee_flexion_right_joint,RS04,-7.947101,0.000000,-24.649195,0.0000,0.0000,-7.947101,-15.000000,-1.085831,28.00
1.015850,torque-chirp,knee_flexion_right_joint,RS04,-8.133099,0.000000,-24.339497,0.0000,0.0000,-8.133099,-15.000000,-1.173729,28.00
1.023844,torque-chirp,knee_flexion_right_joint,RS04,-8.319481,0.000000,-23.957197,0.0000,0.0000,-8.319481,-15.000000,-0.957657,28.00
1.031843,torque-chirp,knee_flexion_right_joint,RS04,-8.505478,0.000000,-23.504557,0.0000,0.0000,-8.505478,-15.000000,-1.514305,28.00
1.039842,torque-chirp,knee_flexion_right_joint,RS04,-8.691092,0.000000,-22.982290,0.0000,0.0000,-8.691092,-15.000000,-1.129776,28.00
1.047842,torque-chirp,knee_flexion_right_joint,RS04,-8.876324,0.000000,-22.391001,0.0000,0.0000,-8.876324,-15.000000,-1.049210,28.00
1.055842,torque-chirp,knee_flexion_right_joint,RS04,-9.061938,0.000000,-21.731598,0.0000,0.0000,-9.061938,-15.000000,-0.737930,28.00
1.063841,torque-chirp,knee_flexion_right_joint,RS04,-9.247169,0.000000,-21.005350,0.0000,0.0000,-9.247169,-15.000000,-0.946671,28.00
1.071843,torque-chirp,knee_flexion_right_joint,RS04,-9.432016,0.000000,-20.213232,0.0000,0.0000,-9.432016,-15.000000,-0.921036,28.00
1.079841,torque-chirp,knee_flexion_right_joint,RS04,-9.616864,0.000000,-19.357645,0.0000,0.0000,-9.616864,-15.000000,-1.587547,28.00
1.087841,torque-chirp,knee_flexion_right_joint,RS04,-9.802095,0.000000,-18.439722,0.0000,0.0000,-9.802095,-15.000000,-1.008926,28.00
1.095842,torque-chirp,knee_flexion_right_joint,RS04,-9.986559,0.000000,-17.461815,0.0000,0.0000,-9.986559,-15.000000,-1.279930,28.00
1.103845,torque-chirp,knee_flexion_right_joint,RS04,-10.171023,0.000000,-16.425909,0.0000,0.0000,-10.171023,-15.000000,-0.778214,28.00
1.111845,torque-chirp,knee_flexion_right_joint,RS04,-10.355871,0.000000,-15.335258,0.0000,0.0000,-10.355871,-15.000000,-1.668121,28.00
1.119845,torque-chirp,knee_flexion_right_joint,RS04,-10.540718,0.000000,-14.192388,0.0000,0.0000,-10.540718,-15.000000,-0.869766,28.00
1.127845,torque-chirp,knee_flexion_right_joint,RS04,-10.725183,0.000000,-13.000277,0.0000,0.0000,-10.725183,-15.000000,-1.671783,28.00
1.135845,torque-chirp,knee_flexion_right_joint,RS04,-10.908879,0.000000,-11.762076,0.0000,0.0000,-10.908879,-15.000000,-0.825821,28.00
1.143842,torque-chirp,knee_flexion_right_joint,RS04,-11.094877,0.000000,-10.481987,0.0000,0.0000,-11.094877,-15.000000,-1.488670,28.00
1.151844,torque-chirp,knee_flexion_right_joint,RS04,-11.278574,0.000000,-9.162278,0.0000,0.0000,-11.278574,-15.000000,-0.928360,28.00
1.159843,torque-chirp,knee_flexion_right_joint,RS04,-11.463805,0.000000,-7.808149,0.0000,0.0000,-11.463805,-15.000000,-1.331200,28.00
1.167842,torque-chirp,knee_flexion_right_joint,RS04,-11.648653,0.000000,-6.423046,0.0000,0.0000,-11.648653,-15.000000,-1.312889,28.00
1.175842,torque-chirp,knee_flexion_right_joint,RS04,-11.833884,0.000000,-5.011345,0.0000,0.0000,-11.833884,-15.000000,-1.137100,28.00
1.183842,torque-chirp,knee_flexion_right_joint,RS04,-12.019115,0.000000,-3.577592,0.0000,0.0000,-12.019115,-15.000000,-1.071182,28.00
1.191842,torque-chirp,knee_flexion_right_joint,RS04,-12.204346,0.000000,-2.126236,0.0000,0.0000,-12.204346,-15.000000,-0.521858,28.00
1.199897,torque-chirp,knee_flexion_right_joint,RS04,-12.390727,0.000000,-0.652131,0.0000,0.0000,-12.390727,-15.000000,-1.470360,28.00
1.207875,torque-chirp,knee_flexion_right_joint,RS04,12.549497,0.000000,0.815660,0.0000,0.0000,12.549497,-15.000000,-0.880753,28.00
1.215853,torque-chirp,knee_flexion_right_joint,RS04,12.365033,0.000000,2.286130,0.0000,0.0000,12.365033,-15.000000,-1.455711,28.00
1.223847,torque-chirp,knee_flexion_right_joint,RS04,12.180184,0.000000,3.757317,0.0000,0.0000,12.180184,-15.000000,-0.368050,28.00
1.231843,torque-chirp,knee_flexion_right_joint,RS04,11.996104,0.000000,5.221318,0.0000,0.0000,11.996104,-15.000000,0.133667,28.00
1.239843,torque-chirp,knee_flexion_right_joint,RS04,11.814708,0.000000,6.673238,0.0000,0.0000,11.814708,-15.000000,0.877090,28.00
1.247846,torque-chirp,knee_flexion_right_joint,RS04,11.637532,0.000000,8.107431,0.0000,0.0000,11.637532,-15.000000,1.283585,28.00
1.255841,torque-chirp,knee_flexion_right_joint,RS04,11.465724,0.000000,9.516642,0.0000,0.0000,11.465724,-15.000000,6.084679,28.00
1.263843,torque-chirp,knee_flexion_right_joint,RS04,11.300433,0.000000,10.898225,0.0000,0.0000,11.300433,-15.000000,2.019684,28.00
1.271841,torque-chirp,knee_flexion_right_joint,RS04,11.143582,0.000000,12.244764,0.0000,0.0000,11.143582,-15.000000,4.557564,28.00
1.279840,torque-chirp,knee_flexion_right_joint,RS04,10.997851,0.000000,13.551873,0.0000,0.0000,10.997851,-15.000000,4.766304,28.00
1.287841,torque-chirp,knee_flexion_right_joint,RS04,10.864011,0.000000,14.814471,0.0000,0.0000,10.864011,-15.000000,5.462120,28.00
1.295844,torque-chirp,knee_flexion_right_joint,RS04,10.743590,0.000000,16.027067,0.0000,0.0000,10.743590,-14.464408,5.810020,28.00
1.303841,torque-chirp,knee_flexion_right_joint,RS04,10.637361,0.000000,17.183647,0.0000,0.0000,10.637361,-12.688716,6.172585,28.00
1.311843,torque-chirp,knee_flexion_right_joint,RS04,10.545703,0.000000,18.280598,0.0000,0.0000,10.545703,-10.744106,7.183342,28.00
1.319842,torque-chirp,knee_flexion_right_joint,RS04,10.470922,0.000000,19.312181,0.0000,0.0000,10.470922,-8.653925,7.318840,28.00
1.327839,torque-chirp,knee_flexion_right_joint,RS04,10.412246,0.000000,20.273773,0.0000,0.0000,10.412246,-6.622339,7.919426,28.00
1.335840,torque-chirp,knee_flexion_right_joint,RS04,10.371594,0.000000,21.161699,0.0000,0.0000,10.371594,-4.391165,8.102539,28.00
1.344055,torque-chirp,knee_flexion_right_joint,RS04,10.347817,0.000000,21.991610,0.0000,0.0000,10.347817,-2.062943,9.384293,28.00
1.351867,torque-chirp,knee_flexion_right_joint,RS04,10.343598,0.000000,22.700109,0.0000,0.0000,10.343598,0.343557,9.080338,28.00
1.359853,torque-chirp,knee_flexion_right_joint,RS04,10.358172,0.000000,23.339291,0.0000,0.0000,10.358172,2.555506,10.065460,28.00
1.367851,torque-chirp,knee_flexion_right_joint,RS04,10.390386,0.000000,23.889896,0.0000,0.0000,10.390386,4.828335,10.691681,28.00
1.375846,torque-chirp,knee_flexion_right_joint,RS04,10.440623,0.000000,24.347527,0.0000,0.0000,10.440623,7.145571,10.874802,28.00
1.383844,torque-chirp,knee_flexion_right_joint,RS04,10.510037,0.000000,24.709719,0.0000,0.0000,10.510037,9.562143,10.772247,28.00
1.391842,torque-chirp,knee_flexion_right_joint,RS04,10.599011,0.000000,24.973766,0.0000,0.0000,10.599011,11.926529,11.695114,28.00
1.399841,torque-chirp,knee_flexion_right_joint,RS04,10.707541,0.000000,25.137609,0.0000,0.0000,10.707541,14.473106,12.028381,28.00
1.407841,torque-chirp,knee_flexion_right_joint,RS04,10.836396,0.000000,25.199478,0.0000,0.0000,10.836396,15.000000,12.574036,28.00
1.415842,torque-chirp,knee_flexion_right_joint,RS04,10.985963,0.000000,25.158016,0.0000,0.0000,10.985963,15.000000,6.758522,28.00
1.423842,torque-chirp,knee_flexion_right_joint,RS04,11.153937,0.000000,25.012339,0.0000,0.0000,11.153937,15.000000,5.161827,28.00
1.431842,torque-chirp,knee_flexion_right_joint,RS04,11.332648,0.000000,24.761971,0.0000,0.0000,11.332648,15.000000,2.993820,28.00
1.439841,torque-chirp,knee_flexion_right_joint,RS04,11.517112,0.000000,24.406919,0.0000,0.0000,11.517112,15.000000,2.349289,28.00
1.447841,torque-chirp,knee_flexion_right_joint,RS04,11.704261,0.000000,23.947613,0.0000,0.0000,11.704261,15.000000,1.510651,28.00
1.455842,torque-chirp,knee_flexion_right_joint,RS04,11.892177,0.000000,23.384769,0.0000,0.0000,11.892177,15.000000,0.910049,28.00
1.463841,torque-chirp,knee_flexion_right_joint,RS04,12.080092,0.000000,22.720163,0.0000,0.0000,12.080092,15.000000,0.935684,28.00
1.471841,torque-chirp,knee_flexion_right_joint,RS04,12.268392,0.000000,21.955297,0.0000,0.0000,12.268392,15.000000,1.550934,28.00
1.479842,torque-chirp,knee_flexion_right_joint,RS04,12.457074,0.000000,21.092489,0.0000,0.0000,12.457074,15.000000,1.122452,28.00
1.487845,torque-chirp,knee_flexion_right_joint,RS04,-12.480467,0.000000,20.134428,0.0000,0.0000,-12.480467,15.000000,0.617081,28.00
1.495841,torque-chirp,knee_flexion_right_joint,RS04,-12.292934,0.000000,19.085455,0.0000,0.0000,-12.292934,15.000000,1.752350,28.00
1.503971,torque-chirp,knee_flexion_right_joint,RS04,-12.105403,0.000000,17.928907,0.0000,0.0000,-12.105403,15.000000,0.393677,28.00
1.511869,torque-chirp,knee_flexion_right_joint,RS04,-11.917871,0.000000,16.722584,0.0000,0.0000,-11.917871,15.000000,0.946671,28.00
1.519880,torque-chirp,knee_flexion_right_joint,RS04,-11.730722,0.000000,15.420299,0.0000,0.0000,-11.730722,15.000000,0.748917,28.00
1.527850,torque-chirp,knee_flexion_right_joint,RS04,-11.543573,0.000000,14.051119,0.0000,0.0000,-11.543573,15.000000,1.668121,28.00
1.535870,torque-chirp,knee_flexion_right_joint,RS04,-11.356425,0.000000,12.604846,0.0000,0.0000,-11.356425,15.000000,1.008926,28.00
1.543908,torque-chirp,knee_flexion_right_joint,RS04,-11.168509,0.000000,11.092319,0.0000,0.0000,-11.168509,15.000000,1.404434,28.00
1.551858,torque-chirp,knee_flexion_right_joint,RS04,-10.982895,0.000000,9.540887,0.0000,0.0000,-10.982895,15.000000,0.455933,28.00
1.559861,torque-chirp,knee_flexion_right_joint,RS04,-10.796514,0.000000,7.930012,0.0000,0.0000,-10.796514,15.000000,1.895172,28.00
1.567853,torque-chirp,knee_flexion_right_joint,RS04,-10.609749,0.000000,6.279068,0.0000,0.0000,-10.609749,15.000000,0.741592,28.00
1.575847,torque-chirp,knee_flexion_right_joint,RS04,-10.424518,0.000000,4.592936,0.0000,0.0000,-10.424518,15.000000,1.309219,28.00
1.583843,torque-chirp,knee_flexion_right_joint,RS04,-10.238136,0.000000,2.879363,0.0000,0.0000,-10.238136,15.000000,1.224991,28.00
1.591842,torque-chirp,knee_flexion_right_joint,RS04,-10.051754,0.000000,1.146007,0.0000,0.0000,-10.051754,15.000000,0.466919,28.00
1.599843,torque-chirp,knee_flexion_right_joint,RS04,-9.864989,0.000000,-0.599005,0.0000,0.0000,-9.864989,15.000000,1.389786,28.00
1.607843,torque-chirp,knee_flexion_right_joint,RS04,-9.678608,0.000000,-2.346288,0.0000,0.0000,-9.678608,15.000000,0.364380,28.00
1.615841,torque-chirp,knee_flexion_right_joint,RS04,-9.492610,0.000000,-4.087541,0.0000,0.0000,-9.492610,15.000000,1.444733,28.00
1.623838,torque-chirp,knee_flexion_right_joint,RS04,-9.306612,0.000000,-5.813982,0.0000,0.0000,-9.306612,15.000000,0.335083,28.00
1.631841,torque-chirp,knee_flexion_right_joint,RS04,-9.123299,0.000000,-7.518692,0.0000,0.0000,-9.123299,15.000000,-1.137100,28.00
1.639846,torque-chirp,knee_flexion_right_joint,RS04,-8.944203,0.000000,-9.191906,0.0000,0.0000,-8.944203,15.000000,-1.986725,28.00
1.647840,torque-chirp,knee_flexion_right_joint,RS04,-8.770861,0.000000,-10.822515,0.0000,0.0000,-8.770861,15.000000,-2.715500,28.00
1.655839,torque-chirp,knee_flexion_right_joint,RS04,-8.605572,0.000000,-12.405130,0.0000,0.0000,-8.605572,15.000000,-4.422058,28.00
1.663837,torque-chirp,knee_flexion_right_joint,RS04,-8.450254,0.000000,-13.930029,0.0000,0.0000,-8.450254,15.000000,-4.605171,28.00
1.671839,torque-chirp,knee_flexion_right_joint,RS04,-8.307208,0.000000,-15.389698,0.0000,0.0000,-8.307208,15.000000,-6.216522,28.00
1.679840,torque-chirp,knee_flexion_right_joint,RS04,-8.177969,0.000000,-16.775465,0.0000,0.0000,-8.177969,15.000000,-6.341042,28.00
1.687838,torque-chirp,knee_flexion_right_joint,RS04,-8.063301,0.000000,-18.078918,0.0000,0.0000,-8.063301,13.704052,-7.033188,28.00
1.695838,torque-chirp,knee_flexion_right_joint,RS04,-7.964742,0.000000,-19.293470,0.0000,0.0000,-7.964742,11.587778,-7.849854,28.00
1.703837,torque-chirp,knee_flexion_right_joint,RS04,-7.883056,0.000000,-20.411377,0.0000,0.0000,-7.883056,9.445869,-8.054932,28.00
1.711838,torque-chirp,knee_flexion_right_joint,RS04,-7.819395,0.000000,-21.426407,0.0000,0.0000,-7.819395,7.240330,-8.358894,28.00
1.719837,torque-chirp,knee_flexion_right_joint,RS04,-7.773758,0.000000,-22.331697,0.0000,0.0000,-7.773758,4.831997,-9.113297,28.00
1.727839,torque-chirp,knee_flexion_right_joint,RS04,-7.747297,0.000000,-23.121931,0.0000,0.0000,-7.747297,2.468987,-9.571068,28.00
1.735838,torque-chirp,knee_flexion_right_joint,RS04,-7.740777,0.000000,-23.791178,0.0000,0.0000,-7.740777,0.027237,-9.823761,28.00
1.743840,torque-chirp,knee_flexion_right_joint,RS04,-7.753049,0.000000,-24.335402,0.0000,0.0000,-7.753049,-2.341269,-9.856720,28.00
1.751839,torque-chirp,knee_flexion_right_joint,RS04,-7.784496,0.000000,-24.749996,0.0000,0.0000,-7.784496,-4.735867,-11.112839,28.00
1.759840,torque-chirp,knee_flexion_right_joint,RS04,-7.835502,0.000000,-25.031881,0.0000,0.0000,-7.835502,-7.283817,-11.369186,28.00
1.767840,torque-chirp,knee_flexion_right_joint,RS04,-7.906833,0.000000,-25.178108,0.0000,0.0000,-7.906833,-9.782787,-11.479050,28.00
1.775839,torque-chirp,knee_flexion_right_joint,RS04,-7.997723,0.000000,-25.186750,0.0000,0.0000,-7.997723,-12.229115,-11.457077,28.00
1.783881,torque-chirp,knee_flexion_right_joint,RS04,-8.110088,0.000000,-25.055454,0.0000,0.0000,-8.110088,-14.822843,-12.724190,28.00
1.791871,torque-chirp,knee_flexion_right_joint,RS04,-8.242396,0.000000,-24.785492,0.0000,0.0000,-8.242396,-15.000000,-14.980087,28.00
1.799861,torque-chirp,knee_flexion_right_joint,RS04,-8.395797,0.000000,-24.376760,0.0000,0.0000,-8.395797,-15.000000,-9.325706,28.00
1.807847,torque-chirp,knee_flexion_right_joint,RS04,-8.565688,0.000000,-23.830589,0.0000,0.0000,-8.565688,-15.000000,-7.282219,28.00
1.815843,torque-chirp,knee_flexion_right_joint,RS04,-8.745934,0.000000,-23.147757,0.0000,0.0000,-8.745934,-15.000000,-2.034332,28.00
1.823840,torque-chirp,knee_flexion_right_joint,RS04,-8.929630,0.000000,-22.331448,0.0000,0.0000,-8.929630,-15.000000,-2.166176,28.00
1.831838,torque-chirp,knee_flexion_right_joint,RS04,-9.116012,0.000000,-21.385225,0.0000,0.0000,-9.116012,-15.000000,-0.891739,28.00
1.839837,torque-chirp,knee_flexion_right_joint,RS04,-9.302010,0.000000,-20.313068,0.0000,0.0000,-9.302010,-15.000000,-1.572899,28.00
1.847837,torque-chirp,knee_flexion_right_joint,RS04,-9.488392,0.000000,-19.120371,0.0000,0.0000,-9.488392,-15.000000,-0.910049,28.00
1.855840,torque-chirp,knee_flexion_right_joint,RS04,-9.674389,0.000000,-17.812496,0.0000,0.0000,-9.674389,-15.000000,-1.170059,28.00
1.863839,torque-chirp,knee_flexion_right_joint,RS04,-9.860388,0.000000,-16.397318,0.0000,0.0000,-9.860388,-15.000000,-1.283592,28.00
1.871838,torque-chirp,knee_flexion_right_joint,RS04,-10.046002,0.000000,-14.881628,0.0000,0.0000,-10.046002,-15.000000,-0.829483,28.00
1.879839,torque-chirp,knee_flexion_right_joint,RS04,-10.231617,0.000000,-13.273088,0.0000,0.0000,-10.231617,-15.000000,-1.159073,28.00
1.887837,torque-chirp,knee_flexion_right_joint,RS04,-10.416847,0.000000,-11.581635,0.0000,0.0000,-10.416847,-15.000000,-0.844131,28.00
1.895837,torque-chirp,knee_flexion_right_joint,RS04,-10.602078,0.000000,-9.815561,0.0000,0.0000,-10.602078,-15.000000,-1.104141,28.00
1.903837,torque-chirp,knee_flexion_right_joint,RS04,-10.786926,0.000000,-7.985484,0.0000,0.0000,-10.786926,-15.000000,-1.217674,28.00
1.911838,torque-chirp,knee_flexion_right_joint,RS04,-10.971773,0.000000,-6.101473,0.0000,0.0000,-10.971773,-15.000000,-1.056534,28.00
1.919836,torque-chirp,knee_flexion_right_joint,RS04,-11.156621,0.000000,-4.175676,0.0000,0.0000,-11.156621,-15.000000,-0.679329,28.00
1.927837,torque-chirp,knee_flexion_right_joint,RS04,-11.341852,0.000000,-2.218305,0.0000,0.0000,-11.341852,-15.000000,-1.071182,28.00
1.935837,torque-chirp,knee_flexion_right_joint,RS04,-11.525549,0.000000,-0.242020,0.0000,0.0000,-11.525549,-15.000000,-1.063858,28.00
1.943837,torque-chirp,knee_flexion_right_joint,RS04,-11.710780,0.000000,1.741320,0.0000,0.0000,-11.710780,-15.000000,-1.635155,28.00
1.951836,torque-chirp,knee_flexion_right_joint,RS04,-11.897161,0.000000,3.719306,0.0000,0.0000,-11.897161,-15.000000,-0.935684,28.00
1.959837,torque-chirp,knee_flexion_right_joint,RS04,-12.080475,0.000000,5.679819,0.0000,0.0000,-12.080475,-15.000000,-0.441292,28.00
1.967838,torque-chirp,knee_flexion_right_joint,RS04,-12.262638,0.000000,7.610121,0.0000,0.0000,-12.262638,-15.000000,0.895401,28.00
1.975838,torque-chirp,knee_flexion_right_joint,RS04,-12.441350,0.000000,9.497348,0.0000,0.0000,-12.441350,-15.000000,1.642487,28.00
1.983839,torque-chirp,knee_flexion_right_joint,RS04,12.511529,0.000000,11.329535,0.0000,0.0000,12.511529,-15.000000,3.521179,28.00
1.991838,torque-chirp,knee_flexion_right_joint,RS04,12.346242,0.000000,13.093787,0.0000,0.0000,12.346242,-15.000000,3.396667,28.00
2.000031,torque-chirp,knee_flexion_right_joint,RS04,12.190539,0.000000,14.818598,0.0000,0.0000,12.190539,-15.000000,5.172813,28.00
2.007890,torque-chirp,knee_flexion_right_joint,RS04,12.047877,0.000000,16.383001,0.0000,0.0000,12.047877,-15.000000,6.007774,28.00
2.015871,torque-chirp,knee_flexion_right_joint,RS04,11.919404,0.000000,17.870859,0.0000,0.0000,11.919404,-15.000000,7.117424,28.00
2.023853,torque-chirp,knee_flexion_right_joint,RS04,11.807805,0.000000,19.246504,0.0000,0.0000,11.807805,-13.358435,7.637444,28.00
2.031844,torque-chirp,knee_flexion_right_joint,RS04,11.712697,0.000000,20.500996,0.0000,0.0000,11.712697,-11.135500,8.164795,28.00
2.039843,torque-chirp,knee_flexion_right_joint,RS04,11.635232,0.000000,21.624731,0.0000,0.0000,11.635232,-8.848478,8.479736,28.00
2.047837,torque-chirp,knee_flexion_right_joint,RS04,11.576554,0.000000,22.607185,0.0000,0.0000,11.576554,-6.502861,9.142593,28.00
2.055837,torque-chirp,knee_flexion_right_joint,RS04,11.537438,0.000000,23.441807,0.0000,0.0000,11.537438,-4.027238,9.563736,28.00
2.063839,torque-chirp,knee_flexion_right_joint,RS04,11.518645,0.000000,24.121237,0.0000,0.0000,11.518645,-1.530098,10.010529,28.00
2.071838,torque-chirp,knee_flexion_right_joint,RS04,11.519412,0.000000,24.639196,0.0000,0.0000,11.519412,1.002747,10.871140,28.00
2.079839,torque-chirp,knee_flexion_right_joint,RS04,11.539355,0.000000,24.991156,0.0000,0.0000,11.539355,3.399176,10.618439,28.00
2.087838,torque-chirp,knee_flexion_right_joint,RS04,11.579240,0.000000,25.173222,0.0000,0.0000,11.579240,5.862898,11.288620,28.00
2.095838,torque-chirp,knee_flexion_right_joint,RS04,11.638682,0.000000,25.182878,0.0000,0.0000,11.638682,8.302359,11.786682,28.00
2.103840,torque-chirp,knee_flexion_right_joint,RS04,11.718833,0.000000,25.018566,0.0000,0.0000,11.718833,10.954222,12.273743,28.00
2.111841,torque-chirp,knee_flexion_right_joint,RS04,11.818927,0.000000,24.680101,0.0000,0.0000,11.818927,13.459145,12.339661,28.00
2.119843,torque-chirp,knee_flexion_right_joint,RS04,11.939731,0.000000,24.168306,0.0000,0.0000,11.939731,15.000000,11.709763,28.00
2.127843,torque-chirp,knee_flexion_right_joint,RS04,12.080092,0.000000,23.485670,0.0000,0.0000,12.080092,15.000000,14.456390,28.00
2.135841,torque-chirp,knee_flexion_right_joint,RS04,12.240396,0.000000,22.635820,0.0000,0.0000,12.240396,15.000000,8.040283,28.00
2.143842,torque-chirp,knee_flexion_right_joint,RS04,12.416038,0.000000,21.622929,0.0000,0.0000,12.416038,15.000000,2.968185,28.00
2.151840,torque-chirp,knee_flexion_right_joint,RS04,-12.526871,0.000000,20.453552,0.0000,0.0000,-12.526871,15.000000,2.074615,28.00
2.159840,torque-chirp,knee_flexion_right_joint,RS04,-12.341256,0.000000,19.134369,0.0000,0.0000,-12.341256,15.000000,1.580231,28.00
2.167839,torque-chirp,knee_flexion_right_joint,RS04,-12.153724,0.000000,17.674175,0.0000,0.0000,-12.153724,15.000000,1.481354,28.00
2.175837,torque-chirp,knee_flexion_right_joint,RS04,-11.965808,0.000000,16.082310,0.0000,0.0000,-11.965808,15.000000,1.126114,28.00
2.183836,torque-chirp,knee_flexion_right_joint,RS04,-11.777893,0.000000,14.369209,0.0000,0.0000,-11.777893,15.000000,0.628067,28.00
2.191839,torque-chirp,knee_flexion_right_joint,RS04,-11.589977,0.000000,12.545581,0.0000,0.0000,-11.589977,15.000000,1.649811,28.00
2.199838,torque-chirp,knee_flexion_right_joint,RS04,-11.402445,0.000000,10.626009,0.0000,0.0000,-11.402445,15.000000,0.741592,28.00
2.207838,torque-chirp,knee_flexion_right_joint,RS04,-11.214913,0.000000,8.622662,0.0000,0.0000,-11.214913,15.000000,0.558487,28.00
2.215838,torque-chirp,knee_flexion_right_joint,RS04,-11.027764,0.000000,6.549924,0.0000,0.0000,-11.027764,15.000000,0.675674,28.00
2.223838,torque-chirp,knee_flexion_right_joint,RS04,-10.840616,0.000000,4.423267,0.0000,0.0000,-10.840616,15.000000,1.364151,28.00
2.231837,torque-chirp,knee_flexion_right_joint,RS04,-10.653852,0.000000,2.258057,0.0000,0.0000,-10.653852,15.000000,0.701309,28.00
2.239837,torque-chirp,knee_flexion_right_joint,RS04,-10.467086,0.000000,0.070134,0.0000,0.0000,-10.467086,15.000000,1.305557,28.00
2.247837,torque-chirp,knee_flexion_right_joint,RS04,-10.280704,0.000000,-2.124042,0.0000,0.0000,-10.280704,15.000000,0.496231,28.00
2.255836,torque-chirp,knee_flexion_right_joint,RS04,-10.094323,0.000000,-4.307274,0.0000,0.0000,-10.094323,15.000000,1.133438,28.00
2.263837,torque-chirp,knee_flexion_right_joint,RS04,-9.908325,0.000000,-6.463355,0.0000,0.0000,-9.908325,15.000000,0.624405,28.00
2.271838,torque-chirp,knee_flexion_right_joint,RS04,-9.724628,0.000000,-8.575367,0.0000,0.0000,-9.724628,15.000000,-0.822159,28.00
2.279836,torque-chirp,knee_flexion_right_joint,RS04,-9.545533,0.000000,-10.625386,0.0000,0.0000,-9.545533,15.000000,-2.199135,28.00
2.287835,torque-chirp,knee_flexion_right_joint,RS04,-9.371807,0.000000,-12.598077,0.0000,0.0000,-9.371807,15.000000,-3.707947,28.00
2.295837,torque-chirp,knee_flexion_right_joint,RS04,-9.207668,0.000000,-14.478058,0.0000,0.0000,-9.207668,15.000000,-4.868843,28.00
2.303837,torque-chirp,knee_flexion_right_joint,RS04,-9.055036,0.000000,-16.248463,0.0000,0.0000,-9.055036,15.000000,-6.117645,28.00
2.311836,torque-chirp,knee_flexion_right_joint,RS04,-8.917742,0.000000,-17.895010,0.0000,0.0000,-8.917742,15.000000,-6.923325,28.00
2.319840,torque-chirp,knee_flexion_right_joint,RS04,-8.795021,0.000000,-19.404352,0.0000,0.0000,-8.795021,14.558708,-7.509270,28.00
2.327836,torque-chirp,knee_flexion_right_joint,RS04,-8.688408,0.000000,-20.761410,0.0000,0.0000,-8.688408,12.433737,-8.201416,28.00
2.335837,torque-chirp,knee_flexion_right_joint,RS04,-8.601354,0.000000,-21.956356,0.0000,0.0000,-8.601354,10.154957,-8.878922,28.00
2.343837,torque-chirp,knee_flexion_right_joint,RS04,-8.533857,0.000000,-22.977224,0.0000,0.0000,-8.533857,7.661478,-9.468529,28.00
2.351836,torque-chirp,knee_flexion_right_joint,RS04,-8.485153,0.000000,-23.814510,0.0000,0.0000,-8.485153,5.157930,-9.398949,28.00
2.359838,torque-chirp,knee_flexion_right_joint,RS04,-8.457924,0.000000,-24.460524,0.0000,0.0000,-8.457924,2.518425,-9.710236,28.00
2.367836,torque-chirp,knee_flexion_right_joint,RS04,-8.451405,0.000000,-24.907974,0.0000,0.0000,-8.451405,-0.178760,-10.395058,28.00
2.375838,torque-chirp,knee_flexion_right_joint,RS04,-8.465978,0.000000,-25.152094,0.0000,0.0000,-8.465978,-2.723506,-11.284958,28.00
2.383837,torque-chirp,knee_flexion_right_joint,RS04,-8.500109,0.000000,-25.189219,0.0000,0.0000,-8.500109,-5.195010,-11.457077,28.00
2.391837,torque-chirp,knee_flexion_right_joint,RS04,-8.554951,0.000000,-25.017590,0.0000,0.0000,-8.554951,-7.780957,-11.515678,28.00
2.399837,torque-chirp,knee_flexion_right_joint,RS04,-8.630116,0.000000,-24.637102,0.0000,0.0000,-8.630116,-10.297321,-11.775688,28.00
2.407836,torque-chirp,knee_flexion_right_joint,RS04,-8.725608,0.000000,-24.049414,0.0000,0.0000,-8.725608,-12.804990,-11.815971,28.00
2.415838,torque-chirp,knee_flexion_right_joint,RS04,-8.841042,0.000000,-23.257832,0.0000,0.0000,-8.841042,-15.000000,-12.519112,28.00
2.423838,torque-chirp,knee_flexion_right_joint,RS04,-8.976801,0.000000,-22.267784,0.0000,0.0000,-8.976801,-15.000000,-14.405128,28.00
2.431838,torque-chirp,knee_flexion_right_joint,RS04,-9.132503,0.000000,-21.086372,0.0000,0.0000,-9.132503,-15.000000,-8.681168,28.00
2.439837,torque-chirp,knee_flexion_right_joint,RS04,-9.303927,0.000000,-19.722101,0.0000,0.0000,-9.303927,-15.000000,-3.488213,28.00
2.447837,torque-chirp,knee_flexion_right_joint,RS04,-9.484173,0.000000,-18.185612,0.0000,0.0000,-9.484173,-15.000000,-2.125893,28.00
2.455837,torque-chirp,knee_flexion_right_joint,RS04,-9.667870,0.000000,-16.488436,0.0000,0.0000,-9.667870,-15.000000,-2.653244,28.00
2.463837,torque-chirp,knee_flexion_right_joint,RS04,-9.853484,0.000000,-14.644607,0.0000,0.0000,-9.853484,-15.000000,-1.290916,28.00
2.471838,torque-chirp,knee_flexion_right_joint,RS04,-10.039482,0.000000,-12.668679,0.0000,0.0000,-10.039482,-15.000000,-1.100479,28.00
2.479837,torque-chirp,knee_flexion_right_joint,RS04,-10.225481,0.000000,-10.577971,0.0000,0.0000,-10.225481,-15.000000,-1.016251,28.00
2.487838,torque-chirp,knee_flexion_right_joint,RS04,-10.411478,0.000000,-8.388968,0.0000,0.0000,-10.411478,-15.000000,-0.994278,28.00
2.495911,torque-chirp,knee_flexion_right_joint,RS04,-10.595942,0.000000,-6.100128,0.0000,0.0000,-10.595942,-15.000000,-1.188377,28.00
2.503839,torque-chirp,knee_flexion_right_joint,RS04,-10.782707,0.000000,-3.793013,0.0000,0.0000,-10.782707,-15.000000,-0.902725,28.00
2.511837,torque-chirp,knee_flexion_right_joint,RS04,-10.966788,0.000000,-1.426963,0.0000,0.0000,-10.966788,-15.000000,-0.943008,28.00
2.519841,torque-chirp,knee_flexion_right_joint,RS04,-11.153170,0.000000,0.959343,0.0000,0.0000,-11.153170,-15.000000,-0.774551,28.00
2.527840,torque-chirp,knee_flexion_right_joint,RS04,-11.338401,0.000000,3.341095,0.0000,0.0000,-11.338401,-15.000000,-1.214012,28.00
2.535838,torque-chirp,knee_flexion_right_joint,RS04,-11.522098,0.000000,5.697886,0.0000,0.0000,-11.522098,-15.000000,-0.422981,28.00
2.543838,torque-chirp,knee_flexion_right_joint,RS04,-11.706945,0.000000,8.008967,0.0000,0.0000,-11.706945,-15.000000,-0.228882,28.00
2.551837,torque-chirp,knee_flexion_right_joint,RS04,-11.885656,0.000000,10.252125,0.0000,0.0000,-11.885656,-15.000000,1.675446,28.00
2.559837,torque-chirp,knee_flexion_right_joint,RS04,-12.060534,0.000000,12.406930,0.0000,0.0000,-12.060534,-15.000000,4.704048,28.00
2.567837,torque-chirp,knee_flexion_right_joint,RS04,-12.226973,0.000000,14.452500,0.0000,0.0000,-12.226973,-15.000000,4.129089,28.00
2.579843,torque-chirp,knee_flexion_right_joint,RS04,-12.455923,0.000000,17.274685,0.0000,0.0000,-12.455923,-15.000000,5.729454,28.00
2.587841,torque-chirp,knee_flexion_right_joint,RS04,12.534541,0.000000,18.962727,0.0000,0.0000,12.534541,-15.000000,6.839088,28.00
2.595840,torque-chirp,knee_flexion_right_joint,RS04,12.415654,0.000000,20.477598,0.0000,0.0000,12.415654,-14.096819,8.223389,28.00
2.603838,torque-chirp,knee_flexion_right_joint,RS04,12.314794,0.000000,21.803696,0.0000,0.0000,12.314794,-11.740673,9.036392,28.00
2.611837,torque-chirp,knee_flexion_right_joint,RS04,12.233493,0.000000,22.927114,0.0000,0.0000,12.233493,-9.316777,9.102310,28.00
2.619837,torque-chirp,knee_flexion_right_joint,RS04,12.172132,0.000000,23.835909,0.0000,0.0000,12.172132,-6.831083,9.384293,28.00
2.627836,torque-chirp,knee_flexion_right_joint,RS04,12.131099,0.000000,24.519785,0.0000,0.0000,12.131099,-4.214466,10.153351,28.00
2.635878,torque-chirp,knee_flexion_right_joint,RS04,12.111156,0.000000,24.972498,0.0000,0.0000,12.111156,-1.620737,10.559845,28.00
2.643864,torque-chirp,knee_flexion_right_joint,RS04,12.113072,0.000000,25.183193,0.0000,0.0000,12.113072,1.099335,10.468292,28.00
2.651855,torque-chirp,knee_flexion_right_joint,RS04,12.134549,0.000000,25.152061,0.0000,0.0000,12.134549,3.541542,11.632858,28.00
2.659850,torque-chirp,knee_flexion_right_joint,RS04,12.176734,0.000000,24.877346,0.0000,0.0000,12.176734,6.162739,11.625534,28.00
2.667843,torque-chirp,knee_flexion_right_joint,RS04,12.239245,0.000000,24.360212,0.0000,0.0000,12.239245,8.710688,11.427780,28.00
2.675843,torque-chirp,knee_flexion_right_joint,RS04,12.321315,0.000000,23.603365,0.0000,0.0000,12.321315,11.184938,11.863586,28.00
2.683838,torque-chirp,knee_flexion_right_joint,RS04,12.423326,0.000000,22.613482,0.0000,0.0000,12.423326,13.620737,12.134583,28.00
2.691837,torque-chirp,knee_flexion_right_joint,RS04,12.544896,0.000000,21.397902,0.0000,0.0000,12.544896,15.000000,12.094299,28.00
2.699839,torque-chirp,knee_flexion_right_joint,RS04,-12.440582,0.000000,19.967060,0.0000,0.0000,-12.440582,15.000000,14.818954,28.00
2.707839,torque-chirp,knee_flexion_right_joint,RS04,-12.282197,0.000000,18.334518,0.0000,0.0000,-12.282197,15.000000,8.358887,28.00
2.715847,torque-chirp,knee_flexion_right_joint,RS04,-12.106553,0.000000,16.513115,0.0000,0.0000,-12.106553,15.000000,2.902267,28.00
2.723839,torque-chirp,knee_flexion_right_joint,RS04,-11.924774,0.000000,14.525462,0.0000,0.0000,-11.924774,15.000000,3.264816,28.00
2.731839,torque-chirp,knee_flexion_right_joint,RS04,-11.740310,0.000000,12.385056,0.0000,0.0000,-11.740310,15.000000,1.375137,28.00
2.739840,torque-chirp,knee_flexion_right_joint,RS04,-11.553545,0.000000,10.114173,0.0000,0.0000,-11.553545,15.000000,1.550934,28.00
2.747840,torque-chirp,knee_flexion_right_joint,RS04,-11.365629,0.000000,7.735618,0.0000,0.0000,-11.365629,15.000000,0.617081,28.00
2.755841,torque-chirp,knee_flexion_right_joint,RS04,-11.178097,0.000000,5.272501,0.0000,0.0000,-11.178097,15.000000,1.144424,28.00
2.763839,torque-chirp,knee_flexion_right_joint,RS04,-10.990949,0.000000,2.750868,0.0000,0.0000,-10.990949,15.000000,0.862442,28.00
2.771840,torque-chirp,knee_flexion_right_joint,RS04,-10.803416,0.000000,0.194340,0.0000,0.0000,-10.803416,15.000000,1.422760,28.00
2.779840,torque-chirp,knee_flexion_right_joint,RS04,-10.616268,0.000000,-2.369363,0.0000,0.0000,-10.616268,15.000000,0.401001,28.00
2.787846,torque-chirp,knee_flexion_right_joint,RS04,-10.429503,0.000000,-4.915616,0.0000,0.0000,-10.429503,15.000000,0.866104,28.00
2.795841,torque-chirp,knee_flexion_right_joint,RS04,-10.243505,0.000000,-7.412998,0.0000,0.0000,-10.243505,15.000000,0.708633,28.00
2.804084,torque-chirp,knee_flexion_right_joint,RS04,-10.053672,0.000000,-9.911646,0.0000,0.0000,-10.053672,15.000000,-2.254066,28.00
2.811867,torque-chirp,knee_flexion_right_joint,RS04,-9.879179,0.000000,-12.174456,0.0000,0.0000,-9.879179,15.000000,-2.880295,28.00
2.819852,torque-chirp,knee_flexion_right_joint,RS04,-9.708521,0.000000,-14.374146,0.0000,0.0000,-9.708521,15.000000,-3.880066,28.00
2.827849,torque-chirp,knee_flexion_right_joint,RS04,-9.547068,0.000000,-16.429317,0.0000,0.0000,-9.547068,15.000000,-5.114212,28.00
2.835844,torque-chirp,knee_flexion_right_joint,RS04,-9.398269,0.000000,-18.312918,0.0000,0.0000,-9.398269,15.000000,-7.088120,28.00
2.843841,torque-chirp,knee_flexion_right_joint,RS04,-9.265961,0.000000,-20.005131,0.0000,0.0000,-9.265961,15.000000,-8.567635,28.00
2.851841,torque-chirp,knee_flexion_right_joint,RS04,-9.151678,0.000000,-21.486092,0.0000,0.0000,-9.151678,13.493019,-8.490730,28.00
2.859840,torque-chirp,knee_flexion_right_joint,RS04,-9.056186,0.000000,-22.737822,0.0000,0.0000,-9.056186,11.070496,-9.153587,28.00
2.867840,torque-chirp,knee_flexion_right_joint,RS04,-8.981020,0.000000,-23.745356,0.0000,0.0000,-8.981020,8.539024,-9.669952,28.00
2.875838,torque-chirp,knee_flexion_right_joint,RS04,-8.926562,0.000000,-24.495987,0.0000,0.0000,-8.926562,5.886244,-10.061798,28.00
2.883837,torque-chirp,knee_flexion_right_joint,RS04,-8.893581,0.000000,-24.980150,0.0000,0.0000,-8.893581,3.242619,-10.849167,28.00
2.891841,torque-chirp,knee_flexion_right_joint,RS04,-8.882076,0.000000,-25.190697,0.0000,0.0000,-8.882076,0.408560,-10.178993,28.00
2.899840,torque-chirp,knee_flexion_right_joint,RS04,-8.892815,0.000000,-25.123371,0.0000,0.0000,-8.892815,-2.225452,-10.680710,28.00
2.907838,torque-chirp,knee_flexion_right_joint,RS04,-8.923878,0.000000,-24.777399,0.0000,0.0000,-8.923878,-4.750057,-11.435104,28.00
2.915837,torque-chirp,knee_flexion_right_joint,RS04,-8.975267,0.000000,-24.154888,0.0000,0.0000,-8.975267,-7.315404,-12.021057,28.00
2.923838,torque-chirp,knee_flexion_right_joint,RS04,-9.046215,0.000000,-23.260693,0.0000,0.0000,-9.046215,-9.819867,-11.339890,28.00
2.931837,torque-chirp,knee_flexion_right_joint,RS04,-9.138255,0.000000,-22.103687,0.0000,0.0000,-9.138255,-12.267567,-11.958801,28.00
2.939838,torque-chirp,knee_flexion_right_joint,RS04,-9.247936,0.000000,-20.694721,0.0000,0.0000,-9.247936,-14.635157,-11.482712,28.00
2.947838,torque-chirp,knee_flexion_right_joint,RS04,-9.377176,0.000000,-19.048689,0.0000,0.0000,-9.377176,-15.000000,-11.024948,28.00
2.955837,torque-chirp,knee_flexion_right_joint,RS04,-9.523674,0.000000,-17.182806,0.0000,0.0000,-9.523674,-15.000000,-11.413132,28.00
2.963837,torque-chirp,knee_flexion_right_joint,RS04,-9.687812,0.000000,-15.116720,0.0000,0.0000,-9.687812,-15.000000,-6.461891,28.00
2.971836,torque-chirp,knee_flexion_right_joint,RS04,-9.863839,0.000000,-12.873314,0.0000,0.0000,-9.863839,-15.000000,-3.250175,28.00
2.979838,torque-chirp,knee_flexion_right_joint,RS04,-10.045618,0.000000,-10.476336,0.0000,0.0000,-10.045618,-15.000000,-2.587326,28.00
2.987838,torque-chirp,knee_flexion_right_joint,RS04,-10.229699,0.000000,-7.953693,0.0000,0.0000,-10.229699,-15.000000,-1.397118,28.00
2.995911,torque-chirp,knee_flexion_right_joint,RS04,-10.415314,0.000000,-5.309547,0.0000,0.0000,-10.415314,-15.000000,-1.173729,28.00
3.003847,torque-chirp,knee_flexion_right_joint,RS04,-10.601312,0.000000,-2.643167,0.0000,0.0000,-10.601312,-15.000000,-0.884415,28.00
3.011839,torque-chirp,knee_flexion_right_joint,RS04,-10.786926,0.000000,0.078027,0.0000,0.0000,-10.786926,-15.000000,-1.100479,28.00
3.019839,torque-chirp,knee_flexion_right_joint,RS04,-10.972541,0.000000,2.806430,0.0000,0.0000,-10.972541,-15.000000,-1.148087,28.00
3.027897,torque-chirp,knee_flexion_right_joint,RS04,-11.159306,0.000000,5.526965,0.0000,0.0000,-11.159306,-15.000000,-0.818497,28.00
3.035869,torque-chirp,knee_flexion_right_joint,RS04,-11.343770,0.000000,8.158578,0.0000,0.0000,-11.343770,-15.000000,-0.060425,28.00
3.043850,torque-chirp,knee_flexion_right_joint,RS04,-11.524015,0.000000,10.701860,0.0000,0.0000,-11.524015,-15.000000,2.279694,28.00
3.051844,torque-chirp,knee_flexion_right_joint,RS04,-11.700425,0.000000,13.127106,0.0000,0.0000,-11.700425,-15.000000,3.726257,28.00
3.059844,torque-chirp,knee_flexion_right_joint,RS04,-11.868783,0.000000,15.401450,0.0000,0.0000,-11.868783,-15.000000,4.813911,28.00
3.067842,torque-chirp,knee_flexion_right_joint,RS04,-12.025635,0.000000,17.494362,0.0000,0.0000,-12.025635,-15.000000,6.157936,28.00
3.075844,torque-chirp,knee_flexion_right_joint,RS04,-12.167530,0.000000,19.381271,0.0000,0.0000,-12.167530,-15.000000,7.531242,28.00
3.083839,torque-chirp,knee_flexion_right_joint,RS04,-12.292551,0.000000,21.035154,0.0000,0.0000,-12.292551,-14.810025,7.945061,28.00
3.091840,torque-chirp,knee_flexion_right_joint,RS04,-12.399164,0.000000,22.437187,0.0000,0.0000,-12.399164,-12.471733,8.743408,28.00
3.099843,torque-chirp,knee_flexion_right_joint,RS04,-12.485836,0.000000,23.567837,0.0000,0.0000,-12.485836,-9.879377,9.849396,28.00
3.107847,torque-chirp,knee_flexion_right_joint,RS04,-12.551414,0.000000,24.411039,0.0000,0.0000,-12.551414,-7.240330,10.332794,28.00
3.115844,torque-chirp,knee_flexion_right_joint,RS04,12.529555,0.000000,24.954281,0.0000,0.0000,12.529555,-4.598535,10.299835,28.00
3.123841,torque-chirp,knee_flexion_right_joint,RS04,12.506928,0.000000,25.189817,0.0000,0.0000,12.506928,-1.901808,10.761261,28.00
3.131842,torque-chirp,knee_flexion_right_joint,RS04,12.506545,0.000000,25.112839,0.0000,0.0000,12.506545,0.928588,10.094757,28.00
3.139842,torque-chirp,knee_flexion_right_joint,RS04,12.526872,0.000000,24.722286,0.0000,0.0000,12.526872,3.415197,11.614548,28.00
3.147840,torque-chirp,knee_flexion_right_joint,RS04,-12.558317,0.000000,24.021509,0.0000,0.0000,-12.558317,5.910048,11.643845,28.00
3.155841,torque-chirp,knee_flexion_right_joint,RS04,-12.497341,0.000000,23.016857,0.0000,0.0000,-12.497341,8.402611,11.581589,28.00
3.163841,torque-chirp,knee_flexion_right_joint,RS04,-12.417956,0.000000,21.719643,0.0000,0.0000,-12.417956,10.842070,11.497360,28.00
3.171839,torque-chirp,knee_flexion_right_joint,RS04,-12.319013,0.000000,20.145029,0.0000,0.0000,-12.319013,13.193638,11.087204,28.00
3.179839,torque-chirp,knee_flexion_right_joint,RS04,-12.201661,0.000000,18.310581,0.0000,0.0000,-12.201661,15.000000,11.281296,28.00
3.187841,torque-chirp,knee_flexion_right_joint,RS04,-12.067820,0.000000,16.237938,0.0000,0.0000,-12.067820,15.000000,10.981003,28.00
3.195840,torque-chirp,knee_flexion_right_joint,RS04,-11.917871,0.000000,13.953811,0.0000,0.0000,-11.917871,15.000000,9.640640,28.00
3.203876,torque-chirp,knee_flexion_right_joint,RS04,-11.752198,0.000000,11.473784,0.0000,0.0000,-11.752198,15.000000,5.670860,28.00
3.211866,torque-chirp,knee_flexion_right_joint,RS04,-11.575788,0.000000,8.854962,0.0000,0.0000,-11.575788,15.000000,3.103683,28.00
3.219865,torque-chirp,knee_flexion_right_joint,RS04,-11.394009,0.000000,6.113138,0.0000,0.0000,-11.394009,15.000000,2.184479,28.00
3.227865,torque-chirp,knee_flexion_right_joint,RS04,-11.208394,0.000000,3.286059,0.0000,0.0000,-11.208394,15.000000,0.990616,28.00
3.235860,torque-chirp,knee_flexion_right_joint,RS04,-11.021628,0.000000,0.412187,0.0000,0.0000,-11.021628,15.000000,0.778214,28.00
3.243850,torque-chirp,knee_flexion_right_joint,RS04,-10.834864,0.000000,-2.470950,0.0000,0.0000,-10.834864,15.000000,1.642487,28.00
3.251854,torque-chirp,knee_flexion_right_joint,RS04,-10.647716,0.000000,-5.331647,0.0000,0.0000,-10.647716,15.000000,0.419312,28.00
3.259840,torque-chirp,knee_flexion_right_joint,RS04,-10.460950,0.000000,-8.121399,0.0000,0.0000,-10.460950,15.000000,0.368042,28.00
3.267838,torque-chirp,knee_flexion_right_joint,RS04,-10.276870,0.000000,-10.812553,0.0000,0.0000,-10.276870,15.000000,-0.375374,28.00
3.275841,torque-chirp,knee_flexion_right_joint,RS04,-10.097775,0.000000,-13.366371,0.0000,0.0000,-10.097775,15.000000,-3.795837,28.00
3.283841,torque-chirp,knee_flexion_right_joint,RS04,-9.926733,0.000000,-15.745522,0.0000,0.0000,-9.926733,15.000000,-4.689400,28.00
3.291845,torque-chirp,knee_flexion_right_joint,RS04,-9.767580,0.000000,-17.918335,0.0000,0.0000,-9.767580,15.000000,-6.476540,28.00
3.299839,torque-chirp,knee_flexion_right_joint,RS04,-9.623384,0.000000,-19.851429,0.0000,0.0000,-9.623384,15.000000,-8.249031,28.00
3.307853,torque-chirp,knee_flexion_right_joint,RS04,-9.496828,0.000000,-21.523409,0.0000,0.0000,-9.496828,15.000000,-8.523689,28.00
3.315843,torque-chirp,knee_flexion_right_joint,RS04,-9.388681,0.000000,-22.901451,0.0000,0.0000,-9.388681,12.648432,-9.431908,28.00
3.323839,torque-chirp,knee_flexion_right_joint,RS04,-9.301626,0.000000,-23.971214,0.0000,0.0000,-9.301626,9.991989,-10.241249,28.00
3.331844,torque-chirp,knee_flexion_right_joint,RS04,-9.235664,0.000000,-24.715715,0.0000,0.0000,-9.235664,7.313114,-10.457314,28.00
3.339845,torque-chirp,knee_flexion_right_joint,RS04,-9.191177,0.000000,-25.121431,0.0000,0.0000,-9.191177,4.572443,-10.922409,28.00
3.347836,torque-chirp,knee_flexion_right_joint,RS04,-9.169319,0.000000,-25.181372,0.0000,0.0000,-9.169319,1.721905,-10.863815,28.00
3.355838,torque-chirp,knee_flexion_right_joint,RS04,-9.168551,0.000000,-24.892887,0.0000,0.0000,-9.168551,-0.846646,-11.112839,28.00
3.363847,torque-chirp,knee_flexion_right_joint,RS04,-9.188110,0.000000,-24.256971,0.0000,0.0000,-9.188110,-3.396887,-10.966354,28.00
3.371838,torque-chirp,knee_flexion_right_joint,RS04,-9.228378,0.000000,-23.283257,0.0000,0.0000,-9.228378,-5.938888,-11.482712,28.00
3.379842,torque-chirp,knee_flexion_right_joint,RS04,-9.288204,0.000000,-21.980093,0.0000,0.0000,-9.288204,-8.308766,-11.164108,28.00
3.387843,torque-chirp,knee_flexion_right_joint,RS04,-9.367589,0.000000,-20.365948,0.0000,0.0000,-9.367589,-10.718472,-11.017624,28.00
3.395840,torque-chirp,knee_flexion_right_joint,RS04,-9.464615,0.000000,-18.462414,0.0000,0.0000,-9.464615,-12.882811,-11.164108,28.00
3.403838,torque-chirp,knee_flexion_right_joint,RS04,-9.579281,0.000000,-16.293642,0.0000,0.0000,-9.579281,-15.000000,-10.618454,28.00
3.411847,torque-chirp,knee_flexion_right_joint,RS04,-9.710055,0.000000,-13.886190,0.0000,0.0000,-9.710055,-15.000000,-9.333031,28.00
3.419848,torque-chirp,knee_flexion_right_joint,RS04,-9.854635,0.000000,-11.278140,0.0000,0.0000,-9.854635,-15.000000,-8.714127,28.00
3.427837,torque-chirp,knee_flexion_right_joint,RS04,-10.011870,0.000000,-8.508213,0.0000,0.0000,-10.011870,-15.000000,-7.410393,28.00
3.435845,torque-chirp,knee_flexion_right_joint,RS04,-10.179844,0.000000,-5.604263,0.0000,0.0000,-10.179844,-15.000000,-4.414734,28.00
3.443837,torque-chirp,knee_flexion_right_joint,RS04,-10.356255,0.000000,-2.620110,0.0000,0.0000,-10.356255,-15.000000,-4.044861,28.00
3.451839,torque-chirp,knee_flexion_right_joint,RS04,-10.537650,0.000000,0.411165,0.0000,0.0000,-10.537650,-15.000000,-1.378807,28.00
3.459838,torque-chirp,knee_flexion_right_joint,RS04,-10.720964,0.000000,3.441289,0.0000,0.0000,-10.720964,-15.000000,-1.986725,28.00
3.467838,torque-chirp,knee_flexion_right_joint,RS04,-10.905045,0.000000,6.426569,0.0000,0.0000,-10.905045,-15.000000,-0.968643,28.00
3.475850,torque-chirp,knee_flexion_right_joint,RS04,-11.088358,0.000000,9.327610,0.0000,0.0000,-11.088358,-15.000000,-0.243538,28.00
3.483841,torque-chirp,knee_flexion_right_joint,RS04,-11.268220,0.000000,12.089821,0.0000,0.0000,-11.268220,-15.000000,2.576340,28.00
3.491990,torque-chirp,knee_flexion_right_joint,RS04,-11.441946,0.000000,14.727869,0.0000,0.0000,-11.441946,-15.000000,4.352486,28.00
3.499842,torque-chirp,knee_flexion_right_joint,RS04,-11.606468,0.000000,17.061352,0.0000,0.0000,-11.606468,-15.000000,5.103218,28.00
3.507839,torque-chirp,knee_flexion_right_joint,RS04,-11.758334,0.000000,19.190681,0.0000,0.0000,-11.758334,-15.000000,6.762184,28.00
3.515894,torque-chirp,knee_flexion_right_joint,RS04,-11.893710,0.000000,21.050528,0.0000,0.0000,-11.893710,-15.000000,8.655518,28.00
3.523867,torque-chirp,knee_flexion_right_joint,RS04,-12.009911,0.000000,22.580172,0.0000,0.0000,-12.009911,-13.628061,9.252457,28.00
3.531860,torque-chirp,knee_flexion_right_joint,RS04,-12.106170,0.000000,23.778645,0.0000,0.0000,-12.106170,-11.105745,9.853058,28.00
3.539852,torque-chirp,knee_flexion_right_joint,RS04,-12.180952,0.000000,24.621393,0.0000,0.0000,-12.180952,-8.366446,10.354767,28.00
3.547844,torque-chirp,knee_flexion_right_joint,RS04,-12.234259,0.000000,25.094063,0.0000,0.0000,-12.234259,-5.711833,10.135040,28.00
3.555844,torque-chirp,knee_flexion_right_joint,RS04,-12.265323,0.000000,25.187416,0.0000,0.0000,-12.265323,-2.880522,10.266876,28.00
3.563840,torque-chirp,knee_flexion_right_joint,RS04,-12.274527,0.000000,24.897547,0.0000,0.0000,-12.274527,-0.204852,11.094528,28.00
3.571841,torque-chirp,knee_flexion_right_joint,RS04,-12.263021,0.000000,24.226416,0.0000,0.0000,-12.263021,2.299612,11.032272,28.00
3.579838,torque-chirp,knee_flexion_right_joint,RS04,-12.231191,0.000000,23.182947,0.0000,0.0000,-12.231191,4.783016,11.673141,28.00
3.587850,torque-chirp,knee_flexion_right_joint,RS04,-12.179419,0.000000,21.778170,0.0000,0.0000,-12.179419,7.353857,11.398483,28.00
3.595869,torque-chirp,knee_flexion_right_joint,RS04,-12.108471,0.000000,20.031668,0.0000,0.0000,-12.108471,9.752117,11.013962,28.00
3.603847,torque-chirp,knee_flexion_right_joint,RS04,-12.020266,0.000000,17.981340,0.0000,0.0000,-12.020266,11.914627,10.281525,28.00
3.611840,torque-chirp,knee_flexion_right_joint,RS04,-11.914803,0.000000,15.644464,0.0000,0.0000,-11.914803,13.913254,9.864044,28.00
3.619850,torque-chirp,knee_flexion_right_joint,RS04,-11.794000,0.000000,13.053762,0.0000,0.0000,-11.794000,15.000000,8.699463,28.00
3.627859,torque-chirp,knee_flexion_right_joint,RS04,-11.659775,0.000000,10.254039,0.0000,0.0000,-11.659775,15.000000,8.058594,28.00
3.635849,torque-chirp,knee_flexion_right_joint,RS04,-11.513660,0.000000,7.295074,0.0000,0.0000,-11.513660,15.000000,8.373535,28.00
3.643857,torque-chirp,knee_flexion_right_joint,RS04,-11.356425,0.000000,4.208512,0.0000,0.0000,-11.356425,15.000000,5.729454,28.00
3.651842,torque-chirp,knee_flexion_right_joint,RS04,-11.194588,0.000000,1.059363,0.0000,0.0000,-11.194588,15.000000,5.044624,28.00
3.659842,torque-chirp,knee_flexion_right_joint,RS04,-11.027381,0.000000,-2.117913,0.0000,0.0000,-11.027381,15.000000,2.601974,28.00
3.667840,torque-chirp,knee_flexion_right_joint,RS04,-10.857874,0.000000,-5.266300,0.0000,0.0000,-10.857874,15.000000,1.517975,28.00
3.675842,torque-chirp,knee_flexion_right_joint,RS04,-10.689517,0.000000,-8.337842,0.0000,0.0000,-10.689517,15.000000,-0.247200,28.00
3.683844,torque-chirp,knee_flexion_right_joint,RS04,-10.523077,0.000000,-11.280465,0.0000,0.0000,-10.523077,15.000000,-1.312889,28.00
3.691839,torque-chirp,knee_flexion_right_joint,RS04,-10.361624,0.000000,-14.043753,0.0000,0.0000,-10.361624,15.000000,-3.041428,28.00
3.699846,torque-chirp,knee_flexion_right_joint,RS04,-10.207840,0.000000,-16.589014,0.0000,0.0000,-10.207840,15.000000,-3.770203,28.00
3.707840,torque-chirp,knee_flexion_right_joint,RS04,-10.065560,0.000000,-18.865198,0.0000,0.0000,-10.065560,15.000000,-7.274895,28.00
3.715838,torque-chirp,knee_flexion_right_joint,RS04,-9.939005,0.000000,-20.839636,0.0000,0.0000,-9.939005,15.000000,-8.084229,28.00
3.723841,torque-chirp,knee_flexion_right_joint,RS04,-9.830858,0.000000,-22.477940,0.0000,0.0000,-9.830858,12.687799,-9.281761,28.00
3.731844,torque-chirp,knee_flexion_right_joint,RS04,-9.742270,0.000000,-23.750448,0.0000,0.0000,-9.742270,10.165943,-9.560081,28.00
3.739850,torque-chirp,knee_flexion_right_joint,RS04,-9.674773,0.000000,-24.634029,0.0000,0.0000,-9.674773,7.550240,-10.226601,28.00
3.747846,torque-chirp,knee_flexion_right_joint,RS04,-9.628753,0.000000,-25.111664,0.0000,0.0000,-9.628753,4.837948,-10.702682,28.00
3.755923,torque-chirp,knee_flexion_right_joint,RS04,-9.604976,0.000000,-25.172956,0.0000,0.0000,-9.604976,1.989243,-10.285194,28.00
3.763858,torque-chirp,knee_flexion_right_joint,RS04,-9.602674,0.000000,-24.817888,0.0000,0.0000,-9.602674,-0.657129,-11.724419,28.00
3.771844,torque-chirp,knee_flexion_right_joint,RS04,-9.621467,0.000000,-24.048752,0.0000,0.0000,-9.621467,-3.240330,-11.182419,28.00
3.779890,torque-chirp,knee_flexion_right_joint,RS04,-9.660200,0.000000,-22.866831,0.0000,0.0000,-9.660200,-5.735180,-11.347214,28.00
3.787868,torque-chirp,knee_flexion_right_joint,RS04,-9.718876,0.000000,-21.309254,0.0000,0.0000,-9.718876,-8.129320,-10.819870,28.00
3.795854,torque-chirp,knee_flexion_right_joint,RS04,-9.796343,0.000000,-19.389950,0.0000,0.0000,-9.796343,-10.472649,-10.984665,28.00
3.803847,torque-chirp,knee_flexion_right_joint,RS04,-9.891834,0.000000,-17.138643,0.0000,0.0000,-9.891834,-12.701991,-10.135048,28.00
3.811845,torque-chirp,knee_flexion_right_joint,RS04,-10.003817,0.000000,-14.591398,0.0000,0.0000,-10.003817,-14.729458,-9.626007,28.00
3.819843,torque-chirp,knee_flexion_right_joint,RS04,-10.130372,0.000000,-11.791557,0.0000,0.0000,-10.130372,-15.000000,-8.435799,28.00
3.827844,torque-chirp,knee_flexion_right_joint,RS04,-10.269966,0.000000,-8.784767,0.0000,0.0000,-10.269966,-15.000000,-8.410164,28.00
3.835840,torque-chirp,knee_flexion_right_joint,RS04,-10.420683,0.000000,-5.623834,0.0000,0.0000,-10.420683,-15.000000,-5.872284,28.00
3.843843,torque-chirp,knee_flexion_right_joint,RS04,-10.579836,0.000000,-2.358656,0.0000,0.0000,-10.579836,-15.000000,-4.828560,28.00
3.851842,torque-chirp,knee_flexion_right_joint,RS04,-10.744357,0.000000,0.951371,0.0000,0.0000,-10.744357,-15.000000,-3.425957,28.00
3.859842,torque-chirp,knee_flexion_right_joint,RS04,-10.911180,0.000000,4.250845,0.0000,0.0000,-10.911180,-15.000000,-1.774323,28.00
3.867840,torque-chirp,knee_flexion_right_joint,RS04,-11.078771,0.000000,7.480974,0.0000,0.0000,-11.078771,-15.000000,-1.012589,28.00
3.875844,torque-chirp,knee_flexion_right_joint,RS04,-11.244443,0.000000,10.588967,0.0000,0.0000,-11.244443,-15.000000,1.279922,28.00
3.883841,torque-chirp,knee_flexion_right_joint,RS04,-11.406281,0.000000,13.513879,0.0000,0.0000,-11.406281,-15.000000,1.701080,28.00
3.891843,torque-chirp,knee_flexion_right_joint,RS04,-11.561214,0.000000,16.208187,0.0000,0.0000,-11.561214,-15.000000,3.762878,28.00
3.899840,torque-chirp,knee_flexion_right_joint,RS04,-11.706178,0.000000,18.620342,0.0000,0.0000,-11.706178,-15.000000,5.766075,28.00
3.907843,torque-chirp,knee_flexion_right_joint,RS04,-11.836185,0.000000,20.709175,0.0000,0.0000,-11.836185,-15.000000,8.329590,28.00
3.915842,torque-chirp,knee_flexion_right_joint,RS04,-11.947783,0.000000,22.433195,0.0000,0.0000,-11.947783,-13.075074,9.153580,28.00
3.923841,torque-chirp,knee_flexion_right_joint,RS04,-12.039824,0.000000,23.761620,0.0000,0.0000,-12.039824,-10.615015,9.611343,28.00
3.931839,torque-chirp,knee_flexion_right_joint,RS04,-12.110772,0.000000,24.668135,0.0000,0.0000,-12.110772,-7.937514,10.230255,28.00
3.939842,torque-chirp,knee_flexion_right_joint,RS04,-12.160243,0.000000,25.135038,0.0000,0.0000,-12.160243,-5.249943,10.490265,28.00
3.947842,torque-chirp,knee_flexion_right_joint,RS04,-12.187856,0.000000,25.151043,0.0000,0.0000,-12.187856,-2.479514,10.490265,28.00
3.955842,torque-chirp,knee_flexion_right_joint,RS04,-12.192841,0.000000,24.713924,0.0000,0.0000,-12.192841,0.307394,10.406036,28.00
3.963839,torque-chirp,knee_flexion_right_joint,RS04,-12.176351,0.000000,23.829729,0.0000,0.0000,-12.176351,2.897459,11.706100,28.00
3.971844,torque-chirp,knee_flexion_right_joint,RS04,-12.139917,0.000000,22.510828,0.0000,0.0000,-12.139917,5.417486,11.336227,28.00
3.979841,torque-chirp,knee_flexion_right_joint,RS04,-12.084311,0.000000,20.781519,0.0000,0.0000,-12.084311,7.796522,11.065231,28.00
3.987944,torque-chirp,knee_flexion_right_joint,RS04,-12.009527,0.000000,18.639803,0.0000,0.0000,-12.009527,10.135271,11.123825,28.00
3.995849,torque-chirp,knee_flexion_right_joint,RS04,-11.917871,0.000000,16.209188,0.0000,0.0000,-11.917871,12.193867,9.831070,28.00
4.003846,torque-chirp,knee_flexion_right_joint,RS04,-11.810107,0.000000,13.450825,0.0000,0.0000,-11.810107,14.112839,9.241470,28.00
4.011845,torque-chirp,knee_flexion_right_joint,RS04,-11.688921,0.000000,10.439367,0.0000,0.0000,-11.688921,15.000000,8.164795,28.00
4.019845,torque-chirp,knee_flexion_right_joint,RS04,-11.555079,0.000000,7.229748,0.0000,0.0000,-11.555079,15.000000,7.066154,28.00
4.027880,torque-chirp,knee_flexion_right_joint,RS04,-11.409732,0.000000,3.865618,0.0000,0.0000,-11.409732,15.000000,5.824669,28.00
4.035863,torque-chirp,knee_flexion_right_joint,RS04,-11.261316,0.000000,0.445699,0.0000,0.0000,-11.261316,15.000000,4.429390,29.00
4.043866,torque-chirp,knee_flexion_right_joint,RS04,-11.105999,0.000000,-2.996235,0.0000,0.0000,-11.105999,15.000000,3.517517,29.00
4.051902,torque-chirp,knee_flexion_right_joint,RS04,-10.947996,0.000000,-6.401470,0.0000,0.0000,-10.947996,15.000000,1.137100,28.00
4.059860,torque-chirp,knee_flexion_right_joint,RS04,-10.794212,0.000000,-9.659310,0.0000,0.0000,-10.794212,15.000000,-0.075073,29.00
4.067844,torque-chirp,knee_flexion_right_joint,RS04,-10.641195,0.000000,-12.752131,0.0000,0.0000,-10.641195,15.000000,-0.759903,29.00
4.075838,torque-chirp,knee_flexion_right_joint,RS04,-10.493164,0.000000,-15.612796,0.0000,0.0000,-10.493164,15.000000,-3.078056,29.00
4.083840,torque-chirp,knee_flexion_right_joint,RS04,-10.355104,0.000000,-18.184805,0.0000,0.0000,-10.355104,15.000000,-5.985809,29.00
4.091856,torque-chirp,knee_flexion_right_joint,RS04,-10.230849,0.000000,-20.418062,0.0000,0.0000,-10.230849,14.877317,-6.974594,28.00
4.099840,torque-chirp,knee_flexion_right_joint,RS04,-10.122702,0.000000,-22.256788,0.0000,0.0000,-10.122702,12.751431,-8.439461,29.00
4.107844,torque-chirp,knee_flexion_right_joint,RS04,-10.034114,0.000000,-23.676605,0.0000,0.0000,-10.034114,10.181049,-9.911652,29.00
4.115845,torque-chirp,knee_flexion_right_joint,RS04,-9.966618,0.000000,-24.642883,0.0000,0.0000,-9.966618,7.459602,-10.211952,29.00
4.123851,torque-chirp,knee_flexion_right_joint,RS04,-9.920214,0.000000,-25.135578,0.0000,0.0000,-9.920214,4.899290,-10.347450,29.00
4.131845,torque-chirp,knee_flexion_right_joint,RS04,-9.896437,0.000000,-25.142406,0.0000,0.0000,-9.896437,2.115129,-11.149460,28.00
4.139843,torque-chirp,knee_flexion_right_joint,RS04,-9.893752,0.000000,-24.661716,0.0000,0.0000,-9.893752,-0.647974,-11.002975,28.00
4.147849,torque-chirp,knee_flexion_right_joint,RS04,-9.912160,0.000000,-23.699299,0.0000,0.0000,-9.912160,-3.187686,-11.486382,29.00
4.155850,torque-chirp,knee_flexion_right_joint,RS04,-9.950510,0.000000,-22.272814,0.0000,0.0000,-9.950510,-5.648203,-11.204391,29.00
4.163841,torque-chirp,knee_flexion_right_joint,RS04,-10.008036,0.000000,-20.410110,0.0000,0.0000,-10.008036,-8.070268,-11.002975,29.00
4.171840,torque-chirp,knee_flexion_right_joint,RS04,-10.083969,0.000000,-18.142155,0.0000,0.0000,-10.083969,-10.293659,-10.113075,29.00
4.179841,torque-chirp,knee_flexion_right_joint,RS04,-10.177159,0.000000,-15.512004,0.0000,0.0000,-10.177159,-12.389791,-9.904327,29.00
4.187840,torque-chirp,knee_flexion_right_joint,RS04,-10.285690,0.000000,-12.572104,0.0000,0.0000,-10.285690,-14.267109,-9.384300,29.00
4.195837,torque-chirp,knee_flexion_right_joint,RS04,-10.408794,0.000000,-9.378486,0.0000,0.0000,-10.408794,-15.000000,-7.879150,28.00
4.203846,torque-chirp,knee_flexion_right_joint,RS04,-10.542636,0.000000,-5.988682,0.0000,0.0000,-10.542636,-15.000000,-6.883041,29.00
4.211840,torque-chirp,knee_flexion_right_joint,RS04,-10.685298,0.000000,-2.480496,0.0000,0.0000,-10.685298,-15.000000,-5.106888,29.00
4.219840,torque-chirp,knee_flexion_right_joint,RS04,-10.834097,0.000000,1.085427,0.0000,0.0000,-10.834097,-15.000000,-3.810486,29.00
4.227838,torque-chirp,knee_flexion_right_joint,RS04,-10.986346,0.000000,4.634607,0.0000,0.0000,-10.986346,-15.000000,-2.173500,29.00
4.235838,torque-chirp,knee_flexion_right_joint,RS04,-11.139363,0.000000,8.096386,0.0000,0.0000,-11.139363,-15.000000,-0.210571,29.00
4.243838,torque-chirp,knee_flexion_right_joint,RS04,-11.290462,0.000000,11.400221,0.0000,0.0000,-11.290462,-15.000000,0.331421,29.00
4.251844,torque-chirp,knee_flexion_right_joint,RS04,-11.438110,0.000000,14.479869,0.0000,0.0000,-11.438110,-15.000000,1.968414,29.00
4.259851,torque-chirp,knee_flexion_right_joint,RS04,-11.578089,0.000000,17.269623,0.0000,0.0000,-11.578089,-15.000000,4.429390,29.00
4.267845,torque-chirp,knee_flexion_right_joint,RS04,-11.706945,0.000000,19.707294,0.0000,0.0000,-11.706945,-15.000000,6.494850,29.00
4.275837,torque-chirp,knee_flexion_right_joint,RS04,-11.819695,0.000000,21.745565,0.0000,0.0000,-11.819695,-13.307164,8.977798,29.00
4.283844,torque-chirp,knee_flexion_right_joint,RS04,-11.913652,0.000000,23.343979,0.0000,0.0000,-11.913652,-10.896544,9.329361,29.00
4.291837,torque-chirp,knee_flexion_right_joint,RS04,-11.986901,0.000000,24.461760,0.0000,0.0000,-11.986901,-8.264820,9.871368,29.00
4.299838,torque-chirp,knee_flexion_right_joint,RS04,-12.039440,0.000000,25.077274,0.0000,0.0000,-12.039440,-5.567178,10.248566,29.00
4.307837,torque-chirp,knee_flexion_right_joint,RS04,-12.069737,0.000000,25.174063,0.0000,0.0000,-12.069737,-2.811856,11.178757,29.00
4.315847,torque-chirp,knee_flexion_right_joint,RS04,-12.078558,0.000000,24.747025,0.0000,0.0000,-12.078558,-0.151294,11.900208,29.00
4.323839,torque-chirp,knee_flexion_right_joint,RS04,-12.066286,0.000000,23.804930,0.0000,0.0000,-12.066286,2.346304,12.105286,29.00
4.331839,torque-chirp,knee_flexion_right_joint,RS04,-12.034455,0.000000,22.363062,0.0000,0.0000,-12.034455,4.837032,11.365524,29.00
4.339838,torque-chirp,knee_flexion_right_joint,RS04,-11.982299,0.000000,20.450050,0.0000,0.0000,-11.982299,7.298923,11.251999,29.00
4.347839,torque-chirp,knee_flexion_right_joint,RS04,-11.911735,0.000000,18.103659,0.0000,0.0000,-11.911735,9.593271,10.742950,29.00
4.355844,torque-chirp,knee_flexion_right_joint,RS04,-11.824296,0.000000,15.369762,0.0000,0.0000,-11.824296,11.617990,9.497818,29.00
4.363848,torque-chirp,knee_flexion_right_joint,RS04,-11.722285,0.000000,12.307061,0.0000,0.0000,-11.722285,13.410620,8.512695,29.00
4.371852,torque-chirp,knee_flexion_right_joint,RS04,-11.605317,0.000000,8.977556,0.0000,0.0000,-11.605317,15.000000,8.439453,29.00
4.379841,torque-chirp,knee_flexion_right_joint,RS04,-11.478762,0.000000,5.458973,0.0000,0.0000,-11.478762,15.000000,6.948952,29.00
4.387837,torque-chirp,knee_flexion_right_joint,RS04,-11.343002,0.000000,1.815192,0.0000,0.0000,-11.343002,15.000000,5.095894,29.00
4.395837,torque-chirp,knee_flexion_right_joint,RS04,-11.201490,0.000000,-1.874351,0.0000,0.0000,-11.201490,15.000000,3.696960,29.00
4.403838,torque-chirp,knee_flexion_right_joint,RS04,-11.057678,0.000000,-5.529905,0.0000,0.0000,-11.057678,15.000000,1.173721,29.00
4.411839,torque-chirp,knee_flexion_right_joint,RS04,-10.913865,0.000000,-9.071356,0.0000,0.0000,-10.913865,15.000000,0.932022,29.00
4.419838,torque-chirp,knee_flexion_right_joint,RS04,-10.771586,0.000000,-12.421571,0.0000,0.0000,-10.771586,15.000000,-0.243538,29.00
4.427846,torque-chirp,knee_flexion_right_joint,RS04,-10.634293,0.000000,-15.510695,0.0000,0.0000,-10.634293,15.000000,-2.711838,29.00
4.435838,torque-chirp,knee_flexion_right_joint,RS04,-10.504669,0.000000,-18.261341,0.0000,0.0000,-10.504669,15.000000,-5.260696,29.00
4.443838,torque-chirp,knee_flexion_right_joint,RS04,-10.388852,0.000000,-20.620600,0.0000,0.0000,-10.388852,13.790571,-7.633781,29.00
4.451836,torque-chirp,knee_flexion_right_joint,RS04,-10.289142,0.000000,-22.531893,0.0000,0.0000,-10.289142,11.644999,-8.435799,29.00
4.459849,torque-chirp,knee_flexion_right_joint,RS04,-10.208223,0.000000,-23.954033,0.0000,0.0000,-10.208223,9.281528,-9.424583,29.00
4.467848,torque-chirp,knee_flexion_right_joint,RS04,-10.148396,0.000000,-24.848364,0.0000,0.0000,-10.148396,6.607689,-10.120399,29.00
4.475843,torque-chirp,knee_flexion_right_joint,RS04,-10.110430,0.000000,-25.195654,0.0000,0.0000,-10.110430,3.819868,-10.742966,29.00
4.483972,torque-chirp,knee_flexion_right_joint,RS04,-10.094707,0.000000,-24.978098,0.0000,0.0000,-10.094707,1.034332,-10.830856,29.00
4.491863,torque-chirp,knee_flexion_right_joint,RS04,-10.099692,0.000000,-24.218708,0.0000,0.0000,-10.099692,-1.512245,-11.790337,29.00
4.499849,torque-chirp,knee_flexion_right_joint,RS04,-10.125003,0.000000,-22.914774,0.0000,0.0000,-10.125003,-4.054704,-11.178757,29.00
4.507853,torque-chirp,knee_flexion_right_joint,RS04,-10.170257,0.000000,-21.094563,0.0000,0.0000,-10.170257,-6.508354,-11.497368,29.00
4.515845,torque-chirp,knee_flexion_right_joint,RS04,-10.234301,0.000000,-18.802219,0.0000,0.0000,-10.234301,-8.861296,-10.970016,29.00
4.523840,torque-chirp,knee_flexion_right_joint,RS04,-10.316370,0.000000,-16.083868,0.0000,0.0000,-10.316370,-10.993591,-9.889679,29.00
4.535837,torque-chirp,knee_flexion_right_joint,RS04,-10.467854,0.000000,-11.339047,0.0000,0.0000,-10.467854,-13.755779,-9.270775,29.00
4.543843,torque-chirp,knee_flexion_right_joint,RS04,-10.587889,0.000000,-7.830521,0.0000,0.0000,-10.587889,-15.000000,-8.285652,29.00
4.555838,torque-chirp,knee_flexion_right_joint,RS04,-10.787310,0.000000,-2.257344,0.0000,0.0000,-10.787310,-15.000000,-5.443810,29.00
4.563835,torque-chirp,knee_flexion_right_joint,RS04,-10.929205,0.000000,1.547625,0.0000,0.0000,-10.929205,-15.000000,-4.960403,29.00
4.571842,torque-chirp,knee_flexion_right_joint,RS04,-11.077236,0.000000,5.327170,0.0000,0.0000,-11.077236,-15.000000,-2.323647,29.00
4.583846,torque-chirp,knee_flexion_right_joint,RS04,-11.298133,0.000000,10.747416,0.0000,0.0000,-11.298133,-15.000000,-0.913712,29.00
4.591841,torque-chirp,knee_flexion_right_joint,RS04,-11.441946,0.000000,14.072368,0.0000,0.0000,-11.441946,-15.000000,0.646378,29.00
4.599838,torque-chirp,knee_flexion_right_joint,RS04,-11.581540,0.000000,17.077686,0.0000,0.0000,-11.581540,-15.000000,3.620056,29.00
4.607850,torque-chirp,knee_flexion_right_joint,RS04,-11.712315,0.000000,19.696846,0.0000,0.0000,-11.712315,-15.000000,5.960167,29.00
4.615843,torque-chirp,knee_flexion_right_joint,RS04,-11.826597,0.000000,21.855917,0.0000,0.0000,-11.826597,-13.531471,8.325928,29.00
4.627848,torque-chirp,knee_flexion_right_joint,RS04,-11.963508,0.000000,24.136288,0.0000,0.0000,-11.963508,-9.912794,8.655518,29.00
4.635850,torque-chirp,knee_flexion_right_joint,RS04,-12.029853,0.000000,24.959213,0.0000,0.0000,-12.029853,-7.441291,9.475845,29.00
4.647839,torque-chirp,knee_flexion_right_joint,RS04,-12.088529,0.000000,25.094336,0.0000,0.0000,-12.088529,-3.243992,10.424347,29.00
4.655835,torque-chirp,knee_flexion_right_joint,RS04,-12.099650,0.000000,24.445728,0.0000,0.0000,-12.099650,-0.445183,10.651398,29.00
4.663844,torque-chirp,knee_flexion_right_joint,RS04,-12.089295,0.000000,23.216576,0.0000,0.0000,-12.089295,2.217670,11.317917,29.00
4.671844,torque-chirp,knee_flexion_right_joint,RS04,-12.058999,0.000000,21.436283,0.0000,0.0000,-12.058999,4.641109,11.295944,29.00
4.683836,torque-chirp,knee_flexion_right_joint,RS04,-11.977313,0.000000,17.824181,0.0000,0.0000,-11.977313,8.219959,11.153122,29.00
4.695837,torque-chirp,knee_flexion_right_joint,RS04,-11.855743,0.000000,13.246388,0.0000,0.0000,-11.855743,11.410620,10.025177,29.00
4.703840,torque-chirp,knee_flexion_right_joint,RS04,-11.754499,0.000000,9.774875,0.0000,0.0000,-11.754499,13.214237,8.153809,29.00
4.711843,torque-chirp,knee_flexion_right_joint,RS04,-11.640983,0.000000,6.063448,0.0000,0.0000,-11.640983,14.707943,7.447014,29.00
4.723890,torque-chirp,knee_flexion_right_joint,RS04,-11.453835,0.000000,0.220549,0.0000,0.0000,-11.453835,15.000000,4.473335,29.00
4.731857,torque-chirp,knee_flexion_right_joint,RS04,-11.321527,0.000000,-3.677525,0.0000,0.0000,-11.321527,15.000000,3.308777,29.00
4.739860,torque-chirp,knee_flexion_right_joint,RS04,-11.186534,0.000000,-7.509029,0.0000,0.0000,-11.186534,15.000000,1.089493,29.00
4.747855,torque-chirp,knee_flexion_right_joint,RS04,-11.052692,0.000000,-11.159184,0.0000,0.0000,-11.052692,15.000000,-0.364388,29.00
4.755839,torque-chirp,knee_flexion_right_joint,RS04,-10.921919,0.000000,-14.538031,0.0000,0.0000,-10.921919,15.000000,-1.730377,29.00
4.763845,torque-chirp,knee_flexion_right_joint,RS04,-10.796130,0.000000,-17.574865,0.0000,0.0000,-10.796130,15.000000,-4.213318,29.00
4.771840,torque-chirp,knee_flexion_right_joint,RS04,-10.682998,0.000000,-20.180218,0.0000,0.0000,-10.682998,13.669262,-6.520485,29.00
4.779842,torque-chirp,knee_flexion_right_joint,RS04,-10.584054,0.000000,-22.294378,0.0000,0.0000,-10.584054,11.556192,-8.021973,29.00
4.787841,torque-chirp,knee_flexion_right_joint,RS04,-10.504669,0.000000,-23.859806,0.0000,0.0000,-10.504669,9.189516,-9.285423,29.00
4.795842,torque-chirp,knee_flexion_right_joint,RS04,-10.445227,0.000000,-24.836906,0.0000,0.0000,-10.445227,6.460289,-9.732208,29.00
4.803840,torque-chirp,knee_flexion_right_joint,RS04,-10.407643,0.000000,-25.198132,0.0000,0.0000,-10.407643,3.711834,-10.321815,29.00
4.811842,torque-chirp,knee_flexion_right_joint,RS04,-10.391920,0.000000,-24.932234,0.0000,0.0000,-10.391920,1.083313,-11.006638,29.00
4.819839,torque-chirp,knee_flexion_right_joint,RS04,-10.397289,0.000000,-24.043461,0.0000,0.0000,-10.397289,-1.564431,-12.288391,29.00
4.827841,torque-chirp,knee_flexion_right_joint,RS04,-10.422600,0.000000,-22.550629,0.0000,0.0000,-10.422600,-4.109179,-11.021286,29.00
4.835839,torque-chirp,knee_flexion_right_joint,RS04,-10.467854,0.000000,-20.490137,0.0000,0.0000,-10.467854,-6.572442,-11.306931,29.00
4.843841,torque-chirp,knee_flexion_right_joint,RS04,-10.531898,0.000000,-17.909779,0.0000,0.0000,-10.531898,-8.830625,-10.922409,29.00
4.851838,torque-chirp,knee_flexion_right_joint,RS04,-10.613584,0.000000,-14.874649,0.0000,0.0000,-10.613584,-10.936370,-9.479515,29.00
4.859842,torque-chirp,knee_flexion_right_joint,RS04,-10.710226,0.000000,-11.456105,0.0000,0.0000,-10.710226,-12.810941,-8.300301,29.00
4.871837,torque-chirp,knee_flexion_right_joint,RS04,-10.879350,0.000000,-5.807899,0.0000,0.0000,-10.879350,-14.945525,-7.534904,29.00
4.879834,torque-chirp,knee_flexion_right_joint,RS04,-11.005905,0.000000,-1.829956,0.0000,0.0000,-11.005905,-15.000000,-6.710915,29.00
4.887843,torque-chirp,knee_flexion_right_joint,RS04,-11.139363,0.000000,2.205581,0.0000,0.0000,-11.139363,-15.000000,-3.294121,29.00
4.895841,torque-chirp,knee_flexion_right_joint,RS04,-11.275890,0.000000,6.185205,0.0000,0.0000,-11.275890,-15.000000,-1.770660,29.00
4.903837,torque-chirp,knee_flexion_right_joint,RS04,-11.412033,0.000000,10.010031,0.0000,0.0000,-11.412033,-15.000000,-0.078735,29.00
4.911843,torque-chirp,knee_flexion_right_joint,RS04,-11.545875,0.000000,13.586421,0.0000,0.0000,-11.545875,-15.000000,1.166397,29.00
4.919839,torque-chirp,knee_flexion_right_joint,RS04,-11.675115,0.000000,16.812271,0.0000,0.0000,-11.675115,-15.000000,3.081711,29.00
4.927837,torque-chirp,knee_flexion_right_joint,RS04,-11.794000,0.000000,19.607527,0.0000,0.0000,-11.794000,-14.413138,5.802696,29.00
4.935842,torque-chirp,knee_flexion_right_joint,RS04,-11.899463,0.000000,21.898792,0.0000,0.0000,-11.899463,-12.337605,7.871819,29.00
4.943841,torque-chirp,knee_flexion_right_joint,RS04,-11.986517,0.000000,23.620373,0.0000,0.0000,-11.986517,-10.066148,9.193863,29.00
4.951836,torque-chirp,knee_flexion_right_joint,RS04,-12.053246,0.000000,24.726700,0.0000,0.0000,-12.053246,-7.487984,9.907990,29.00
4.959841,torque-chirp,knee_flexion_right_joint,RS04,-12.098116,0.000000,25.187201,0.0000,0.0000,-12.098116,-4.747768,10.420685,29.00
4.967841,torque-chirp,knee_flexion_right_joint,RS04,-12.121510,0.000000,24.985756,0.0000,0.0000,-12.121510,-1.924697,10.266876,29.00
4.975838,torque-chirp,knee_flexion_right_joint,RS04,-12.121893,0.000000,24.125992,0.0000,0.0000,-12.121893,0.893340,11.087204,29.00
4.983842,torque-chirp,knee_flexion_right_joint,RS04,-12.101567,0.000000,22.626213,0.0000,0.0000,-12.101567,3.401007,11.116501,29.00
4.991841,torque-chirp,knee_flexion_right_joint,RS04,-12.061684,0.000000,20.525593,0.0000,0.0000,-12.061684,5.789196,10.808884,29.00
4.999836,torque-chirp,knee_flexion_right_joint,RS04,-12.003008,0.000000,17.878620,0.0000,0.0000,-12.003008,8.143511,10.647736,29.00
5.007947,torque-chirp,knee_flexion_right_joint,RS04,-11.927458,0.000000,14.703621,0.0000,0.0000,-11.927458,10.187916,9.226822,29.00
5.015850,torque-chirp,knee_flexion_right_joint,RS04,-11.836185,0.000000,11.216718,0.0000,0.0000,-11.836185,12.046923,8.761719,29.00
5.023838,torque-chirp,knee_flexion_right_joint,RS04,-11.732256,0.000000,7.390373,0.0000,0.0000,-11.732256,13.447243,7.340813,29.00
5.031843,torque-chirp,knee_flexion_right_joint,RS04,-11.617972,0.000000,3.351587,0.0000,0.0000,-11.617972,14.721676,6.139626,29.00
5.039841,torque-chirp,knee_flexion_right_joint,RS04,-11.496403,0.000000,-0.778952,0.0000,0.0000,-11.496403,15.000000,3.788513,29.00
5.047838,torque-chirp,knee_flexion_right_joint,RS04,-11.370615,0.000000,-4.893507,0.0000,0.0000,-11.370615,15.000000,2.228424,29.00
5.055843,torque-chirp,knee_flexion_right_joint,RS04,-11.244443,0.000000,-8.885006,0.0000,0.0000,-11.244443,15.000000,1.148087,29.00
5.063842,torque-chirp,knee_flexion_right_joint,RS04,-11.119421,0.000000,-12.637786,0.0000,0.0000,-11.119421,15.000000,-0.518196,29.00
5.071890,torque-chirp,knee_flexion_right_joint,RS04,-10.997468,0.000000,-16.070894,0.0000,0.0000,-10.997468,14.949646,-2.689865,29.00
5.079898,torque-chirp,knee_flexion_right_joint,RS04,-10.883952,0.000000,-19.051052,0.0000,0.0000,-10.883952,13.731518,-4.868843,29.00
5.087866,torque-chirp,knee_flexion_right_joint,RS04,-10.783475,0.000000,-21.502125,0.0000,0.0000,-10.783475,11.789198,-7.447014,29.00
5.095850,torque-chirp,knee_flexion_right_joint,RS04,-10.701406,0.000000,-23.373940,0.0000,0.0000,-10.701406,9.542915,-9.073013,29.00
5.103851,torque-chirp,knee_flexion_right_joint,RS04,-10.637744,0.000000,-24.609682,0.0000,0.0000,-10.637744,7.050812,-9.867706,29.00
5.111849,torque-chirp,knee_flexion_right_joint,RS04,-10.595176,0.000000,-25.167767,0.0000,0.0000,-10.595176,4.289999,-10.274208,29.00
5.119851,torque-chirp,knee_flexion_right_joint,RS04,-10.575233,0.000000,-25.030546,0.0000,0.0000,-10.575233,1.497139,-9.907990,29.00
5.127845,torque-chirp,knee_flexion_right_joint,RS04,-10.577151,0.000000,-24.199774,0.0000,0.0000,-10.577151,-1.169833,-10.618454,29.00
5.135845,torque-chirp,knee_flexion_right_joint,RS04,-10.600545,0.000000,-22.694664,0.0000,0.0000,-10.600545,-3.767223,-11.446091,29.00
5.143839,torque-chirp,knee_flexion_right_joint,RS04,-10.643113,0.000000,-20.556591,0.0000,0.0000,-10.643113,-6.224536,-11.215378,29.00
5.151840,torque-chirp,knee_flexion_right_joint,RS04,-10.704857,0.000000,-17.839260,0.0000,0.0000,-10.704857,-8.483635,-10.790573,29.00
5.159838,torque-chirp,knee_flexion_right_joint,RS04,-10.783475,0.000000,-14.619546,0.0000,0.0000,-10.783475,-10.564202,-9.442894,29.00
5.167839,torque-chirp,knee_flexion_right_joint,RS04,-10.877432,0.000000,-10.983415,0.0000,0.0000,-10.877432,-12.410849,-8.959488,29.00
5.175840,torque-chirp,knee_flexion_right_joint,RS04,-10.985196,0.000000,-7.033144,0.0000,0.0000,-10.985196,-13.898146,-7.150375,29.00
5.183881,torque-chirp,knee_flexion_right_joint,RS04,-11.103698,0.000000,-2.857687,0.0000,0.0000,-11.103698,-15.000000,-5.498741,29.00
5.191873,torque-chirp,knee_flexion_right_joint,RS04,-11.227952,0.000000,1.378562,0.0000,0.0000,-11.227952,-15.000000,-4.286560,29.00
5.199865,torque-chirp,knee_flexion_right_joint,RS04,-11.356425,0.000000,5.581820,0.0000,0.0000,-11.356425,-15.000000,-2.140541,29.00
5.207849,torque-chirp,knee_flexion_right_joint,RS04,-11.484898,0.000000,9.627368,0.0000,0.0000,-11.484898,-15.000000,-0.071411,29.00
5.215842,torque-chirp,knee_flexion_right_joint,RS04,-11.611070,0.000000,13.408777,0.0000,0.0000,-11.611070,-15.000000,0.873428,29.00
5.223840,torque-chirp,knee_flexion_right_joint,RS04,-11.733790,0.000000,16.814182,0.0000,0.0000,-11.733790,-15.000000,2.250397,29.00
5.231841,torque-chirp,knee_flexion_right_joint,RS04,-11.847690,0.000000,19.742174,0.0000,0.0000,-11.847690,-13.704967,6.190895,29.00
5.239838,torque-chirp,knee_flexion_right_joint,RS04,-11.947400,0.000000,22.105160,0.0000,0.0000,-11.947400,-11.722820,7.853508,29.00
5.247839,torque-chirp,knee_flexion_right_joint,RS04,-12.028703,0.000000,23.834635,0.0000,0.0000,-12.028703,-9.335546,8.981461,29.00
5.255837,torque-chirp,knee_flexion_right_joint,RS04,-12.090830,0.000000,24.876455,0.0000,0.0000,-12.090830,-6.803617,9.735855,29.00
5.263839,torque-chirp,knee_flexion_right_joint,RS04,-12.130713,0.000000,25.198694,0.0000,0.0000,-12.130713,-3.991531,10.504913,29.00
5.271836,torque-chirp,knee_flexion_right_joint,RS04,-12.148355,0.000000,24.788895,0.0000,0.0000,-12.148355,-1.298924,10.563507,29.00
5.279847,torque-chirp,knee_flexion_right_joint,RS04,-12.144903,0.000000,23.654030,0.0000,0.0000,-12.144903,1.265049,12.178528,29.00
5.287846,torque-chirp,knee_flexion_right_joint,RS04,-12.121510,0.000000,21.827801,0.0000,0.0000,-12.121510,3.788738,11.497360,29.00
5.295844,torque-chirp,knee_flexion_right_joint,RS04,-12.078558,0.000000,19.360012,0.0000,0.0000,-12.078558,6.183338,11.109177,29.00
5.303841,torque-chirp,knee_flexion_right_joint,RS04,-12.017198,0.000000,16.321478,0.0000,0.0000,-12.017198,8.414055,10.406036,29.00
5.311841,torque-chirp,knee_flexion_right_joint,RS04,-11.939346,0.000000,12.797341,0.0000,0.0000,-11.939346,10.438772,9.457535,29.00
5.319845,torque-chirp,knee_flexion_right_joint,RS04,-11.847690,0.000000,8.888567,0.0000,0.0000,-11.847690,12.049669,8.080566,29.00
5.327835,torque-chirp,knee_flexion_right_joint,RS04,-11.744528,0.000000,4.718985,0.0000,0.0000,-11.744528,13.387274,6.813454,29.00
5.335839,torque-chirp,knee_flexion_right_joint,RS04,-11.632545,0.000000,0.396709,0.0000,0.0000,-11.632545,14.263905,5.187462,29.00
5.343838,torque-chirp,knee_flexion_right_joint,RS04,-11.516345,0.000000,-3.940018,0.0000,0.0000,-11.516345,14.825132,3.154953,29.00
5.351837,torque-chirp,knee_flexion_right_joint,RS04,-11.397460,0.000000,-8.164750,0.0000,0.0000,-11.397460,14.864958,0.759903,29.00
5.359844,torque-chirp,knee_flexion_right_joint,RS04,-11.278957,0.000000,-12.154435,0.0000,0.0000,-11.278957,14.680475,0.265503,29.00
5.367840,torque-chirp,knee_flexion_right_joint,RS04,-11.164291,0.000000,-15.779651,0.0000,0.0000,-11.164291,14.188372,-2.041656,29.00
5.375838,torque-chirp,knee_flexion_right_joint,RS04,-11.056527,0.000000,-18.936113,0.0000,0.0000,-11.056527,13.008698,-5.213089,29.00
5.383839,torque-chirp,knee_flexion_right_joint,RS04,-10.961419,0.000000,-21.527084,0.0000,0.0000,-10.961419,11.279240,-7.278557,29.00
5.391840,torque-chirp,knee_flexion_right_joint,RS04,-10.882801,0.000000,-23.471195,0.0000,0.0000,-10.882801,9.086061,-8.538338,29.00
5.399839,torque-chirp,knee_flexion_right_joint,RS04,-10.823359,0.000000,-24.706255,0.0000,0.0000,-10.823359,6.545891,-9.710236,29.00
5.407837,torque-chirp,knee_flexion_right_joint,RS04,-10.785392,0.000000,-25.192865,0.0000,0.0000,-10.785392,3.799725,-10.417030,29.00
5.415838,torque-chirp,knee_flexion_right_joint,RS04,-10.769285,0.000000,-24.913391,0.0000,0.0000,-10.769285,0.940948,-9.951935,29.00
5.423839,torque-chirp,knee_flexion_right_joint,RS04,-10.775038,0.000000,-23.873133,0.0000,0.0000,-10.775038,-1.615244,-11.083542,29.00
5.431838,torque-chirp,knee_flexion_right_joint,RS04,-10.801499,0.000000,-22.101509,0.0000,0.0000,-10.801499,-4.184253,-11.753716,29.00
5.439835,torque-chirp,knee_flexion_right_joint,RS04,-10.847519,0.000000,-19.650545,0.0000,0.0000,-10.847519,-6.635614,-10.885788,29.00
5.447844,torque-chirp,knee_flexion_right_joint,RS04,-10.911947,0.000000,-16.588068,0.0000,0.0000,-10.911947,-8.847563,-10.102089,29.00
5.455840,torque-chirp,knee_flexion_right_joint,RS04,-10.993250,0.000000,-13.015121,0.0000,0.0000,-10.993250,-10.884642,-9.571068,29.00
5.463839,torque-chirp,knee_flexion_right_joint,RS04,-11.089125,0.000000,-9.034626,0.0000,0.0000,-11.089125,-12.597620,-7.743652,29.00
5.471841,torque-chirp,knee_flexion_right_joint,RS04,-11.196121,0.000000,-4.767104,0.0000,0.0000,-11.196121,-13.896772,-6.601051,29.00
5.479839,torque-chirp,knee_flexion_right_joint,RS04,-11.312323,0.000000,-0.349002,0.0000,0.0000,-11.312323,-14.792630,-4.553902,29.00
5.487840,torque-chirp,knee_flexion_right_joint,RS04,-11.433509,0.000000,4.087150,0.0000,0.0000,-11.433509,-15.000000,-3.034103,29.00
5.495985,torque-chirp,knee_flexion_right_joint,RS04,-11.556613,0.000000,8.476738,0.0000,0.0000,-11.556613,-15.000000,-1.137100,29.00
5.503844,torque-chirp,knee_flexion_right_joint,RS04,-11.678949,0.000000,12.458635,0.0000,0.0000,-11.678949,-15.000000,0.404663,29.00
5.511843,torque-chirp,knee_flexion_right_joint,RS04,-11.797451,0.000000,16.128357,0.0000,0.0000,-11.797451,-14.655298,1.591217,29.00
5.519884,torque-chirp,knee_flexion_right_joint,RS04,-11.909433,0.000000,19.310472,0.0000,0.0000,-11.909433,-13.427558,5.253380,29.00
5.527844,torque-chirp,knee_flexion_right_joint,RS04,-12.007994,0.000000,21.859169,0.0000,0.0000,-12.007994,-11.734722,7.501945,29.00
5.535844,torque-chirp,knee_flexion_right_joint,RS04,-12.089679,0.000000,23.734425,0.0000,0.0000,-12.089679,-9.440375,8.915543,29.00
5.543846,torque-chirp,knee_flexion_right_joint,RS04,-12.151423,0.000000,24.860270,0.0000,0.0000,-12.151423,-6.861753,9.900665,29.00
5.551840,torque-chirp,knee_flexion_right_joint,RS04,-12.191690,0.000000,25.197538,0.0000,0.0000,-12.191690,-4.061112,10.541534,29.00
5.559841,torque-chirp,knee_flexion_right_joint,RS04,-12.209715,0.000000,24.733395,0.0000,0.0000,-12.209715,-1.348822,10.537872,29.00
5.567834,torque-chirp,knee_flexion_right_joint,RS04,-12.206647,0.000000,23.480604,0.0000,0.0000,-12.206647,1.213320,11.900208,29.00
5.575841,torque-chirp,knee_flexion_right_joint,RS04,-12.183637,0.000000,21.472286,0.0000,0.0000,-12.183637,3.812086,11.219040,29.00
5.583846,torque-chirp,knee_flexion_right_joint,RS04,-12.141068,0.000000,18.772148,0.0000,0.0000,-12.141068,6.131609,10.900436,29.00
5.591838,torque-chirp,knee_flexion_right_joint,RS04,-12.080858,0.000000,15.470225,0.0000,0.0000,-12.080858,8.273977,10.468292,29.00
5.599840,torque-chirp,knee_flexion_right_joint,RS04,-12.004158,0.000000,11.661826,0.0000,0.0000,-12.004158,10.220417,9.234146,29.00
5.607837,torque-chirp,knee_flexion_right_joint,RS04,-11.914036,0.000000,7.474021,0.0000,0.0000,-11.914036,11.801100,7.853508,29.00
5.615865,torque-chirp,knee_flexion_right_joint,RS04,-11.812792,0.000000,3.022188,0.0000,0.0000,-11.812792,12.979401,6.044395,29.00
5.623839,torque-chirp,knee_flexion_right_joint,RS04,-11.705794,0.000000,-1.503520,0.0000,0.0000,-11.705794,13.731060,4.378120,29.00
5.631908,torque-chirp,knee_flexion_right_joint,RS04,-11.592278,0.000000,-6.038570,0.0000,0.0000,-11.592278,14.101852,2.162506,29.00
5.639857,torque-chirp,knee_flexion_right_joint,RS04,-11.481446,0.000000,-10.316032,0.0000,0.0000,-11.481446,13.983292,0.646378,29.00
5.647924,torque-chirp,knee_flexion_right_joint,RS04,-11.369081,0.000000,-14.321465,0.0000,0.0000,-11.369081,13.748913,-0.492561,29.00
5.655857,torque-chirp,knee_flexion_right_joint,RS04,-11.264385,0.000000,-17.799662,0.0000,0.0000,-11.264385,12.904325,-3.660339,29.00
5.663852,torque-chirp,knee_flexion_right_joint,RS04,-11.167743,0.000000,-20.726944,0.0000,0.0000,-11.167743,11.409246,-6.454567,29.00
5.671846,torque-chirp,knee_flexion_right_joint,RS04,-11.086824,0.000000,-22.975824,0.0000,0.0000,-11.086824,9.332342,-8.146484,29.00
5.679843,torque-chirp,knee_flexion_right_joint,RS04,-11.024313,0.000000,-24.469685,0.0000,0.0000,-11.024313,6.965666,-9.387962,29.00
5.687840,torque-chirp,knee_flexion_right_joint,RS04,-10.982128,0.000000,-25.155968,0.0000,0.0000,-10.982128,4.401237,-10.230263,29.00
5.695838,torque-chirp,knee_flexion_right_joint,RS04,-10.961802,0.000000,-25.008657,0.0000,0.0000,-10.961802,1.608835,-10.537880,29.00
5.703843,torque-chirp,knee_flexion_right_joint,RS04,-10.962953,0.000000,-24.028414,0.0000,0.0000,-10.962953,-1.011902,-11.457077,29.00
5.711839,torque-chirp,knee_flexion_right_joint,RS04,-10.984429,0.000000,-22.246979,0.0000,0.0000,-10.984429,-3.617075,-11.197067,29.00
5.719840,torque-chirp,knee_flexion_right_joint,RS04,-11.025847,0.000000,-19.718449,0.0000,0.0000,-11.025847,-6.044175,-11.321579,29.00
5.727843,torque-chirp,knee_flexion_right_joint,RS04,-11.085673,0.000000,-16.525406,0.0000,0.0000,-11.085673,-8.257496,-10.248573,29.00
5.735841,torque-chirp,knee_flexion_right_joint,RS04,-11.162374,0.000000,-12.775389,0.0000,0.0000,-11.162374,-10.279926,-9.413597,29.00
5.743838,torque-chirp,knee_flexion_right_joint,RS04,-11.253263,0.000000,-8.591299,0.0000,0.0000,-11.253263,-11.975510,-7.930420,29.00
5.751839,torque-chirp,knee_flexion_right_joint,RS04,-11.356042,0.000000,-4.110158,0.0000,0.0000,-11.356042,-13.314488,-6.725563,29.00
5.759840,torque-chirp,knee_flexion_right_joint,RS04,-11.466490,0.000000,0.515035,0.0000,0.0000,-11.466490,-14.203479,-4.791939,29.00
5.767838,torque-chirp,knee_flexion_right_joint,RS04,-11.582307,0.000000,5.127119,0.0000,0.0000,-11.582307,-14.595331,-2.385902,29.00
5.775839,torque-chirp,knee_flexion_right_joint,RS04,-11.699275,0.000000,9.571136,0.0000,0.0000,-11.699275,-14.653009,-1.433739,29.00
5.783837,torque-chirp,knee_flexion_right_joint,RS04,-11.815860,0.000000,13.693927,0.0000,0.0000,-11.815860,-14.308766,0.957657,29.00
5.791837,torque-chirp,knee_flexion_right_joint,RS04,-11.927074,0.000000,17.353756,0.0000,0.0000,-11.927074,-13.758984,2.345627,29.00
5.799837,torque-chirp,knee_flexion_right_joint,RS04,-12.030236,0.000000,20.424183,0.0000,0.0000,-12.030236,-12.474937,5.388878,29.00
5.807837,torque-chirp,knee_flexion_right_joint,RS04,-12.119208,0.000000,22.797146,0.0000,0.0000,-12.119208,-10.367819,8.010986,29.00
5.815836,torque-chirp,knee_flexion_right_joint,RS04,-12.189389,0.000000,24.388699,0.0000,0.0000,-12.189389,-7.969100,9.168228,29.00
5.823836,torque-chirp,knee_flexion_right_joint,RS04,-12.239244,0.000000,25.141073,0.0000,0.0000,-12.239244,-5.247654,10.080109,29.00
5.831837,torque-chirp,knee_flexion_right_joint,RS04,-12.266856,0.000000,25.025188,0.0000,0.0000,-12.266856,-2.443351,10.186310,29.00
5.839837,torque-chirp,knee_flexion_right_joint,RS04,-12.272609,0.000000,24.042040,0.0000,0.0000,-12.272609,0.185627,11.761047,29.00
5.847837,torque-chirp,knee_flexion_right_joint,RS04,-12.258036,0.000000,22.222622,0.0000,0.0000,-12.258036,2.744106,11.098190,29.00
5.855837,torque-chirp,knee_flexion_right_joint,RS04,-12.223138,0.000000,19.627474,0.0000,0.0000,-12.223138,5.150148,10.977341,29.00
5.863836,torque-chirp,knee_flexion_right_joint,RS04,-12.169831,0.000000,16.344805,0.0000,0.0000,-12.169831,7.445412,10.446320,29.00
5.871836,torque-chirp,knee_flexion_right_joint,RS04,-12.100034,0.000000,12.486554,0.0000,0.0000,-12.100034,9.406500,9.223160,29.00
5.879836,torque-chirp,knee_flexion_right_joint,RS04,-12.016047,0.000000,8.185534,0.0000,0.0000,-12.016047,11.067291,8.153809,29.00
5.887837,torque-chirp,knee_flexion_right_joint,RS04,-11.920555,0.000000,3.591238,0.0000,0.0000,-11.920555,12.365988,5.927208,29.00
5.895836,torque-chirp,knee_flexion_right_joint,RS04,-11.817010,0.000000,-1.133608,0.0000,0.0000,-11.817010,13.188602,4.330513,29.00
5.903836,torque-chirp,knee_flexion_right_joint,RS04,-11.709629,0.000000,-5.824120,0.0000,0.0000,-11.709629,13.607004,2.620285,29.00
5.911836,torque-chirp,knee_flexion_right_joint,RS04,-11.601099,0.000000,-10.314162,0.0000,0.0000,-11.601099,13.508583,0.979630,29.00
5.919837,torque-chirp,knee_flexion_right_joint,RS04,-11.494102,0.000000,-14.444654,0.0000,0.0000,-11.494102,13.214695,-1.016251,29.00
5.927837,torque-chirp,knee_flexion_right_joint,RS04,-11.391707,0.000000,-18.065126,0.0000,0.0000,-11.391707,12.495995,-3.700623,29.00
5.935836,torque-chirp,knee_flexion_right_joint,RS04,-11.298900,0.000000,-21.045773,0.0000,0.0000,-11.298900,10.999542,-6.487526,29.00
5.943837,torque-chirp,knee_flexion_right_joint,RS04,-11.221049,0.000000,-23.278572,0.0000,0.0000,-11.221049,8.918516,-8.219734,29.00
5.951839,torque-chirp,knee_flexion_right_joint,RS04,-11.162374,0.000000,-24.680470,0.0000,0.0000,-11.162374,6.384298,-9.691925,29.00
5.959837,torque-chirp,knee_flexion_right_joint,RS04,-11.124407,0.000000,-25.197651,0.0000,0.0000,-11.124407,3.780041,-10.658737,29.00
5.967838,torque-chirp,knee_flexion_right_joint,RS04,-11.108684,0.000000,-24.809055,0.0000,0.0000,-11.108684,0.862210,-10.237587,29.00
5.975837,torque-chirp,knee_flexion_right_joint,RS04,-11.115203,0.000000,-23.525858,0.0000,0.0000,-11.115203,-1.732891,-10.471962,29.00
5.983836,torque-chirp,knee_flexion_right_joint,RS04,-11.142048,0.000000,-21.390823,0.0000,0.0000,-11.142048,-4.217213,-11.325241,29.00
5.992082,torque-chirp,knee_flexion_right_joint,RS04,-11.188835,0.000000,-18.377928,0.0000,0.0000,-11.188835,-6.673152,-10.742966,29.00
5.999849,torque-chirp,knee_flexion_right_joint,RS04,-11.252880,0.000000,-14.885303,0.0000,0.0000,-11.252880,-8.746853,-9.926300,29.00
6.007841,torque-chirp,knee_flexion_right_joint,RS04,-11.333032,0.000000,-10.756276,0.0000,0.0000,-11.333032,-10.633326,-8.875259,29.00
6.015843,torque-chirp,knee_flexion_right_joint,RS04,-11.426606,0.000000,-6.225012,0.0000,0.0000,-11.426606,-12.145342,-7.377434,29.00
6.023841,torque-chirp,knee_flexion_right_joint,RS04,-11.530151,0.000000,-1.463557,0.0000,0.0000,-11.530151,-13.292058,-5.722130,29.00
6.031839,torque-chirp,knee_flexion_right_joint,RS04,-11.639832,0.000000,3.357693,0.0000,0.0000,-11.639832,-13.938888,-3.469902,29.00
6.039841,torque-chirp,knee_flexion_right_joint,RS04,-11.752582,0.000000,8.062606,0.0000,0.0000,-11.752582,-14.157244,-1.437401,29.00
6.047841,torque-chirp,knee_flexion_right_joint,RS04,-11.865331,0.000000,12.475121,0.0000,0.0000,-11.865331,-14.046464,-0.488899,29.00
6.055840,torque-chirp,knee_flexion_right_joint,RS04,-11.975012,0.000000,16.432224,0.0000,0.0000,-11.975012,-13.579995,2.085602,29.00
6.063839,torque-chirp,knee_flexion_right_joint,RS04,-12.078175,0.000000,19.786070,0.0000,0.0000,-12.078175,-12.466698,5.125191,29.00
6.071838,torque-chirp,knee_flexion_right_joint,RS04,-12.167913,0.000000,22.410454,0.0000,0.0000,-12.167913,-10.566491,7.344475,29.00
6.079839,torque-chirp,knee_flexion_right_joint,RS04,-12.240779,0.000000,24.205544,0.0000,0.0000,-12.240779,-8.234608,9.127945,29.00
6.087837,torque-chirp,knee_flexion_right_joint,RS04,-12.293318,0.000000,25.101189,0.0000,0.0000,-12.293318,-5.655528,9.995880,29.00
6.095960,torque-chirp,knee_flexion_right_joint,RS04,-12.324382,0.000000,25.053320,0.0000,0.0000,-12.324382,-2.830167,11.061569,29.00
6.103905,torque-chirp,knee_flexion_right_joint,RS04,-12.332436,0.000000,24.071560,0.0000,0.0000,-12.332436,0.000687,10.772247,29.00
6.111898,torque-chirp,knee_flexion_right_joint,RS04,-12.318629,0.000000,22.184586,0.0000,0.0000,-12.318629,2.651638,10.948044,29.00
6.119867,torque-chirp,knee_flexion_right_joint,RS04,-12.285648,0.000000,19.472521,0.0000,0.0000,-12.285648,4.985352,11.208054,29.00
6.127854,torque-chirp,knee_flexion_right_joint,RS04,-12.233875,0.000000,16.021421,0.0000,0.0000,-12.233875,7.197756,10.406036,29.00
6.135845,torque-chirp,knee_flexion_right_joint,RS04,-12.165612,0.000000,11.961294,0.0000,0.0000,-12.165612,9.247196,9.036392,29.00
6.143845,torque-chirp,knee_flexion_right_joint,RS04,-12.083543,0.000000,7.440105,0.0000,0.0000,-12.083543,10.780270,7.849846,29.00
6.151844,torque-chirp,knee_flexion_right_joint,RS04,-11.990353,0.000000,2.632137,0.0000,0.0000,-11.990353,11.995651,5.850304,29.00
6.159841,torque-chirp,knee_flexion_right_joint,RS04,-11.889492,0.000000,-2.280075,0.0000,0.0000,-11.889492,12.794460,3.707947,29.00
6.167840,torque-chirp,knee_flexion_right_joint,RS04,-11.785946,0.000000,-7.112288,0.0000,0.0000,-11.785946,13.053558,1.378799,29.00
6.175841,torque-chirp,knee_flexion_right_joint,RS04,-11.680867,0.000000,-11.679784,0.0000,0.0000,-11.680867,13.046234,0.327759,29.00
6.183841,torque-chirp,knee_flexion_right_joint,RS04,-11.579239,0.000000,-15.804224,0.0000,0.0000,-11.579239,12.594872,-0.748917,29.00
6.191839,torque-chirp,knee_flexion_right_joint,RS04,-11.482214,0.000000,-19.326748,0.0000,0.0000,-11.482214,11.610209,-4.205994,29.00
6.199837,torque-chirp,knee_flexion_right_joint,RS04,-11.397843,0.000000,-22.110664,0.0000,0.0000,-11.397843,10.002060,-7.333488,29.00
6.207837,torque-chirp,knee_flexion_right_joint,RS04,-11.329580,0.000000,-24.046455,0.0000,0.0000,-11.329580,7.768139,-9.091324,29.00
6.215839,torque-chirp,knee_flexion_right_joint,RS04,-11.280492,0.000000,-25.056389,0.0000,0.0000,-11.280492,5.191347,-9.842072,29.00
6.223839,torque-chirp,knee_flexion_right_joint,RS04,-11.253647,0.000000,-25.097376,0.0000,0.0000,-11.253647,2.435570,-11.112839,29.00
6.231837,torque-chirp,knee_flexion_right_joint,RS04,-11.248278,0.000000,-24.165419,0.0000,0.0000,-11.248278,-0.332571,-10.852829,29.00
6.239839,torque-chirp,knee_flexion_right_joint,RS04,-11.264769,0.000000,-22.292807,0.0000,0.0000,-11.264769,-2.882811,-11.475388,29.00
6.247838,torque-chirp,knee_flexion_right_joint,RS04,-11.300817,0.000000,-19.549765,0.0000,0.0000,-11.300817,-5.352483,-11.501030,29.00
6.255836,torque-chirp,knee_flexion_right_joint,RS04,-11.355274,0.000000,-16.041422,0.0000,0.0000,-11.355274,-7.657816,-10.420692,29.00
6.263836,torque-chirp,knee_flexion_right_joint,RS04,-11.426606,0.000000,-11.900640,0.0000,0.0000,-11.426606,-9.531929,-9.398949,29.00
6.271836,torque-chirp,knee_flexion_right_joint,RS04,-11.511744,0.000000,-7.288752,0.0000,0.0000,-11.511744,-11.190433,-7.351799,29.00
6.279838,torque-chirp,knee_flexion_right_joint,RS04,-11.608385,0.000000,-2.384365,0.0000,0.0000,-11.608385,-12.415885,-5.941864,29.00
6.287838,torque-chirp,knee_flexion_right_joint,RS04,-11.711930,0.000000,2.618604,0.0000,0.0000,-11.711930,-13.265049,-3.934998,29.00
6.295838,torque-chirp,knee_flexion_right_joint,RS04,-11.819311,0.000000,7.523865,0.0000,0.0000,-11.819311,-13.520027,-1.265282,29.00
6.303836,torque-chirp,knee_flexion_right_joint,RS04,-11.927074,0.000000,12.135428,0.0000,0.0000,-11.927074,-13.367132,-0.576790,29.00
6.311836,torque-chirp,knee_flexion_right_joint,RS04,-12.031771,0.000000,16.271944,0.0000,0.0000,-12.031771,-13.005493,0.833145,29.00
6.319838,torque-chirp,knee_flexion_right_joint,RS04,-12.130713,0.000000,19.767046,0.0000,0.0000,-12.130713,-11.836805,4.334175,29.00
6.327836,torque-chirp,knee_flexion_right_joint,RS04,-12.217002,0.000000,22.477276,0.0000,0.0000,-12.217002,-10.165026,7.377434,29.00
6.335838,torque-chirp,knee_flexion_right_joint,RS04,-12.286798,0.000000,24.294281,0.0000,0.0000,-12.286798,-7.946670,8.941177,29.00
6.343838,torque-chirp,knee_flexion_right_joint,RS04,-12.335504,0.000000,25.140858,0.0000,0.0000,-12.335504,-5.298466,10.135040,29.00
6.351837,torque-chirp,knee_flexion_right_joint,RS04,-12.363115,0.000000,24.980503,0.0000,0.0000,-12.363115,-2.448386,10.918747,29.00
6.359837,torque-chirp,knee_flexion_right_joint,RS04,-12.368484,0.000000,23.816210,0.0000,0.0000,-12.368484,0.271229,11.244675,29.00
6.367837,torque-chirp,knee_flexion_right_joint,RS04,-12.352761,0.000000,21.691526,0.0000,0.0000,-12.352761,2.934996,11.284958,29.00
6.375836,torque-chirp,knee_flexion_right_joint,RS04,-12.317095,0.000000,18.689705,0.0000,0.0000,-12.317095,5.283817,11.010300,29.00
6.383836,torque-chirp,knee_flexion_right_joint,RS04,-12.263788,0.000000,14.928009,0.0000,0.0000,-12.263788,7.454109,10.109406,29.00
6.391838,torque-chirp,knee_flexion_right_joint,RS04,-12.193992,0.000000,10.556178,0.0000,0.0000,-12.193992,9.338751,8.472412,29.00
6.399837,torque-chirp,knee_flexion_right_joint,RS04,-12.111539,0.000000,5.753004,0.0000,0.0000,-12.111539,10.825588,7.589836,29.00
6.407838,torque-chirp,knee_flexion_right_joint,RS04,-12.018731,0.000000,0.708606,0.0000,0.0000,-12.018731,11.857405,5.092232,29.00
6.415838,torque-chirp,knee_flexion_right_joint,RS04,-11.919788,0.000000,-4.369777,0.0000,0.0000,-11.919788,12.449301,2.869308,29.00
6.423837,torque-chirp,knee_flexion_right_joint,RS04,-11.818928,0.000000,-9.274036,0.0000,0.0000,-11.818928,12.609522,0.844131,29.00
6.431837,torque-chirp,knee_flexion_right_joint,RS04,-11.718834,0.000000,-13.804109,0.0000,0.0000,-11.718834,12.391165,-0.525520,29.00
6.439837,torque-chirp,knee_flexion_right_joint,RS04,-11.621425,0.000000,-17.772013,0.0000,0.0000,-11.621425,11.926987,-2.741135,29.00
6.447838,torque-chirp,knee_flexion_right_joint,RS04,-11.532836,0.000000,-21.013321,0.0000,0.0000,-11.532836,10.642023,-5.930878,29.00
6.455838,torque-chirp,knee_flexion_right_joint,RS04,-11.458820,0.000000,-23.390837,0.0000,0.0000,-11.458820,8.523918,-8.311287,29.00
6.463837,torque-chirp,knee_flexion_right_joint,RS04,-11.403213,0.000000,-24.803986,0.0000,0.0000,-11.403213,6.135271,-9.501488,29.00
6.471838,torque-chirp,knee_flexion_right_joint,RS04,-11.368314,0.000000,-25.191198,0.0000,0.0000,-11.368314,3.377661,-10.816208,29.00
6.479836,torque-chirp,knee_flexion_right_joint,RS04,-11.354891,0.000000,-24.533152,0.0000,0.0000,-11.354891,0.690089,-11.662163,29.00
6.487933,torque-chirp,knee_flexion_right_joint,RS04,-11.362945,0.000000,-22.827284,0.0000,0.0000,-11.362945,-1.910048,-11.380173,29.00
6.495846,torque-chirp,knee_flexion_right_joint,RS04,-11.391324,0.000000,-20.215757,0.0000,0.0000,-11.391324,-4.459373,-11.284958,29.00
6.503839,torque-chirp,knee_flexion_right_joint,RS04,-11.438495,0.000000,-16.736149,0.0000,0.0000,-11.438495,-6.690089,-10.691696,29.00
6.511837,torque-chirp,knee_flexion_right_joint,RS04,-11.502539,0.000000,-12.551156,0.0000,0.0000,-11.502539,-8.734035,-9.655304,29.00
6.519837,torque-chirp,knee_flexion_right_joint,RS04,-11.581540,0.000000,-7.833199,0.0000,0.0000,-11.581540,-10.467613,-7.893799,29.00
6.527838,torque-chirp,knee_flexion_right_joint,RS04,-11.672047,0.000000,-2.780372,0.0000,0.0000,-11.672047,-11.757610,-6.330055,29.00
6.535841,torque-chirp,knee_flexion_right_joint,RS04,-11.770606,0.000000,2.395988,0.0000,0.0000,-11.770606,-12.555963,-4.209656,29.00
6.543838,torque-chirp,knee_flexion_right_joint,RS04,-11.872618,0.000000,7.472899,0.0000,0.0000,-11.872618,-12.823758,-1.777985,29.00
6.551837,torque-chirp,knee_flexion_right_joint,RS04,-11.974628,0.000000,12.240659,0.0000,0.0000,-11.974628,-12.724880,-0.064087,29.00
6.559838,torque-chirp,knee_flexion_right_joint,RS04,-12.075106,0.000000,16.495201,0.0000,0.0000,-12.075106,-12.374685,1.613190,29.00
6.567838,torque-chirp,knee_flexion_right_joint,RS04,-12.169064,0.000000,20.052166,0.0000,0.0000,-12.169064,-11.319066,4.586861,29.00
6.575839,torque-chirp,knee_flexion_right_joint,RS04,-12.250366,0.000000,22.759315,0.0000,0.0000,-12.250366,-9.515907,7.428703,29.00
6.583838,torque-chirp,knee_flexion_right_joint,RS04,-12.314411,0.000000,24.497187,0.0000,0.0000,-12.314411,-7.213321,9.274429,29.00
6.591837,torque-chirp,knee_flexion_right_joint,RS04,-12.358514,0.000000,25.189037,0.0000,0.0000,-12.358514,-4.590753,10.288849,29.00
6.599837,torque-chirp,knee_flexion_right_joint,RS04,-12.380756,0.000000,24.801910,0.0000,0.0000,-12.380756,-1.814374,10.783249,29.00
6.607850,torque-chirp,knee_flexion_right_joint,RS04,-12.381140,0.000000,23.345713,0.0000,0.0000,-12.381140,0.911651,10.889450,29.00
6.615839,torque-chirp,knee_flexion_right_joint,RS04,-12.361582,0.000000,20.888100,0.0000,0.0000,-12.361582,3.324100,11.138474,29.00
6.623836,torque-chirp,knee_flexion_right_joint,RS04,-12.322081,0.000000,17.525675,0.0000,0.0000,-12.322081,5.739758,10.603790,29.00
6.631836,torque-chirp,knee_flexion_right_joint,RS04,-12.265323,0.000000,13.400466,0.0000,0.0000,-12.265323,7.798353,9.757828,29.00
6.639836,torque-chirp,knee_flexion_right_joint,RS04,-12.193224,0.000000,8.690781,0.0000,0.0000,-12.193224,9.674297,8.040283,29.00
6.647836,torque-chirp,knee_flexion_right_joint,RS04,-12.109621,0.000000,3.599229,0.0000,0.0000,-12.109621,10.980774,6.813454,29.00
6.655836,torque-chirp,knee_flexion_right_joint,RS04,-12.017198,0.000000,-1.655172,0.0000,0.0000,-12.017198,11.835890,4.539253,29.00
6.663836,torque-chirp,knee_flexion_right_joint,RS04,-11.920172,0.000000,-6.842872,0.0000,0.0000,-11.920172,12.246967,2.027008,29.00
6.675837,torque-chirp,knee_flexion_right_joint,RS04,-11.774442,0.000000,-14.005392,0.0000,0.0000,-11.774442,12.116503,0.759903,29.00
6.683838,torque-chirp,knee_flexion_right_joint,RS04,-11.679333,0.000000,-18.061909,0.0000,0.0000,-11.679333,11.761272,-0.631721,29.00
6.691838,torque-chirp,knee_flexion_right_joint,RS04,-11.590744,0.000000,-21.328650,0.0000,0.0000,-11.590744,10.518425,-5.799034,29.00
6.699838,torque-chirp,knee_flexion_right_joint,RS04,-11.515962,0.000000,-23.659973,0.0000,0.0000,-11.515962,8.597160,-8.062256,29.00
6.707837,torque-chirp,knee_flexion_right_joint,RS04,-11.459970,0.000000,-24.949995,0.0000,0.0000,-11.459970,6.084002,-9.746857,29.00
6.715837,torque-chirp,knee_flexion_right_joint,RS04,-11.425455,0.000000,-25.138784,0.0000,0.0000,-11.425455,3.327305,-10.666061,29.00
6.723835,torque-chirp,knee_flexion_right_joint,RS04,-11.412800,0.000000,-24.214577,0.0000,0.0000,-11.412800,0.542230,-10.127724,29.00
6.731836,torque-chirp,knee_flexion_right_joint,RS04,-11.422387,0.000000,-22.213989,0.0000,0.0000,-11.422387,-2.136187,-11.925835,29.00
6.739837,torque-chirp,knee_flexion_right_joint,RS04,-11.451917,0.000000,-19.223349,0.0000,0.0000,-11.451917,-4.532616,-11.050583,29.00
6.747838,torque-chirp,knee_flexion_right_joint,RS04,-11.499854,0.000000,-15.372680,0.0000,0.0000,-11.499854,-6.790799,-10.574509,29.00
6.755837,torque-chirp,knee_flexion_right_joint,RS04,-11.563899,0.000000,-10.831674,0.0000,0.0000,-11.563899,-8.717556,-9.351341,29.00
6.763836,torque-chirp,knee_flexion_right_joint,RS04,-11.642134,0.000000,-5.802127,0.0000,0.0000,-11.642134,-10.283131,-7.318840,29.00
6.771837,torque-chirp,knee_flexion_right_joint,RS04,-11.729956,0.000000,-0.505349,0.0000,0.0000,-11.729956,-11.412909,-5.923553,29.00
6.779837,torque-chirp,knee_flexion_right_joint,RS04,-11.824680,0.000000,4.818832,0.0000,0.0000,-11.824680,-11.998856,-3.246513,29.00
6.787839,torque-chirp,knee_flexion_right_joint,RS04,-11.920938,0.000000,9.932490,0.0000,0.0000,-11.920938,-12.097734,-0.884415,29.00
6.795838,torque-chirp,knee_flexion_right_joint,RS04,-12.016431,0.000000,14.601175,0.0000,0.0000,-12.016431,-11.845503,0.847794,29.00
6.803839,torque-chirp,knee_flexion_right_joint,RS04,-12.108471,0.000000,18.615141,0.0000,0.0000,-12.108471,-11.214237,3.305115,29.00
6.811837,torque-chirp,knee_flexion_right_joint,RS04,-12.191307,0.000000,21.788967,0.0000,0.0000,-12.191307,-9.826276,5.886925,29.00
6.819836,torque-chirp,knee_flexion_right_joint,RS04,-12.258803,0.000000,23.976908,0.0000,0.0000,-12.258803,-7.669261,8.212402,29.00
6.827837,torque-chirp,knee_flexion_right_joint,RS04,-12.307124,0.000000,25.076591,0.0000,0.0000,-12.307124,-5.163424,9.790787,29.00
6.835836,torque-chirp,knee_flexion_right_joint,RS04,-12.334352,0.000000,25.033644,0.0000,0.0000,-12.334352,-2.414968,10.530548,29.00
6.843837,torque-chirp,knee_flexion_right_joint,RS04,-12.338955,0.000000,23.846603,0.0000,0.0000,-12.338955,0.293661,11.658493,29.00
6.851837,torque-chirp,knee_flexion_right_joint,RS04,-12.323615,0.000000,21.566462,0.0000,0.0000,-12.323615,2.858089,10.944382,29.00
6.859838,torque-chirp,knee_flexion_right_joint,RS04,-12.287950,0.000000,18.294291,0.0000,0.0000,-12.287950,5.224766,10.940720,29.00
6.867836,torque-chirp,knee_flexion_right_joint,RS04,-12.234643,0.000000,14.178372,0.0000,0.0000,-12.234643,7.466469,10.131378,29.00
6.875835,torque-chirp,knee_flexion_right_joint,RS04,-12.165229,0.000000,9.405570,0.0000,0.0000,-12.165229,9.288395,8.582275,29.00
6.883836,torque-chirp,knee_flexion_right_joint,RS04,-12.083543,0.000000,4.192741,0.0000,0.0000,-12.083543,10.703821,7.000221,29.00
6.891836,torque-chirp,knee_flexion_right_joint,RS04,-11.992270,0.000000,-1.219329,0.0000,0.0000,-11.992270,11.710003,4.788277,29.00
6.899837,torque-chirp,knee_flexion_right_joint,RS04,-11.896011,0.000000,-6.581085,0.0000,0.0000,-11.896011,12.157703,2.466476,29.00
6.907837,torque-chirp,knee_flexion_right_joint,RS04,-11.798985,0.000000,-11.641606,0.0000,0.0000,-11.798985,12.127947,0.576797,29.00
6.915837,torque-chirp,knee_flexion_right_joint,RS04,-11.703493,0.000000,-16.165384,0.0000,0.0000,-11.703493,11.765850,-0.269173,29.00
6.923836,torque-chirp,knee_flexion_right_joint,RS04,-11.612988,0.000000,-19.939194,0.0000,0.0000,-11.612988,10.996796,-3.916687,29.00
6.931836,torque-chirp,knee_flexion_right_joint,RS04,-11.534369,0.000000,-22.785868,0.0000,0.0000,-11.534369,9.248112,-7.267570,29.00
6.939837,torque-chirp,knee_flexion_right_joint,RS04,-11.472626,0.000000,-24.568167,0.0000,0.0000,-11.472626,6.859007,-9.094986,29.00
6.947836,torque-chirp,knee_flexion_right_joint,RS04,-11.430824,0.000000,-25.199324,0.0000,0.0000,-11.430824,4.252918,-10.120399,29.00
6.955837,torque-chirp,knee_flexion_right_joint,RS04,-11.411650,0.000000,-24.646181,0.0000,0.0000,-11.411650,1.426641,-10.116737,29.00
6.963838,torque-chirp,knee_flexion_right_joint,RS04,-11.414717,0.000000,-22.931187,0.0000,0.0000,-11.414717,-1.386358,-10.834518,29.00
6.971837,torque-chirp,knee_flexion_right_joint,RS04,-11.438110,0.000000,-20.132149,0.0000,0.0000,-11.438110,-3.786908,-11.479050,29.00
6.979891,torque-chirp,knee_flexion_right_joint,RS04,-11.480680,0.000000,-16.349413,0.0000,0.0000,-11.480680,-6.130236,-10.259560,29.00
6.987844,torque-chirp,knee_flexion_right_joint,RS04,-11.540505,0.000000,-11.838905,0.0000,0.0000,-11.540505,-8.099566,-9.647980,29.00
6.995838,torque-chirp,knee_flexion_right_joint,RS04,-11.614904,0.000000,-6.740874,0.0000,0.0000,-11.614904,-9.829022,-7.783936,29.00
7.003837,torque-chirp,knee_flexion_right_joint,RS04,-11.699658,0.000000,-1.314524,0.0000,0.0000,-11.699658,-11.121767,-6.128632,29.00
7.011838,torque-chirp,knee_flexion_right_joint,RS04,-11.791698,0.000000,4.182359,0.0000,0.0000,-11.791698,-11.762646,-3.803162,29.00
7.019838,torque-chirp,knee_flexion_right_joint,RS04,-11.886807,0.000000,9.482794,0.0000,0.0000,-11.886807,-11.884871,-0.990616,29.00
7.027838,torque-chirp,knee_flexion_right_joint,RS04,-11.980764,0.000000,14.335516,0.0000,0.0000,-11.980764,-11.676127,0.745255,29.00
7.035837,torque-chirp,knee_flexion_right_joint,RS04,-12.072038,0.000000,18.504250,0.0000,0.0000,-12.072038,-11.086976,2.649582,29.00
7.043837,torque-chirp,knee_flexion_right_joint,RS04,-12.154490,0.000000,21.788227,0.0000,0.0000,-12.154490,-9.776379,5.853966,29.00
7.051837,torque-chirp,knee_flexion_right_joint,RS04,-12.221987,0.000000,24.026079,0.0000,0.0000,-12.221987,-7.682994,8.205078,29.00
7.059839,torque-chirp,knee_flexion_right_joint,RS04,-12.270308,0.000000,25.106512,0.0000,0.0000,-12.270308,-5.176699,9.875031,29.00
7.067837,torque-chirp,knee_flexion_right_joint,RS04,-12.297537,0.000000,24.973410,0.0000,0.0000,-12.297537,-2.376059,10.691681,29.00
7.075836,torque-chirp,knee_flexion_right_joint,RS04,-12.302138,0.000000,23.630447,0.0000,0.0000,-12.302138,0.328909,11.361862,29.00
7.083837,torque-chirp,knee_flexion_right_joint,RS04,-12.286415,0.000000,21.138348,0.0000,0.0000,-12.286415,2.884642,11.442429,29.00
7.091837,torque-chirp,knee_flexion_right_joint,RS04,-12.250750,0.000000,17.615164,0.0000,0.0000,-12.250750,5.351110,10.922409,29.00
7.099839,torque-chirp,knee_flexion_right_joint,RS04,-12.197060,0.000000,13.229126,0.0000,0.0000,-12.197060,7.384069,9.787125,29.00
7.107841,torque-chirp,knee_flexion_right_joint,RS04,-12.128413,0.000000,8.191775,0.0000,0.0000,-12.128413,9.204166,8.029297,29.00
7.115843,torque-chirp,knee_flexion_right_joint,RS04,-12.047494,0.000000,2.748681,0.0000,0.0000,-12.047494,10.603111,6.703590,29.00
7.123905,torque-chirp,knee_flexion_right_joint,RS04,-11.958138,0.000000,-2.876640,0.0000,0.0000,-11.958138,11.379950,3.913025,29.00
7.131871,torque-chirp,knee_flexion_right_joint,RS04,-11.865715,0.000000,-8.300551,0.0000,0.0000,-11.865715,11.683453,1.649811,29.00
7.139858,torque-chirp,knee_flexion_right_joint,RS04,-11.772907,0.000000,-13.336753,0.0000,0.0000,-11.772907,11.530098,0.613419,29.00
7.147849,torque-chirp,knee_flexion_right_joint,RS04,-11.682017,0.000000,-17.724241,0.0000,0.0000,-11.682017,11.233463,-1.485008,29.00
7.155846,torque-chirp,knee_flexion_right_joint,RS04,-11.598414,0.000000,-21.243715,0.0000,0.0000,-11.598414,10.048296,-5.648888,29.00
7.163845,torque-chirp,knee_flexion_right_joint,RS04,-11.528617,0.000000,-23.715900,0.0000,0.0000,-11.528617,8.003433,-8.076904,29.00
7.171843,torque-chirp,knee_flexion_right_joint,RS04,-11.477228,0.000000,-25.013775,0.0000,0.0000,-11.477228,5.571756,-9.446556,29.00
7.179842,torque-chirp,knee_flexion_right_joint,RS04,-11.447315,0.000000,-25.069492,0.0000,0.0000,-11.447315,2.756466,-10.772263,29.00
7.187841,torque-chirp,knee_flexion_right_joint,RS04,-11.439645,0.000000,-23.876434,0.0000,0.0000,-11.439645,-0.032273,-10.578171,29.00
7.195839,torque-chirp,knee_flexion_right_joint,RS04,-11.453451,0.000000,-21.490665,0.0000,0.0000,-11.453451,-2.669490,-10.812546,29.00
7.203838,torque-chirp,knee_flexion_right_joint,RS04,-11.487199,0.000000,-18.028193,0.0000,0.0000,-11.487199,-5.081484,-10.757614,29.00
7.211836,torque-chirp,knee_flexion_right_joint,RS04,-11.538972,0.000000,-13.659036,0.0000,0.0000,-11.538972,-7.199131,-10.226601,29.00
7.219838,torque-chirp,knee_flexion_right_joint,RS04,-11.606468,0.000000,-8.598165,0.0000,0.0000,-11.606468,-9.095217,-8.552986,29.00
7.227836,torque-chirp,knee_flexion_right_joint,RS04,-11.686236,0.000000,-3.101542,0.0000,0.0000,-11.686236,-10.471733,-6.637672,29.00
7.235838,torque-chirp,knee_flexion_right_joint,RS04,-11.775208,0.000000,2.559001,0.0000,0.0000,-11.775208,-11.371252,-3.989929,29.00
7.243837,torque-chirp,knee_flexion_right_joint,RS04,-11.867632,0.000000,8.093871,0.0000,0.0000,-11.867632,-11.629892,-2.155190,29.00
7.251836,torque-chirp,knee_flexion_right_joint,RS04,-11.960440,0.000000,13.224855,0.0000,0.0000,-11.960440,-11.483406,-0.635384,29.00
7.259837,torque-chirp,knee_flexion_right_joint,RS04,-12.050945,0.000000,17.690613,0.0000,0.0000,-12.050945,-11.153811,1.741364,29.00
7.267837,torque-chirp,knee_flexion_right_joint,RS04,-12.134549,0.000000,21.261503,0.0000,0.0000,-12.134549,-10.001602,5.172813,29.00
7.275837,torque-chirp,knee_flexion_right_joint,RS04,-12.204729,0.000000,23.753704,0.0000,0.0000,-12.204729,-8.017166,8.146484,29.00
7.283837,torque-chirp,knee_flexion_right_joint,RS04,-12.256502,0.000000,25.036251,0.0000,0.0000,-12.256502,-5.563516,9.365982,29.00
7.291837,torque-chirp,knee_flexion_right_joint,RS04,-12.287182,0.000000,25.040527,0.0000,0.0000,-12.287182,-2.899748,10.581818,29.00
7.299838,torque-chirp,knee_flexion_right_joint,RS04,-12.294852,0.000000,23.762278,0.0000,0.0000,-12.294852,0.092241,10.790573,29.00
7.307838,torque-chirp,knee_flexion_right_joint,RS04,-12.281046,0.000000,21.263748,0.0000,0.0000,-12.281046,2.669949,11.497360,29.00
7.315837,torque-chirp,knee_flexion_right_joint,RS04,-12.247682,0.000000,17.670031,0.0000,0.0000,-12.247682,5.007324,11.350876,29.00
7.323836,torque-chirp,knee_flexion_right_joint,RS04,-12.195909,0.000000,13.163063,0.0000,0.0000,-12.195909,7.161592,9.761490,29.00
7.331837,torque-chirp,knee_flexion_right_joint,RS04,-12.129563,0.000000,7.971732,0.0000,0.0000,-12.129563,8.972992,8.146484,29.00
7.339835,torque-chirp,knee_flexion_right_joint,RS04,-12.051329,0.000000,2.364744,0.0000,0.0000,-12.051329,10.261616,6.395973,29.00
7.347838,torque-chirp,knee_flexion_right_joint,RS04,-11.963891,0.000000,-3.373288,0.0000,0.0000,-11.963891,11.200047,3.880066,29.00
7.355835,torque-chirp,knee_flexion_right_joint,RS04,-11.874151,0.000000,-8.937972,0.0000,0.0000,-11.874151,11.384069,2.063629,29.00
7.363836,torque-chirp,knee_flexion_right_joint,RS04,-11.784029,0.000000,-14.045326,0.0000,0.0000,-11.784029,11.217442,-0.313118,29.00
7.371836,torque-chirp,knee_flexion_right_joint,RS04,-11.696974,0.000000,-18.425028,0.0000,0.0000,-11.696974,10.852598,-2.232094,29.00
7.379838,torque-chirp,knee_flexion_right_joint,RS04,-11.616439,0.000000,-21.848114,0.0000,0.0000,-11.616439,9.484779,-5.799034,29.00
7.387836,torque-chirp,knee_flexion_right_joint,RS04,-11.551627,0.000000,-24.129841,0.0000,0.0000,-11.551627,7.374456,-8.186768,29.00
7.395836,torque-chirp,knee_flexion_right_joint,RS04,-11.505223,0.000000,-25.150036,0.0000,0.0000,-11.505223,4.878233,-9.853058,29.00
7.403885,torque-chirp,knee_flexion_right_joint,RS04,-11.480680,0.000000,-24.844677,0.0000,0.0000,-11.480680,2.056536,-11.230026,29.00
7.411868,torque-chirp,knee_flexion_right_joint,RS04,-11.478762,0.000000,-23.234554,0.0000,0.0000,-11.478762,-0.799954,-10.402382,29.00
7.419862,torque-chirp,knee_flexion_right_joint,RS04,-11.497554,0.000000,-20.398657,0.0000,0.0000,-11.497554,-3.196384,-11.427780,29.00
7.427853,torque-chirp,knee_flexion_right_joint,RS04,-11.535904,0.000000,-16.485983,0.0000,0.0000,-11.535904,-5.536049,-10.922409,29.00
7.435856,torque-chirp,knee_flexion_right_joint,RS04,-11.591511,0.000000,-11.691213,0.0000,0.0000,-11.591511,-7.728313,-9.812775,29.00
7.443849,torque-chirp,knee_flexion_right_joint,RS04,-11.661692,0.000000,-6.279395,0.0000,0.0000,-11.661692,-9.376287,-8.128174,29.00
7.451855,torque-chirp,knee_flexion_right_joint,RS04,-11.742611,0.000000,-0.519957,0.0000,0.0000,-11.742611,-10.479515,-5.586632,29.00
7.459840,torque-chirp,knee_flexion_right_joint,RS04,-11.829665,0.000000,5.257938,0.0000,0.0000,-11.829665,-11.124056,-3.499199,29.00
7.467840,torque-chirp,knee_flexion_right_joint,RS04,-11.919788,0.000000,10.771701,0.0000,0.0000,-11.919788,-11.273289,-0.800186,29.00
7.475955,torque-chirp,knee_flexion_right_joint,RS04,-12.008377,0.000000,15.781129,0.0000,0.0000,-12.008377,-11.032960,0.844131,29.00
7.483846,torque-chirp,knee_flexion_right_joint,RS04,-12.093514,0.000000,19.825064,0.0000,0.0000,-12.093514,-10.292286,2.979172,29.00
7.491841,torque-chirp,knee_flexion_right_joint,RS04,-12.168297,0.000000,22.870941,0.0000,0.0000,-12.168297,-8.668117,6.905006,29.00
7.499838,torque-chirp,knee_flexion_right_joint,RS04,-12.226206,0.000000,24.692446,0.0000,0.0000,-12.226206,-6.469443,8.908218,29.00
7.507849,torque-chirp,knee_flexion_right_joint,RS04,-12.264173,0.000000,25.187212,0.0000,0.0000,-12.264173,-3.710002,10.314484,29.00
7.515840,torque-chirp,knee_flexion_right_joint,RS04,-12.280663,0.000000,24.324461,0.0000,0.0000,-12.280663,-1.031129,10.636749,29.00
7.523887,torque-chirp,knee_flexion_right_joint,RS04,-12.275293,0.000000,22.129725,0.0000,0.0000,-12.275293,1.552528,11.398483,29.00
7.531852,torque-chirp,knee_flexion_right_joint,RS04,-12.250750,0.000000,18.761284,0.0000,0.0000,-12.250750,3.975967,11.065231,29.00
7.539850,torque-chirp,knee_flexion_right_joint,RS04,-12.207030,0.000000,14.360765,0.0000,0.0000,-12.207030,6.214008,10.464630,29.00
7.547848,torque-chirp,knee_flexion_right_joint,RS04,-12.147204,0.000000,9.176814,0.0000,0.0000,-12.147204,8.116961,9.054703,29.00
7.555842,torque-chirp,knee_flexion_right_joint,RS04,-12.075106,0.000000,3.491808,0.0000,0.0000,-12.075106,9.549324,7.249260,29.00
7.563855,torque-chirp,knee_flexion_right_joint,RS04,-11.993037,0.000000,-2.403358,0.0000,0.0000,-11.993037,10.532158,4.561226,29.00
7.571839,torque-chirp,knee_flexion_right_joint,RS04,-11.906749,0.000000,-8.151656,0.0000,0.0000,-11.906749,10.938658,2.437180,29.00
7.579841,torque-chirp,knee_flexion_right_joint,RS04,-11.820078,0.000000,-13.471828,0.0000,0.0000,-11.820078,10.777981,-0.137329,29.00
7.587835,torque-chirp,knee_flexion_right_joint,RS04,-11.735707,0.000000,-18.053776,0.0000,0.0000,-11.735707,10.360035,-1.118790,29.00
7.595925,torque-chirp,knee_flexion_right_joint,RS04,-11.657090,0.000000,-21.685398,0.0000,0.0000,-11.657090,9.226597,-5.656212,29.00
7.603863,torque-chirp,knee_flexion_right_joint,RS04,-11.593812,0.000000,-24.066381,0.0000,0.0000,-11.593812,7.229801,-8.399178,29.00
7.611853,torque-chirp,knee_flexion_right_joint,RS04,-11.548943,0.000000,-25.145287,0.0000,0.0000,-11.548943,4.748226,-9.530785,29.00
7.619856,torque-chirp,knee_flexion_right_joint,RS04,-11.525166,0.000000,-24.837261,0.0000,0.0000,-11.525166,2.006638,-10.710007,29.00
7.627849,torque-chirp,knee_flexion_right_joint,RS04,-11.523248,0.000000,-23.155775,0.0000,0.0000,-11.523248,-0.675899,-10.937057,29.00
7.635841,torque-chirp,knee_flexion_right_joint,RS04,-11.540889,0.000000,-20.190857,0.0000,0.0000,-11.540889,-3.101625,-11.215378,29.00
7.643845,torque-chirp,knee_flexion_right_joint,RS04,-11.578472,0.000000,-16.096811,0.0000,0.0000,-11.578472,-5.491646,-10.764938,29.00
7.651844,torque-chirp,knee_flexion_right_joint,RS04,-11.633313,0.000000,-11.104927,0.0000,0.0000,-11.633313,-7.588693,-9.691925,29.00
7.659905,torque-chirp,knee_flexion_right_joint,RS04,-11.703110,0.000000,-5.444108,0.0000,0.0000,-11.703110,-9.202334,-7.783936,29.00
7.668038,torque-chirp,knee_flexion_right_joint,RS04,-11.784029,0.000000,0.584364,0.0000,0.0000,-11.784029,-10.290455,-5.289993,29.00
7.675954,torque-chirp,knee_flexion_right_joint,RS04,-11.869933,0.000000,6.427877,0.0000,0.0000,-11.869933,-10.854429,-3.063408,29.00
7.683910,torque-chirp,knee_flexion_right_joint,RS04,-11.955454,0.000000,11.950672,0.0000,0.0000,-11.955454,-10.804074,-0.763565,29.00
7.691858,torque-chirp,knee_flexion_right_joint,RS04,-12.040975,0.000000,16.808861,0.0000,0.0000,-12.040975,-10.672693,1.041885,29.00
7.699938,torque-chirp,knee_flexion_right_joint,RS04,-12.123044,0.000000,20.794060,0.0000,0.0000,-12.123044,-9.771801,3.986267,29.00
7.707865,torque-chirp,knee_flexion_right_joint,RS04,-12.191307,0.000000,23.545650,0.0000,0.0000,-12.191307,-7.945754,7.157707,29.00
7.715864,torque-chirp,knee_flexion_right_joint,RS04,-12.243079,0.000000,24.999996,0.0000,0.0000,-12.243079,-5.581826,9.662613,29.00
7.723848,torque-chirp,knee_flexion_right_joint,RS04,-12.273760,0.000000,25.042086,0.0000,0.0000,-12.273760,-2.924926,10.856491,29.00
7.731846,torque-chirp,knee_flexion_right_joint,RS04,-12.282964,0.000000,23.665852,0.0000,0.0000,-12.282964,-0.204852,11.358200,29.00
7.739844,torque-chirp,knee_flexion_right_joint,RS04,-12.270692,0.000000,20.944218,0.0000,0.0000,-12.270692,2.360952,11.918518,29.00
7.747845,torque-chirp,knee_flexion_right_joint,RS04,-12.239244,0.000000,17.027073,0.0000,0.0000,-12.239244,4.830166,10.731964,29.00
7.755842,torque-chirp,knee_flexion_right_joint,RS04,-12.190156,0.000000,12.137859,0.0000,0.0000,-12.190156,6.824673,9.706558,29.00
7.763840,torque-chirp,knee_flexion_right_joint,RS04,-12.126495,0.000000,6.550010,0.0000,0.0000,-12.126495,8.600365,7.849846,29.00
7.771841,torque-chirp,knee_flexion_right_joint,RS04,-12.050562,0.000000,0.580215,0.0000,0.0000,-12.050562,9.849165,5.985802,29.00
7.780132,torque-chirp,knee_flexion_right_joint,RS04,-11.965425,0.000000,-5.642646,0.0000,0.0000,-11.965425,10.560539,3.393005,29.00
7.787863,torque-chirp,knee_flexion_right_joint,RS04,-11.882972,0.000000,-11.144189,0.0000,0.0000,-11.882972,10.672693,0.906387,29.00
7.795852,torque-chirp,knee_flexion_right_joint,RS04,-11.798985,0.000000,-16.201246,0.0000,0.0000,-11.798985,10.371939,-0.430305,29.00
7.803845,torque-chirp,knee_flexion_right_joint,RS04,-11.719217,0.000000,-20.333466,0.0000,0.0000,-11.719217,9.639505,-3.777527,29.00
7.811843,torque-chirp,knee_flexion_right_joint,RS04,-11.650187,0.000000,-23.297941,0.0000,0.0000,-11.650187,8.003433,-6.985580,29.00
7.819841,torque-chirp,knee_flexion_right_joint,RS04,-11.598031,0.000000,-24.917528,0.0000,0.0000,-11.598031,5.722363,-9.333031,29.00
7.827841,torque-chirp,knee_flexion_right_joint,RS04,-11.566584,0.000000,-25.094454,0.0000,0.0000,-11.566584,2.967955,-10.369423,29.00
7.835871,torque-chirp,knee_flexion_right_joint,RS04,-11.556613,0.000000,-23.806379,0.0000,0.0000,-11.556613,0.291370,-10.999313,29.00
7.843851,torque-chirp,knee_flexion_right_joint,RS04,-11.567350,0.000000,-21.142620,0.0000,0.0000,-11.567350,-2.187457,-11.995422,29.00
7.851848,torque-chirp,knee_flexion_right_joint,RS04,-11.598031,0.000000,-17.240072,0.0000,0.0000,-11.598031,-4.723507,-10.937057,29.00
7.859845,torque-chirp,knee_flexion_right_joint,RS04,-11.646352,0.000000,-12.327939,0.0000,0.0000,-11.646352,-6.792172,-9.647980,29.00
7.867844,torque-chirp,knee_flexion_right_joint,RS04,-11.710013,0.000000,-6.689666,0.0000,0.0000,-11.710013,-8.549554,-8.080566,29.00
7.875842,torque-chirp,knee_flexion_right_joint,RS04,-11.785563,0.000000,-0.654950,0.0000,0.0000,-11.785563,-9.783245,-5.751427,29.00
7.883842,torque-chirp,knee_flexion_right_joint,RS04,-11.867249,0.000000,5.425663,0.0000,0.0000,-11.867249,-10.444725,-3.715271,29.00
7.891840,torque-chirp,knee_flexion_right_joint,RS04,-11.952003,0.000000,11.190925,0.0000,0.0000,-11.952003,-10.501945,-0.672005,29.00
7.899841,torque-chirp,knee_flexion_right_joint,RS04,-12.035989,0.000000,16.303389,0.0000,0.0000,-12.035989,-10.353628,0.254517,29.00
7.907843,torque-chirp,knee_flexion_right_joint,RS04,-12.115374,0.000000,20.458479,0.0000,0.0000,-12.115374,-9.713665,3.858093,29.00
7.915841,torque-chirp,knee_flexion_right_joint,RS04,-12.184020,0.000000,23.405130,0.0000,0.0000,-12.184020,-7.943465,7.256584,29.00
7.923840,torque-chirp,knee_flexion_right_joint,RS04,-12.235793,0.000000,24.968544,0.0000,0.0000,-12.235793,-5.642252,9.149918,29.00
7.931840,torque-chirp,knee_flexion_right_joint,RS04,-12.267241,0.000000,25.051350,0.0000,0.0000,-12.267241,-2.955138,9.948273,29.00
7.939841,torque-chirp,knee_flexion_right_joint,RS04,-12.276444,0.000000,23.644089,0.0000,0.0000,-12.276444,-0.273519,11.306931,29.00
7.947840,torque-chirp,knee_flexion_right_joint,RS04,-12.264939,0.000000,20.827679,0.0000,0.0000,-12.264939,2.318380,11.929504,29.00
7.955840,torque-chirp,knee_flexion_right_joint,RS04,-12.233875,0.000000,16.765425,0.0000,0.0000,-12.233875,4.715725,10.882126,29.00
7.963957,torque-chirp,knee_flexion_right_joint,RS04,-12.184788,0.000000,11.616917,0.0000,0.0000,-12.184788,6.855803,9.721207,29.00
7.971849,torque-chirp,knee_flexion_right_joint,RS04,-12.121510,0.000000,5.916595,0.0000,0.0000,-12.121510,8.442436,7.864494,29.00
7.979845,torque-chirp,knee_flexion_right_joint,RS04,-12.046727,0.000000,-0.214601,0.0000,0.0000,-12.046727,9.823988,5.930870,29.00
7.987842,torque-chirp,knee_flexion_right_joint,RS04,-11.965425,0.000000,-6.338509,0.0000,0.0000,-11.965425,10.382925,2.982834,29.00
7.995841,torque-chirp,knee_flexion_right_joint,RS04,-11.882588,0.000000,-12.087971,0.0000,0.0000,-11.882588,10.405355,0.580460,29.00
8.003842,torque-chirp,knee_flexion_right_joint,RS04,-11.800903,0.000000,-17.115334,0.0000,0.0000,-11.800903,10.055162,-0.433968,29.00
8.011841,torque-chirp,knee_flexion_right_joint,RS04,-11.724203,0.000000,-21.110891,0.0000,0.0000,-11.724203,9.245365,-4.594185,29.00
8.019842,torque-chirp,knee_flexion_right_joint,RS04,-11.659391,0.000000,-23.832817,0.0000,0.0000,-11.659391,7.385443,-7.835205,29.00
8.027843,torque-chirp,knee_flexion_right_joint,RS04,-11.612604,0.000000,-25.111322,0.0000,0.0000,-11.612604,5.023346,-9.560081,29.00
8.035842,torque-chirp,knee_flexion_right_joint,RS04,-11.586526,0.000000,-24.864971,0.0000,0.0000,-11.586526,2.293661,-10.816208,29.00
8.043842,torque-chirp,knee_flexion_right_joint,RS04,-11.582691,0.000000,-23.104906,0.0000,0.0000,-11.582691,-0.549553,-10.779587,29.00
8.051842,torque-chirp,knee_flexion_right_joint,RS04,-11.599948,0.000000,-19.934736,0.0000,0.0000,-11.599948,-2.955138,-11.936821,29.00
8.059843,torque-chirp,knee_flexion_right_joint,RS04,-11.636381,0.000000,-15.543194,0.0000,0.0000,-11.636381,-5.368505,-10.746628,29.00
8.067841,torque-chirp,knee_flexion_right_joint,RS04,-11.689688,0.000000,-10.199034,0.0000,0.0000,-11.689688,-7.406958,-9.578392,29.00
8.075841,torque-chirp,knee_flexion_right_joint,RS04,-11.757184,0.000000,-4.222911,0.0000,0.0000,-11.757184,-9.007782,-7.432365,29.00
8.083841,torque-chirp,knee_flexion_right_joint,RS04,-11.834268,0.000000,2.017610,0.0000,0.0000,-11.834268,-9.978714,-4.942093,29.00
8.091842,torque-chirp,knee_flexion_right_joint,RS04,-11.916337,0.000000,8.139619,0.0000,0.0000,-11.916337,-10.448845,-2.228432,29.00
8.099843,torque-chirp,knee_flexion_right_joint,RS04,-11.999557,0.000000,13.765404,0.0000,0.0000,-11.999557,-10.325704,-0.679329,29.00
8.107841,torque-chirp,knee_flexion_right_joint,RS04,-12.080858,0.000000,18.544615,0.0000,0.0000,-12.080858,-9.959946,1.858551,29.00
8.115845,torque-chirp,knee_flexion_right_joint,RS04,-12.154875,0.000000,22.183664,0.0000,0.0000,-12.154875,-8.815061,5.279015,29.00
8.123845,torque-chirp,knee_flexion_right_joint,RS04,-12.215084,0.000000,24.449446,0.0000,0.0000,-12.215084,-6.766079,8.435791,29.00
8.131844,torque-chirp,knee_flexion_right_joint,RS04,-12.255735,0.000000,25.199671,0.0000,0.0000,-12.255735,-4.295033,9.655289,29.00
8.139845,torque-chirp,knee_flexion_right_joint,RS04,-12.274910,0.000000,24.383728,0.0000,0.0000,-12.274910,-1.506752,11.098190,29.00
8.147843,torque-chirp,knee_flexion_right_joint,RS04,-12.272993,0.000000,22.049131,0.0000,0.0000,-12.272993,1.183107,12.185852,29.00
8.155844,torque-chirp,knee_flexion_right_joint,RS04,-12.250750,0.000000,18.336020,0.0000,0.0000,-12.250750,3.701763,10.973679,29.00
8.163844,torque-chirp,knee_flexion_right_joint,RS04,-12.209715,0.000000,13.473276,0.0000,0.0000,-12.209715,5.911421,10.406036,29.00
8.171843,torque-chirp,knee_flexion_right_joint,RS04,-12.152957,0.000000,7.764546,0.0000,0.0000,-12.152957,7.777752,8.435791,29.00
8.179842,torque-chirp,knee_flexion_right_joint,RS04,-12.083926,0.000000,1.563124,0.0000,0.0000,-12.083926,9.036163,6.502174,29.00
8.187841,torque-chirp,knee_flexion_right_joint,RS04,-12.006843,0.000000,-4.741660,0.0000,0.0000,-12.006843,9.878462,4.235298,29.00
8.195842,torque-chirp,knee_flexion_right_joint,RS04,-11.926308,0.000000,-10.754347,0.0000,0.0000,-11.926308,10.089952,0.833145,29.00
8.203843,torque-chirp,knee_flexion_right_joint,RS04,-11.846539,0.000000,-16.094482,0.0000,0.0000,-11.846539,9.797438,-0.086060,29.00
8.211841,torque-chirp,knee_flexion_right_joint,RS04,-11.770223,0.000000,-20.420639,0.0000,0.0000,-11.770223,9.223850,-3.220879,29.00
8.219841,torque-chirp,knee_flexion_right_joint,RS04,-11.704261,0.000000,-23.460121,0.0000,0.0000,-11.704261,7.635386,-7.014877,29.00
8.227841,torque-chirp,knee_flexion_right_joint,RS04,-11.654789,0.000000,-25.014933,0.0000,0.0000,-11.654789,5.320896,-9.303734,29.00
8.235840,torque-chirp,knee_flexion_right_joint,RS04,-11.626026,0.000000,-24.982805,0.0000,0.0000,-11.626026,2.597162,-10.124062,29.00
8.243841,torque-chirp,knee_flexion_right_joint,RS04,-11.619123,0.000000,-23.361353,0.0000,0.0000,-11.619123,-0.038224,-10.812546,29.00
8.251842,torque-chirp,knee_flexion_right_joint,RS04,-11.633313,0.000000,-20.249832,0.0000,0.0000,-11.633313,-2.605401,-12.050354,29.00
8.259842,torque-chirp,knee_flexion_right_joint,RS04,-11.666677,0.000000,-15.843391,0.0000,0.0000,-11.666677,-4.963837,-11.160446,29.00
8.267841,torque-chirp,knee_flexion_right_joint,RS04,-11.717299,0.000000,-10.420372,0.0000,0.0000,-11.717299,-7.041657,-9.252464,29.00
8.275842,torque-chirp,knee_flexion_right_joint,RS04,-11.782111,0.000000,-4.325164,0.0000,0.0000,-11.782111,-8.598078,-7.267570,29.00
8.283840,torque-chirp,knee_flexion_right_joint,RS04,-11.856510,0.000000,2.051785,0.0000,0.0000,-11.856510,-9.702678,-5.249710,29.00
8.291840,torque-chirp,knee_flexion_right_joint,RS04,-11.937046,0.000000,8.302883,0.0000,0.0000,-11.937046,-10.172808,-2.543373,29.00
8.299842,torque-chirp,knee_flexion_right_joint,RS04,-12.017964,0.000000,14.026884,0.0000,0.0000,-12.017964,-10.111925,0.009155,29.00
8.307842,torque-chirp,knee_flexion_right_joint,RS04,-12.097349,0.000000,18.849112,0.0000,0.0000,-12.097349,-9.681162,0.866104,29.00
8.315841,torque-chirp,knee_flexion_right_joint,RS04,-12.169064,0.000000,22.457249,0.0000,0.0000,-12.169064,-8.450675,5.769737,29.00
8.323842,torque-chirp,knee_flexion_right_joint,RS04,-12.226206,0.000000,24.615892,0.0000,0.0000,-12.226206,-6.409933,8.260010,29.00
8.331842,torque-chirp,knee_flexion_right_joint,RS04,-12.264173,0.000000,25.180199,0.0000,0.0000,-12.264173,-3.826276,10.094757,29.00
8.339841,torque-chirp,knee_flexion_right_joint,RS04,-12.280663,0.000000,24.110069,0.0000,0.0000,-12.280663,-1.090639,10.717316,29.00
8.347841,torque-chirp,knee_flexion_right_joint,RS04,-12.275677,0.000000,21.470272,0.0000,0.0000,-12.275677,1.558479,11.533981,29.00
8.355842,torque-chirp,knee_flexion_right_joint,RS04,-12.250750,0.000000,17.429041,0.0000,0.0000,-12.250750,3.986496,10.918747,29.00
8.363843,torque-chirp,knee_flexion_right_joint,RS04,-12.207797,0.000000,12.246051,0.0000,0.0000,-12.207797,6.055620,10.233917,29.00
8.371843,torque-chirp,knee_flexion_right_joint,RS04,-12.149506,0.000000,6.258257,0.0000,0.0000,-12.149506,7.825361,8.432129,29.00
8.379842,torque-chirp,knee_flexion_right_joint,RS04,-12.079708,0.000000,-0.142826,0.0000,0.0000,-12.079708,9.102999,6.194557,29.00
8.387841,torque-chirp,knee_flexion_right_joint,RS04,-12.003008,0.000000,-6.540496,0.0000,0.0000,-12.003008,9.802015,3.349060,29.00
8.395843,torque-chirp,knee_flexion_right_joint,RS04,-11.924390,0.000000,-12.515947,0.0000,0.0000,-11.924390,9.781872,0.232544,29.00
8.403839,torque-chirp,knee_flexion_right_joint,RS04,-11.846923,0.000000,-17.668535,0.0000,0.0000,-11.846923,9.619364,-0.518196,29.00
8.411840,torque-chirp,knee_flexion_right_joint,RS04,-11.774825,0.000000,-21.663364,0.0000,0.0000,-11.774825,8.711145,-4.282898,29.00
8.419843,torque-chirp,knee_flexion_right_joint,RS04,-11.715382,0.000000,-24.230232,0.0000,0.0000,-11.715382,6.769741,-7.699699,29.00
8.427841,torque-chirp,knee_flexion_right_joint,RS04,-11.673580,0.000000,-25.194786,0.0000,0.0000,-11.673580,4.237354,-9.724884,29.00
8.435842,torque-chirp,knee_flexion_right_joint,RS04,-11.653639,0.000000,-24.490269,0.0000,0.0000,-11.653639,1.637674,-10.644089,29.00
8.443842,torque-chirp,knee_flexion_right_joint,RS04,-11.654789,0.000000,-22.158859,0.0000,0.0000,-11.654789,-1.096132,-11.841606,29.00
8.451841,torque-chirp,knee_flexion_right_joint,RS04,-11.676265,0.000000,-18.351902,0.0000,0.0000,-11.676265,-3.572213,-10.984665,29.00
8.459911,torque-chirp,knee_flexion_right_joint,RS04,-11.716916,0.000000,-13.270308,0.0000,0.0000,-11.716916,-5.805219,-10.135048,29.00
8.467848,torque-chirp,knee_flexion_right_joint,RS04,-11.772907,0.000000,-7.387273,0.0000,0.0000,-11.772907,-7.560769,-8.688492,29.00
8.475846,torque-chirp,knee_flexion_right_joint,RS04,-11.841554,0.000000,-0.963366,0.0000,0.0000,-11.841554,-9.015564,-6.165253,29.00
8.483845,torque-chirp,knee_flexion_right_joint,RS04,-11.917871,0.000000,5.531318,0.0000,0.0000,-11.917871,-9.785534,-3.645691,29.00
8.491845,torque-chirp,knee_flexion_right_joint,RS04,-11.997255,0.000000,11.660957,0.0000,0.0000,-11.997255,-9.858778,-1.528954,29.00
8.499841,torque-chirp,knee_flexion_right_joint,RS04,-12.075490,0.000000,17.009764,0.0000,0.0000,-12.075490,-9.714123,1.008926,29.00
8.507840,torque-chirp,knee_flexion_right_joint,RS04,-12.149506,0.000000,21.220850,0.0000,0.0000,-12.149506,-8.955597,4.037537,29.00
8.515842,torque-chirp,knee_flexion_right_joint,RS04,-12.212016,0.000000,24.005655,0.0000,0.0000,-12.212016,-7.190891,7.567863,29.00
8.523840,torque-chirp,knee_flexion_right_joint,RS04,-12.257269,0.000000,25.170364,0.0000,0.0000,-12.257269,-4.731747,9.420914,29.00
8.531897,torque-chirp,knee_flexion_right_joint,RS04,-12.281046,0.000000,24.623894,0.0000,0.0000,-12.281046,-1.990158,10.878464,29.00
8.539856,torque-chirp,knee_flexion_right_joint,RS04,-12.282964,0.000000,22.421471,0.0000,0.0000,-12.282964,0.753718,11.310593,29.00
8.547845,torque-chirp,knee_flexion_right_joint,RS04,-12.264173,0.000000,18.694302,0.0000,0.0000,-12.264173,3.190889,11.376511,29.00
8.555841,torque-chirp,knee_flexion_right_joint,RS04,-12.226973,0.000000,13.690821,0.0000,0.0000,-12.226973,5.445410,10.362091,29.00
8.563840,torque-chirp,knee_flexion_right_joint,RS04,-12.173283,0.000000,7.750521,0.0000,0.0000,-12.173283,7.300755,8.747070,29.00
8.571838,torque-chirp,knee_flexion_right_joint,RS04,-12.107320,0.000000,1.276984,0.0000,0.0000,-12.107320,8.623255,6.879372,29.00
8.579838,torque-chirp,knee_flexion_right_joint,RS04,-12.033304,0.000000,-5.290809,0.0000,0.0000,-12.033304,9.562143,3.945984,29.00
8.587857,torque-chirp,knee_flexion_right_joint,RS04,-11.956221,0.000000,-11.515698,0.0000,0.0000,-11.956221,9.672466,0.840469,29.00
8.595840,torque-chirp,knee_flexion_right_joint,RS04,-11.879520,0.000000,-16.930336,0.0000,0.0000,-11.879520,9.454109,-0.258186,29.00
8.603838,torque-chirp,knee_flexion_right_joint,RS04,-11.807423,0.000000,-21.198338,0.0000,0.0000,-11.807423,8.745937,-3.469902,29.00
8.611837,torque-chirp,knee_flexion_right_joint,RS04,-11.746446,0.000000,-24.012617,0.0000,0.0000,-11.746446,6.998627,-7.080795,29.00
8.619843,torque-chirp,knee_flexion_right_joint,RS04,-11.702726,0.000000,-25.174835,0.0000,0.0000,-11.702726,4.574274,-9.380638,29.00
8.627837,torque-chirp,knee_flexion_right_joint,RS04,-11.680100,0.000000,-24.599895,0.0000,0.0000,-11.680100,1.907759,-11.197067,29.00
8.635838,torque-chirp,knee_flexion_right_joint,RS04,-11.680100,0.000000,-22.323685,0.0000,0.0000,-11.680100,-0.950561,-10.984665,29.00
8.643838,torque-chirp,knee_flexion_right_joint,RS04,-11.700425,0.000000,-18.499540,0.0000,0.0000,-11.700425,-3.430305,-11.504692,29.00
8.651837,torque-chirp,knee_flexion_right_joint,RS04,-11.739926,0.000000,-13.389035,0.0000,0.0000,-11.739926,-5.659190,-10.329140,29.00
8.659837,torque-chirp,knee_flexion_right_joint,RS04,-11.795534,0.000000,-7.344555,0.0000,0.0000,-11.795534,-7.552529,-8.867935,29.00
8.667836,torque-chirp,knee_flexion_right_joint,RS04,-11.863414,0.000000,-0.783839,0.0000,0.0000,-11.863414,-8.980316,-6.659645,29.00
8.675837,torque-chirp,knee_flexion_right_joint,RS04,-11.938963,0.000000,5.838184,0.0000,0.0000,-11.938963,-9.675669,-3.810486,29.00
8.683895,torque-chirp,knee_flexion_right_joint,RS04,-12.017964,0.000000,12.099470,0.0000,0.0000,-12.017964,-9.840925,-0.734268,29.00
8.691866,torque-chirp,knee_flexion_right_joint,RS04,-12.095816,0.000000,17.455027,0.0000,0.0000,-12.095816,-9.603800,-0.064087,29.00
8.699855,torque-chirp,knee_flexion_right_joint,RS04,-12.168297,0.000000,21.608311,0.0000,0.0000,-12.168297,-8.742733,4.184021,29.00
8.707850,torque-chirp,knee_flexion_right_joint,RS04,-12.229657,0.000000,24.254044,0.0000,0.0000,-12.229657,-6.907989,7.498283,29.00
8.715841,torque-chirp,knee_flexion_right_joint,RS04,-12.272225,0.000000,25.198938,0.0000,0.0000,-12.272225,-4.476768,9.662613,29.00
8.723850,torque-chirp,knee_flexion_right_joint,RS04,-12.293702,0.000000,24.370131,0.0000,0.0000,-12.293702,-1.636759,9.893341,29.00
8.731843,torque-chirp,knee_flexion_right_joint,RS04,-12.292168,0.000000,21.825010,0.0000,0.0000,-12.292168,1.167543,10.113068,29.00
8.739856,torque-chirp,knee_flexion_right_joint,RS04,-12.269924,0.000000,17.726507,0.0000,0.0000,-12.269924,3.553444,11.248337,29.00
8.747842,torque-chirp,knee_flexion_right_joint,RS04,-12.229657,0.000000,12.385829,0.0000,0.0000,-12.229657,5.761730,9.992218,29.00
8.755843,torque-chirp,knee_flexion_right_joint,RS04,-12.173666,0.000000,6.153409,0.0000,0.0000,-12.173666,7.614328,8.351562,29.00
8.763849,torque-chirp,knee_flexion_right_joint,RS04,-12.106170,0.000000,-0.525132,0.0000,0.0000,-12.106170,8.889219,6.135963,29.00
8.771845,torque-chirp,knee_flexion_right_joint,RS04,-12.032154,0.000000,-7.162630,0.0000,0.0000,-12.032154,9.460518,3.173264,29.00
8.779840,torque-chirp,knee_flexion_right_joint,RS04,-11.955837,0.000000,-13.296386,0.0000,0.0000,-11.955837,9.453194,0.111694,29.00
8.787842,torque-chirp,knee_flexion_right_joint,RS04,-11.881055,0.000000,-18.490391,0.0000,0.0000,-11.881055,9.231632,-0.781876,29.00
8.795855,torque-chirp,knee_flexion_right_joint,RS04,-11.812024,0.000000,-22.371658,0.0000,0.0000,-11.812024,8.196613,-4.758980,29.00
8.803843,torque-chirp,knee_flexion_right_joint,RS04,-11.757184,0.000000,-24.644745,0.0000,0.0000,-11.757184,6.105059,-8.336922,29.00
8.811840,torque-chirp,knee_flexion_right_joint,RS04,-11.720751,0.000000,-25.157314,0.0000,0.0000,-11.720751,3.624399,-9.867706,29.00
8.819841,torque-chirp,knee_flexion_right_joint,RS04,-11.706178,0.000000,-23.863695,0.0000,0.0000,-11.706178,0.781186,-10.061798,29.00
8.827839,torque-chirp,knee_flexion_right_joint,RS04,-11.713848,0.000000,-20.853563,0.0000,0.0000,-11.713848,-1.952163,-10.915085,29.00
8.835842,torque-chirp,knee_flexion_right_joint,RS04,-11.742228,0.000000,-16.335947,0.0000,0.0000,-11.742228,-4.307393,-10.651413,29.00
8.843838,torque-chirp,knee_flexion_right_joint,RS04,-11.787864,0.000000,-10.640628,0.0000,0.0000,-11.787864,-6.469901,-9.776154,29.00
8.851850,torque-chirp,knee_flexion_right_joint,RS04,-11.848074,0.000000,-4.158198,0.0000,0.0000,-11.848074,-8.098650,-7.578850,29.00
8.859838,torque-chirp,knee_flexion_right_joint,RS04,-11.918254,0.000000,2.611342,0.0000,0.0000,-11.918254,-9.218357,-5.194778,29.00
8.867844,torque-chirp,knee_flexion_right_joint,RS04,-11.994571,0.000000,9.210873,0.0000,0.0000,-11.994571,-9.659189,-2.693527,29.00
8.875839,torque-chirp,knee_flexion_right_joint,RS04,-12.070888,0.000000,15.138720,0.0000,0.0000,-12.070888,-9.472878,-0.162964,29.00
8.883838,torque-chirp,knee_flexion_right_joint,RS04,-12.144903,0.000000,19.972794,0.0000,0.0000,-12.144903,-9.117189,2.587326,29.00
8.891845,torque-chirp,knee_flexion_right_joint,RS04,-12.210865,0.000000,23.358210,0.0000,0.0000,-12.210865,-7.779126,6.626686,29.00
8.899840,torque-chirp,knee_flexion_right_joint,RS04,-12.261105,0.000000,25.037029,0.0000,0.0000,-12.261105,-5.456397,8.714111,29.00
8.907848,torque-chirp,knee_flexion_right_joint,RS04,-12.291401,0.000000,24.887016,0.0000,0.0000,-12.291401,-2.741360,10.629425,29.00
8.915840,torque-chirp,knee_flexion_right_joint,RS04,-12.298687,0.000000,22.916477,0.0000,0.0000,-12.298687,-0.040513,10.783249,29.00
8.923840,torque-chirp,knee_flexion_right_joint,RS04,-12.284497,0.000000,19.262510,0.0000,0.0000,-12.284497,2.679562,10.720978,29.00
8.931838,torque-chirp,knee_flexion_right_joint,RS04,-12.251133,0.000000,14.191029,0.0000,0.0000,-12.251133,4.963835,10.614777,29.00
8.939879,torque-chirp,knee_flexion_right_joint,RS04,-12.200894,0.000000,8.037054,0.0000,0.0000,-12.200894,6.922636,9.051041,29.00
8.947857,torque-chirp,knee_flexion_right_joint,RS04,-12.138384,0.000000,1.334456,0.0000,0.0000,-12.138384,8.344931,6.861061,29.00
8.955996,torque-chirp,knee_flexion_right_joint,RS04,-12.067053,0.000000,-5.607040,0.0000,0.0000,-12.067053,9.136415,3.993591,29.00
8.963862,torque-chirp,knee_flexion_right_joint,RS04,-11.992653,0.000000,-11.918868,0.0000,0.0000,-11.992653,9.310368,0.880753,29.00
8.971847,torque-chirp,knee_flexion_right_joint,RS04,-11.919022,0.000000,-17.455513,0.0000,0.0000,-11.919022,9.123140,-0.869766,29.00
8.979841,torque-chirp,knee_flexion_right_joint,RS04,-11.849224,0.000000,-21.710463,0.0000,0.0000,-11.849224,8.352713,-3.993591,29.00
8.987845,torque-chirp,knee_flexion_right_joint,RS04,-11.792083,0.000000,-24.360386,0.0000,0.0000,-11.792083,6.446098,-7.941406,29.00
8.995845,torque-chirp,knee_flexion_right_joint,RS04,-11.752582,0.000000,-25.197227,0.0000,0.0000,-11.752582,4.054705,-9.582054,29.00
9.003839,torque-chirp,knee_flexion_right_joint,RS04,-11.734557,0.000000,-24.158190,0.0000,0.0000,-11.734557,1.196383,-10.860153,29.00
9.011839,torque-chirp,knee_flexion_right_joint,RS04,-11.738392,0.000000,-21.314175,0.0000,0.0000,-11.738392,-1.397345,-11.087204,29.00
9.019851,torque-chirp,knee_flexion_right_joint,RS04,-11.763320,0.000000,-16.866398,0.0000,0.0000,-11.763320,-3.945296,-11.054245,29.00
9.027838,torque-chirp,knee_flexion_right_joint,RS04,-11.805888,0.000000,-11.167474,0.0000,0.0000,-11.805888,-6.007096,-10.065460,29.00
9.035838,torque-chirp,knee_flexion_right_joint,RS04,-11.863414,0.000000,-4.617427,0.0000,0.0000,-11.863414,-7.831311,-8.212410,29.00
9.043840,torque-chirp,knee_flexion_right_joint,RS04,-11.932060,0.000000,2.286112,0.0000,0.0000,-11.932060,-8.967041,-5.711143,29.00
9.051839,torque-chirp,knee_flexion_right_joint,RS04,-12.006076,0.000000,9.020221,0.0000,0.0000,-12.006076,-9.340124,-2.466469,29.00
9.059840,torque-chirp,knee_flexion_right_joint,RS04,-12.080858,0.000000,15.081841,0.0000,0.0000,-12.080858,-9.316319,0.470596,29.00
9.067845,torque-chirp,knee_flexion_right_joint,RS04,-12.153724,0.000000,20.010757,0.0000,0.0000,-12.153724,-8.912565,1.796295,29.00
9.075850,torque-chirp,knee_flexion_right_joint,RS04,-12.218152,0.000000,23.428146,0.0000,0.0000,-12.218152,-7.531929,6.245827,29.00
9.083843,torque-chirp,knee_flexion_right_joint,RS04,-12.267241,0.000000,25.070837,0.0000,0.0000,-12.267241,-5.364843,8.699463,29.00
9.091841,torque-chirp,knee_flexion_right_joint,RS04,-12.296002,0.000000,24.815107,0.0000,0.0000,-12.296002,-2.630121,10.526886,29.00
9.099875,torque-chirp,knee_flexion_right_joint,RS04,-12.302523,0.000000,22.660467,0.0000,0.0000,-12.302523,0.128405,11.222702,29.00
9.107864,torque-chirp,knee_flexion_right_joint,RS04,-12.288333,0.000000,18.791330,0.0000,0.0000,-12.288333,2.696041,11.332565,29.00
9.115851,torque-chirp,knee_flexion_right_joint,RS04,-12.254584,0.000000,13.491845,0.0000,0.0000,-12.254584,5.014191,10.449982,29.00
9.123849,torque-chirp,knee_flexion_right_joint,RS04,-12.204729,0.000000,7.153085,0.0000,0.0000,-12.204729,6.904783,8.856934,29.00
9.131858,torque-chirp,knee_flexion_right_joint,RS04,-12.142219,0.000000,0.252199,0.0000,0.0000,-12.142219,8.272146,6.714577,29.00
9.139845,torque-chirp,knee_flexion_right_joint,RS04,-12.072422,0.000000,-6.655046,0.0000,0.0000,-12.072422,8.980316,3.905701,29.00
9.147841,torque-chirp,knee_flexion_right_joint,RS04,-11.999940,0.000000,-13.065449,0.0000,0.0000,-11.999940,9.063629,0.968643,29.00
9.155840,torque-chirp,knee_flexion_right_joint,RS04,-11.928609,0.000000,-18.478979,0.0000,0.0000,-11.928609,8.871367,-1.030899,29.00
9.163847,torque-chirp,knee_flexion_right_joint,RS04,-11.862646,0.000000,-22.478539,0.0000,0.0000,-11.862646,7.795149,-5.139847,29.00
9.171901,torque-chirp,knee_flexion_right_joint,RS04,-11.809723,0.000000,-24.753254,0.0000,0.0000,-11.809723,5.823988,-8.190430,29.00
9.179860,torque-chirp,knee_flexion_right_joint,RS04,-11.776742,0.000000,-25.100681,0.0000,0.0000,-11.776742,3.257725,-9.754181,29.00
9.187862,torque-chirp,knee_flexion_right_joint,RS04,-11.764853,0.000000,-23.513498,0.0000,0.0000,-11.764853,0.475853,-11.171432,29.00
9.199841,torque-chirp,knee_flexion_right_joint,RS04,-11.787097,0.000000,-17.805885,0.0000,0.0000,-11.787097,-3.525063,-11.281296,29.00
9.207855,torque-chirp,knee_flexion_right_joint,RS04,-11.826597,0.000000,-12.183071,0.0000,0.0000,-11.826597,-5.769054,-10.977341,29.00
9.215896,torque-chirp,knee_flexion_right_joint,RS04,-11.882972,0.000000,-5.582056,0.0000,0.0000,-11.882972,-7.553445,-8.373543,29.00
9.223876,torque-chirp,knee_flexion_right_joint,RS04,-11.950085,0.000000,1.409572,0.0000,0.0000,-11.950085,-8.818265,-5.656212,29.00
9.231853,torque-chirp,knee_flexion_right_joint,RS04,-12.024100,0.000000,8.294475,0.0000,0.0000,-12.024100,-9.446326,-3.176933,29.00
9.239848,torque-chirp,knee_flexion_right_joint,RS04,-12.099650,0.000000,14.554130,0.0000,0.0000,-12.099650,-9.386358,-0.844131,29.00
9.247844,torque-chirp,knee_flexion_right_joint,RS04,-12.173283,0.000000,19.680971,0.0000,0.0000,-12.173283,-9.028839,1.741364,29.00
9.255841,torque-chirp,knee_flexion_right_joint,RS04,-12.239244,0.000000,23.271734,0.0000,0.0000,-12.239244,-7.754864,6.190895,29.00
9.263841,torque-chirp,knee_flexion_right_joint,RS04,-12.290634,0.000000,25.040344,0.0000,0.0000,-12.290634,-5.543374,8.582275,29.00
9.271847,torque-chirp,knee_flexion_right_joint,RS04,-12.322081,0.000000,24.841219,0.0000,0.0000,-12.322081,-2.975739,9.937286,29.00
9.279841,torque-chirp,knee_flexion_right_joint,RS04,-12.330518,0.000000,22.687622,0.0000,0.0000,-12.330518,-0.083543,10.435333,29.00
9.287839,torque-chirp,knee_flexion_right_joint,RS04,-12.317479,0.000000,18.744070,0.0000,0.0000,-12.317479,2.535822,10.724640,29.00
9.295839,torque-chirp,knee_flexion_right_joint,RS04,-12.285265,0.000000,13.315960,0.0000,0.0000,-12.285265,4.806362,10.464630,29.00
9.303837,torque-chirp,knee_flexion_right_joint,RS04,-12.236943,0.000000,6.832739,0.0000,0.0000,-12.236943,6.712061,8.780029,29.00
9.311841,torque-chirp,knee_flexion_right_joint,RS04,-12.176351,0.000000,-0.201979,0.0000,0.0000,-12.176351,7.983749,6.491188,29.00
9.319838,torque-chirp,knee_flexion_right_joint,RS04,-12.108088,0.000000,-7.219938,0.0000,0.0000,-12.108088,8.699701,3.762878,29.00
9.327839,torque-chirp,knee_flexion_right_joint,RS04,-12.037523,0.000000,-13.673670,0.0000,0.0000,-12.037523,8.794918,1.203018,29.00
9.335844,torque-chirp,knee_flexion_right_joint,RS04,-11.968876,0.000000,-19.045435,0.0000,0.0000,-11.968876,8.480431,-0.580452,29.00
9.343845,torque-chirp,knee_flexion_right_joint,RS04,-11.905599,0.000000,-22.899851,0.0000,0.0000,-11.905599,7.405584,-5.198441,29.00
9.351841,torque-chirp,knee_flexion_right_joint,RS04,-11.856510,0.000000,-24.927561,0.0000,0.0000,-11.856510,5.294346,-8.571297,29.00
9.359838,torque-chirp,knee_flexion_right_joint,RS04,-11.826981,0.000000,-24.965603,0.0000,0.0000,-11.826981,2.688259,-10.329140,29.00
9.367839,torque-chirp,knee_flexion_right_joint,RS04,-11.818928,0.000000,-23.004280,0.0000,0.0000,-11.818928,0.073015,-11.295944,29.00
9.375845,torque-chirp,knee_flexion_right_joint,RS04,-11.831966,0.000000,-19.192690,0.0000,0.0000,-11.831966,-2.512932,-11.999084,29.00
9.383839,torque-chirp,knee_flexion_right_joint,RS04,-11.864181,0.000000,-13.843397,0.0000,0.0000,-11.864181,-4.875944,-10.717331,29.00
9.391840,torque-chirp,knee_flexion_right_joint,RS04,-11.913269,0.000000,-7.371522,0.0000,0.0000,-11.913269,-6.766537,-8.717789,29.00
9.399837,torque-chirp,knee_flexion_right_joint,RS04,-11.975012,0.000000,-0.304202,0.0000,0.0000,-11.975012,-8.144884,-6.417946,29.00
9.407838,torque-chirp,knee_flexion_right_joint,RS04,-12.045193,0.000000,6.795773,0.0000,0.0000,-12.045193,-9.010071,-3.543152,29.00
9.415837,torque-chirp,knee_flexion_right_joint,RS04,-12.117675,0.000000,13.350918,0.0000,0.0000,-12.117675,-9.027466,-0.474251,29.00
9.423841,torque-chirp,knee_flexion_right_joint,RS04,-12.188622,0.000000,18.832771,0.0000,0.0000,-12.188622,-8.724422,0.529190,29.00
9.431841,torque-chirp,knee_flexion_right_joint,RS04,-12.254584,0.000000,22.789413,0.0000,0.0000,-12.254584,-7.796063,4.810249,29.00
9.439844,torque-chirp,knee_flexion_right_joint,RS04,-12.306741,0.000000,24.898439,0.0000,0.0000,-12.306741,-5.728313,8.435791,29.00
9.447840,torque-chirp,knee_flexion_right_joint,RS04,-12.338955,0.000000,24.983379,0.0000,0.0000,-12.338955,-3.102083,10.054474,29.00
9.455991,torque-chirp,knee_flexion_right_joint,RS04,-12.350077,0.000000,22.978371,0.0000,0.0000,-12.350077,-0.412681,11.515671,29.00
9.463844,torque-chirp,knee_flexion_right_joint,RS04,-12.339338,0.000000,19.201511,0.0000,0.0000,-12.339338,2.193867,11.219040,29.00
9.471837,torque-chirp,knee_flexion_right_joint,RS04,-12.310192,0.000000,13.803987,0.0000,0.0000,-12.310192,4.553675,10.633087,29.00
9.479845,torque-chirp,knee_flexion_right_joint,RS04,-12.263788,0.000000,7.262025,0.0000,0.0000,-12.263788,6.437859,8.794678,29.00
9.487837,torque-chirp,knee_flexion_right_joint,RS04,-12.204729,0.000000,0.133256,0.0000,0.0000,-12.204729,7.872053,6.765846,29.00
9.495840,torque-chirp,knee_flexion_right_joint,RS04,-12.138384,0.000000,-7.021189,0.0000,0.0000,-12.138384,8.555504,3.667664,29.00
9.503839,torque-chirp,knee_flexion_right_joint,RS04,-12.069353,0.000000,-13.601295,0.0000,0.0000,-12.069353,8.646143,1.265274,29.00
9.511845,torque-chirp,knee_flexion_right_joint,RS04,-12.001858,0.000000,-19.069630,0.0000,0.0000,-12.001858,8.330740,-0.393684,29.00
9.519841,torque-chirp,knee_flexion_right_joint,RS04,-11.939731,0.000000,-22.963966,0.0000,0.0000,-11.939731,7.313114,-4.971390,29.00
9.527888,torque-chirp,knee_flexion_right_joint,RS04,-11.891409,0.000000,-24.973095,0.0000,0.0000,-11.891409,5.159761,-8.494392,29.00
9.535866,torque-chirp,knee_flexion_right_joint,RS04,-11.863030,0.000000,-24.903584,0.0000,0.0000,-11.863030,2.610437,-10.347450,29.00
9.543859,torque-chirp,knee_flexion_right_joint,RS04,-11.856127,0.000000,-22.776283,0.0000,0.0000,-11.856127,0.001602,-11.197067,29.00
9.551847,torque-chirp,knee_flexion_right_joint,RS04,-11.869550,0.000000,-18.764423,0.0000,0.0000,-11.869550,-2.581140,-11.501030,29.00
9.559843,torque-chirp,knee_flexion_right_joint,RS04,-11.902531,0.000000,-13.189143,0.0000,0.0000,-11.902531,-4.934997,-10.493935,29.00
9.567841,torque-chirp,knee_flexion_right_joint,RS04,-11.952003,0.000000,-6.511351,0.0000,0.0000,-11.952003,-6.814145,-8.578621,29.00
9.575838,torque-chirp,knee_flexion_right_joint,RS04,-12.013363,0.000000,0.713204,0.0000,0.0000,-12.013363,-8.179675,-6.205536,29.00
9.583843,torque-chirp,knee_flexion_right_joint,RS04,-12.082776,0.000000,7.890390,0.0000,0.0000,-12.082776,-8.815061,-3.246513,29.00
9.591842,torque-chirp,knee_flexion_right_joint,RS04,-12.153724,0.000000,14.407904,0.0000,0.0000,-12.153724,-8.838865,-0.503548,29.00
9.599839,torque-chirp,knee_flexion_right_joint,RS04,-12.223138,0.000000,19.723248,0.0000,0.0000,-12.223138,-8.537651,0.807510,29.00
9.611858,torque-chirp,knee_flexion_right_joint,RS04,-12.312493,0.000000,24.506672,0.0000,0.0000,-12.312493,-6.553674,6.190895,29.00
9.619844,torque-chirp,knee_flexion_right_joint,RS04,-12.353528,0.000000,25.161411,0.0000,0.0000,-12.353528,-4.327992,9.018082,29.00
9.627843,torque-chirp,knee_flexion_right_joint,RS04,-12.373854,0.000000,23.702410,0.0000,0.0000,-12.373854,-1.566262,11.812317,29.00
9.635853,torque-chirp,knee_flexion_right_joint,RS04,-12.372319,0.000000,20.238667,0.0000,0.0000,-12.372319,1.037537,12.343323,29.00
9.643841,torque-chirp,knee_flexion_right_joint,RS04,-12.351227,0.000000,15.076251,0.0000,0.0000,-12.351227,3.566719,10.578156,29.00
9.651838,torque-chirp,knee_flexion_right_joint,RS04,-12.312493,0.000000,8.630833,0.0000,0.0000,-12.312493,5.560310,9.582047,29.00
9.659848,torque-chirp,knee_flexion_right_joint,RS04,-12.260337,0.000000,1.438629,0.0000,0.0000,-12.260337,7.044403,6.835426,29.00
9.667838,torque-chirp,knee_flexion_right_joint,RS04,-12.198977,0.000000,-5.863027,0.0000,0.0000,-12.198977,7.925613,4.180359,29.00
9.675842,torque-chirp,knee_flexion_right_joint,RS04,-12.134549,0.000000,-12.684504,0.0000,0.0000,-12.134549,8.115587,1.334854,29.00
9.683851,torque-chirp,knee_flexion_right_joint,RS04,-12.070888,0.000000,-18.434603,0.0000,0.0000,-12.070888,7.802015,0.097046,29.00
9.691860,torque-chirp,knee_flexion_right_joint,RS04,-12.011828,0.000000,-22.614300,0.0000,0.0000,-12.011828,6.993591,-4.260925,29.00
9.699846,torque-chirp,knee_flexion_right_joint,RS04,-11.965041,0.000000,-24.860664,0.0000,0.0000,-11.965041,5.040741,-8.527351,29.00
9.707846,torque-chirp,knee_flexion_right_joint,RS04,-11.938196,0.000000,-24.990280,0.0000,0.0000,-11.938196,2.439690,-9.973907,29.00
9.715846,torque-chirp,knee_flexion_right_joint,RS04,-11.932444,0.000000,-22.981565,0.0000,0.0000,-11.932444,-0.235523,-10.970016,29.00
9.723851,torque-chirp,knee_flexion_right_joint,RS04,-11.948551,0.000000,-18.999161,0.0000,0.0000,-11.948551,-2.902953,-11.193405,29.00
9.731850,torque-chirp,knee_flexion_right_joint,RS04,-11.983833,0.000000,-13.386102,0.0000,0.0000,-11.983833,-5.246281,-10.651413,29.00
9.739845,torque-chirp,knee_flexion_right_joint,RS04,-12.035222,0.000000,-6.621175,0.0000,0.0000,-12.035222,-7.168459,-9.054703,29.00
9.747855,torque-chirp,knee_flexion_right_joint,RS04,-12.100034,0.000000,0.730949,0.0000,0.0000,-12.100034,-8.442893,-6.740211,29.00
9.755850,torque-chirp,knee_flexion_right_joint,RS04,-12.171365,0.000000,8.011591,0.0000,0.0000,-12.171365,-9.079653,-3.286797,29.00
9.763844,torque-chirp,knee_flexion_right_joint,RS04,-12.244997,0.000000,14.606976,0.0000,0.0000,-12.244997,-9.222477,0.060425,29.00
9.771842,torque-chirp,knee_flexion_right_joint,RS04,-12.317095,0.000000,19.947876,0.0000,0.0000,-12.317095,-8.847563,1.316544,29.00
9.779839,torque-chirp,knee_flexion_right_joint,RS04,-12.382291,0.000000,23.565371,0.0000,0.0000,-12.382291,-7.663310,6.040733,29.00
9.787846,torque-chirp,knee_flexion_right_joint,RS04,-12.432529,0.000000,25.144701,0.0000,0.0000,-12.432529,-5.395056,8.871582,29.00
9.795837,torque-chirp,knee_flexion_right_joint,RS04,-12.461676,0.000000,24.540577,0.0000,0.0000,-12.461676,-2.643396,10.362091,29.00
9.803850,torque-chirp,knee_flexion_right_joint,RS04,-12.468962,0.000000,21.796118,0.0000,0.0000,-12.468962,0.061113,11.116501,29.00
9.811845,torque-chirp,knee_flexion_right_joint,RS04,-12.455155,0.000000,17.157654,0.0000,0.0000,-12.455155,2.689632,10.819870,29.00
9.819839,torque-chirp,knee_flexion_right_joint,RS04,-12.422941,0.000000,11.020999,0.0000,0.0000,-12.422941,4.684139,10.006866,29.00
9.827839,torque-chirp,knee_flexion_right_joint,RS04,-12.375387,0.000000,3.912844,0.0000,0.0000,-12.375387,6.537651,8.249023,29.00
9.835841,torque-chirp,knee_flexion_right_joint,RS04,-12.317095,0.000000,-3.544563,0.0000,0.0000,-12.317095,7.615702,5.418175,29.00
9.843839,torque-chirp,knee_flexion_right_joint,RS04,-12.253818,0.000000,-10.691889,0.0000,0.0000,-12.253818,8.062029,1.961090,29.00
9.851841,torque-chirp,knee_flexion_right_joint,RS04,-12.190156,0.000000,-16.911009,0.0000,0.0000,-12.190156,7.929276,-0.675667,29.00
9.859847,torque-chirp,knee_flexion_right_joint,RS04,-12.128797,0.000000,-21.649273,0.0000,0.0000,-12.128797,7.378576,-3.447929,29.00
9.867839,torque-chirp,knee_flexion_right_joint,RS04,-12.078558,0.000000,-24.479061,0.0000,0.0000,-12.078558,5.673838,-7.102768,29.00
9.875845,torque-chirp,knee_flexion_right_joint,RS04,-12.045960,0.000000,-25.156910,0.0000,0.0000,-12.045960,3.223850,-9.750519,29.00
9.883839,torque-chirp,knee_flexion_right_joint,RS04,-12.034455,0.000000,-23.615059,0.0000,0.0000,-12.034455,0.482262,-10.863815,29.00
9.891848,torque-chirp,knee_flexion_right_joint,RS04,-12.045193,0.000000,-19.978952,0.0000,0.0000,-12.045193,-2.274892,-10.373085,29.00
9.899840,torque-chirp,knee_flexion_right_joint,RS04,-12.075873,0.000000,-14.580153,0.0000,0.0000,-12.075873,-4.683681,-10.691696,29.00
9.907838,torque-chirp,knee_flexion_right_joint,RS04,-12.123427,0.000000,-7.883306,0.0000,0.0000,-12.123427,-6.615931,-9.376976,29.00
9.915850,torque-chirp,knee_flexion_right_joint,RS04,-12.184788,0.000000,-0.467795,0.0000,0.0000,-12.184788,-8.111925,-6.868393,29.00
9.923838,torque-chirp,knee_flexion_right_joint,RS04,-12.254201,0.000000,6.973137,0.0000,0.0000,-12.254201,-8.913023,-4.308533,29.00
9.931839,torque-chirp,knee_flexion_right_joint,RS04,-12.326683,0.000000,13.810681,0.0000,0.0000,-12.326683,-9.171663,-1.503319,29.00
9.939885,torque-chirp,knee_flexion_right_joint,RS04,-12.398014,0.000000,19.447754,0.0000,0.0000,-12.398014,-8.795376,0.320435,29.00
9.948036,torque-chirp,knee_flexion_right_joint,RS04,-12.463209,0.000000,23.369162,0.0000,0.0000,-12.463209,-7.706340,4.989693,29.00
9.955858,torque-chirp,knee_flexion_right_joint,RS04,-12.514215,0.000000,25.098179,0.0000,0.0000,-12.514215,-5.611582,8.999771,29.00
9.963846,torque-chirp,knee_flexion_right_joint,RS04,-12.544895,0.000000,24.645891,0.0000,0.0000,-12.544895,-2.956969,10.717316,29.00
9.971856,torque-chirp,knee_flexion_right_joint,RS04,-12.554099,0.000000,21.978825,0.0000,0.0000,-12.554099,-0.126116,10.977341,29.00
9.979847,torque-chirp,knee_flexion_right_joint,RS04,-12.541444,0.000000,17.343168,0.0000,0.0000,-12.541444,2.432365,11.541306,29.00
9.987845,torque-chirp,knee_flexion_right_joint,RS04,-12.510380,0.000000,11.141468,0.0000,0.0000,-12.510380,4.687344,10.120392,29.00
9.995842,torque-chirp,knee_flexion_right_joint,RS04,-12.463976,0.000000,3.932532,0.0000,0.0000,-12.463976,6.353170,8.106201,29.00
