t_s,maneuver,joint,model,cmd_pos,cmd_vel,cmd_tau,cmd_kp,cmd_kd,fb_pos,fb_vel,fb_tau,fb_temp
0.000001,friction-sweep,hip_flexion_right_joint,RS04,-7.275590,0.000000,0.000000,0.0000,2.0000,-7.275590,-0.000687,-0.001831,32.00
0.008054,friction-sweep,hip_flexion_right_joint,RS04,-7.274440,0.000000,0.000000,0.0000,2.0000,-7.274440,0.055161,-0.023804,32.00
0.016025,friction-sweep,hip_flexion_right_joint,RS04,-7.274440,0.000000,0.000000,0.0000,2.0000,-7.274440,-0.084916,-0.020142,32.00
0.024014,friction-sweep,hip_flexion_right_joint,RS04,-7.274440,0.000000,0.000000,0.0000,2.0000,-7.274440,0.007553,-0.049438,32.00
0.032014,friction-sweep,hip_flexion_right_joint,RS04,-7.274440,0.000000,0.000000,0.0000,2.0000,-7.274440,-0.025406,-0.016479,32.00
0.040014,friction-sweep,hip_flexion_right_joint,RS04,-7.274056,0.000000,0.000000,0.0000,2.0000,-7.274056,0.018997,0.005493,32.00
0.048057,friction-sweep,hip_flexion_right_joint,RS04,-7.274440,0.000000,0.000000,0.0000,2.0000,-7.274440,-0.005722,-0.016479,32.00
0.056016,friction-sweep,hip_flexion_right_joint,RS04,-7.274440,0.000000,0.000000,0.0000,2.0000,-7.274440,-0.083085,0.020142,32.00
0.064016,friction-sweep,hip_flexion_right_joint,RS04,-7.274440,0.000000,0.000000,0.0000,2.0000,-7.274440,0.019913,-0.023804,32.00
0.072015,friction-sweep,hip_flexion_right_joint,RS04,-7.274440,0.000000,0.000000,0.0000,2.0000,-7.274440,-0.079881,-0.016479,32.00
0.080011,friction-sweep,hip_flexion_right_joint,RS04,-7.274440,0.000000,0.000000,0.0000,2.0000,-7.274440,-0.013046,0.020142,32.00
0.088016,friction-sweep,hip_flexion_right_joint,RS04,-7.274440,0.000000,0.000000,0.0000,2.0000,-7.274440,-0.029527,-0.023804,32.00
0.096011,friction-sweep,hip_flexion_right_joint,RS04,-7.274440,0.000000,0.000000,0.0000,2.0000,-7.274440,0.047836,-0.001831,32.00
0.104010,friction-sweep,hip_flexion_right_joint,RS04,-7.274440,0.000000,0.000000,0.0000,2.0000,-7.274440,-0.033647,0.038452,32.00
0.112014,friction-sweep,hip_flexion_right_joint,RS04,-7.274440,0.000000,0.000000,0.0000,2.0000,-7.274440,-0.027695,-0.034790,32.00
0.120012,friction-sweep,hip_flexion_right_joint,RS04,-7.274440,0.000000,0.000000,0.0000,2.0000,-7.274440,0.068895,-0.005493,32.00
0.128009,friction-sweep,hip_flexion_right_joint,RS04,-7.274440,0.000000,0.000000,0.0000,2.0000,-7.274440,0.046921,0.012817,32.00
0.136012,friction-sweep,hip_flexion_right_joint,RS04,-7.274056,0.000000,0.000000,0.0000,2.0000,-7.274056,-0.006180,0.001831,32.00
0.144015,friction-sweep,hip_flexion_right_joint,RS04,-7.274056,0.000000,0.000000,0.0000,2.0000,-7.274056,-0.011673,0.001831,32.00
0.152011,friction-sweep,hip_flexion_right_joint,RS04,-7.274440,0.000000,0.000000,0.0000,2.0000,-7.274440,-0.012131,-0.031128,32.00
0.160013,friction-sweep,hip_flexion_right_joint,RS04,-7.274056,0.000000,0.000000,0.0000,2.0000,-7.274056,-0.024490,-0.067749,32.00
0.168010,friction-sweep,hip_flexion_right_joint,RS04,-7.274440,0.000000,0.000000,0.0000,2.0000,-7.274440,-0.008926,0.005493,32.00
0.176010,friction-sweep,hip_flexion_right_joint,RS04,-7.274440,0.000000,0.000000,0.0000,2.0000,-7.274440,-0.010300,0.005493,32.00
0.184060,friction-sweep,hip_flexion_right_joint,RS04,-7.274440,0.000000,0.000000,0.0000,2.0000,-7.274440,-0.002975,-0.031128,32.00
0.192033,friction-sweep,hip_flexion_right_joint,RS04,-7.274056,0.000000,0.000000,0.0000,2.0000,-7.274056,-0.046006,-0.001831,32.00
0.200028,friction-sweep,hip_flexion_right_joint,RS04,-7.274440,0.000000,0.000000,0.0000,2.0000,-7.274440,0.006638,0.016479,32.00
0.208027,friction-sweep,hip_flexion_right_joint,RS04,-7.274440,0.000000,0.000000,0.0000,2.0000,-7.274440,-0.027237,-0.023804,32.00
0.216020,friction-sweep,hip_flexion_right_joint,RS04,-7.274440,0.000000,0.000000,0.0000,2.0000,-7.274440,-0.017166,0.023804,32.00
0.224014,friction-sweep,hip_flexion_right_joint,RS04,-7.274440,0.000000,0.000000,0.0000,2.0000,-7.274440,0.025406,-0.001831,32.00
0.232013,friction-sweep,hip_flexion_right_joint,RS04,-7.274440,0.000000,0.000000,0.0000,2.0000,-7.274440,-0.016708,-0.031128,32.00
0.240011,friction-sweep,hip_flexion_right_joint,RS04,-7.274056,0.000000,0.000000,0.0000,2.0000,-7.274056,-0.011215,-0.001831,32.00
0.248010,friction-sweep,hip_flexion_right_joint,RS04,-7.274440,0.000000,0.000000,0.0000,2.0000,-7.274440,-0.034104,-0.056763,32.00
0.256012,friction-sweep,hip_flexion_right_joint,RS04,-7.274056,0.000000,0.000000,0.0000,2.0000,-7.274056,0.024033,0.064087,32.00
0.264010,friction-sweep,hip_flexion_right_joint,RS04,-7.274440,0.000000,0.000000,0.0000,2.0000,-7.274440,0.030441,-0.005493,32.00
0.272009,friction-sweep,hip_flexion_right_joint,RS04,-7.274440,0.000000,0.000000,0.0000,2.0000,-7.274440,0.044174,0.001831,32.00
0.280011,friction-sweep,hip_flexion_right_joint,RS04,-7.274056,0.000000,0.000000,0.0000,2.0000,-7.274056,-0.008011,0.016479,32.00
0.288010,friction-sweep,hip_flexion_right_joint,RS04,-7.274440,0.000000,0.000000,0.0000,2.0000,-7.274440,0.006180,0.027466,32.00
0.296010,friction-sweep,hip_flexion_right_joint,RS04,-7.274440,0.000000,0.000000,0.0000,2.0000,-7.274440,-0.014420,0.023804,32.00
0.304011,friction-sweep,hip_flexion_right_joint,RS04,-7.274056,0.000000,0.000000,0.0000,2.0000,-7.274056,0.022202,-0.023804,32.00
0.312008,friction-sweep,hip_flexion_right_joint,RS04,-7.274440,0.000000,0.000000,0.0000,2.0000,-7.274440,-0.007553,-0.012817,32.00
0.320012,friction-sweep,hip_flexion_right_joint,RS04,-7.274440,0.000000,0.000000,0.0000,2.0000,-7.274440,0.014420,0.023804,32.00
0.328014,friction-sweep,hip_flexion_right_joint,RS04,-7.274440,0.000000,0.000000,0.0000,2.0000,-7.274440,-0.027237,-0.031128,32.00
0.336009,friction-sweep,hip_flexion_right_joint,RS04,-7.274440,0.000000,0.000000,0.0000,2.0000,-7.274440,0.008926,0.023804,32.00
0.344009,friction-sweep,hip_flexion_right_joint,RS04,-7.274440,0.000000,0.000000,0.0000,2.0000,-7.274440,-0.047837,-0.020142,32.00
0.352011,friction-sweep,hip_flexion_right_joint,RS04,-7.274056,0.000000,0.000000,0.0000,2.0000,-7.274056,0.008469,-0.023804,32.00
0.360009,friction-sweep,hip_flexion_right_joint,RS04,-7.274440,0.000000,0.000000,0.0000,2.0000,-7.274440,-0.038224,0.001831,32.00
0.368009,friction-sweep,hip_flexion_right_joint,RS04,-7.274056,0.000000,0.000000,0.0000,2.0000,-7.274056,-0.020828,-0.053101,32.00
0.376013,friction-sweep,hip_flexion_right_joint,RS04,-7.274056,0.000000,0.000000,0.0000,2.0000,-7.274056,0.077593,-0.034790,32.00
0.384009,friction-sweep,hip_flexion_right_joint,RS04,-7.274056,0.000000,0.000000,0.0000,2.0000,-7.274056,0.009842,-0.027466,32.00
0.392009,friction-sweep,hip_flexion_right_joint,RS04,-7.274056,0.000000,0.000000,0.0000,2.0000,-7.274056,0.035934,0.009155,32.00
0.400012,friction-sweep,hip_flexion_right_joint,RS04,-7.274440,1.500000,0.000000,0.0000,2.0000,-7.274440,0.026321,-0.016479,32.00
0.408010,friction-sweep,hip_flexion_right_joint,RS04,-7.274440,1.500000,0.000000,0.0000,2.0000,-7.274440,0.029984,0.045776,32.00
0.416009,friction-sweep,hip_flexion_right_joint,RS04,-7.273673,1.500000,0.000000,0.0000,2.0000,-7.273673,0.150835,1.085831,32.00
0.424017,friction-sweep,hip_flexion_right_joint,RS04,-7.271755,1.500000,0.000000,0.0000,2.0000,-7.271755,0.320211,1.382462,32.00
0.432012,friction-sweep,hip_flexion_right_joint,RS04,-7.268304,1.500000,0.000000,0.0000,2.0000,-7.268304,0.463036,1.602203,32.00
0.440013,friction-sweep,hip_flexion_right_joint,RS04,-7.264469,1.500000,0.000000,0.0000,2.0000,-7.264469,0.483177,1.961090,32.00
0.448013,friction-sweep,hip_flexion_right_joint,RS04,-7.259867,1.500000,0.000000,0.0000,2.0000,-7.259867,0.623254,1.737701,32.00
0.456012,friction-sweep,hip_flexion_right_joint,RS04,-7.254881,1.500000,0.000000,0.0000,2.0000,-7.254881,0.680018,0.774551,32.00
0.464011,friction-sweep,hip_flexion_right_joint,RS04,-7.248745,1.500000,0.000000,0.0000,2.0000,-7.248745,0.848935,0.082397,32.00
0.472013,friction-sweep,hip_flexion_right_joint,RS04,-7.241842,1.500000,0.000000,0.0000,2.0000,-7.241842,1.026093,0.485245,32.00
0.480010,friction-sweep,hip_flexion_right_joint,RS04,-7.233405,1.500000,0.000000,0.0000,2.0000,-7.233405,1.043488,1.664459,32.00
0.488010,friction-sweep,hip_flexion_right_joint,RS04,-7.224968,1.500000,0.000000,0.0000,2.0000,-7.224968,1.050812,1.093155,32.00
0.496012,friction-sweep,hip_flexion_right_joint,RS04,-7.216531,1.500000,0.000000,0.0000,2.0000,-7.216531,1.132753,-0.239876,32.00
0.504143,friction-sweep,hip_flexion_right_joint,RS04,-7.207327,1.500000,0.000000,0.0000,2.0000,-7.207327,1.162050,0.466919,32.00
0.512016,friction-sweep,hip_flexion_right_joint,RS04,-7.197740,1.500000,0.000000,0.0000,2.0000,-7.197740,1.235294,1.638824,32.00
0.520013,friction-sweep,hip_flexion_right_joint,RS04,-7.188536,1.500000,0.000000,0.0000,2.0000,-7.188536,1.095215,0.455933,32.00
0.528011,friction-sweep,hip_flexion_right_joint,RS04,-7.179332,1.500000,0.000000,0.0000,2.0000,-7.179332,1.221560,-0.455940,32.00
0.536011,friction-sweep,hip_flexion_right_joint,RS04,-7.169361,1.500000,0.000000,0.0000,2.0000,-7.169361,1.319065,1.206680,32.00
0.544014,friction-sweep,hip_flexion_right_joint,RS04,-7.159389,1.500000,0.000000,0.0000,2.0000,-7.159389,1.236210,0.964981,32.00
0.552012,friction-sweep,hip_flexion_right_joint,RS04,-7.150186,1.500000,0.000000,0.0000,2.0000,-7.150186,1.162966,-0.210571,32.00
0.560011,friction-sweep,hip_flexion_right_joint,RS04,-7.140214,1.500000,0.000000,0.0000,2.0000,-7.140214,1.299381,0.455933,32.00
0.568012,friction-sweep,hip_flexion_right_joint,RS04,-7.130244,1.500000,0.000000,0.0000,2.0000,-7.130244,1.246738,1.496002,32.00
0.576059,friction-sweep,hip_flexion_right_joint,RS04,-7.120656,1.500000,0.000000,0.0000,2.0000,-7.120656,1.186312,0.184937,32.00
0.584028,friction-sweep,hip_flexion_right_joint,RS04,-7.111069,1.500000,0.000000,0.0000,2.0000,-7.111069,1.206911,-0.283821,32.00
0.592023,friction-sweep,hip_flexion_right_joint,RS04,-7.100714,1.500000,0.000000,0.0000,2.0000,-7.100714,1.272831,1.382462,32.00
0.600017,friction-sweep,hip_flexion_right_joint,RS04,-7.091126,1.500000,0.000000,0.0000,2.0000,-7.091126,1.222933,0.800186,32.00
0.608016,friction-sweep,hip_flexion_right_joint,RS04,-7.081539,1.500000,0.000000,0.0000,2.0000,-7.081539,1.268253,-0.390022,32.00
0.616017,friction-sweep,hip_flexion_right_joint,RS04,-7.071568,1.500000,0.000000,0.0000,2.0000,-7.071568,1.191347,0.888077,32.00
0.624011,friction-sweep,hip_flexion_right_joint,RS04,-7.061597,1.500000,0.000000,0.0000,2.0000,-7.061597,1.280155,1.170059,32.00
0.632011,friction-sweep,hip_flexion_right_joint,RS04,-7.052009,1.500000,0.000000,0.0000,2.0000,-7.052009,1.170748,-0.045776,32.00
0.640012,friction-sweep,hip_flexion_right_joint,RS04,-7.042038,1.500000,0.000000,0.0000,2.0000,-7.042038,1.272831,0.122681,32.00
0.648010,friction-sweep,hip_flexion_right_joint,RS04,-7.032067,1.500000,0.000000,0.0000,2.0000,-7.032067,1.159304,1.525299,32.00
0.656011,friction-sweep,hip_flexion_right_joint,RS04,-7.022480,1.500000,0.000000,0.0000,2.0000,-7.022480,1.231174,0.379028,32.00
0.664013,friction-sweep,hip_flexion_right_joint,RS04,-7.012892,1.500000,0.000000,0.0000,2.0000,-7.012892,1.250401,-0.419319,32.00
0.672010,friction-sweep,hip_flexion_right_joint,RS04,-7.002921,1.500000,0.000000,0.0000,2.0000,-7.002921,1.195467,1.239639,32.00
0.680009,friction-sweep,hip_flexion_right_joint,RS04,-6.992950,1.500000,0.000000,0.0000,2.0000,-6.992950,1.200960,0.939346,32.00
0.688013,friction-sweep,hip_flexion_right_joint,RS04,-6.983363,1.500000,0.000000,0.0000,2.0000,-6.983363,1.225222,-0.324104,32.00
0.696011,friction-sweep,hip_flexion_right_joint,RS04,-6.973392,1.500000,0.000000,0.0000,2.0000,-6.973392,1.290226,0.584122,32.00
0.704009,friction-sweep,hip_flexion_right_joint,RS04,-6.963420,1.500000,0.000000,0.0000,2.0000,-6.963420,1.282902,1.371475,32.00
0.712013,friction-sweep,hip_flexion_right_joint,RS04,-6.953833,1.500000,0.000000,0.0000,2.0000,-6.953833,1.190432,0.045776,32.00
0.720011,friction-sweep,hip_flexion_right_joint,RS04,-6.943862,1.500000,0.000000,0.0000,2.0000,-6.943862,1.255436,-0.236214,32.00
0.728009,friction-sweep,hip_flexion_right_joint,RS04,-6.933891,1.500000,0.000000,0.0000,2.0000,-6.933891,1.277866,1.543610,32.00
0.736013,friction-sweep,hip_flexion_right_joint,RS04,-6.923920,1.500000,0.000000,0.0000,2.0000,-6.923920,1.138704,0.617081,32.00
0.744010,friction-sweep,hip_flexion_right_joint,RS04,-6.914332,1.500000,0.000000,0.0000,2.0000,-6.914332,1.249027,-0.507210,32.00
0.752009,friction-sweep,hip_flexion_right_joint,RS04,-6.904361,1.500000,0.000000,0.0000,2.0000,-6.904361,1.264591,1.060196,32.00
0.760012,friction-sweep,hip_flexion_right_joint,RS04,-6.894390,1.500000,0.000000,0.0000,2.0000,-6.894390,1.198671,1.071182,32.00
0.768010,friction-sweep,hip_flexion_right_joint,RS04,-6.884803,1.500000,0.000000,0.0000,2.0000,-6.884803,1.159761,-0.280159,32.00
0.776012,friction-sweep,hip_flexion_right_joint,RS04,-6.874832,1.500000,0.000000,0.0000,2.0000,-6.874832,1.302128,0.368042,32.00
0.784012,friction-sweep,hip_flexion_right_joint,RS04,-6.864477,1.500000,0.000000,0.0000,2.0000,-6.864477,1.308994,1.602203,32.00
0.792010,friction-sweep,hip_flexion_right_joint,RS04,-6.854889,1.500000,0.000000,0.0000,2.0000,-6.854889,1.219728,0.195923,32.00
0.800009,friction-sweep,hip_flexion_right_joint,RS04,-6.845302,1.500000,0.000000,0.0000,2.0000,-6.845302,1.174410,-0.368050,32.00
0.808011,friction-sweep,hip_flexion_right_joint,RS04,-6.834948,1.500000,0.000000,0.0000,2.0000,-6.834948,1.257725,1.448395,32.00
0.816010,friction-sweep,hip_flexion_right_joint,RS04,-6.825360,1.500000,0.000000,0.0000,2.0000,-6.825360,1.192720,0.774551,32.00
0.824010,friction-sweep,hip_flexion_right_joint,RS04,-6.815389,1.500000,0.000000,0.0000,2.0000,-6.815389,1.243076,-0.419319,32.00
0.832013,friction-sweep,hip_flexion_right_joint,RS04,-6.805418,1.500000,0.000000,0.0000,2.0000,-6.805418,1.266422,0.928360,32.00
0.840011,friction-sweep,hip_flexion_right_joint,RS04,-6.795447,1.500000,0.000000,0.0000,2.0000,-6.795447,1.232090,1.137100,32.00
0.848011,friction-sweep,hip_flexion_right_joint,RS04,-6.785859,1.500000,0.000000,0.0000,2.0000,-6.785859,1.126345,-0.126343,32.00
0.856013,friction-sweep,hip_flexion_right_joint,RS04,-6.776272,1.500000,0.000000,0.0000,2.0000,-6.776272,1.291599,0.173950,32.00
0.864011,friction-sweep,hip_flexion_right_joint,RS04,-6.765918,1.500000,0.000000,0.0000,2.0000,-6.765918,1.304874,1.470367,32.00
0.872007,friction-sweep,hip_flexion_right_joint,RS04,-6.756330,1.500000,0.000000,0.0000,2.0000,-6.756330,1.185854,0.316772,32.00
0.880015,friction-sweep,hip_flexion_right_joint,RS04,-6.746742,1.500000,0.000000,0.0000,2.0000,-6.746742,1.213778,-0.470589,32.00
0.888011,friction-sweep,hip_flexion_right_joint,RS04,-6.736388,1.500000,0.000000,0.0000,2.0000,-6.736388,1.286564,1.320206,32.00
0.896011,friction-sweep,hip_flexion_right_joint,RS04,-6.726417,1.500000,0.000000,0.0000,2.0000,-6.726417,1.227510,0.862442,32.00
0.904026,friction-sweep,hip_flexion_right_joint,RS04,-6.716829,1.500000,0.000000,0.0000,2.0000,-6.716829,1.152895,-0.404671,32.00
0.912011,friction-sweep,hip_flexion_right_joint,RS04,-6.706858,1.500000,0.000000,0.0000,2.0000,-6.706858,1.267796,0.737930,32.00
0.920010,friction-sweep,hip_flexion_right_joint,RS04,-6.696504,1.500000,0.000000,0.0000,2.0000,-6.696504,1.264591,1.246964,32.00
0.928012,friction-sweep,hip_flexion_right_joint,RS04,-6.686916,1.500000,0.000000,0.0000,2.0000,-6.686916,1.212862,-0.086060,32.00
0.936011,friction-sweep,hip_flexion_right_joint,RS04,-6.677329,1.500000,0.000000,0.0000,2.0000,-6.677329,1.239872,0.005493,32.00
0.944011,friction-sweep,hip_flexion_right_joint,RS04,-6.666974,1.500000,0.000000,0.0000,2.0000,-6.666974,1.255894,1.448395,32.00
0.952013,friction-sweep,hip_flexion_right_joint,RS04,-6.657003,1.500000,0.000000,0.0000,2.0000,-6.657003,1.238499,0.368042,32.00
0.960013,friction-sweep,hip_flexion_right_joint,RS04,-6.647416,1.500000,0.000000,0.0000,2.0000,-6.647416,1.257267,-0.466927,32.00
0.968011,friction-sweep,hip_flexion_right_joint,RS04,-6.637444,1.500000,0.000000,0.0000,2.0000,-6.637444,1.276035,1.257950,32.00
0.976015,friction-sweep,hip_flexion_right_joint,RS04,-6.627473,1.500000,0.000000,0.0000,2.0000,-6.627473,1.237125,0.953995,32.00
0.984011,friction-sweep,hip_flexion_right_joint,RS04,-6.617886,1.500000,0.000000,0.0000,2.0000,-6.617886,1.224764,-0.393684,32.00
0.992011,friction-sweep,hip_flexion_right_joint,RS04,-6.607532,1.500000,0.000000,0.0000,2.0000,-6.607532,1.333714,0.580460,32.00
1.000015,friction-sweep,hip_flexion_right_joint,RS04,-6.597560,1.500000,0.000000,0.0000,2.0000,-6.597560,1.235294,1.312881,32.00
1.008248,friction-sweep,hip_flexion_right_joint,RS04,-6.587589,1.500000,0.000000,0.0000,2.0000,-6.587589,1.140993,0.034790,32.00
1.016029,friction-sweep,hip_flexion_right_joint,RS04,-6.578002,1.500000,0.000000,0.0000,2.0000,-6.578002,1.219271,-0.119019,32.00
1.024021,friction-sweep,hip_flexion_right_joint,RS04,-6.568031,1.500000,0.000000,0.0000,2.0000,-6.568031,1.276035,1.547272,32.00
1.032018,friction-sweep,hip_flexion_right_joint,RS04,-6.558060,1.500000,0.000000,0.0000,2.0000,-6.558060,1.247654,0.547501,32.00
1.040025,friction-sweep,hip_flexion_right_joint,RS04,-6.548472,1.500000,0.000000,0.0000,2.0000,-6.548472,1.227968,-0.379036,32.00
1.048018,friction-sweep,hip_flexion_right_joint,RS04,-6.538118,1.500000,0.000000,0.0000,2.0000,-6.538118,1.282902,1.122452,32.00
1.056015,friction-sweep,hip_flexion_right_joint,RS04,-6.528530,1.500000,0.000000,0.0000,2.0000,-6.528530,1.273289,1.045547,32.00
1.064030,friction-sweep,hip_flexion_right_joint,RS04,-6.518943,1.500000,0.000000,0.0000,2.0000,-6.518943,1.176241,-0.349739,32.00
1.072020,friction-sweep,hip_flexion_right_joint,RS04,-6.508972,1.500000,0.000000,0.0000,2.0000,-6.508972,1.266880,0.408325,32.00
1.080014,friction-sweep,hip_flexion_right_joint,RS04,-6.498617,1.500000,0.000000,0.0000,2.0000,-6.498617,1.314487,1.455719,32.00
1.088019,friction-sweep,hip_flexion_right_joint,RS04,-6.489029,1.500000,0.000000,0.0000,2.0000,-6.489029,1.237583,0.137329,32.00
1.096024,friction-sweep,hip_flexion_right_joint,RS04,-6.479442,1.500000,0.000000,0.0000,2.0000,-6.479442,1.280155,-0.327766,32.00
1.104022,friction-sweep,hip_flexion_right_joint,RS04,-6.469088,1.500000,0.000000,0.0000,2.0000,-6.469088,1.245823,1.536285,32.00
1.112014,friction-sweep,hip_flexion_right_joint,RS04,-6.459116,1.500000,0.000000,0.0000,2.0000,-6.459116,1.237583,0.693985,32.00
1.120015,friction-sweep,hip_flexion_right_joint,RS04,-6.449529,1.500000,0.000000,0.0000,2.0000,-6.449529,1.211946,-0.485237,32.00
1.128012,friction-sweep,hip_flexion_right_joint,RS04,-6.439558,1.500000,0.000000,0.0000,2.0000,-6.439558,1.280155,0.964981,32.00
1.136013,friction-sweep,hip_flexion_right_joint,RS04,-6.429204,1.500000,0.000000,0.0000,2.0000,-6.429204,1.166170,1.115128,32.00
1.144013,friction-sweep,hip_flexion_right_joint,RS04,-6.419616,1.500000,0.000000,0.0000,2.0000,-6.419616,1.167543,-0.243538,32.00
1.152020,friction-sweep,hip_flexion_right_joint,RS04,-6.410028,1.500000,0.000000,0.0000,2.0000,-6.410028,1.201876,0.309448,32.00
1.160012,friction-sweep,hip_flexion_right_joint,RS04,-6.399674,1.500000,0.000000,0.0000,2.0000,-6.399674,1.234837,1.620514,32.00
1.168012,friction-sweep,hip_flexion_right_joint,RS04,-6.390086,1.500000,0.000000,0.0000,2.0000,-6.390086,1.240788,0.239868,32.00
1.176011,friction-sweep,hip_flexion_right_joint,RS04,-6.380116,1.500000,0.000000,0.0000,2.0000,-6.380116,1.255436,-0.422981,32.00
1.184018,friction-sweep,hip_flexion_right_joint,RS04,-6.370144,1.500000,0.000000,0.0000,2.0000,-6.370144,1.252689,1.408112,32.00
1.192012,friction-sweep,hip_flexion_right_joint,RS04,-6.360173,1.500000,0.000000,0.0000,2.0000,-6.360173,1.202791,0.858780,32.00
1.200014,friction-sweep,hip_flexion_right_joint,RS04,-6.350586,1.500000,0.000000,0.0000,2.0000,-6.350586,1.233463,-0.386360,32.00
1.208028,friction-sweep,hip_flexion_right_joint,RS04,-6.340615,1.500000,0.000000,0.0000,2.0000,-6.340615,1.273746,0.833145,32.00
1.216015,friction-sweep,hip_flexion_right_joint,RS04,-6.330644,1.500000,0.000000,0.0000,2.0000,-6.330644,1.292057,1.203018,32.00
1.224013,friction-sweep,hip_flexion_right_joint,RS04,-6.321056,1.500000,0.000000,0.0000,2.0000,-6.321056,1.160219,-0.075073,32.00
1.232012,friction-sweep,hip_flexion_right_joint,RS04,-6.311469,1.500000,0.000000,0.0000,2.0000,-6.311469,1.265965,0.027466,32.00
1.240263,friction-sweep,hip_flexion_right_joint,RS04,-6.301114,1.500000,0.000000,0.0000,2.0000,-6.301114,1.220186,1.576569,32.00
1.248041,friction-sweep,hip_flexion_right_joint,RS04,-6.291526,1.500000,0.000000,0.0000,2.0000,-6.291526,1.191347,0.375366,32.00
1.256027,friction-sweep,hip_flexion_right_joint,RS04,-6.281939,1.500000,0.000000,0.0000,2.0000,-6.281939,1.209200,-0.569466,32.00
1.264022,friction-sweep,hip_flexion_right_joint,RS04,-6.271968,1.500000,0.000000,0.0000,2.0000,-6.271968,1.272373,1.235977,32.00
1.272018,friction-sweep,hip_flexion_right_joint,RS04,-6.261614,1.500000,0.000000,0.0000,2.0000,-6.261614,1.265049,0.972305,32.00
1.280019,friction-sweep,hip_flexion_right_joint,RS04,-6.252026,1.500000,0.000000,0.0000,2.0000,-6.252026,1.200502,-0.419319,32.00
1.288015,friction-sweep,hip_flexion_right_joint,RS04,-6.242438,1.500000,0.000000,0.0000,2.0000,-6.242438,1.232090,0.562149,32.00
1.296013,friction-sweep,hip_flexion_right_joint,RS04,-6.232084,1.500000,0.000000,0.0000,2.0000,-6.232084,1.287479,1.463043,32.00
1.304012,friction-sweep,hip_flexion_right_joint,RS04,-6.222497,1.500000,0.000000,0.0000,2.0000,-6.222497,1.116732,0.005493,32.00
1.312013,friction-sweep,hip_flexion_right_joint,RS04,-6.212909,1.500000,0.000000,0.0000,2.0000,-6.212909,1.195009,-0.144653,32.00
1.320152,friction-sweep,hip_flexion_right_joint,RS04,-6.202171,1.500000,0.000000,0.0000,2.0000,-6.202171,1.282444,1.580231,32.00
1.332027,friction-sweep,hip_flexion_right_joint,RS04,-6.187981,1.500000,0.000000,0.0000,2.0000,-6.187981,1.163424,-0.243538,32.00
1.344017,friction-sweep,hip_flexion_right_joint,RS04,-6.173025,1.500000,0.000000,0.0000,2.0000,-6.173025,1.249485,1.184708,32.00
1.356009,friction-sweep,hip_flexion_right_joint,RS04,-6.158068,1.500000,0.000000,0.0000,2.0000,-6.158068,1.230257,0.316772,32.00
1.368010,friction-sweep,hip_flexion_right_joint,RS04,-6.143112,1.500000,0.000000,0.0000,2.0000,-6.143112,1.254520,0.397339,32.00
1.376017,friction-sweep,hip_flexion_right_joint,RS04,-6.133141,1.500000,0.000000,0.0000,2.0000,-6.133141,1.298466,1.587555,32.00
1.384013,friction-sweep,hip_flexion_right_joint,RS04,-6.123553,1.500000,0.000000,0.0000,2.0000,-6.123553,1.148775,0.122681,32.00
1.392013,friction-sweep,hip_flexion_right_joint,RS04,-6.113583,1.500000,0.000000,0.0000,2.0000,-6.113583,1.276951,-0.360725,32.00
1.400013,friction-sweep,hip_flexion_right_joint,RS04,-6.103611,1.500000,0.000000,0.0000,2.0000,-6.103611,1.303959,1.528961,32.00
1.408012,friction-sweep,hip_flexion_right_joint,RS04,-6.093640,1.500000,0.000000,0.0000,2.0000,-6.093640,1.238956,0.686661,32.00
1.416012,friction-sweep,hip_flexion_right_joint,RS04,-6.084053,1.500000,0.000000,0.0000,2.0000,-6.084053,1.242619,-0.613411,32.00
1.424016,friction-sweep,hip_flexion_right_joint,RS04,-6.073698,1.500000,0.000000,0.0000,2.0000,-6.073698,1.308537,1.019913,32.00
1.432014,friction-sweep,hip_flexion_right_joint,RS04,-6.063727,1.500000,0.000000,0.0000,2.0000,-6.063727,1.216066,1.199356,32.00
1.440012,friction-sweep,hip_flexion_right_joint,RS04,-6.054523,1.500000,0.000000,0.0000,2.0000,-6.054523,1.199129,-0.276497,32.00
1.448012,friction-sweep,hip_flexion_right_joint,RS04,-6.044168,1.500000,0.000000,0.0000,2.0000,-6.044168,1.298923,0.302124,32.00
1.456069,friction-sweep,hip_flexion_right_joint,RS04,-6.033814,1.500000,0.000000,0.0000,2.0000,-6.033814,1.308079,1.583893,32.00
1.464027,friction-sweep,hip_flexion_right_joint,RS04,-6.024227,1.500000,0.000000,0.0000,2.0000,-6.024227,1.201418,0.294800,32.00
1.472028,friction-sweep,hip_flexion_right_joint,RS04,-6.014639,1.500000,0.000000,0.0000,2.0000,-6.014639,1.203249,-0.397346,32.00
1.480051,friction-sweep,hip_flexion_right_joint,RS04,-6.004284,1.500000,0.000000,0.0000,2.0000,-6.004284,1.271915,1.470367,32.00
1.488018,friction-sweep,hip_flexion_right_joint,RS04,-5.994313,1.500000,0.000000,0.0000,2.0000,-5.994313,1.233006,0.792862,32.00
1.496015,friction-sweep,hip_flexion_right_joint,RS04,-5.985109,1.500000,0.000000,0.0000,2.0000,-5.985109,1.210573,-0.529182,32.00
1.504011,friction-sweep,hip_flexion_right_joint,RS04,-5.974755,1.500000,0.000000,0.0000,2.0000,-5.974755,1.313114,0.884415,32.00
1.512013,friction-sweep,hip_flexion_right_joint,RS04,-5.964784,1.500000,0.000000,0.0000,2.0000,-5.964784,1.260929,1.173721,32.00
1.520013,friction-sweep,hip_flexion_right_joint,RS04,-5.955196,1.500000,0.000000,0.0000,2.0000,-5.955196,1.210115,-0.177612,32.00
1.528119,friction-sweep,hip_flexion_right_joint,RS04,-5.945225,1.500000,0.000000,0.0000,2.0000,-5.945225,1.244907,0.184937,32.00
1.536021,friction-sweep,hip_flexion_right_joint,RS04,-5.935254,1.500000,0.000000,0.0000,2.0000,-5.935254,1.282902,1.594879,32.00
1.544012,friction-sweep,hip_flexion_right_joint,RS04,-5.925283,1.500000,0.000000,0.0000,2.0000,-5.925283,1.219271,0.280151,32.00
1.552014,friction-sweep,hip_flexion_right_joint,RS04,-5.915696,1.500000,0.000000,0.0000,2.0000,-5.915696,1.257267,-0.433968,32.00
1.560055,friction-sweep,hip_flexion_right_joint,RS04,-5.905341,1.500000,0.000000,0.0000,2.0000,-5.905341,1.261387,1.334854,32.00
1.568023,friction-sweep,hip_flexion_right_joint,RS04,-5.895370,1.500000,0.000000,0.0000,2.0000,-5.895370,1.185396,0.917374,32.00
1.580013,friction-sweep,hip_flexion_right_joint,RS04,-5.880797,1.500000,0.000000,0.0000,2.0000,-5.880797,1.304417,-0.261848,32.00
1.588022,friction-sweep,hip_flexion_right_joint,RS04,-5.870443,1.500000,0.000000,0.0000,2.0000,-5.870443,1.319523,1.565582,32.00
1.596017,friction-sweep,hip_flexion_right_joint,RS04,-5.860855,1.500000,0.000000,0.0000,2.0000,-5.860855,1.208284,0.653702,32.00
1.604019,friction-sweep,hip_flexion_right_joint,RS04,-5.851267,-1.500000,0.000000,0.0000,2.0000,-5.851267,1.210573,-0.499886,32.00
1.612015,friction-sweep,hip_flexion_right_joint,RS04,-5.841296,-1.500000,0.000000,0.0000,2.0000,-5.841296,1.299381,1.019913,32.00
1.620016,friction-sweep,hip_flexion_right_joint,RS04,-5.832476,-1.500000,0.000000,0.0000,2.0000,-5.832476,0.920348,-0.170288,32.00
1.628012,friction-sweep,hip_flexion_right_joint,RS04,-5.827490,-1.500000,0.000000,0.0000,2.0000,-5.827490,0.424126,-1.455711,32.00
1.636012,friction-sweep,hip_flexion_right_joint,RS04,-5.826340,-1.500000,0.000000,0.0000,2.0000,-5.826340,-0.005264,-1.466698,32.00
1.644013,friction-sweep,hip_flexion_right_joint,RS04,-5.827874,-1.500000,0.000000,0.0000,2.0000,-5.827874,-0.265737,-0.932022,32.00
1.652011,friction-sweep,hip_flexion_right_joint,RS04,-5.831326,-1.500000,0.000000,0.0000,2.0000,-5.831326,-0.510643,-0.360725,32.00
1.660012,friction-sweep,hip_flexion_right_joint,RS04,-5.836694,-1.500000,0.000000,0.0000,2.0000,-5.836694,-0.794919,-0.130005,32.00
1.668009,friction-sweep,hip_flexion_right_joint,RS04,-5.843597,-1.500000,0.000000,0.0000,2.0000,-5.843597,-0.902494,-0.847794,32.00
1.676011,friction-sweep,hip_flexion_right_joint,RS04,-5.851267,-1.500000,0.000000,0.0000,2.0000,-5.851267,-0.978027,-2.030670,32.00
1.684012,friction-sweep,hip_flexion_right_joint,RS04,-5.859321,-1.500000,0.000000,0.0000,2.0000,-5.859321,-1.015564,-0.994278,32.00
1.692011,friction-sweep,hip_flexion_right_joint,RS04,-5.867375,-1.500000,0.000000,0.0000,2.0000,-5.867375,-1.060884,0.342407,32.00
1.700012,friction-sweep,hip_flexion_right_joint,RS04,-5.876579,-1.500000,0.000000,0.0000,2.0000,-5.876579,-1.143283,-0.532845,32.00
1.708012,friction-sweep,hip_flexion_right_joint,RS04,-5.886166,-1.500000,0.000000,0.0000,2.0000,-5.886166,-1.127260,-1.876862,32.00
1.716011,friction-sweep,hip_flexion_right_joint,RS04,-5.895370,-1.500000,0.000000,0.0000,2.0000,-5.895370,-1.281529,-0.228882,32.00
1.724011,friction-sweep,hip_flexion_right_joint,RS04,-5.904574,-1.500000,0.000000,0.0000,2.0000,-5.904574,-1.146029,0.346069,32.00
1.732011,friction-sweep,hip_flexion_right_joint,RS04,-5.914545,-1.500000,0.000000,0.0000,2.0000,-5.914545,-1.268712,-1.206688,32.00
1.740065,friction-sweep,hip_flexion_right_joint,RS04,-5.924133,-1.500000,0.000000,0.0000,2.0000,-5.924133,-1.173495,-1.195702,32.00
1.748033,friction-sweep,hip_flexion_right_joint,RS04,-5.934103,-1.500000,0.000000,0.0000,2.0000,-5.934103,-1.219273,0.521866,32.00
1.756022,friction-sweep,hip_flexion_right_joint,RS04,-5.943691,-1.500000,0.000000,0.0000,2.0000,-5.943691,-1.216526,-0.503548,32.00
1.764018,friction-sweep,hip_flexion_right_joint,RS04,-5.953662,-1.500000,0.000000,0.0000,2.0000,-5.953662,-1.195926,-1.745026,32.00
1.772010,friction-sweep,hip_flexion_right_joint,RS04,-5.963249,-1.500000,0.000000,0.0000,2.0000,-5.963249,-1.155185,0.144653,32.00
1.780013,friction-sweep,hip_flexion_right_joint,RS04,-5.973221,-1.500000,0.000000,0.0000,2.0000,-5.973221,-1.306249,0.108032,32.00
1.788011,friction-sweep,hip_flexion_right_joint,RS04,-5.983192,-1.500000,0.000000,0.0000,2.0000,-5.983192,-1.246281,-1.353172,32.00
1.796008,friction-sweep,hip_flexion_right_joint,RS04,-5.992779,-1.500000,0.000000,0.0000,2.0000,-5.992779,-1.224308,-0.617073,32.00
1.804011,friction-sweep,hip_flexion_right_joint,RS04,-6.002750,-1.500000,0.000000,0.0000,2.0000,-6.002750,-1.217899,0.543839,32.00
1.812011,friction-sweep,hip_flexion_right_joint,RS04,-6.013104,-1.500000,0.000000,0.0000,2.0000,-6.013104,-1.268254,-1.045547,32.00
1.820031,friction-sweep,hip_flexion_right_joint,RS04,-6.022693,-1.500000,0.000000,0.0000,2.0000,-6.022693,-1.160678,-1.316551,32.00
1.828014,friction-sweep,hip_flexion_right_joint,RS04,-6.032663,-1.500000,0.000000,0.0000,2.0000,-6.032663,-1.216526,0.521866,32.00
1.836015,friction-sweep,hip_flexion_right_joint,RS04,-6.042634,-1.500000,0.000000,0.0000,2.0000,-6.042634,-1.259098,-0.320442,32.00
1.844016,friction-sweep,hip_flexion_right_joint,RS04,-6.052605,-1.500000,0.000000,0.0000,2.0000,-6.052605,-1.200961,-1.734039,32.00
1.852013,friction-sweep,hip_flexion_right_joint,RS04,-6.062577,-1.500000,0.000000,0.0000,2.0000,-6.062577,-1.254520,0.038452,32.00
1.860011,friction-sweep,hip_flexion_right_joint,RS04,-6.072164,-1.500000,0.000000,0.0000,2.0000,-6.072164,-1.260472,0.236206,32.00
1.868016,friction-sweep,hip_flexion_right_joint,RS04,-6.082519,-1.500000,0.000000,0.0000,2.0000,-6.082519,-1.247654,-1.298241,32.00
1.876012,friction-sweep,hip_flexion_right_joint,RS04,-6.092490,-1.500000,0.000000,0.0000,2.0000,-6.092490,-1.242619,-0.719620,32.00
1.884008,friction-sweep,hip_flexion_right_joint,RS04,-6.102077,-1.500000,0.000000,0.0000,2.0000,-6.102077,-1.279698,0.532852,32.00
1.892014,friction-sweep,hip_flexion_right_joint,RS04,-6.112049,-1.500000,0.000000,0.0000,2.0000,-6.112049,-1.300298,-0.921036,32.00
1.900011,friction-sweep,hip_flexion_right_joint,RS04,-6.122019,-1.500000,0.000000,0.0000,2.0000,-6.122019,-1.234379,-1.400780,32.00
1.908046,friction-sweep,hip_flexion_right_joint,RS04,-6.131990,-1.500000,0.000000,0.0000,2.0000,-6.131990,-1.235752,0.510880,32.00
1.920030,friction-sweep,hip_flexion_right_joint,RS04,-6.146946,-1.500000,0.000000,0.0000,2.0000,-6.146946,-1.281987,-1.155411,32.00
1.928011,friction-sweep,hip_flexion_right_joint,RS04,-6.156918,-1.500000,0.000000,0.0000,2.0000,-6.156918,-1.323645,-1.140762,32.00
1.940025,friction-sweep,hip_flexion_right_joint,RS04,-6.171491,-1.500000,0.000000,0.0000,2.0000,-6.171491,-1.272374,0.302124,32.00
1.948016,friction-sweep,hip_flexion_right_joint,RS04,-6.181462,-1.500000,0.000000,0.0000,2.0000,-6.181462,-1.289311,-1.232323,32.00
1.956018,friction-sweep,hip_flexion_right_joint,RS04,-6.191433,-1.500000,0.000000,0.0000,2.0000,-6.191433,-1.239872,-0.906387,32.00
1.964015,friction-sweep,hip_flexion_right_joint,RS04,-6.201020,-1.500000,0.000000,0.0000,2.0000,-6.201020,-1.214695,0.529190,32.00
1.972015,friction-sweep,hip_flexion_right_joint,RS04,-6.211375,-1.500000,0.000000,0.0000,2.0000,-6.211375,-1.273747,-0.862442,32.00
1.980016,friction-sweep,hip_flexion_right_joint,RS04,-6.220963,-1.500000,0.000000,0.0000,2.0000,-6.220963,-1.208744,-1.466698,32.00
1.988012,friction-sweep,hip_flexion_right_joint,RS04,-6.230934,-1.500000,0.000000,0.0000,2.0000,-6.230934,-1.168002,0.404663,32.00
1.996022,friction-sweep,hip_flexion_right_joint,RS04,-6.240521,-1.500000,0.000000,0.0000,2.0000,-6.240521,-1.222935,-0.126343,32.00
2.004019,friction-sweep,hip_flexion_right_joint,RS04,-6.250875,-1.500000,0.000000,0.0000,2.0000,-6.250875,-1.247654,-1.796295,32.00
2.012014,friction-sweep,hip_flexion_right_joint,RS04,-6.260463,-1.500000,0.000000,0.0000,2.0000,-6.260463,-1.207371,-0.192261,32.00
2.020012,friction-sweep,hip_flexion_right_joint,RS04,-6.270434,-1.500000,0.000000,0.0000,2.0000,-6.270434,-1.211491,0.415649,32.00
2.028020,friction-sweep,hip_flexion_right_joint,RS04,-6.280405,-1.500000,0.000000,0.0000,2.0000,-6.280405,-1.229343,-1.228661,32.00
2.036013,friction-sweep,hip_flexion_right_joint,RS04,-6.290376,-1.500000,0.000000,0.0000,2.0000,-6.290376,-1.204166,-1.078506,32.00
2.044182,friction-sweep,hip_flexion_right_joint,RS04,-6.299964,-1.500000,0.000000,0.0000,2.0000,-6.299964,-1.263677,0.514542,32.00
2.052022,friction-sweep,hip_flexion_right_joint,RS04,-6.309935,-1.500000,0.000000,0.0000,2.0000,-6.309935,-1.178073,-0.613411,32.00
2.060049,friction-sweep,hip_flexion_right_joint,RS04,-6.319906,-1.500000,0.000000,0.0000,2.0000,-6.319906,-1.285649,-1.510643,32.00
2.068019,friction-sweep,hip_flexion_right_joint,RS04,-6.329493,-1.500000,0.000000,0.0000,2.0000,-6.329493,-1.199130,0.232544,32.00
2.076012,friction-sweep,hip_flexion_right_joint,RS04,-6.339464,-1.500000,0.000000,0.0000,2.0000,-6.339464,-1.253147,-0.045776,32.00
2.084013,friction-sweep,hip_flexion_right_joint,RS04,-6.349435,-1.500000,0.000000,0.0000,2.0000,-6.349435,-1.257725,-1.660797,32.00
2.092011,friction-sweep,hip_flexion_right_joint,RS04,-6.359406,-1.500000,0.000000,0.0000,2.0000,-6.359406,-1.222019,-0.430305,32.00
2.100013,friction-sweep,hip_flexion_right_joint,RS04,-6.368994,-1.500000,0.000000,0.0000,2.0000,-6.368994,-1.242161,0.422974,32.00
2.108019,friction-sweep,hip_flexion_right_joint,RS04,-6.379348,-1.500000,0.000000,0.0000,2.0000,-6.379348,-1.312657,-1.093155,32.00
2.116015,friction-sweep,hip_flexion_right_joint,RS04,-6.389319,-1.500000,0.000000,0.0000,2.0000,-6.389319,-1.265050,-1.214012,32.00
2.124017,friction-sweep,hip_flexion_right_joint,RS04,-6.398523,-1.500000,0.000000,0.0000,2.0000,-6.398523,-1.281987,0.448608,32.00
2.132015,friction-sweep,hip_flexion_right_joint,RS04,-6.408878,-1.500000,0.000000,0.0000,2.0000,-6.408878,-1.254520,-0.463264,32.00
2.140012,friction-sweep,hip_flexion_right_joint,RS04,-6.418466,-1.500000,0.000000,0.0000,2.0000,-6.418466,-1.210575,-1.668121,32.00
2.148012,friction-sweep,hip_flexion_right_joint,RS04,-6.428437,-1.500000,0.000000,0.0000,2.0000,-6.428437,-1.217899,0.053101,32.00
2.156013,friction-sweep,hip_flexion_right_joint,RS04,-6.438024,-1.500000,0.000000,0.0000,2.0000,-6.438024,-1.261388,0.126343,32.00
2.164028,friction-sweep,hip_flexion_right_joint,RS04,-6.448379,-1.500000,0.000000,0.0000,2.0000,-6.448379,-1.189517,-1.312889,32.00
2.172011,friction-sweep,hip_flexion_right_joint,RS04,-6.457966,-1.500000,0.000000,0.0000,2.0000,-6.457966,-1.204624,-0.734268,32.00
2.180014,friction-sweep,hip_flexion_right_joint,RS04,-6.467554,-1.500000,0.000000,0.0000,2.0000,-6.467554,-1.207371,0.558487,32.00
2.188017,friction-sweep,hip_flexion_right_joint,RS04,-6.477908,-1.500000,0.000000,0.0000,2.0000,-6.477908,-1.292516,-0.921036,32.00
2.196015,friction-sweep,hip_flexion_right_joint,RS04,-6.487495,-1.500000,0.000000,0.0000,2.0000,-6.487495,-1.197299,-1.400780,32.00
2.204010,friction-sweep,hip_flexion_right_joint,RS04,-6.497083,-1.500000,0.000000,0.0000,2.0000,-6.497083,-1.200961,0.459595,32.00
2.212011,friction-sweep,hip_flexion_right_joint,RS04,-6.507054,-1.500000,0.000000,0.0000,2.0000,-6.507054,-1.213779,-0.239876,32.00
2.220021,friction-sweep,hip_flexion_right_joint,RS04,-6.517025,-1.500000,0.000000,0.0000,2.0000,-6.517025,-1.195926,-1.730377,32.00
2.228020,friction-sweep,hip_flexion_right_joint,RS04,-6.526996,-1.500000,0.000000,0.0000,2.0000,-6.526996,-1.189059,-0.210571,32.00
2.236013,friction-sweep,hip_flexion_right_joint,RS04,-6.536584,-1.500000,0.000000,0.0000,2.0000,-6.536584,-1.324102,0.236206,32.00
2.244012,friction-sweep,hip_flexion_right_joint,RS04,-6.546938,-1.500000,0.000000,0.0000,2.0000,-6.546938,-1.276036,-1.239647,32.00
2.252009,friction-sweep,hip_flexion_right_joint,RS04,-6.556526,-1.500000,0.000000,0.0000,2.0000,-6.556526,-1.185855,-0.964981,32.00
2.260022,friction-sweep,hip_flexion_right_joint,RS04,-6.566113,-1.500000,0.000000,0.0000,2.0000,-6.566113,-1.284276,0.562149,32.00
2.268014,friction-sweep,hip_flexion_right_joint,RS04,-6.576085,-1.500000,0.000000,0.0000,2.0000,-6.576085,-1.222477,-0.781876,32.00
2.276022,friction-sweep,hip_flexion_right_joint,RS04,-6.586055,-1.500000,0.000000,0.0000,2.0000,-6.586055,-1.177615,-1.565575,32.00
2.284014,friction-sweep,hip_flexion_right_joint,RS04,-6.595643,-1.500000,0.000000,0.0000,2.0000,-6.595643,-1.180820,0.324097,32.00
2.292012,friction-sweep,hip_flexion_right_joint,RS04,-6.605614,-1.500000,0.000000,0.0000,2.0000,-6.605614,-1.262761,-0.042114,32.00
2.300011,friction-sweep,hip_flexion_right_joint,RS04,-6.615969,-1.500000,0.000000,0.0000,2.0000,-6.615969,-1.257267,-1.693756,32.00
2.308014,friction-sweep,hip_flexion_right_joint,RS04,-6.625556,-1.500000,0.000000,0.0000,2.0000,-6.625556,-1.282445,-0.426643,32.00
2.316014,friction-sweep,hip_flexion_right_joint,RS04,-6.635143,-1.500000,0.000000,0.0000,2.0000,-6.635143,-1.253147,0.488907,32.00
2.324016,friction-sweep,hip_flexion_right_joint,RS04,-6.645498,-1.500000,0.000000,0.0000,2.0000,-6.645498,-1.301213,-1.188377,32.00
2.332027,friction-sweep,hip_flexion_right_joint,RS04,-6.655469,-1.500000,0.000000,0.0000,2.0000,-6.655469,-1.298924,-1.173729,32.00
2.340017,friction-sweep,hip_flexion_right_joint,RS04,-6.664673,-1.500000,0.000000,0.0000,2.0000,-6.664673,-1.160220,0.525528,32.00
2.348015,friction-sweep,hip_flexion_right_joint,RS04,-6.675028,-1.500000,0.000000,0.0000,2.0000,-6.675028,-1.315404,-0.477913,32.00
2.356014,friction-sweep,hip_flexion_right_joint,RS04,-6.684999,-1.500000,0.000000,0.0000,2.0000,-6.684999,-1.234837,-1.719391,32.00
2.364014,friction-sweep,hip_flexion_right_joint,RS04,-6.694586,-1.500000,0.000000,0.0000,2.0000,-6.694586,-1.162967,0.181274,32.00
2.372014,friction-sweep,hip_flexion_right_joint,RS04,-6.704557,-1.500000,0.000000,0.0000,2.0000,-6.704557,-1.224766,0.089722,32.00
2.380012,friction-sweep,hip_flexion_right_joint,RS04,-6.714529,-1.500000,0.000000,0.0000,2.0000,-6.714529,-1.250401,-1.408104,32.00
2.388093,friction-sweep,hip_flexion_right_joint,RS04,-6.724499,-1.500000,0.000000,0.0000,2.0000,-6.724499,-1.162967,-0.646370,32.00
2.396038,friction-sweep,hip_flexion_right_joint,RS04,-6.734087,-1.500000,0.000000,0.0000,2.0000,-6.734087,-1.229343,0.565811,32.00
2.404018,friction-sweep,hip_flexion_right_joint,RS04,-6.744058,-1.500000,0.000000,0.0000,2.0000,-6.744058,-1.298924,-1.049210,32.00
2.412268,friction-sweep,hip_flexion_right_joint,RS04,-6.754412,-1.500000,0.000000,0.0000,2.0000,-6.754412,-1.253147,-1.268944,32.00
2.420055,friction-sweep,hip_flexion_right_joint,RS04,-6.764000,-1.500000,0.000000,0.0000,2.0000,-6.764000,-1.180820,0.525528,32.00
2.428030,friction-sweep,hip_flexion_right_joint,RS04,-6.773971,-1.500000,0.000000,0.0000,2.0000,-6.773971,-1.331427,-0.349739,32.00
2.436025,friction-sweep,hip_flexion_right_joint,RS04,-6.783942,-1.500000,0.000000,0.0000,2.0000,-6.783942,-1.234837,-1.763336,32.00
2.444021,friction-sweep,hip_flexion_right_joint,RS04,-6.793530,-1.500000,0.000000,0.0000,2.0000,-6.793530,-1.244450,0.060425,32.00
2.452019,friction-sweep,hip_flexion_right_joint,RS04,-6.803501,-1.500000,0.000000,0.0000,2.0000,-6.803501,-1.273747,0.236206,32.00
2.460015,friction-sweep,hip_flexion_right_joint,RS04,-6.813472,-1.500000,0.000000,0.0000,2.0000,-6.813472,-1.247654,-1.422752,32.00
2.468015,friction-sweep,hip_flexion_right_joint,RS04,-6.823442,-1.500000,0.000000,0.0000,2.0000,-6.823442,-1.205082,-0.759903,32.00
2.476013,friction-sweep,hip_flexion_right_joint,RS04,-6.833030,-1.500000,0.000000,0.0000,2.0000,-6.833030,-1.186770,0.587784,32.00
2.484017,friction-sweep,hip_flexion_right_joint,RS04,-6.843001,-1.500000,0.000000,0.0000,2.0000,-6.843001,-1.274663,-0.910049,32.00
2.492018,friction-sweep,hip_flexion_right_joint,RS04,-6.852972,-1.500000,0.000000,0.0000,2.0000,-6.852972,-1.253605,-1.455711,32.00
2.500018,friction-sweep,hip_flexion_right_joint,RS04,-6.862943,-1.500000,0.000000,0.0000,2.0000,-6.862943,-1.194095,0.463257,32.00
2.508018,friction-sweep,hip_flexion_right_joint,RS04,-6.872531,-1.500000,0.000000,0.0000,2.0000,-6.872531,-1.215611,-0.188599,32.00
2.516017,friction-sweep,hip_flexion_right_joint,RS04,-6.882885,-1.500000,0.000000,0.0000,2.0000,-6.882885,-1.257725,-1.745026,32.00
2.524014,friction-sweep,hip_flexion_right_joint,RS04,-6.892473,-1.500000,0.000000,0.0000,2.0000,-6.892473,-1.132296,-0.130005,32.00
2.532015,friction-sweep,hip_flexion_right_joint,RS04,-6.902444,-1.500000,0.000000,0.0000,2.0000,-6.902444,-1.320898,0.360718,32.00
2.540116,friction-sweep,hip_flexion_right_joint,RS04,-6.912415,-1.500000,0.000000,0.0000,2.0000,-6.912415,-1.235752,-1.382469,32.00
2.548025,friction-sweep,hip_flexion_right_joint,RS04,-6.922386,-1.500000,0.000000,0.0000,2.0000,-6.922386,-1.171664,-0.928360,32.00
2.556016,friction-sweep,hip_flexion_right_joint,RS04,-6.931973,-1.500000,0.000000,0.0000,2.0000,-6.931973,-1.222019,0.624405,32.00
2.564015,friction-sweep,hip_flexion_right_joint,RS04,-6.941945,-1.500000,0.000000,0.0000,2.0000,-6.941945,-1.241245,-0.770889,32.00
2.572014,friction-sweep,hip_flexion_right_joint,RS04,-6.951915,-1.500000,0.000000,0.0000,2.0000,-6.951915,-1.256809,-1.572899,32.00
2.580015,friction-sweep,hip_flexion_right_joint,RS04,-6.961503,-1.500000,0.000000,0.0000,2.0000,-6.961503,-1.176700,0.364380,32.00
2.588014,friction-sweep,hip_flexion_right_joint,RS04,-6.971474,-1.500000,0.000000,0.0000,2.0000,-6.971474,-1.303960,-0.064087,32.00
2.596015,friction-sweep,hip_flexion_right_joint,RS04,-6.981445,-1.500000,0.000000,0.0000,2.0000,-6.981445,-1.257267,-1.748688,32.00
2.604015,friction-sweep,hip_flexion_right_joint,RS04,-6.991416,-1.500000,0.000000,0.0000,2.0000,-6.991416,-1.133669,-0.415657,32.00
2.612015,friction-sweep,hip_flexion_right_joint,RS04,-7.001003,-1.500000,0.000000,0.0000,2.0000,-7.001003,-1.187228,0.496231,32.00
2.620014,friction-sweep,hip_flexion_right_joint,RS04,-7.010975,-1.500000,0.000000,0.0000,2.0000,-7.010975,-1.236668,-1.177391,32.00
2.628016,friction-sweep,hip_flexion_right_joint,RS04,-7.020946,-1.500000,0.000000,0.0000,2.0000,-7.020946,-1.168460,-1.195702,32.00
2.636014,friction-sweep,hip_flexion_right_joint,RS04,-7.030533,-1.500000,0.000000,0.0000,2.0000,-7.030533,-1.195010,0.576797,32.00
2.644014,friction-sweep,hip_flexion_right_joint,RS04,-7.040504,-1.500000,0.000000,0.0000,2.0000,-7.040504,-1.283360,-0.507210,32.00
2.652016,friction-sweep,hip_flexion_right_joint,RS04,-7.050475,-1.500000,0.000000,0.0000,2.0000,-7.050475,-1.259098,-1.726715,32.00
2.660015,friction-sweep,hip_flexion_right_joint,RS04,-7.060446,-1.500000,0.000000,0.0000,2.0000,-7.060446,-1.227970,0.159302,32.00
2.668010,friction-sweep,hip_flexion_right_joint,RS04,-7.070034,-1.500000,0.000000,0.0000,2.0000,-7.070034,-1.272832,0.177612,32.00
2.676015,friction-sweep,hip_flexion_right_joint,RS04,-7.080388,-1.500000,0.000000,0.0000,2.0000,-7.080388,-1.245823,-1.506981,32.00
2.684014,friction-sweep,hip_flexion_right_joint,RS04,-7.089976,-1.500000,0.000000,0.0000,2.0000,-7.089976,-1.190890,-0.672005,32.00
2.692015,friction-sweep,hip_flexion_right_joint,RS04,-7.099563,-1.500000,0.000000,0.0000,2.0000,-7.099563,-1.246738,0.569473,32.00
2.700016,friction-sweep,hip_flexion_right_joint,RS04,-7.109535,-1.500000,0.000000,0.0000,2.0000,-7.109535,-1.303502,-1.016251,32.00
2.708014,friction-sweep,hip_flexion_right_joint,RS04,-7.119505,-1.500000,0.000000,0.0000,2.0000,-7.119505,-1.252232,-1.437401,32.00
2.716014,friction-sweep,hip_flexion_right_joint,RS04,-7.129093,-1.500000,0.000000,0.0000,2.0000,-7.129093,-1.174869,0.492569,32.00
2.724015,friction-sweep,hip_flexion_right_joint,RS04,-7.139064,-1.500000,0.000000,0.0000,2.0000,-7.139064,-1.281529,-0.247200,32.00
2.732014,friction-sweep,hip_flexion_right_joint,RS04,-7.149035,-1.500000,0.000000,0.0000,2.0000,-7.149035,-1.163882,-1.814606,32.00
2.740015,friction-sweep,hip_flexion_right_joint,RS04,-7.159006,-1.500000,0.000000,0.0000,2.0000,-7.159006,-1.265050,-0.016479,32.00
2.748016,friction-sweep,hip_flexion_right_joint,RS04,-7.168593,-1.500000,0.000000,0.0000,2.0000,-7.168593,-1.216526,0.276489,32.00
2.756014,friction-sweep,hip_flexion_right_joint,RS04,-7.178565,-1.500000,0.000000,0.0000,2.0000,-7.178565,-1.231632,-1.371483,32.00
2.764014,friction-sweep,hip_flexion_right_joint,RS04,-7.188536,-1.500000,0.000000,0.0000,2.0000,-7.188536,-1.112154,-0.979630,32.00
2.772015,friction-sweep,hip_flexion_right_joint,RS04,-7.198123,-1.500000,0.000000,0.0000,2.0000,-7.198123,-1.234837,0.668350,32.00
2.780014,friction-sweep,hip_flexion_right_joint,RS04,-7.208094,-1.500000,0.000000,0.0000,2.0000,-7.208094,-1.247196,-0.814835,32.00
2.788014,friction-sweep,hip_flexion_right_joint,RS04,-7.218065,-1.500000,0.000000,0.0000,2.0000,-7.218065,-1.220646,-1.583885,32.00
2.796014,friction-sweep,hip_flexion_right_joint,RS04,-7.227269,-1.500000,0.000000,0.0000,2.0000,-7.227269,-1.190433,0.309448,32.00
2.804013,friction-sweep,hip_flexion_right_joint,RS04,-7.237240,3.000000,0.000000,0.0000,2.0000,-7.237240,-1.325933,-0.089722,32.00
2.812013,friction-sweep,hip_flexion_right_joint,RS04,-7.247211,3.000000,0.000000,0.0000,2.0000,-7.247211,-1.225681,-1.781647,32.00
2.820015,friction-sweep,hip_flexion_right_joint,RS04,-7.255265,3.000000,0.000000,0.0000,2.0000,-7.255265,-0.752346,2.096588,32.00
2.828013,friction-sweep,hip_flexion_right_joint,RS04,-7.257949,3.000000,0.000000,0.0000,2.0000,-7.257949,-0.141680,2.865646,32.00
2.836014,friction-sweep,hip_flexion_right_joint,RS04,-7.256032,3.000000,0.000000,0.0000,2.0000,-7.256032,0.352713,2.250397,32.00
2.844016,friction-sweep,hip_flexion_right_joint,RS04,-7.250279,3.000000,0.000000,0.0000,2.0000,-7.250279,0.886016,1.642487,32.00
2.852015,friction-sweep,hip_flexion_right_joint,RS04,-7.240692,3.000000,0.000000,0.0000,2.0000,-7.240692,1.395056,1.569244,32.00
2.860015,friction-sweep,hip_flexion_right_joint,RS04,-7.228036,3.000000,0.000000,0.0000,2.0000,-7.228036,1.677958,2.334625,32.00
2.868015,friction-sweep,hip_flexion_right_joint,RS04,-7.214230,3.000000,0.000000,0.0000,2.0000,-7.214230,1.804760,0.463257,32.00
2.876014,friction-sweep,hip_flexion_right_joint,RS04,-7.198506,3.000000,0.000000,0.0000,2.0000,-7.198506,2.062029,2.294342,32.00
2.884014,friction-sweep,hip_flexion_right_joint,RS04,-7.181633,3.000000,0.000000,0.0000,2.0000,-7.181633,2.171894,0.104370,32.00
2.892015,friction-sweep,hip_flexion_right_joint,RS04,-7.163225,3.000000,0.000000,0.0000,2.0000,-7.163225,2.224537,2.147858,32.00
2.900014,friction-sweep,hip_flexion_right_joint,RS04,-7.144433,3.000000,0.000000,0.0000,2.0000,-7.144433,2.375143,-0.049438,32.00
2.908013,friction-sweep,hip_flexion_right_joint,RS04,-7.124874,3.000000,0.000000,0.0000,2.0000,-7.124874,2.414055,1.195694,32.00
2.916015,friction-sweep,hip_flexion_right_joint,RS04,-7.104932,3.000000,0.000000,0.0000,2.0000,-7.104932,2.474022,0.964981,32.00
2.924013,friction-sweep,hip_flexion_right_joint,RS04,-7.084607,3.000000,0.000000,0.0000,2.0000,-7.084607,2.582972,-0.042114,32.00
2.932015,friction-sweep,hip_flexion_right_joint,RS04,-7.063898,3.000000,0.000000,0.0000,2.0000,-7.063898,2.567865,1.909821,32.00
2.940016,friction-sweep,hip_flexion_right_joint,RS04,-7.043189,3.000000,0.000000,0.0000,2.0000,-7.043189,2.629206,-0.086060,32.00
2.948013,friction-sweep,hip_flexion_right_joint,RS04,-7.022096,3.000000,0.000000,0.0000,2.0000,-7.022096,2.673611,0.437622,32.00
2.956013,friction-sweep,hip_flexion_right_joint,RS04,-7.001003,3.000000,0.000000,0.0000,2.0000,-7.001003,2.666286,1.635162,32.00
2.964017,friction-sweep,hip_flexion_right_joint,RS04,-6.979911,3.000000,0.000000,0.0000,2.0000,-6.979911,2.633783,-0.408333,32.00
2.972016,friction-sweep,hip_flexion_right_joint,RS04,-6.958435,3.000000,0.000000,0.0000,2.0000,-6.958435,2.752346,0.899063,32.00
2.980014,friction-sweep,hip_flexion_right_joint,RS04,-6.936959,3.000000,0.000000,0.0000,2.0000,-6.936959,2.710690,1.118790,32.00
2.988014,friction-sweep,hip_flexion_right_joint,RS04,-6.915483,3.000000,0.000000,0.0000,2.0000,-6.915483,2.693295,-0.408333,32.00
2.996014,friction-sweep,hip_flexion_right_joint,RS04,-6.894007,3.000000,0.000000,0.0000,2.0000,-6.894007,2.673153,1.294571,32.00
3.004014,friction-sweep,hip_flexion_right_joint,RS04,-6.872531,3.000000,0.000000,0.0000,2.0000,-6.872531,2.636990,0.759903,32.00
3.012016,friction-sweep,hip_flexion_right_joint,RS04,-6.851055,3.000000,0.000000,0.0000,2.0000,-6.851055,2.709774,-0.346077,32.00
3.020017,friction-sweep,hip_flexion_right_joint,RS04,-6.829578,3.000000,0.000000,0.0000,2.0000,-6.829578,2.734035,1.686432,32.00
3.028016,friction-sweep,hip_flexion_right_joint,RS04,-6.807719,3.000000,0.000000,0.0000,2.0000,-6.807719,2.727627,0.452271,32.00
3.036015,friction-sweep,hip_flexion_right_joint,RS04,-6.786243,3.000000,0.000000,0.0000,2.0000,-6.786243,2.739986,-0.071411,32.00
3.044073,friction-sweep,hip_flexion_right_joint,RS04,-6.764767,3.000000,0.000000,0.0000,2.0000,-6.764767,2.719387,1.891510,32.00
3.052021,friction-sweep,hip_flexion_right_joint,RS04,-6.743291,3.000000,0.000000,0.0000,2.0000,-6.743291,2.704281,0.023804,32.00
3.060018,friction-sweep,hip_flexion_right_joint,RS04,-6.721815,3.000000,0.000000,0.0000,2.0000,-6.721815,2.627375,0.130005,32.00
3.068015,friction-sweep,hip_flexion_right_joint,RS04,-6.700339,3.000000,0.000000,0.0000,2.0000,-6.700339,2.674984,1.807281,32.00
3.076015,friction-sweep,hip_flexion_right_joint,RS04,-6.678863,3.000000,0.000000,0.0000,2.0000,-6.678863,2.668118,-0.357063,32.00
3.084014,friction-sweep,hip_flexion_right_joint,RS04,-6.657003,3.000000,0.000000,0.0000,2.0000,-6.657003,2.609980,0.510880,32.00
3.092014,friction-sweep,hip_flexion_right_joint,RS04,-6.635527,3.000000,0.000000,0.0000,2.0000,-6.635527,2.591669,1.521637,32.00
3.100013,friction-sweep,hip_flexion_right_joint,RS04,-6.614051,3.000000,0.000000,0.0000,2.0000,-6.614051,2.661709,-0.455940,32.00
3.108016,friction-sweep,hip_flexion_right_joint,RS04,-6.592192,3.000000,0.000000,0.0000,2.0000,-6.592192,2.720760,0.855118,32.00
3.116015,friction-sweep,hip_flexion_right_joint,RS04,-6.570715,3.000000,0.000000,0.0000,2.0000,-6.570715,2.742275,1.243301,32.00
3.124020,friction-sweep,hip_flexion_right_joint,RS04,-6.549240,3.000000,0.000000,0.0000,2.0000,-6.549240,2.696957,-0.401009,32.00
3.132013,friction-sweep,hip_flexion_right_joint,RS04,-6.527380,3.000000,0.000000,0.0000,2.0000,-6.527380,2.723507,1.170059,32.00
3.140018,friction-sweep,hip_flexion_right_joint,RS04,-6.506287,3.000000,0.000000,0.0000,2.0000,-6.506287,2.666744,0.899063,32.00
3.148018,friction-sweep,hip_flexion_right_joint,RS04,-6.484811,3.000000,0.000000,0.0000,2.0000,-6.484811,2.612268,-0.419319,32.00
3.156016,friction-sweep,hip_flexion_right_joint,RS04,-6.462952,3.000000,0.000000,0.0000,2.0000,-6.462952,2.680935,1.602203,32.00
3.164014,friction-sweep,hip_flexion_right_joint,RS04,-6.441475,3.000000,0.000000,0.0000,2.0000,-6.441475,2.731289,0.606094,32.00
3.172017,friction-sweep,hip_flexion_right_joint,RS04,-6.420000,3.000000,0.000000,0.0000,2.0000,-6.420000,2.728085,-0.188599,32.00
3.180013,friction-sweep,hip_flexion_right_joint,RS04,-6.398523,3.000000,0.000000,0.0000,2.0000,-6.398523,2.701992,1.832916,32.00
3.188017,friction-sweep,hip_flexion_right_joint,RS04,-6.377048,3.000000,0.000000,0.0000,2.0000,-6.377048,2.693752,0.170288,32.00
3.196016,friction-sweep,hip_flexion_right_joint,RS04,-6.355571,3.000000,0.000000,0.0000,2.0000,-6.355571,2.644772,0.060425,32.00
3.204016,friction-sweep,hip_flexion_right_joint,RS04,-6.334095,3.000000,0.000000,0.0000,2.0000,-6.334095,2.674526,1.865875,32.00
3.212014,friction-sweep,hip_flexion_right_joint,RS04,-6.312619,3.000000,0.000000,0.0000,2.0000,-6.312619,2.695126,-0.258186,32.00
3.220015,friction-sweep,hip_flexion_right_joint,RS04,-6.290760,3.000000,0.000000,0.0000,2.0000,-6.290760,2.729000,0.382690,32.00
3.228014,friction-sweep,hip_flexion_right_joint,RS04,-6.269284,3.000000,0.000000,0.0000,2.0000,-6.269284,2.690548,1.642487,32.00
3.236015,friction-sweep,hip_flexion_right_joint,RS04,-6.248191,3.000000,0.000000,0.0000,2.0000,-6.248191,2.662167,-0.411995,32.00
3.244014,friction-sweep,hip_flexion_right_joint,RS04,-6.226332,3.000000,0.000000,0.0000,2.0000,-6.226332,2.647518,0.748917,32.00
3.252016,friction-sweep,hip_flexion_right_joint,RS04,-6.204855,3.000000,0.000000,0.0000,2.0000,-6.204855,2.669033,1.287247,32.00
3.260014,friction-sweep,hip_flexion_right_joint,RS04,-6.183379,3.000000,0.000000,0.0000,2.0000,-6.183379,2.730831,-0.510872,32.00
3.268015,friction-sweep,hip_flexion_right_joint,RS04,-6.161520,3.000000,0.000000,0.0000,2.0000,-6.161520,2.758297,1.151749,32.00
3.276018,friction-sweep,hip_flexion_right_joint,RS04,-6.140044,3.000000,0.000000,0.0000,2.0000,-6.140044,2.734035,0.950333,32.00
3.284014,friction-sweep,hip_flexion_right_joint,RS04,-6.118568,3.000000,0.000000,0.0000,2.0000,-6.118568,2.654385,-0.488899,32.00
3.292015,friction-sweep,hip_flexion_right_joint,RS04,-6.097092,3.000000,0.000000,0.0000,2.0000,-6.097092,2.666744,1.521637,32.00
3.300016,friction-sweep,hip_flexion_right_joint,RS04,-6.075616,3.000000,0.000000,0.0000,2.0000,-6.075616,2.745937,0.635391,32.00
3.308014,friction-sweep,hip_flexion_right_joint,RS04,-6.053756,3.000000,0.000000,0.0000,2.0000,-6.053756,2.673153,-0.236214,32.00
3.316015,friction-sweep,hip_flexion_right_joint,RS04,-6.032280,3.000000,0.000000,0.0000,2.0000,-6.032280,2.748226,1.708405,32.00
3.324015,friction-sweep,hip_flexion_right_joint,RS04,-6.010804,3.000000,0.000000,0.0000,2.0000,-6.010804,2.690548,0.331421,32.00
3.332016,friction-sweep,hip_flexion_right_joint,RS04,-5.988944,3.000000,0.000000,0.0000,2.0000,-5.988944,2.726254,-0.012817,32.00
3.340016,friction-sweep,hip_flexion_right_joint,RS04,-5.967469,3.000000,0.000000,0.0000,2.0000,-5.967469,2.702908,1.843903,32.00
3.348017,friction-sweep,hip_flexion_right_joint,RS04,-5.945992,3.000000,0.000000,0.0000,2.0000,-5.945992,2.676815,-0.071411,32.00
3.356014,friction-sweep,hip_flexion_right_joint,RS04,-5.924516,3.000000,0.000000,0.0000,2.0000,-5.924516,2.663998,0.181274,32.00
3.364014,friction-sweep,hip_flexion_right_joint,RS04,-5.903040,3.000000,0.000000,0.0000,2.0000,-5.903040,2.657131,1.697418,32.00
3.372014,friction-sweep,hip_flexion_right_joint,RS04,-5.881181,3.000000,0.000000,0.0000,2.0000,-5.881181,2.732204,-0.430305,32.00
3.380015,friction-sweep,hip_flexion_right_joint,RS04,-5.859704,3.000000,0.000000,0.0000,2.0000,-5.859704,2.678188,0.532852,32.00
3.388014,friction-sweep,hip_flexion_right_joint,RS04,-5.838228,3.000000,0.000000,0.0000,2.0000,-5.838228,2.689632,1.463043,32.00
3.396014,friction-sweep,hip_flexion_right_joint,RS04,-5.816752,3.000000,0.000000,0.0000,2.0000,-5.816752,2.700161,-0.452278,32.00
3.404014,friction-sweep,hip_flexion_right_joint,RS04,-5.794893,3.000000,0.000000,0.0000,2.0000,-5.794893,2.717098,0.939346,32.00
3.412015,friction-sweep,hip_flexion_right_joint,RS04,-5.773417,3.000000,0.000000,0.0000,2.0000,-5.773417,2.596704,1.162735,32.00
3.420014,friction-sweep,hip_flexion_right_joint,RS04,-5.751941,3.000000,0.000000,0.0000,2.0000,-5.751941,2.665371,-0.525520,32.00
3.428015,friction-sweep,hip_flexion_right_joint,RS04,-5.730465,3.000000,0.000000,0.0000,2.0000,-5.730465,2.653011,1.265274,32.00
3.436013,friction-sweep,hip_flexion_right_joint,RS04,-5.708988,3.000000,0.000000,0.0000,2.0000,-5.708988,2.668575,0.803848,32.00
3.444015,friction-sweep,hip_flexion_right_joint,RS04,-5.687129,3.000000,0.000000,0.0000,2.0000,-5.687129,2.703365,-0.452278,32.00
3.452015,friction-sweep,hip_flexion_right_joint,RS04,-5.665653,3.000000,0.000000,0.0000,2.0000,-5.665653,2.635614,1.657135,32.00
3.460060,friction-sweep,hip_flexion_right_joint,RS04,-5.644177,3.000000,0.000000,0.0000,2.0000,-5.644177,2.668118,0.492569,32.00
3.468034,friction-sweep,hip_flexion_right_joint,RS04,-5.622701,3.000000,0.000000,0.0000,2.0000,-5.622701,2.652554,-0.140991,32.00
3.476024,friction-sweep,hip_flexion_right_joint,RS04,-5.600841,3.000000,0.000000,0.0000,2.0000,-5.600841,2.682766,1.880524,32.00
3.484015,friction-sweep,hip_flexion_right_joint,RS04,-5.579365,3.000000,0.000000,0.0000,2.0000,-5.579365,2.739071,0.148315,32.00
3.492019,friction-sweep,hip_flexion_right_joint,RS04,-5.557889,3.000000,0.000000,0.0000,2.0000,-5.557889,2.650723,0.104370,32.00
3.500020,friction-sweep,hip_flexion_right_joint,RS04,-5.536413,3.000000,0.000000,0.0000,2.0000,-5.536413,2.779354,1.891510,32.00
3.508013,friction-sweep,hip_flexion_right_joint,RS04,-5.514937,3.000000,0.000000,0.0000,2.0000,-5.514937,2.651180,-0.313118,32.00
3.516016,friction-sweep,hip_flexion_right_joint,RS04,-5.493077,3.000000,0.000000,0.0000,2.0000,-5.493077,2.754177,0.320435,32.00
3.524018,friction-sweep,hip_flexion_right_joint,RS04,-5.471601,3.000000,0.000000,0.0000,2.0000,-5.471601,2.718014,1.631500,32.00
3.532011,friction-sweep,hip_flexion_right_joint,RS04,-5.450125,3.000000,0.000000,0.0000,2.0000,-5.450125,2.698788,-0.470589,32.00
3.540016,friction-sweep,hip_flexion_right_joint,RS04,-5.428649,3.000000,0.000000,0.0000,2.0000,-5.428649,2.649349,0.712296,32.00
3.548170,friction-sweep,hip_flexion_right_joint,RS04,-5.407173,3.000000,0.000000,0.0000,2.0000,-5.407173,2.743191,1.382462,32.00
3.556019,friction-sweep,hip_flexion_right_joint,RS04,-5.385697,3.000000,0.000000,0.0000,2.0000,-5.385697,2.680477,-0.466927,32.00
3.564021,friction-sweep,hip_flexion_right_joint,RS04,-5.363837,3.000000,0.000000,0.0000,2.0000,-5.363837,2.648434,1.089493,32.00
3.572020,friction-sweep,hip_flexion_right_joint,RS04,-5.342361,3.000000,0.000000,0.0000,2.0000,-5.342361,2.678646,1.016251,32.00
3.580261,friction-sweep,hip_flexion_right_joint,RS04,-5.320118,3.000000,0.000000,0.0000,2.0000,-5.320118,2.657131,-0.510872,32.00
3.588040,friction-sweep,hip_flexion_right_joint,RS04,-5.299026,3.000000,0.000000,0.0000,2.0000,-5.299026,2.729000,1.419098,32.00
3.596025,friction-sweep,hip_flexion_right_joint,RS04,-5.277550,3.000000,0.000000,0.0000,2.0000,-5.277550,2.692379,0.682999,32.00
3.604024,friction-sweep,hip_flexion_right_joint,RS04,-5.256073,3.000000,0.000000,0.0000,2.0000,-5.256073,2.741817,-0.379036,32.00
3.612022,friction-sweep,hip_flexion_right_joint,RS04,-5.234214,3.000000,0.000000,0.0000,2.0000,-5.234214,2.734951,1.759674,32.00
3.620016,friction-sweep,hip_flexion_right_joint,RS04,-5.213121,3.000000,0.000000,0.0000,2.0000,-5.213121,2.707485,0.335083,32.00
3.628017,friction-sweep,hip_flexion_right_joint,RS04,-5.191262,3.000000,0.000000,0.0000,2.0000,-5.191262,2.704739,-0.067749,32.00
3.636016,friction-sweep,hip_flexion_right_joint,RS04,-5.169786,3.000000,0.000000,0.0000,2.0000,-5.169786,2.731289,1.902496,32.00
3.644018,friction-sweep,hip_flexion_right_joint,RS04,-5.148310,3.000000,0.000000,0.0000,2.0000,-5.148310,2.680477,-0.049438,32.00
3.652014,friction-sweep,hip_flexion_right_joint,RS04,-5.126450,3.000000,0.000000,0.0000,2.0000,-5.126450,2.675900,0.122681,32.00
3.660014,friction-sweep,hip_flexion_right_joint,RS04,-5.104974,3.000000,0.000000,0.0000,2.0000,-5.104974,2.695126,1.814606,32.00
3.668015,friction-sweep,hip_flexion_right_joint,RS04,-5.083498,3.000000,0.000000,0.0000,2.0000,-5.083498,2.689175,-0.448616,32.00
3.676014,friction-sweep,hip_flexion_right_joint,RS04,-5.062022,3.000000,0.000000,0.0000,2.0000,-5.062022,2.679104,0.477921,32.00
3.684014,friction-sweep,hip_flexion_right_joint,RS04,-5.040163,3.000000,0.000000,0.0000,2.0000,-5.040163,2.676357,1.580231,32.00
3.696012,friction-sweep,hip_flexion_right_joint,RS04,-5.007948,3.000000,0.000000,0.0000,2.0000,-5.007948,2.679562,1.430084,32.00
3.704014,friction-sweep,hip_flexion_right_joint,RS04,-4.986473,3.000000,0.000000,0.0000,2.0000,-4.986473,2.691006,-0.518196,32.00
3.712015,friction-sweep,hip_flexion_right_joint,RS04,-4.964996,3.000000,0.000000,0.0000,2.0000,-4.964996,2.699245,1.067520,32.00
3.720013,friction-sweep,hip_flexion_right_joint,RS04,-4.943521,3.000000,0.000000,0.0000,2.0000,-4.943521,2.744106,1.052872,32.00
3.728014,friction-sweep,hip_flexion_right_joint,RS04,-4.921660,3.000000,0.000000,0.0000,2.0000,-4.921660,2.717098,-0.510872,32.00
3.736015,friction-sweep,hip_flexion_right_joint,RS04,-4.900185,3.000000,0.000000,0.0000,2.0000,-4.900185,2.715725,1.499664,32.00
3.744014,friction-sweep,hip_flexion_right_joint,RS04,-4.878708,3.000000,0.000000,0.0000,2.0000,-4.878708,2.681850,0.701309,32.00
3.752014,friction-sweep,hip_flexion_right_joint,RS04,-4.857233,3.000000,0.000000,0.0000,2.0000,-4.857233,2.692837,-0.371712,32.00
3.760016,friction-sweep,hip_flexion_right_joint,RS04,-4.835373,3.000000,0.000000,0.0000,2.0000,-4.835373,2.709316,1.763336,32.00
3.768014,friction-sweep,hip_flexion_right_joint,RS04,-4.814281,3.000000,0.000000,0.0000,2.0000,-4.814281,2.660793,0.360718,32.00
3.776014,friction-sweep,hip_flexion_right_joint,RS04,-4.792421,3.000000,0.000000,0.0000,2.0000,-4.792421,2.622339,-0.056763,32.00
3.784014,friction-sweep,hip_flexion_right_joint,RS04,-4.770945,3.000000,0.000000,0.0000,2.0000,-4.770945,2.659420,1.891510,32.00
3.792014,friction-sweep,hip_flexion_right_joint,RS04,-4.749469,3.000000,0.000000,0.0000,2.0000,-4.749469,2.648891,-0.031128,32.00
3.800014,friction-sweep,hip_flexion_right_joint,RS04,-4.727993,3.000000,0.000000,0.0000,2.0000,-4.727993,2.663082,0.199585,32.00
3.808015,friction-sweep,hip_flexion_right_joint,RS04,-4.706133,3.000000,0.000000,0.0000,2.0000,-4.706133,2.724880,1.876862,32.00
3.816015,friction-sweep,hip_flexion_right_joint,RS04,-4.684657,3.000000,0.000000,0.0000,2.0000,-4.684657,2.641567,-0.496223,32.00
3.824013,friction-sweep,hip_flexion_right_joint,RS04,-4.663181,3.000000,0.000000,0.0000,2.0000,-4.663181,2.721676,0.477921,32.00
3.832014,friction-sweep,hip_flexion_right_joint,RS04,-4.641322,3.000000,0.000000,0.0000,2.0000,-4.641322,2.733578,1.616852,32.00
3.840014,friction-sweep,hip_flexion_right_joint,RS04,-4.619845,3.000000,0.000000,0.0000,2.0000,-4.619845,2.640194,-0.518196,32.00
3.848013,friction-sweep,hip_flexion_right_joint,RS04,-4.598370,3.000000,0.000000,0.0000,2.0000,-4.598370,2.658047,0.840469,32.00
3.856015,friction-sweep,hip_flexion_right_joint,RS04,-4.576510,3.000000,0.000000,0.0000,2.0000,-4.576510,2.789425,1.283585,32.00
3.864015,friction-sweep,hip_flexion_right_joint,RS04,-4.555417,3.000000,0.000000,0.0000,2.0000,-4.555417,2.671780,-0.529182,32.00
3.872015,friction-sweep,hip_flexion_right_joint,RS04,-4.533941,3.000000,0.000000,0.0000,2.0000,-4.533941,2.669491,1.224991,32.00
3.880049,friction-sweep,hip_flexion_right_joint,RS04,-4.512082,3.000000,0.000000,0.0000,2.0000,-4.512082,2.671780,0.891739,32.00
3.888041,friction-sweep,hip_flexion_right_joint,RS04,-4.490605,3.000000,0.000000,0.0000,2.0000,-4.490605,2.702450,-0.507210,32.00
3.896026,friction-sweep,hip_flexion_right_joint,RS04,-4.469130,3.000000,0.000000,0.0000,2.0000,-4.469130,2.707027,1.572906,32.00
3.904020,friction-sweep,hip_flexion_right_joint,RS04,-4.447270,3.000000,0.000000,0.0000,2.0000,-4.447270,2.663540,0.587784,32.00
3.912018,friction-sweep,hip_flexion_right_joint,RS04,-4.425794,3.000000,0.000000,0.0000,2.0000,-4.425794,2.651638,-0.261848,32.00
3.924069,friction-sweep,hip_flexion_right_joint,RS04,-4.393580,3.000000,0.000000,0.0000,2.0000,-4.393580,2.635157,-0.130005,32.00
3.932085,friction-sweep,hip_flexion_right_joint,RS04,-4.371720,3.000000,0.000000,0.0000,2.0000,-4.371720,2.685055,1.950104,32.00
3.944079,friction-sweep,hip_flexion_right_joint,RS04,-4.339506,3.000000,0.000000,0.0000,2.0000,-4.339506,2.709774,1.920807,32.00
3.952029,friction-sweep,hip_flexion_right_joint,RS04,-4.318030,3.000000,0.000000,0.0000,2.0000,-4.318030,2.658504,-0.294807,32.00
3.960023,friction-sweep,hip_flexion_right_joint,RS04,-4.296555,3.000000,0.000000,0.0000,2.0000,-4.296555,2.670864,0.272827,32.00
3.972065,friction-sweep,hip_flexion_right_joint,RS04,-4.263957,3.000000,0.000000,0.0000,2.0000,-4.263957,2.669491,0.433960,32.00
3.984011,friction-sweep,hip_flexion_right_joint,RS04,-4.232126,3.000000,0.000000,0.0000,2.0000,-4.232126,2.755550,0.628067,32.00
3.992010,friction-sweep,hip_flexion_right_joint,RS04,-4.210650,3.000000,0.000000,0.0000,2.0000,-4.210650,2.730831,1.382462,32.00
4.004013,friction-sweep,hip_flexion_right_joint,RS04,-4.178052,-3.000000,0.000000,0.0000,2.0000,-4.178052,2.660336,1.217667,32.00
4.012022,friction-sweep,hip_flexion_right_joint,RS04,-4.156960,-3.000000,0.000000,0.0000,2.0000,-4.156960,2.659878,-0.580452,32.00
4.020020,friction-sweep,hip_flexion_right_joint,RS04,-4.137401,-3.000000,0.000000,0.0000,2.0000,-4.137401,2.216755,-2.543373,32.00
4.028014,friction-sweep,hip_flexion_right_joint,RS04,-4.125129,-3.000000,0.000000,0.0000,2.0000,-4.125129,1.189974,-4.052185,32.00
4.036017,friction-sweep,hip_flexion_right_joint,RS04,-4.118993,-3.000000,0.000000,0.0000,2.0000,-4.118993,0.522087,-3.539490,32.00
4.044014,friction-sweep,hip_flexion_right_joint,RS04,-4.118226,-3.000000,0.000000,0.0000,2.0000,-4.118226,-0.098192,-3.078056,32.00
4.052015,friction-sweep,hip_flexion_right_joint,RS04,-4.120911,-3.000000,0.000000,0.0000,2.0000,-4.120911,-0.460289,-3.264824,32.00
4.060016,friction-sweep,hip_flexion_right_joint,RS04,-4.126663,-3.000000,0.000000,0.0000,2.0000,-4.126663,-0.815518,-3.056084,32.00
4.068014,friction-sweep,hip_flexion_right_joint,RS04,-4.134716,-3.000000,0.000000,0.0000,2.0000,-4.134716,-1.165713,-1.437401,32.00
4.080117,friction-sweep,hip_flexion_right_joint,RS04,-4.152741,-3.000000,0.000000,0.0000,2.0000,-4.152741,-1.719157,-2.177162,32.00
4.088023,friction-sweep,hip_flexion_right_joint,RS04,-4.166931,-3.000000,0.000000,0.0000,2.0000,-4.166931,-1.819409,-1.166397,32.00
4.096016,friction-sweep,hip_flexion_right_joint,RS04,-4.183038,-3.000000,0.000000,0.0000,2.0000,-4.183038,-2.030900,-1.118790,32.00
4.104014,friction-sweep,hip_flexion_right_joint,RS04,-4.200295,-3.000000,0.000000,0.0000,2.0000,-4.200295,-2.224995,-0.913712,32.00
4.112014,friction-sweep,hip_flexion_right_joint,RS04,-4.218320,-3.000000,0.000000,0.0000,2.0000,-4.218320,-2.319754,-1.367821,32.00
4.120016,friction-sweep,hip_flexion_right_joint,RS04,-4.237111,-3.000000,0.000000,0.0000,2.0000,-4.237111,-2.401693,0.020142,32.00
4.128014,friction-sweep,hip_flexion_right_joint,RS04,-4.256670,-3.000000,0.000000,0.0000,2.0000,-4.256670,-2.508812,-2.147865,32.00
4.136015,friction-sweep,hip_flexion_right_joint,RS04,-4.276612,-3.000000,0.000000,0.0000,2.0000,-4.276612,-2.550927,0.258179,32.00
4.144015,friction-sweep,hip_flexion_right_joint,RS04,-4.296938,-3.000000,0.000000,0.0000,2.0000,-4.296938,-2.495079,-1.159073,32.00
4.152015,friction-sweep,hip_flexion_right_joint,RS04,-4.318030,-3.000000,0.000000,0.0000,2.0000,-4.318030,-2.650721,-1.038223,32.00
4.160015,friction-sweep,hip_flexion_right_joint,RS04,-4.338739,-3.000000,0.000000,0.0000,2.0000,-4.338739,-2.644770,0.474258,32.00
4.168016,friction-sweep,hip_flexion_right_joint,RS04,-4.359832,-3.000000,0.000000,0.0000,2.0000,-4.359832,-2.627832,-1.803619,32.00
4.176015,friction-sweep,hip_flexion_right_joint,RS04,-4.381308,-3.000000,0.000000,0.0000,2.0000,-4.381308,-2.705653,-0.379036,32.00
4.184015,friction-sweep,hip_flexion_right_joint,RS04,-4.402401,-3.000000,0.000000,0.0000,2.0000,-4.402401,-2.620966,0.115356,32.00
4.192015,friction-sweep,hip_flexion_right_joint,RS04,-4.423492,-3.000000,0.000000,0.0000,2.0000,-4.423492,-2.609522,-2.027008,32.00
4.200071,friction-sweep,hip_flexion_right_joint,RS04,-4.445353,-3.000000,0.000000,0.0000,2.0000,-4.445353,-2.709773,0.027466,32.00
4.212029,friction-sweep,hip_flexion_right_joint,RS04,-4.477567,-3.000000,0.000000,0.0000,2.0000,-4.477567,-2.697871,0.247192,32.00
4.220026,friction-sweep,hip_flexion_right_joint,RS04,-4.499043,-3.000000,0.000000,0.0000,2.0000,-4.499043,-2.754177,-0.514534,32.00
4.228028,friction-sweep,hip_flexion_right_joint,RS04,-4.520518,-3.000000,0.000000,0.0000,2.0000,-4.520518,-2.753719,-1.598534,32.00
4.236017,friction-sweep,hip_flexion_right_joint,RS04,-4.541995,-3.000000,0.000000,0.0000,2.0000,-4.541995,-2.675441,0.496231,32.00
4.244020,friction-sweep,hip_flexion_right_joint,RS04,-4.563471,-3.000000,0.000000,0.0000,2.0000,-4.563471,-2.698787,-0.950333,32.00
4.252019,friction-sweep,hip_flexion_right_joint,RS04,-4.584947,-3.000000,0.000000,0.0000,2.0000,-4.584947,-2.700618,-1.173729,32.00
4.264009,friction-sweep,hip_flexion_right_joint,RS04,-4.617161,-3.000000,0.000000,0.0000,2.0000,-4.617161,-2.717555,-0.899063,32.00
4.272009,friction-sweep,hip_flexion_right_joint,RS04,-4.638637,-3.000000,0.000000,0.0000,2.0000,-4.638637,-2.653009,0.573135,32.00
4.280014,friction-sweep,hip_flexion_right_joint,RS04,-4.660497,-3.000000,0.000000,0.0000,2.0000,-4.660497,-2.715266,-1.550926,32.00
4.292009,friction-sweep,hip_flexion_right_joint,RS04,-4.692711,-3.000000,0.000000,0.0000,2.0000,-4.692711,-2.711146,-1.657135,32.00
4.304010,friction-sweep,hip_flexion_right_joint,RS04,-4.725308,-3.000000,0.000000,0.0000,2.0000,-4.725308,-2.680018,-1.777985,32.00
4.316013,friction-sweep,hip_flexion_right_joint,RS04,-4.757523,-3.000000,0.000000,0.0000,2.0000,-4.757523,-2.669032,-1.865875,32.00
4.328013,friction-sweep,hip_flexion_right_joint,RS04,-4.790120,-3.000000,0.000000,0.0000,2.0000,-4.790120,-2.761959,-1.913483,32.00
4.340010,friction-sweep,hip_flexion_right_joint,RS04,-4.822334,-3.000000,0.000000,0.0000,2.0000,-4.822334,-2.666743,-1.950104,32.00
4.352011,friction-sweep,hip_flexion_right_joint,RS04,-4.854932,-3.000000,0.000000,0.0000,2.0000,-4.854932,-2.636988,-1.869537,32.00
4.364008,friction-sweep,hip_flexion_right_joint,RS04,-4.887146,-3.000000,0.000000,0.0000,2.0000,-4.887146,-2.755550,-1.748688,32.00
4.372006,friction-sweep,hip_flexion_right_joint,RS04,-4.908622,-3.000000,0.000000,0.0000,2.0000,-4.908622,-2.727627,0.353394,32.00
4.380019,friction-sweep,hip_flexion_right_joint,RS04,-4.930481,-3.000000,0.000000,0.0000,2.0000,-4.930481,-2.683681,-0.701302,32.00
4.388014,friction-sweep,hip_flexion_right_joint,RS04,-4.951958,-3.000000,0.000000,0.0000,2.0000,-4.951958,-2.696956,-1.437401,32.00
4.396010,friction-sweep,hip_flexion_right_joint,RS04,-4.973433,-3.000000,0.000000,0.0000,2.0000,-4.973433,-2.740902,0.569473,32.00
4.404015,friction-sweep,hip_flexion_right_joint,RS04,-4.994910,-3.000000,0.000000,0.0000,2.0000,-4.994910,-2.738155,-1.038223,32.00
4.412014,friction-sweep,hip_flexion_right_joint,RS04,-5.016386,-3.000000,0.000000,0.0000,2.0000,-5.016386,-2.699244,-1.067520,32.00
4.420044,friction-sweep,hip_flexion_right_joint,RS04,-5.037862,-3.000000,0.000000,0.0000,2.0000,-5.037862,-2.674983,0.488907,32.00
4.428026,friction-sweep,hip_flexion_right_joint,RS04,-5.059721,-3.000000,0.000000,0.0000,2.0000,-5.059721,-2.697871,-1.503319,32.00
4.436017,friction-sweep,hip_flexion_right_joint,RS04,-5.081198,-3.000000,0.000000,0.0000,2.0000,-5.081198,-2.654840,-0.679329,32.00
4.448009,friction-sweep,hip_flexion_right_joint,RS04,-5.113411,-3.000000,0.000000,0.0000,2.0000,-5.113411,-2.666743,-0.448616,32.00
4.456008,friction-sweep,hip_flexion_right_joint,RS04,-5.134888,-3.000000,0.000000,0.0000,2.0000,-5.134888,-2.607691,0.430298,32.00
4.464017,friction-sweep,hip_flexion_right_joint,RS04,-5.156363,-3.000000,0.000000,0.0000,2.0000,-5.156363,-2.708400,-1.931793,32.00
4.472013,friction-sweep,hip_flexion_right_joint,RS04,-5.177839,-3.000000,0.000000,0.0000,2.0000,-5.177839,-2.723964,-0.170288,32.00
4.480011,friction-sweep,hip_flexion_right_joint,RS04,-5.199316,-3.000000,0.000000,0.0000,2.0000,-5.199316,-2.672694,0.053101,32.00
4.488016,friction-sweep,hip_flexion_right_joint,RS04,-5.221175,-3.000000,0.000000,0.0000,2.0000,-5.221175,-2.720759,-1.983063,32.00
4.496014,friction-sweep,hip_flexion_right_joint,RS04,-5.242651,-3.000000,0.000000,0.0000,2.0000,-5.242651,-2.736782,0.151978,32.00
4.504011,friction-sweep,hip_flexion_right_joint,RS04,-5.264127,-3.000000,0.000000,0.0000,2.0000,-5.264127,-2.728542,-0.415657,32.00
4.512016,friction-sweep,hip_flexion_right_joint,RS04,-5.285604,-3.000000,0.000000,0.0000,2.0000,-5.285604,-2.687800,-1.756012,32.00
4.520020,friction-sweep,hip_flexion_right_joint,RS04,-5.307079,-3.000000,0.000000,0.0000,2.0000,-5.307079,-2.690547,0.452271,32.00
4.528011,friction-sweep,hip_flexion_right_joint,RS04,-5.328556,-3.000000,0.000000,0.0000,2.0000,-5.328556,-2.694209,-0.822159,32.00
4.536020,friction-sweep,hip_flexion_right_joint,RS04,-5.350415,-3.000000,0.000000,0.0000,2.0000,-5.350415,-2.695125,-1.378807,32.00
4.544016,friction-sweep,hip_flexion_right_joint,RS04,-5.371891,-3.000000,0.000000,0.0000,2.0000,-5.371891,-2.724880,0.620743,32.00
4.552028,friction-sweep,hip_flexion_right_joint,RS04,-5.393367,-3.000000,0.000000,0.0000,2.0000,-5.393367,-2.672236,-1.159073,32.00
4.560016,friction-sweep,hip_flexion_right_joint,RS04,-5.415226,-3.000000,0.000000,0.0000,2.0000,-5.415226,-2.761501,-1.008926,32.00
4.568015,friction-sweep,hip_flexion_right_joint,RS04,-5.436703,-3.000000,0.000000,0.0000,2.0000,-5.436703,-2.763332,0.540176,32.00
4.580010,friction-sweep,hip_flexion_right_joint,RS04,-5.468916,-3.000000,0.000000,0.0000,2.0000,-5.468916,-2.674067,0.554825,32.00
4.588013,friction-sweep,hip_flexion_right_joint,RS04,-5.490393,-3.000000,0.000000,0.0000,2.0000,-5.490393,-2.707942,-1.719391,32.00
4.596018,friction-sweep,hip_flexion_right_joint,RS04,-5.512252,-3.000000,0.000000,0.0000,2.0000,-5.512252,-2.775692,-0.408333,32.00
4.604011,friction-sweep,hip_flexion_right_joint,RS04,-5.533729,-3.000000,0.000000,0.0000,2.0000,-5.533729,-2.683223,0.433960,32.00
4.612016,friction-sweep,hip_flexion_right_joint,RS04,-5.555588,-3.000000,0.000000,0.0000,2.0000,-5.555588,-2.738613,-1.854889,32.00
4.620101,friction-sweep,hip_flexion_right_joint,RS04,-5.576681,-3.000000,0.000000,0.0000,2.0000,-5.576681,-2.694667,-0.155640,32.00
4.628022,friction-sweep,hip_flexion_right_joint,RS04,-5.598540,-3.000000,0.000000,0.0000,2.0000,-5.598540,-2.633326,0.086060,32.00
4.636008,friction-sweep,hip_flexion_right_joint,RS04,-5.620399,-3.000000,0.000000,0.0000,2.0000,-5.620399,-2.684596,-1.979401,32.00
4.644016,friction-sweep,hip_flexion_right_joint,RS04,-5.641876,-3.000000,0.000000,0.0000,2.0000,-5.641876,-2.799954,0.078735,32.00
4.652013,friction-sweep,hip_flexion_right_joint,RS04,-5.663352,-3.000000,0.000000,0.0000,2.0000,-5.663352,-2.767452,-0.324104,32.00
4.660014,friction-sweep,hip_flexion_right_joint,RS04,-5.684828,-3.000000,0.000000,0.0000,2.0000,-5.684828,-2.723048,-1.873199,32.00
4.668014,friction-sweep,hip_flexion_right_joint,RS04,-5.706687,-3.000000,0.000000,0.0000,2.0000,-5.706687,-2.695582,0.346069,32.00
4.676016,friction-sweep,hip_flexion_right_joint,RS04,-5.728164,-3.000000,0.000000,0.0000,2.0000,-5.728164,-2.691463,-0.672005,32.00
4.684014,friction-sweep,hip_flexion_right_joint,RS04,-5.749640,-3.000000,0.000000,0.0000,2.0000,-5.749640,-2.721675,-1.528954,32.00
4.692019,friction-sweep,hip_flexion_right_joint,RS04,-5.771116,-3.000000,0.000000,0.0000,2.0000,-5.771116,-2.733120,0.540176,32.00
4.700018,friction-sweep,hip_flexion_right_joint,RS04,-5.792975,-3.000000,0.000000,0.0000,2.0000,-5.792975,-2.651178,-1.005264,32.00
4.708013,friction-sweep,hip_flexion_right_joint,RS04,-5.814451,-3.000000,0.000000,0.0000,2.0000,-5.814451,-2.651636,-1.063858,32.00
4.716016,friction-sweep,hip_flexion_right_joint,RS04,-5.835927,-3.000000,0.000000,0.0000,2.0000,-5.835927,-2.690547,0.525528,32.00
4.724015,friction-sweep,hip_flexion_right_joint,RS04,-5.857787,-3.000000,0.000000,0.0000,2.0000,-5.857787,-2.686885,-1.430077,32.00
4.732011,friction-sweep,hip_flexion_right_joint,RS04,-5.879263,-3.000000,0.000000,0.0000,2.0000,-5.879263,-2.746853,-0.708633,32.00
4.740016,friction-sweep,hip_flexion_right_joint,RS04,-5.900355,-3.000000,0.000000,0.0000,2.0000,-5.900355,-2.685512,0.554825,32.00
4.748013,friction-sweep,hip_flexion_right_joint,RS04,-5.922215,-3.000000,0.000000,0.0000,2.0000,-5.922215,-2.711604,-1.712067,32.00
4.760008,friction-sweep,hip_flexion_right_joint,RS04,-5.954429,-3.000000,0.000000,0.0000,2.0000,-5.954429,-2.641565,-1.876862,32.00
4.772011,friction-sweep,hip_flexion_right_joint,RS04,-5.987027,-3.000000,0.000000,0.0000,2.0000,-5.987027,-2.705653,-1.935455,32.00
4.780009,friction-sweep,hip_flexion_right_joint,RS04,-6.008502,-3.000000,0.000000,0.0000,2.0000,-6.008502,-2.761959,-0.100708,32.00
4.788015,friction-sweep,hip_flexion_right_joint,RS04,-6.029979,-3.000000,0.000000,0.0000,2.0000,-6.029979,-2.657587,-0.034790,32.00
4.796014,friction-sweep,hip_flexion_right_joint,RS04,-6.051838,-3.000000,0.000000,0.0000,2.0000,-6.051838,-2.686885,-1.928131,32.00
4.804009,friction-sweep,hip_flexion_right_joint,RS04,-6.073315,-3.000000,0.000000,0.0000,2.0000,-6.073315,-2.675441,0.100708,32.00
4.812018,friction-sweep,hip_flexion_right_joint,RS04,-6.094790,-3.000000,0.000000,0.0000,2.0000,-6.094790,-2.653925,-0.477913,32.00
4.820012,friction-sweep,hip_flexion_right_joint,RS04,-6.116267,-3.000000,0.000000,0.0000,2.0000,-6.116267,-2.726254,-1.697418,32.00
4.828009,friction-sweep,hip_flexion_right_joint,RS04,-6.138126,-3.000000,0.000000,0.0000,2.0000,-6.138126,-2.761501,0.463257,32.00
4.836017,friction-sweep,hip_flexion_right_joint,RS04,-6.159602,-3.000000,0.000000,0.0000,2.0000,-6.159602,-2.695125,-0.756241,32.00
4.844014,friction-sweep,hip_flexion_right_joint,RS04,-6.181078,-3.000000,0.000000,0.0000,2.0000,-6.181078,-2.741817,-1.345848,32.00
4.852008,friction-sweep,hip_flexion_right_joint,RS04,-6.202938,-3.000000,0.000000,0.0000,2.0000,-6.202938,-2.760128,0.540176,32.00
4.860015,friction-sweep,hip_flexion_right_joint,RS04,-6.224414,-3.000000,0.000000,0.0000,2.0000,-6.224414,-2.614100,-1.111465,32.00
4.868014,friction-sweep,hip_flexion_right_joint,RS04,-6.245890,-3.000000,0.000000,0.0000,2.0000,-6.245890,-2.730373,-1.023575,32.00
4.876010,friction-sweep,hip_flexion_right_joint,RS04,-6.267366,-3.000000,0.000000,0.0000,2.0000,-6.267366,-2.727627,0.558487,32.00
4.884013,friction-sweep,hip_flexion_right_joint,RS04,-6.288842,-3.000000,0.000000,0.0000,2.0000,-6.288842,-2.705653,-1.569237,32.00
4.892015,friction-sweep,hip_flexion_right_joint,RS04,-6.310702,-3.000000,0.000000,0.0000,2.0000,-6.310702,-2.672236,-0.551155,32.00
4.900010,friction-sweep,hip_flexion_right_joint,RS04,-6.332178,-3.000000,0.000000,0.0000,2.0000,-6.332178,-2.700618,0.470596,32.00
4.908015,friction-sweep,hip_flexion_right_joint,RS04,-6.353654,-3.000000,0.000000,0.0000,2.0000,-6.353654,-2.733578,-1.781647,32.00
4.916014,friction-sweep,hip_flexion_right_joint,RS04,-6.375514,-3.000000,0.000000,0.0000,2.0000,-6.375514,-2.734951,-0.291145,32.00
4.924009,friction-sweep,hip_flexion_right_joint,RS04,-6.396606,-3.000000,0.000000,0.0000,2.0000,-6.396606,-2.652094,0.173950,32.00
4.932015,friction-sweep,hip_flexion_right_joint,RS04,-6.418466,-3.000000,0.000000,0.0000,2.0000,-6.418466,-2.691463,-1.990387,32.00
4.940014,friction-sweep,hip_flexion_right_joint,RS04,-6.439558,-3.000000,0.000000,0.0000,2.0000,-6.439558,-2.680018,0.023804,32.00
4.948009,friction-sweep,hip_flexion_right_joint,RS04,-6.461418,-3.000000,0.000000,0.0000,2.0000,-6.461418,-2.696040,-0.250862,32.00
4.956015,friction-sweep,hip_flexion_right_joint,RS04,-6.482893,-3.000000,0.000000,0.0000,2.0000,-6.482893,-2.705653,-1.862213,32.00
4.964013,friction-sweep,hip_flexion_right_joint,RS04,-6.504370,-3.000000,0.000000,0.0000,2.0000,-6.504370,-2.722133,0.324097,32.00
4.972012,friction-sweep,hip_flexion_right_joint,RS04,-6.525846,-3.000000,0.000000,0.0000,2.0000,-6.525846,-2.666743,-0.595100,32.00
4.980016,friction-sweep,hip_flexion_right_joint,RS04,-6.547706,-3.000000,0.000000,0.0000,2.0000,-6.547706,-2.639734,-1.532616,32.00
4.988016,friction-sweep,hip_flexion_right_joint,RS04,-6.569181,-3.000000,0.000000,0.0000,2.0000,-6.569181,-2.696498,0.507217,32.00
4.996010,friction-sweep,hip_flexion_right_joint,RS04,-6.590658,-3.000000,0.000000,0.0000,2.0000,-6.590658,-2.674525,-0.994278,32.00
5.004014,friction-sweep,hip_flexion_right_joint,RS04,-6.612134,-3.000000,0.000000,0.0000,2.0000,-6.612134,-2.658960,-1.129776,32.00
5.012013,friction-sweep,hip_flexion_right_joint,RS04,-6.633226,-3.000000,0.000000,0.0000,2.0000,-6.633226,-2.653009,0.518204,32.00
5.020009,friction-sweep,hip_flexion_right_joint,RS04,-6.655086,-3.000000,0.000000,0.0000,2.0000,-6.655086,-2.705195,-1.455711,32.00
5.028015,friction-sweep,hip_flexion_right_joint,RS04,-6.676945,-3.000000,0.000000,0.0000,2.0000,-6.676945,-2.744564,-0.745255,32.00
5.036032,friction-sweep,hip_flexion_right_joint,RS04,-6.698421,-3.000000,0.000000,0.0000,2.0000,-6.698421,-2.659876,0.543839,32.00
5.044009,friction-sweep,hip_flexion_right_joint,RS04,-6.719514,-3.000000,0.000000,0.0000,2.0000,-6.719514,-2.710689,-1.781647,32.00
5.052014,friction-sweep,hip_flexion_right_joint,RS04,-6.741374,-3.000000,0.000000,0.0000,2.0000,-6.741374,-2.727169,-0.349739,32.00
5.060013,friction-sweep,hip_flexion_right_joint,RS04,-6.762850,-3.000000,0.000000,0.0000,2.0000,-6.762850,-2.683681,0.313110,32.00
5.068010,friction-sweep,hip_flexion_right_joint,RS04,-6.784325,-3.000000,0.000000,0.0000,2.0000,-6.784325,-2.722133,-1.935455,32.00
5.076015,friction-sweep,hip_flexion_right_joint,RS04,-6.805801,-3.000000,0.000000,0.0000,2.0000,-6.805801,-2.709315,-0.071411,32.00
5.084015,friction-sweep,hip_flexion_right_joint,RS04,-6.827661,-3.000000,0.000000,0.0000,2.0000,-6.827661,-2.659418,-0.064087,32.00
5.092010,friction-sweep,hip_flexion_right_joint,RS04,-6.849137,-3.000000,0.000000,0.0000,2.0000,-6.849137,-2.725338,-1.906158,32.00
5.100018,friction-sweep,hip_flexion_right_joint,RS04,-6.870613,-3.000000,0.000000,0.0000,2.0000,-6.870613,-2.721675,0.177612,32.00
5.108014,friction-sweep,hip_flexion_right_joint,RS04,-6.892089,-3.000000,0.000000,0.0000,2.0000,-6.892089,-2.659418,-0.404671,32.00
5.116010,friction-sweep,hip_flexion_right_joint,RS04,-6.913949,-3.000000,0.000000,0.0000,2.0000,-6.913949,-2.728542,-1.668121,32.00
5.124014,friction-sweep,hip_flexion_right_joint,RS04,-6.935425,-3.000000,0.000000,0.0000,2.0000,-6.935425,-2.633326,0.488907,32.00
5.132114,friction-sweep,hip_flexion_right_joint,RS04,-6.956901,-3.000000,0.000000,0.0000,2.0000,-6.956901,-2.625086,-0.833145,32.00
5.140012,friction-sweep,hip_flexion_right_joint,RS04,-6.978760,-3.000000,0.000000,0.0000,2.0000,-6.978760,-2.701076,-1.320213,32.00
5.148016,friction-sweep,hip_flexion_right_joint,RS04,-7.000237,-3.000000,0.000000,0.0000,2.0000,-7.000237,-2.671321,0.518204,32.00
5.156015,friction-sweep,hip_flexion_right_joint,RS04,-7.021713,-3.000000,0.000000,0.0000,2.0000,-7.021713,-2.685512,-1.199364,32.00
5.164010,friction-sweep,hip_flexion_right_joint,RS04,-7.043189,-3.000000,0.000000,0.0000,2.0000,-7.043189,-2.671321,-0.964981,32.00
5.172015,friction-sweep,hip_flexion_right_joint,RS04,-7.065048,-3.000000,0.000000,0.0000,2.0000,-7.065048,-2.615473,0.529190,32.00
5.180014,friction-sweep,hip_flexion_right_joint,RS04,-7.086524,-3.000000,0.000000,0.0000,2.0000,-7.086524,-2.671779,-1.572899,32.00
5.188009,friction-sweep,hip_flexion_right_joint,RS04,-7.108001,-3.000000,0.000000,0.0000,2.0000,-7.108001,-2.681392,-0.536507,32.00
5.196016,friction-sweep,hip_flexion_right_joint,RS04,-7.129860,-3.000000,0.000000,0.0000,2.0000,-7.129860,-2.685969,0.441284,32.00
5.204014,friction-sweep,hip_flexion_right_joint,RS04,-7.150952,4.500000,0.000000,0.0000,2.0000,-7.150952,-2.746395,-1.847565,32.00
5.212010,friction-sweep,hip_flexion_right_joint,RS04,-7.172429,4.500000,0.000000,0.0000,2.0000,-7.172429,-2.712062,-0.228882,32.00
5.220015,friction-sweep,hip_flexion_right_joint,RS04,-7.190836,4.500000,0.000000,0.0000,2.0000,-7.190836,-1.863813,4.476997,32.00
5.228014,friction-sweep,hip_flexion_right_joint,RS04,-7.200424,4.500000,0.000000,0.0000,2.0000,-7.200424,-0.867247,5.498741,32.00
5.236010,friction-sweep,hip_flexion_right_joint,RS04,-7.201958,4.500000,0.000000,0.0000,2.0000,-7.201958,0.190205,4.249947,32.00
5.244064,friction-sweep,hip_flexion_right_joint,RS04,-7.196972,4.500000,0.000000,0.0000,2.0000,-7.196972,0.886474,4.033875,32.00
5.252045,friction-sweep,hip_flexion_right_joint,RS04,-7.187768,4.500000,0.000000,0.0000,2.0000,-7.187768,1.362555,2.854660,32.00
5.260027,friction-sweep,hip_flexion_right_joint,RS04,-7.173579,4.500000,0.000000,0.0000,2.0000,-7.173579,2.036392,2.312653,32.00
5.268026,friction-sweep,hip_flexion_right_joint,RS04,-7.154788,4.500000,0.000000,0.0000,2.0000,-7.154788,2.383841,1.858551,32.00
5.276022,friction-sweep,hip_flexion_right_joint,RS04,-7.133695,4.500000,0.000000,0.0000,2.0000,-7.133695,2.828793,2.510422,32.00
5.284016,friction-sweep,hip_flexion_right_joint,RS04,-7.109918,4.500000,0.000000,0.0000,2.0000,-7.109918,3.003662,1.265274,32.00
5.292015,friction-sweep,hip_flexion_right_joint,RS04,-7.084223,4.500000,0.000000,0.0000,2.0000,-7.084223,3.277409,0.822159,32.00
5.300012,friction-sweep,hip_flexion_right_joint,RS04,-7.056612,4.500000,0.000000,0.0000,2.0000,-7.056612,3.482491,1.195694,32.00
5.308015,friction-sweep,hip_flexion_right_joint,RS04,-7.027849,4.500000,0.000000,0.0000,2.0000,-7.027849,3.615702,1.953766,32.00
5.316014,friction-sweep,hip_flexion_right_joint,RS04,-6.998319,4.500000,0.000000,0.0000,2.0000,-6.998319,3.702221,2.092926,32.00
5.324014,friction-sweep,hip_flexion_right_joint,RS04,-6.968022,4.500000,0.000000,0.0000,2.0000,-6.968022,3.885786,1.788971,32.00
5.332014,friction-sweep,hip_flexion_right_joint,RS04,-6.937343,4.500000,0.000000,0.0000,2.0000,-6.937343,3.975510,1.345840,32.00
5.340018,friction-sweep,hip_flexion_right_joint,RS04,-6.905512,4.500000,0.000000,0.0000,2.0000,-6.905512,3.964523,1.060196,32.00
5.348012,friction-sweep,hip_flexion_right_joint,RS04,-6.873681,4.500000,0.000000,0.0000,2.0000,-6.873681,4.020370,0.672012,32.00
5.356014,friction-sweep,hip_flexion_right_joint,RS04,-6.841467,4.500000,0.000000,0.0000,2.0000,-6.841467,3.994736,0.521866,32.00
5.364013,friction-sweep,hip_flexion_right_joint,RS04,-6.809253,4.500000,0.000000,0.0000,2.0000,-6.809253,4.077135,0.331421,32.00
5.372015,friction-sweep,hip_flexion_right_joint,RS04,-6.776272,4.500000,0.000000,0.0000,2.0000,-6.776272,4.088579,0.148315,32.00
5.380013,friction-sweep,hip_flexion_right_joint,RS04,-6.743291,4.500000,0.000000,0.0000,2.0000,-6.743291,4.074389,0.093384,32.00
5.388014,friction-sweep,hip_flexion_right_joint,RS04,-6.710693,4.500000,0.000000,0.0000,2.0000,-6.710693,4.120623,0.016479,32.00
5.396012,friction-sweep,hip_flexion_right_joint,RS04,-6.677712,4.500000,0.000000,0.0000,2.0000,-6.677712,4.130693,-0.093384,32.00
5.404015,friction-sweep,hip_flexion_right_joint,RS04,-6.644348,4.500000,0.000000,0.0000,2.0000,-6.644348,4.142595,-0.108032,32.00
5.412010,friction-sweep,hip_flexion_right_joint,RS04,-6.611366,4.500000,0.000000,0.0000,2.0000,-6.611366,4.149920,-0.104370,32.00
5.420051,friction-sweep,hip_flexion_right_joint,RS04,-6.578002,4.500000,0.000000,0.0000,2.0000,-6.578002,4.154039,-0.108032,32.00
5.428033,friction-sweep,hip_flexion_right_joint,RS04,-6.544638,4.500000,0.000000,0.0000,2.0000,-6.544638,4.169605,-0.115356,32.00
5.436018,friction-sweep,hip_flexion_right_joint,RS04,-6.511656,4.500000,0.000000,0.0000,2.0000,-6.511656,4.212177,-0.159302,32.00
5.444022,friction-sweep,hip_flexion_right_joint,RS04,-6.478292,4.500000,0.000000,0.0000,2.0000,-6.478292,4.149462,-0.166626,32.00
5.452017,friction-sweep,hip_flexion_right_joint,RS04,-6.444927,4.500000,0.000000,0.0000,2.0000,-6.444927,4.164112,-0.140991,32.00
5.460011,friction-sweep,hip_flexion_right_joint,RS04,-6.411562,4.500000,0.000000,0.0000,2.0000,-6.411562,4.135729,-0.170288,32.00
5.468017,friction-sweep,hip_flexion_right_joint,RS04,-6.378198,4.500000,0.000000,0.0000,2.0000,-6.378198,4.159990,-0.089722,32.00
5.476014,friction-sweep,hip_flexion_right_joint,RS04,-6.345217,4.500000,0.000000,0.0000,2.0000,-6.345217,4.202106,-0.119019,32.00
5.484028,friction-sweep,hip_flexion_right_joint,RS04,-6.311852,4.500000,0.000000,0.0000,2.0000,-6.311852,4.145342,-0.097046,32.00
5.492026,friction-sweep,hip_flexion_right_joint,RS04,-6.278871,4.500000,0.000000,0.0000,2.0000,-6.278871,4.157701,-0.151978,32.00
5.500016,friction-sweep,hip_flexion_right_joint,RS04,-6.245123,4.500000,0.000000,0.0000,2.0000,-6.245123,4.082170,-0.045776,32.00
5.508010,friction-sweep,hip_flexion_right_joint,RS04,-6.211759,4.500000,0.000000,0.0000,2.0000,-6.211759,4.132982,-0.082397,32.00
5.516016,friction-sweep,hip_flexion_right_joint,RS04,-6.178777,4.500000,0.000000,0.0000,2.0000,-6.178777,4.158617,-0.049438,32.00
5.524014,friction-sweep,hip_flexion_right_joint,RS04,-6.145796,4.500000,0.000000,0.0000,2.0000,-6.145796,4.183796,-0.049438,32.00
5.532010,friction-sweep,hip_flexion_right_joint,RS04,-6.112049,4.500000,0.000000,0.0000,2.0000,-6.112049,4.184711,-0.089722,32.00
5.540015,friction-sweep,hip_flexion_right_joint,RS04,-6.078684,4.500000,0.000000,0.0000,2.0000,-6.078684,4.165943,-0.009155,32.00
5.548012,friction-sweep,hip_flexion_right_joint,RS04,-6.045702,4.500000,0.000000,0.0000,2.0000,-6.045702,4.142138,-0.049438,32.00
5.556011,friction-sweep,hip_flexion_right_joint,RS04,-6.012338,4.500000,0.000000,0.0000,2.0000,-6.012338,4.206684,0.016479,32.00
5.564018,friction-sweep,hip_flexion_right_joint,RS04,-5.978973,4.500000,0.000000,0.0000,2.0000,-5.978973,4.115129,-0.075073,32.00
5.572016,friction-sweep,hip_flexion_right_joint,RS04,-5.945609,4.500000,0.000000,0.0000,2.0000,-5.945609,4.137560,-0.001831,32.00
5.580032,friction-sweep,hip_flexion_right_joint,RS04,-5.912244,4.500000,0.000000,0.0000,2.0000,-5.912244,4.214466,0.082397,32.00
5.588016,friction-sweep,hip_flexion_right_joint,RS04,-5.878880,4.500000,0.000000,0.0000,2.0000,-5.878880,4.197987,0.086060,32.00
5.596013,friction-sweep,hip_flexion_right_joint,RS04,-5.845898,4.500000,0.000000,0.0000,2.0000,-5.845898,4.158617,0.038452,32.00
5.604013,friction-sweep,hip_flexion_right_joint,RS04,-5.812150,4.500000,0.000000,0.0000,2.0000,-5.812150,4.182423,0.086060,32.00
5.612011,friction-sweep,hip_flexion_right_joint,RS04,-5.779170,4.500000,0.000000,0.0000,2.0000,-5.779170,4.179676,0.100708,32.00
5.620015,friction-sweep,hip_flexion_right_joint,RS04,-5.745805,4.500000,0.000000,0.0000,2.0000,-5.745805,4.102770,0.064087,32.00
5.628010,friction-sweep,hip_flexion_right_joint,RS04,-5.712440,4.500000,0.000000,0.0000,2.0000,-5.712440,4.098192,0.137329,32.00
5.636086,friction-sweep,hip_flexion_right_joint,RS04,-5.679076,4.500000,0.000000,0.0000,2.0000,-5.679076,4.153124,0.111694,32.00
5.644017,friction-sweep,hip_flexion_right_joint,RS04,-5.646094,4.500000,0.000000,0.0000,2.0000,-5.646094,4.180592,0.122681,32.00
5.652014,friction-sweep,hip_flexion_right_joint,RS04,-5.612730,4.500000,0.000000,0.0000,2.0000,-5.612730,4.196613,0.159302,32.00
5.660010,friction-sweep,hip_flexion_right_joint,RS04,-5.579365,4.500000,0.000000,0.0000,2.0000,-5.579365,4.087664,0.148315,32.00
5.668016,friction-sweep,hip_flexion_right_joint,RS04,-5.545617,4.500000,0.000000,0.0000,2.0000,-5.545617,4.159075,0.188599,32.00
5.676015,friction-sweep,hip_flexion_right_joint,RS04,-5.512636,4.500000,0.000000,0.0000,2.0000,-5.512636,4.112841,0.170288,32.00
5.684011,friction-sweep,hip_flexion_right_joint,RS04,-5.479272,4.500000,0.000000,0.0000,2.0000,-5.479272,4.178761,0.206909,32.00
5.692016,friction-sweep,hip_flexion_right_joint,RS04,-5.445907,4.500000,0.000000,0.0000,2.0000,-5.445907,4.185169,0.217896,32.00
5.700012,friction-sweep,hip_flexion_right_joint,RS04,-5.412926,4.500000,0.000000,0.0000,2.0000,-5.412926,4.197071,0.261841,32.00
5.708010,friction-sweep,hip_flexion_right_joint,RS04,-5.379561,4.500000,0.000000,0.0000,2.0000,-5.379561,4.174641,0.265503,32.00
5.716016,friction-sweep,hip_flexion_right_joint,RS04,-5.346197,4.500000,0.000000,0.0000,2.0000,-5.346197,4.181965,0.283813,32.00
5.724015,friction-sweep,hip_flexion_right_joint,RS04,-5.312832,4.500000,0.000000,0.0000,2.0000,-5.312832,4.182423,0.346069,32.00
5.732265,friction-sweep,hip_flexion_right_joint,RS04,-5.278317,4.500000,0.000000,0.0000,2.0000,-5.278317,4.196156,0.470596,32.00
5.740027,friction-sweep,hip_flexion_right_joint,RS04,-5.246103,4.500000,0.000000,0.0000,2.0000,-5.246103,4.190205,0.346069,32.00
5.748027,friction-sweep,hip_flexion_right_joint,RS04,-5.212738,4.500000,0.000000,0.0000,2.0000,-5.212738,4.208515,0.342407,32.00
5.756020,friction-sweep,hip_flexion_right_joint,RS04,-5.179374,4.500000,0.000000,0.0000,2.0000,-5.179374,4.224995,0.390015,32.00
5.764019,friction-sweep,hip_flexion_right_joint,RS04,-5.146393,4.500000,0.000000,0.0000,2.0000,-5.146393,4.165485,0.371704,32.00
5.772015,friction-sweep,hip_flexion_right_joint,RS04,-5.113028,4.500000,0.000000,0.0000,2.0000,-5.113028,4.144426,0.364380,32.00
5.780015,friction-sweep,hip_flexion_right_joint,RS04,-5.079663,4.500000,0.000000,0.0000,2.0000,-5.079663,4.115587,0.408325,32.00
5.788015,friction-sweep,hip_flexion_right_joint,RS04,-5.046299,4.500000,0.000000,0.0000,2.0000,-5.046299,4.225452,0.419312,32.00
5.796014,friction-sweep,hip_flexion_right_joint,RS04,-5.012934,4.500000,0.000000,0.0000,2.0000,-5.012934,4.239643,0.441284,32.00
5.804014,friction-sweep,hip_flexion_right_joint,RS04,-4.979569,4.500000,0.000000,0.0000,2.0000,-4.979569,4.160908,0.459595,32.00
5.812017,friction-sweep,hip_flexion_right_joint,RS04,-4.946205,4.500000,0.000000,0.0000,2.0000,-4.946205,4.201649,0.510880,32.00
5.820015,friction-sweep,hip_flexion_right_joint,RS04,-4.912840,4.500000,0.000000,0.0000,2.0000,-4.912840,4.163654,0.499893,32.00
5.828015,friction-sweep,hip_flexion_right_joint,RS04,-4.879859,4.500000,0.000000,0.0000,2.0000,-4.879859,4.189747,0.488907,32.00
5.836016,friction-sweep,hip_flexion_right_joint,RS04,-4.846495,4.500000,0.000000,0.0000,2.0000,-4.846495,4.187458,0.481583,32.00
5.844014,friction-sweep,hip_flexion_right_joint,RS04,-4.813130,4.500000,0.000000,0.0000,2.0000,-4.813130,4.171436,0.492569,32.00
5.852015,friction-sweep,hip_flexion_right_joint,RS04,-4.780149,4.500000,0.000000,0.0000,2.0000,-4.780149,4.136187,0.441284,32.00
5.860014,friction-sweep,hip_flexion_right_joint,RS04,-4.746785,4.500000,0.000000,0.0000,2.0000,-4.746785,4.148546,0.496231,32.00
5.868013,friction-sweep,hip_flexion_right_joint,RS04,-4.713420,4.500000,0.000000,0.0000,2.0000,-4.713420,4.149920,0.477921,32.00
5.876015,friction-sweep,hip_flexion_right_joint,RS04,-4.680055,4.500000,0.000000,0.0000,2.0000,-4.680055,4.227283,0.510880,32.00
5.884017,friction-sweep,hip_flexion_right_joint,RS04,-4.646691,4.500000,0.000000,0.0000,2.0000,-4.646691,4.184711,0.521866,32.00
5.892015,friction-sweep,hip_flexion_right_joint,RS04,-4.613326,4.500000,0.000000,0.0000,2.0000,-4.613326,4.181049,0.551163,32.00
5.900013,friction-sweep,hip_flexion_right_joint,RS04,-4.580345,4.500000,0.000000,0.0000,2.0000,-4.580345,4.162739,0.507217,32.00
5.908015,friction-sweep,hip_flexion_right_joint,RS04,-4.546981,4.500000,0.000000,0.0000,2.0000,-4.546981,4.184711,0.525528,32.00
5.916014,friction-sweep,hip_flexion_right_joint,RS04,-4.513616,4.500000,0.000000,0.0000,2.0000,-4.513616,4.216755,0.543839,32.00
5.924014,friction-sweep,hip_flexion_right_joint,RS04,-4.480251,4.500000,0.000000,0.0000,2.0000,-4.480251,4.180592,0.576797,32.00
5.932015,friction-sweep,hip_flexion_right_joint,RS04,-4.447270,4.500000,0.000000,0.0000,2.0000,-4.447270,4.130693,0.598770,32.00
5.940006,friction-sweep,hip_flexion_right_joint,RS04,-4.413522,4.500000,0.000000,0.0000,2.0000,-4.413522,4.191578,0.569473,32.00
5.948081,friction-sweep,hip_flexion_right_joint,RS04,-4.380157,4.500000,0.000000,0.0000,2.0000,-4.380157,4.159533,0.635391,32.00
5.956055,friction-sweep,hip_flexion_right_joint,RS04,-4.346793,4.500000,0.000000,0.0000,2.0000,-4.346793,4.235065,0.701309,32.00
5.968121,friction-sweep,hip_flexion_right_joint,RS04,-4.296555,4.500000,0.000000,0.0000,2.0000,-4.296555,4.187458,0.485245,32.00
5.980024,friction-sweep,hip_flexion_right_joint,RS04,-4.247083,4.500000,0.000000,0.0000,2.0000,-4.247083,4.140306,0.697647,32.00
5.992050,friction-sweep,hip_flexion_right_joint,RS04,-4.197227,4.500000,0.000000,0.0000,2.0000,-4.197227,4.140306,0.481583,32.00
6.000010,friction-sweep,hip_flexion_right_joint,RS04,-4.164247,4.500000,0.000000,0.0000,2.0000,-4.164247,4.157244,0.536514,32.00
6.012021,friction-sweep,hip_flexion_right_joint,RS04,-4.114008,4.500000,0.000000,0.0000,2.0000,-4.114008,4.144884,0.704971,32.00
6.024083,friction-sweep,hip_flexion_right_joint,RS04,-4.064153,4.500000,0.000000,0.0000,2.0000,-4.064153,4.189289,0.485245,32.00
6.032075,friction-sweep,hip_flexion_right_joint,RS04,-4.030787,4.500000,0.000000,0.0000,2.0000,-4.030787,4.197987,0.477921,32.00
6.040040,friction-sweep,hip_flexion_right_joint,RS04,-3.997423,4.500000,0.000000,0.0000,2.0000,-3.997423,4.157244,0.503555,32.00
6.048028,friction-sweep,hip_flexion_right_joint,RS04,-3.964059,4.500000,0.000000,0.0000,2.0000,-3.964059,4.159075,0.452271,32.00
6.056040,friction-sweep,hip_flexion_right_joint,RS04,-3.931078,4.500000,0.000000,0.0000,2.0000,-3.931078,4.142595,0.430298,32.00
6.064019,friction-sweep,hip_flexion_right_joint,RS04,-3.897713,4.500000,0.000000,0.0000,2.0000,-3.897713,4.108263,0.430298,32.00
6.072014,friction-sweep,hip_flexion_right_joint,RS04,-3.864732,4.500000,0.000000,0.0000,2.0000,-3.864732,4.139391,0.452271,32.00
6.080013,friction-sweep,hip_flexion_right_joint,RS04,-3.831367,4.500000,0.000000,0.0000,2.0000,-3.831367,4.210346,0.430298,32.00
6.088012,friction-sweep,hip_flexion_right_joint,RS04,-3.798002,4.500000,0.000000,0.0000,2.0000,-3.798002,4.164570,0.397339,32.00
6.096013,friction-sweep,hip_flexion_right_joint,RS04,-3.764638,4.500000,0.000000,0.0000,2.0000,-3.764638,4.200275,0.408325,32.00
6.104013,friction-sweep,hip_flexion_right_joint,RS04,-3.731274,4.500000,0.000000,0.0000,2.0000,-3.731274,4.120623,0.426636,32.00
6.112015,friction-sweep,hip_flexion_right_joint,RS04,-3.697908,4.500000,0.000000,0.0000,2.0000,-3.697908,4.133440,0.379028,32.00
6.120013,friction-sweep,hip_flexion_right_joint,RS04,-3.664545,4.500000,0.000000,0.0000,2.0000,-3.664545,4.170979,0.342407,32.00
6.128015,friction-sweep,hip_flexion_right_joint,RS04,-3.631563,4.500000,0.000000,0.0000,2.0000,-3.631563,4.153124,0.324097,32.00
6.136014,friction-sweep,hip_flexion_right_joint,RS04,-3.598199,4.500000,0.000000,0.0000,2.0000,-3.598199,4.137560,0.375366,32.00
6.144014,friction-sweep,hip_flexion_right_joint,RS04,-3.564835,4.500000,0.000000,0.0000,2.0000,-3.564835,4.113298,0.338745,32.00
6.152013,friction-sweep,hip_flexion_right_joint,RS04,-3.531469,4.500000,0.000000,0.0000,2.0000,-3.531469,4.136187,0.294800,32.00
6.160125,friction-sweep,hip_flexion_right_joint,RS04,-3.498488,4.500000,0.000000,0.0000,2.0000,-3.498488,4.162739,0.280151,32.00
6.168020,friction-sweep,hip_flexion_right_joint,RS04,-3.465124,4.500000,0.000000,0.0000,2.0000,-3.465124,4.152666,0.309448,32.00
6.180018,friction-sweep,hip_flexion_right_joint,RS04,-3.414886,4.500000,0.000000,0.0000,2.0000,-3.414886,4.160450,0.891739,32.00
6.188023,friction-sweep,hip_flexion_right_joint,RS04,-3.381905,4.500000,0.000000,0.0000,2.0000,-3.381905,4.192493,0.873428,32.00
6.196021,friction-sweep,hip_flexion_right_joint,RS04,-3.348539,4.500000,0.000000,0.0000,2.0000,-3.348539,4.199818,0.910049,32.00
6.204020,friction-sweep,hip_flexion_right_joint,RS04,-3.315558,4.500000,0.000000,0.0000,2.0000,-3.315558,4.151751,0.873428,32.00
6.212016,friction-sweep,hip_flexion_right_joint,RS04,-3.282194,4.500000,0.000000,0.0000,2.0000,-3.282194,4.129320,0.888077,32.00
6.220013,friction-sweep,hip_flexion_right_joint,RS04,-3.249212,4.500000,0.000000,0.0000,2.0000,-3.249212,4.169605,0.910049,32.00
6.228013,friction-sweep,hip_flexion_right_joint,RS04,-3.215465,4.500000,0.000000,0.0000,2.0000,-3.215465,4.118792,0.866104,32.00
6.236014,friction-sweep,hip_flexion_right_joint,RS04,-3.182484,4.500000,0.000000,0.0000,2.0000,-3.182484,4.198444,0.910049,32.00
6.244012,friction-sweep,hip_flexion_right_joint,RS04,-3.149118,4.500000,0.000000,0.0000,2.0000,-3.149118,4.223164,0.913712,32.00
6.252012,friction-sweep,hip_flexion_right_joint,RS04,-3.115754,4.500000,0.000000,0.0000,2.0000,-3.115754,4.159990,0.884415,32.00
6.260015,friction-sweep,hip_flexion_right_joint,RS04,-3.082390,4.500000,0.000000,0.0000,2.0000,-3.082390,4.085375,0.921036,32.00
6.268013,friction-sweep,hip_flexion_right_joint,RS04,-3.049409,4.500000,0.000000,0.0000,2.0000,-3.049409,4.179218,0.975967,32.00
6.276011,friction-sweep,hip_flexion_right_joint,RS04,-3.016044,4.500000,0.000000,0.0000,2.0000,-3.016044,4.104143,0.964981,32.00
6.284012,friction-sweep,hip_flexion_right_joint,RS04,-2.982679,4.500000,0.000000,0.0000,2.0000,-2.982679,4.094988,0.983292,32.00
6.292012,friction-sweep,hip_flexion_right_joint,RS04,-2.949315,4.500000,0.000000,0.0000,2.0000,-2.949315,4.197987,1.041885,32.00
6.300011,friction-sweep,hip_flexion_right_joint,RS04,-2.915950,4.500000,0.000000,0.0000,2.0000,-2.915950,4.103228,0.997940,32.00
6.308013,friction-sweep,hip_flexion_right_joint,RS04,-2.882586,4.500000,0.000000,0.0000,2.0000,-2.882586,4.144884,1.027237,32.00
6.316012,friction-sweep,hip_flexion_right_joint,RS04,-2.849605,4.500000,0.000000,0.0000,2.0000,-2.849605,4.108263,1.016251,32.00
6.324012,friction-sweep,hip_flexion_right_joint,RS04,-2.816239,4.500000,0.000000,0.0000,2.0000,-2.816239,4.232319,1.005264,32.00
6.332079,friction-sweep,hip_flexion_right_joint,RS04,-2.782876,4.500000,0.000000,0.0000,2.0000,-2.782876,4.126116,1.074844,32.00
6.340025,friction-sweep,hip_flexion_right_joint,RS04,-2.749894,4.500000,0.000000,0.0000,2.0000,-2.749894,4.253376,1.016251,32.00
6.348031,friction-sweep,hip_flexion_right_joint,RS04,-2.716913,4.500000,0.000000,0.0000,2.0000,-2.716913,4.173267,0.990616,32.00
6.356023,friction-sweep,hip_flexion_right_joint,RS04,-2.683166,4.500000,0.000000,0.0000,2.0000,-2.683166,4.118792,1.012589,32.00
6.364015,friction-sweep,hip_flexion_right_joint,RS04,-2.650184,4.500000,0.000000,0.0000,2.0000,-2.650184,4.152666,0.975967,32.00
6.372013,friction-sweep,hip_flexion_right_joint,RS04,-2.617203,4.500000,0.000000,0.0000,2.0000,-2.617203,4.173725,1.005264,32.00
6.380014,friction-sweep,hip_flexion_right_joint,RS04,-2.583838,4.500000,0.000000,0.0000,2.0000,-2.583838,4.195240,0.986954,32.00
6.388012,friction-sweep,hip_flexion_right_joint,RS04,-2.550474,4.500000,0.000000,0.0000,2.0000,-2.550474,4.153582,0.994278,32.00
6.396010,friction-sweep,hip_flexion_right_joint,RS04,-2.517492,4.500000,0.000000,0.0000,2.0000,-2.517492,4.165485,0.997940,32.00
6.404012,friction-sweep,hip_flexion_right_joint,RS04,-2.484128,-4.500000,0.000000,0.0000,2.0000,-2.484128,4.140306,0.950333,32.00
6.412014,friction-sweep,hip_flexion_right_joint,RS04,-2.450764,-4.500000,0.000000,0.0000,2.0000,-2.450764,4.152208,0.983292,32.00
6.420012,friction-sweep,hip_flexion_right_joint,RS04,-2.421618,-4.500000,0.000000,0.0000,2.0000,-2.421618,3.274662,-5.341263,32.00
6.428055,friction-sweep,hip_flexion_right_joint,RS04,-2.403593,-4.500000,0.000000,0.0000,2.0000,-2.403593,1.681162,-5.033646,32.00
6.436029,friction-sweep,hip_flexion_right_joint,RS04,-2.396306,-4.500000,0.000000,0.0000,2.0000,-2.396306,0.522087,-4.920113,32.00
6.444019,friction-sweep,hip_flexion_right_joint,RS04,-2.396690,-4.500000,0.000000,0.0000,2.0000,-2.396690,-0.312886,-4.531929,32.00
6.452020,friction-sweep,hip_flexion_right_joint,RS04,-2.402442,-4.500000,0.000000,0.0000,2.0000,-2.402442,-0.973907,-3.803162,32.00
6.460015,friction-sweep,hip_flexion_right_joint,RS04,-2.413947,-4.500000,0.000000,0.0000,2.0000,-2.413947,-1.682994,-2.067291,32.00
6.468011,friction-sweep,hip_flexion_right_joint,RS04,-2.430055,-4.500000,0.000000,0.0000,2.0000,-2.430055,-2.174182,-3.334404,32.00
6.476014,friction-sweep,hip_flexion_right_joint,RS04,-2.448846,-4.500000,0.000000,0.0000,2.0000,-2.448846,-2.611811,-1.375145,32.00
6.484011,friction-sweep,hip_flexion_right_joint,RS04,-2.471088,-4.500000,0.000000,0.0000,2.0000,-2.471088,-2.799954,-1.909821,32.00
6.492011,friction-sweep,hip_flexion_right_joint,RS04,-2.495250,-4.500000,0.000000,0.0000,2.0000,-2.495250,-3.072785,-2.638596,32.00
6.500012,friction-sweep,hip_flexion_right_joint,RS04,-2.521711,-4.500000,0.000000,0.0000,2.0000,-2.521711,-3.350194,-1.170059,32.00
6.508011,friction-sweep,hip_flexion_right_joint,RS04,-2.549323,-4.500000,0.000000,0.0000,2.0000,-2.549323,-3.530098,-0.448616,32.00
6.516009,friction-sweep,hip_flexion_right_joint,RS04,-2.578086,-4.500000,0.000000,0.0000,2.0000,-2.578086,-3.667888,-0.177612,32.00
6.524010,friction-sweep,hip_flexion_right_joint,RS04,-2.607999,-4.500000,0.000000,0.0000,2.0000,-2.607999,-3.723736,-0.477913,32.00
6.532012,friction-sweep,hip_flexion_right_joint,RS04,-2.638296,-4.500000,0.000000,0.0000,2.0000,-2.638296,-3.823987,-0.862442,32.00
6.540011,friction-sweep,hip_flexion_right_joint,RS04,-2.669743,-4.500000,0.000000,0.0000,2.0000,-2.669743,-3.985123,-1.195702,32.00
6.548011,friction-sweep,hip_flexion_right_joint,RS04,-2.701190,-4.500000,0.000000,0.0000,2.0000,-2.701190,-3.986496,-1.532616,32.00
6.556014,friction-sweep,hip_flexion_right_joint,RS04,-2.733404,-4.500000,0.000000,0.0000,2.0000,-2.733404,-3.999771,-1.686432,32.00
6.564012,friction-sweep,hip_flexion_right_joint,RS04,-2.765617,-4.500000,0.000000,0.0000,2.0000,-2.765617,-4.033189,-1.799957,32.00
6.572067,friction-sweep,hip_flexion_right_joint,RS04,-2.798599,-4.500000,0.000000,0.0000,2.0000,-2.798599,-4.085375,-1.821930,32.00
6.580054,friction-sweep,hip_flexion_right_joint,RS04,-2.831197,-4.500000,0.000000,0.0000,2.0000,-2.831197,-4.116961,-1.873199,32.00
6.588040,friction-sweep,hip_flexion_right_joint,RS04,-2.864178,-4.500000,0.000000,0.0000,2.0000,-2.864178,-4.113756,-1.924469,32.00
6.596027,friction-sweep,hip_flexion_right_joint,RS04,-2.896775,-4.500000,0.000000,0.0000,2.0000,-2.896775,-4.129778,-1.990387,32.00
6.604018,friction-sweep,hip_flexion_right_joint,RS04,-2.930140,-4.500000,0.000000,0.0000,2.0000,-2.930140,-4.113756,-1.979401,32.00
6.612016,friction-sweep,hip_flexion_right_joint,RS04,-2.963120,-4.500000,0.000000,0.0000,2.0000,-2.963120,-4.131610,-2.001373,32.00
6.620015,friction-sweep,hip_flexion_right_joint,RS04,-2.996102,-4.500000,0.000000,0.0000,2.0000,-2.996102,-4.112841,-1.979401,32.00
6.628011,friction-sweep,hip_flexion_right_joint,RS04,-3.029467,-4.500000,0.000000,0.0000,2.0000,-3.029467,-4.189288,-1.990387,32.00
6.636012,friction-sweep,hip_flexion_right_joint,RS04,-3.062448,-4.500000,0.000000,0.0000,2.0000,-3.062448,-4.133899,-1.920807,32.00
6.644013,friction-sweep,hip_flexion_right_joint,RS04,-3.095812,-4.500000,0.000000,0.0000,2.0000,-3.095812,-4.135730,-1.972076,32.00
6.652011,friction-sweep,hip_flexion_right_joint,RS04,-3.129177,-4.500000,0.000000,0.0000,2.0000,-3.129177,-4.134814,-1.972076,32.00
6.660012,friction-sweep,hip_flexion_right_joint,RS04,-3.162158,-4.500000,0.000000,0.0000,2.0000,-3.162158,-4.154040,-1.935455,32.00
6.668118,friction-sweep,hip_flexion_right_joint,RS04,-3.195522,-4.500000,0.000000,0.0000,2.0000,-3.195522,-4.164569,-1.957428,32.00
6.676018,friction-sweep,hip_flexion_right_joint,RS04,-3.228888,-4.500000,0.000000,0.0000,2.0000,-3.228888,-4.155414,-1.968414,32.00
6.684014,friction-sweep,hip_flexion_right_joint,RS04,-3.262252,-4.500000,0.000000,0.0000,2.0000,-3.262252,-4.162738,-1.924469,32.00
6.692014,friction-sweep,hip_flexion_right_joint,RS04,-3.295616,-4.500000,0.000000,0.0000,2.0000,-3.295616,-4.203022,-1.961090,32.00
6.700011,friction-sweep,hip_flexion_right_joint,RS04,-3.328598,-4.500000,0.000000,0.0000,2.0000,-3.328598,-4.121538,-1.913483,32.00
6.708011,friction-sweep,hip_flexion_right_joint,RS04,-3.361961,-4.500000,0.000000,0.0000,2.0000,-3.361961,-4.211262,-1.891510,32.00
6.716012,friction-sweep,hip_flexion_right_joint,RS04,-3.395327,-4.500000,0.000000,0.0000,2.0000,-3.395327,-4.121996,-1.895172,32.00
6.724010,friction-sweep,hip_flexion_right_joint,RS04,-3.428691,-4.500000,0.000000,0.0000,2.0000,-3.428691,-4.219501,-1.920807,32.00
6.732009,friction-sweep,hip_flexion_right_joint,RS04,-3.462056,-4.500000,0.000000,0.0000,2.0000,-3.462056,-4.135272,-1.931793,32.00
6.740012,friction-sweep,hip_flexion_right_joint,RS04,-3.495420,-4.500000,0.000000,0.0000,2.0000,-3.495420,-4.258869,-1.840240,32.00
6.748011,friction-sweep,hip_flexion_right_joint,RS04,-3.528785,-4.500000,0.000000,0.0000,2.0000,-3.528785,-4.150836,-1.924469,32.00
6.756010,friction-sweep,hip_flexion_right_joint,RS04,-3.562150,-4.500000,0.000000,0.0000,2.0000,-3.562150,-4.184253,-1.942780,32.00
6.764011,friction-sweep,hip_flexion_right_joint,RS04,-3.595131,-4.500000,0.000000,0.0000,2.0000,-3.595131,-4.157702,-1.887848,32.00
6.772012,friction-sweep,hip_flexion_right_joint,RS04,-3.628495,-4.500000,0.000000,0.0000,2.0000,-3.628495,-4.196156,-1.917145,32.00
6.780011,friction-sweep,hip_flexion_right_joint,RS04,-3.661860,-4.500000,0.000000,0.0000,2.0000,-3.661860,-4.153125,-1.917145,32.00
6.788013,friction-sweep,hip_flexion_right_joint,RS04,-3.694840,-4.500000,0.000000,0.0000,2.0000,-3.694840,-4.144885,-1.880524,32.00
6.796013,friction-sweep,hip_flexion_right_joint,RS04,-3.728206,-4.500000,0.000000,0.0000,2.0000,-3.728206,-4.147632,-1.887848,32.00
6.804009,friction-sweep,hip_flexion_right_joint,RS04,-3.761570,-4.500000,0.000000,0.0000,2.0000,-3.761570,-4.156787,-1.924469,32.00
6.812012,friction-sweep,hip_flexion_right_joint,RS04,-3.794934,-4.500000,0.000000,0.0000,2.0000,-3.794934,-4.170978,-1.869537,32.00
6.820011,friction-sweep,hip_flexion_right_joint,RS04,-3.827916,-4.500000,0.000000,0.0000,2.0000,-3.827916,-4.141223,-1.876862,32.00
6.828010,friction-sweep,hip_flexion_right_joint,RS04,-3.861280,-4.500000,0.000000,0.0000,2.0000,-3.861280,-4.153125,-1.807281,32.00
6.836011,friction-sweep,hip_flexion_right_joint,RS04,-3.894645,-4.500000,0.000000,0.0000,2.0000,-3.894645,-4.148089,-1.847565,32.00
6.844011,friction-sweep,hip_flexion_right_joint,RS04,-3.928010,-4.500000,0.000000,0.0000,2.0000,-3.928010,-4.135272,-1.821930,32.00
6.852012,friction-sweep,hip_flexion_right_joint,RS04,-3.961374,-4.500000,0.000000,0.0000,2.0000,-3.961374,-4.138476,-1.880524,32.00
6.860010,friction-sweep,hip_flexion_right_joint,RS04,-3.994739,-4.500000,0.000000,0.0000,2.0000,-3.994739,-4.217213,-1.825592,32.00
6.868011,friction-sweep,hip_flexion_right_joint,RS04,-4.028103,-4.500000,0.000000,0.0000,2.0000,-4.028103,-4.135272,-1.829254,32.00
6.876014,friction-sweep,hip_flexion_right_joint,RS04,-4.061085,-4.500000,0.000000,0.0000,2.0000,-4.061085,-4.177844,-1.865875,32.00
6.884013,friction-sweep,hip_flexion_right_joint,RS04,-4.094449,-4.500000,0.000000,0.0000,2.0000,-4.094449,-4.193867,-1.803619,32.00
6.892011,friction-sweep,hip_flexion_right_joint,RS04,-4.127813,-4.500000,0.000000,0.0000,2.0000,-4.127813,-4.186999,-1.803619,32.00
6.900010,friction-sweep,hip_flexion_right_joint,RS04,-4.161179,-4.500000,0.000000,0.0000,2.0000,-4.161179,-4.169147,-1.814606,32.00
6.908012,friction-sweep,hip_flexion_right_joint,RS04,-4.194543,-4.500000,0.000000,0.0000,2.0000,-4.194543,-4.204395,-1.774323,32.00
6.916010,friction-sweep,hip_flexion_right_joint,RS04,-4.227907,-4.500000,0.000000,0.0000,2.0000,-4.227907,-4.135272,-1.799957,32.00
6.924064,friction-sweep,hip_flexion_right_joint,RS04,-4.261272,-4.500000,0.000000,0.0000,2.0000,-4.261272,-4.164569,-1.766998,32.00
6.932055,friction-sweep,hip_flexion_right_joint,RS04,-4.294636,-4.500000,0.000000,0.0000,2.0000,-4.294636,-4.180591,-1.719391,32.00
6.940036,friction-sweep,hip_flexion_right_joint,RS04,-4.328001,-4.500000,0.000000,0.0000,2.0000,-4.328001,-4.149005,-1.792633,32.00
6.948029,friction-sweep,hip_flexion_right_joint,RS04,-4.361366,-4.500000,0.000000,0.0000,2.0000,-4.361366,-4.132983,-1.726715,32.00
6.956011,friction-sweep,hip_flexion_right_joint,RS04,-4.394731,-4.500000,0.000000,0.0000,2.0000,-4.394731,-4.198902,-1.748688,32.00
6.964017,friction-sweep,hip_flexion_right_joint,RS04,-4.428095,-4.500000,0.000000,0.0000,2.0000,-4.428095,-4.182422,-1.704742,32.00
6.972017,friction-sweep,hip_flexion_right_joint,RS04,-4.461076,-4.500000,0.000000,0.0000,2.0000,-4.461076,-4.119249,-1.730377,32.00
6.980021,friction-sweep,hip_flexion_right_joint,RS04,-4.494441,-4.500000,0.000000,0.0000,2.0000,-4.494441,-4.220417,-1.697418,32.00
6.988025,friction-sweep,hip_flexion_right_joint,RS04,-4.527805,-4.500000,0.000000,0.0000,2.0000,-4.527805,-4.167315,-1.752350,32.00
6.996013,friction-sweep,hip_flexion_right_joint,RS04,-4.561170,-4.500000,0.000000,0.0000,2.0000,-4.561170,-4.184711,-1.712067,32.00
7.004011,friction-sweep,hip_flexion_right_joint,RS04,-4.594151,-4.500000,0.000000,0.0000,2.0000,-4.594151,-4.168689,-1.679108,32.00
7.012011,friction-sweep,hip_flexion_right_joint,RS04,-4.627515,-4.500000,0.000000,0.0000,2.0000,-4.627515,-4.132525,-1.635155,32.00
7.020016,friction-sweep,hip_flexion_right_joint,RS04,-4.660880,-4.500000,0.000000,0.0000,2.0000,-4.660880,-4.152209,-1.675446,32.00
7.028014,friction-sweep,hip_flexion_right_joint,RS04,-4.694245,-4.500000,0.000000,0.0000,2.0000,-4.694245,-4.124285,-1.602196,32.00
7.036016,friction-sweep,hip_flexion_right_joint,RS04,-4.727609,-4.500000,0.000000,0.0000,2.0000,-4.727609,-4.235065,-1.583885,32.00
7.044028,friction-sweep,hip_flexion_right_joint,RS04,-4.760974,-4.500000,0.000000,0.0000,2.0000,-4.760974,-4.184253,-1.576561,32.00
7.052016,friction-sweep,hip_flexion_right_joint,RS04,-4.794339,-4.500000,0.000000,0.0000,2.0000,-4.794339,-4.128405,-1.602196,32.00
7.060013,friction-sweep,hip_flexion_right_joint,RS04,-4.827703,-4.500000,0.000000,0.0000,2.0000,-4.827703,-4.162280,-1.550926,32.00
7.068012,friction-sweep,hip_flexion_right_joint,RS04,-4.861068,-4.500000,0.000000,0.0000,2.0000,-4.861068,-4.175097,-1.517967,32.00
7.076017,friction-sweep,hip_flexion_right_joint,RS04,-4.894433,-4.500000,0.000000,0.0000,2.0000,-4.894433,-4.135730,-1.536278,32.00
7.084036,friction-sweep,hip_flexion_right_joint,RS04,-4.927796,-4.500000,0.000000,0.0000,2.0000,-4.927796,-4.175097,-1.543602,32.00
7.092012,friction-sweep,hip_flexion_right_joint,RS04,-4.960778,-4.500000,0.000000,0.0000,2.0000,-4.960778,-4.165942,-1.528954,32.00
7.100022,friction-sweep,hip_flexion_right_joint,RS04,-4.994143,-4.500000,0.000000,0.0000,2.0000,-4.994143,-4.136188,-1.481346,32.00
7.108013,friction-sweep,hip_flexion_right_joint,RS04,-5.027507,-4.500000,0.000000,0.0000,2.0000,-5.027507,-4.151294,-1.517967,32.00
7.116007,friction-sweep,hip_flexion_right_joint,RS04,-5.060872,-4.500000,0.000000,0.0000,2.0000,-5.060872,-4.171435,-1.488670,32.00
7.124012,friction-sweep,hip_flexion_right_joint,RS04,-5.094236,-4.500000,0.000000,0.0000,2.0000,-5.094236,-4.192036,-1.437401,32.00
7.132012,friction-sweep,hip_flexion_right_joint,RS04,-5.127601,-4.500000,0.000000,0.0000,2.0000,-5.127601,-4.171435,-1.444725,32.00
7.140017,friction-sweep,hip_flexion_right_joint,RS04,-5.160582,-4.500000,0.000000,0.0000,2.0000,-5.160582,-4.160907,-1.485008,32.00
7.148018,friction-sweep,hip_flexion_right_joint,RS04,-5.193947,-4.500000,0.000000,0.0000,2.0000,-5.193947,-4.181048,-1.397118,32.00
7.156069,friction-sweep,hip_flexion_right_joint,RS04,-5.227311,-4.500000,0.000000,0.0000,2.0000,-5.227311,-4.151752,-1.331200,32.00
7.164153,friction-sweep,hip_flexion_right_joint,RS04,-5.260675,-4.500000,0.000000,0.0000,2.0000,-5.260675,-4.159534,-1.371483,32.00
7.172029,friction-sweep,hip_flexion_right_joint,RS04,-5.294041,-4.500000,0.000000,0.0000,2.0000,-5.294041,-4.178760,-1.353172,32.00
7.180267,friction-sweep,hip_flexion_right_joint,RS04,-5.328172,-4.500000,0.000000,0.0000,2.0000,-5.328172,-4.195698,-1.034561,32.00
7.188046,friction-sweep,hip_flexion_right_joint,RS04,-5.360769,-4.500000,0.000000,0.0000,2.0000,-5.360769,-4.208973,-1.268944,32.00
7.196030,friction-sweep,hip_flexion_right_joint,RS04,-5.394134,-4.500000,0.000000,0.0000,2.0000,-5.394134,-4.165027,-1.279930,32.00
7.204025,friction-sweep,hip_flexion_right_joint,RS04,-5.427499,-4.500000,0.000000,0.0000,2.0000,-5.427499,-4.196613,-1.235985,32.00
7.212018,friction-sweep,hip_flexion_right_joint,RS04,-5.460480,-4.500000,0.000000,0.0000,2.0000,-5.460480,-4.165484,-1.228661,32.00
7.220016,friction-sweep,hip_flexion_right_joint,RS04,-5.493845,-4.500000,0.000000,0.0000,2.0000,-5.493845,-4.088121,-1.228661,32.00
7.228017,friction-sweep,hip_flexion_right_joint,RS04,-5.527209,-4.500000,0.000000,0.0000,2.0000,-5.527209,-4.144427,-1.195702,32.00
7.236015,friction-sweep,hip_flexion_right_joint,RS04,-5.560574,-4.500000,0.000000,0.0000,2.0000,-5.560574,-4.137561,-1.170059,32.00
7.244012,friction-sweep,hip_flexion_right_joint,RS04,-5.593938,-4.500000,0.000000,0.0000,2.0000,-5.593938,-4.145801,-1.144424,32.00
7.252015,friction-sweep,hip_flexion_right_joint,RS04,-5.627303,-4.500000,0.000000,0.0000,2.0000,-5.627303,-4.195698,-1.144424,32.00
7.260014,friction-sweep,hip_flexion_right_joint,RS04,-5.660667,-4.500000,0.000000,0.0000,2.0000,-5.660667,-4.165027,-1.118790,32.00
7.268014,friction-sweep,hip_flexion_right_joint,RS04,-5.693648,-4.500000,0.000000,0.0000,2.0000,-5.693648,-4.114214,-1.093155,32.00
7.276050,friction-sweep,hip_flexion_right_joint,RS04,-5.727397,-4.500000,0.000000,0.0000,2.0000,-5.727397,-4.176929,-1.041885,32.00
7.284036,friction-sweep,hip_flexion_right_joint,RS04,-5.760377,-4.500000,0.000000,0.0000,2.0000,-5.760377,-4.190205,-1.041885,32.00
7.292017,friction-sweep,hip_flexion_right_joint,RS04,-5.793742,-4.500000,0.000000,0.0000,2.0000,-5.793742,-4.189288,-1.056534,32.00
7.300020,friction-sweep,hip_flexion_right_joint,RS04,-5.827107,-4.500000,0.000000,0.0000,2.0000,-5.827107,-4.164569,-1.023575,32.00
7.308012,friction-sweep,hip_flexion_right_joint,RS04,-5.860471,-4.500000,0.000000,0.0000,2.0000,-5.860471,-4.179675,-1.038223,32.00
7.316017,friction-sweep,hip_flexion_right_joint,RS04,-5.893453,-4.500000,0.000000,0.0000,2.0000,-5.893453,-4.117876,-1.001602,32.00
7.324009,friction-sweep,hip_flexion_right_joint,RS04,-5.926817,-4.500000,0.000000,0.0000,2.0000,-5.926817,-4.193409,-0.968643,32.00
7.332016,friction-sweep,hip_flexion_right_joint,RS04,-5.960181,-4.500000,0.000000,0.0000,2.0000,-5.960181,-4.161822,-0.935684,32.00
7.340013,friction-sweep,hip_flexion_right_joint,RS04,-5.993546,-4.500000,0.000000,0.0000,2.0000,-5.993546,-4.210346,-0.957657,32.00
7.348019,friction-sweep,hip_flexion_right_joint,RS04,-6.026911,-4.500000,0.000000,0.0000,2.0000,-6.026911,-4.175555,-0.935684,32.00
7.356013,friction-sweep,hip_flexion_right_joint,RS04,-6.060275,-4.500000,0.000000,0.0000,2.0000,-6.060275,-4.154498,-0.910049,32.00
7.364015,friction-sweep,hip_flexion_right_joint,RS04,-6.093256,-4.500000,0.000000,0.0000,2.0000,-6.093256,-4.171435,-0.921036,32.00
7.372011,friction-sweep,hip_flexion_right_joint,RS04,-6.127005,-4.500000,0.000000,0.0000,2.0000,-6.127005,-4.206684,-0.825821,32.00
7.380014,friction-sweep,hip_flexion_right_joint,RS04,-6.160369,-4.500000,0.000000,0.0000,2.0000,-6.160369,-4.231861,-0.836807,32.00
7.388016,friction-sweep,hip_flexion_right_joint,RS04,-6.193350,-4.500000,0.000000,0.0000,2.0000,-6.193350,-4.173724,-0.796524,32.00
7.400007,friction-sweep,hip_flexion_right_joint,RS04,-6.243589,-4.500000,0.000000,0.0000,2.0000,-6.243589,-4.147174,-0.411995,32.00
7.412009,friction-sweep,hip_flexion_right_joint,RS04,-6.293444,-4.500000,0.000000,0.0000,2.0000,-6.293444,-4.113756,-0.745255,32.00
7.420047,friction-sweep,hip_flexion_right_joint,RS04,-6.327192,-4.500000,0.000000,0.0000,2.0000,-6.327192,-4.228199,-0.664680,32.00
7.428033,friction-sweep,hip_flexion_right_joint,RS04,-6.360173,-4.500000,0.000000,0.0000,2.0000,-6.360173,-4.184253,-0.726944,32.00
7.436021,friction-sweep,hip_flexion_right_joint,RS04,-6.393154,-4.500000,0.000000,0.0000,2.0000,-6.393154,-4.103228,-0.726944,32.00
7.444012,friction-sweep,hip_flexion_right_joint,RS04,-6.426903,-4.500000,0.000000,0.0000,2.0000,-6.426903,-4.183795,-0.697639,32.00
7.452016,friction-sweep,hip_flexion_right_joint,RS04,-6.459884,-4.500000,0.000000,0.0000,2.0000,-6.459884,-4.149920,-0.704971,32.00
7.460015,friction-sweep,hip_flexion_right_joint,RS04,-6.493248,-4.500000,0.000000,0.0000,2.0000,-6.493248,-4.208515,-0.646370,32.00
7.468010,friction-sweep,hip_flexion_right_joint,RS04,-6.526613,-4.500000,0.000000,0.0000,2.0000,-6.526613,-4.143512,-0.664680,32.00
7.476016,friction-sweep,hip_flexion_right_joint,RS04,-6.559977,-4.500000,0.000000,0.0000,2.0000,-6.559977,-4.176013,-0.620735,32.00
7.484013,friction-sweep,hip_flexion_right_joint,RS04,-6.593342,-4.500000,0.000000,0.0000,2.0000,-6.593342,-4.182879,-0.639046,32.00
7.492009,friction-sweep,hip_flexion_right_joint,RS04,-6.626707,-4.500000,0.000000,0.0000,2.0000,-6.626707,-4.158160,-0.609749,32.00
7.500025,friction-sweep,hip_flexion_right_joint,RS04,-6.660071,-4.500000,0.000000,0.0000,2.0000,-6.660071,-4.157245,-0.628059,32.00
7.508016,friction-sweep,hip_flexion_right_joint,RS04,-6.693052,-4.500000,0.000000,0.0000,2.0000,-6.693052,-4.170062,-0.576790,32.00
7.516011,friction-sweep,hip_flexion_right_joint,RS04,-6.726417,-4.500000,0.000000,0.0000,2.0000,-6.726417,-4.118792,-0.617073,32.00
7.524014,friction-sweep,hip_flexion_right_joint,RS04,-6.759781,-4.500000,0.000000,0.0000,2.0000,-6.759781,-4.111467,-0.573128,32.00
7.532014,friction-sweep,hip_flexion_right_joint,RS04,-6.792763,-4.500000,0.000000,0.0000,2.0000,-6.792763,-4.121996,-0.613411,32.00
7.540010,friction-sweep,hip_flexion_right_joint,RS04,-6.826127,-4.500000,0.000000,0.0000,2.0000,-6.826127,-4.102770,-0.532845,32.00
7.548015,friction-sweep,hip_flexion_right_joint,RS04,-6.859491,-4.500000,0.000000,0.0000,2.0000,-6.859491,-4.135730,-0.529182,32.00
7.556015,friction-sweep,hip_flexion_right_joint,RS04,-6.892856,-4.500000,0.000000,0.0000,2.0000,-6.892856,-4.197071,-0.496223,32.00
7.564010,friction-sweep,hip_flexion_right_joint,RS04,-6.926221,-4.500000,0.000000,0.0000,2.0000,-6.926221,-4.112383,-0.474251,32.00
7.572016,friction-sweep,hip_flexion_right_joint,RS04,-6.959586,-4.500000,0.000000,0.0000,2.0000,-6.959586,-4.122454,-0.474251,32.00
7.580015,friction-sweep,hip_flexion_right_joint,RS04,-6.992950,-4.500000,0.000000,0.0000,2.0000,-6.992950,-4.137103,-0.488899,32.00
7.588015,friction-sweep,hip_flexion_right_joint,RS04,-7.026315,-4.500000,0.000000,0.0000,2.0000,-7.026315,-4.192036,-0.485237,32.00
7.596014,friction-sweep,hip_flexion_right_joint,RS04,-7.059296,-4.500000,0.000000,0.0000,2.0000,-7.059296,-4.138019,-0.485237,32.00
7.604011,friction-sweep,hip_flexion_right_joint,RS04,-7.092660,6.000000,0.000000,0.0000,2.0000,-7.092660,-4.119249,-0.474251,32.00
7.612018,friction-sweep,hip_flexion_right_joint,RS04,-7.126025,6.000000,0.000000,0.0000,2.0000,-7.126025,-4.158160,-0.466927,32.00
7.620014,friction-sweep,hip_flexion_right_joint,RS04,-7.154404,6.000000,0.000000,0.0000,2.0000,-7.154404,-2.948730,6.476540,32.00
7.632010,friction-sweep,hip_flexion_right_joint,RS04,-7.171661,6.000000,0.000000,0.0000,2.0000,-7.171661,-0.533531,6.366676,32.00
7.640012,friction-sweep,hip_flexion_right_joint,RS04,-7.169744,6.000000,0.000000,0.0000,2.0000,-7.169744,0.624169,5.143501,32.00
7.648014,friction-sweep,hip_flexion_right_joint,RS04,-7.160157,6.000000,0.000000,0.0000,2.0000,-7.160157,1.384527,4.718697,32.00
7.656012,friction-sweep,hip_flexion_right_joint,RS04,-7.144433,6.000000,0.000000,0.0000,2.0000,-7.144433,2.336233,3.143967,32.00
7.664013,friction-sweep,hip_flexion_right_joint,RS04,-7.122573,6.000000,0.000000,0.0000,2.0000,-7.122573,2.935453,2.796066,32.00
7.672085,friction-sweep,hip_flexion_right_joint,RS04,-7.095728,6.000000,0.000000,0.0000,2.0000,-7.095728,3.535591,3.151291,32.00
7.680019,friction-sweep,hip_flexion_right_joint,RS04,-7.065815,6.000000,0.000000,0.0000,2.0000,-7.065815,3.890821,2.909592,32.00
7.692010,friction-sweep,hip_flexion_right_joint,RS04,-7.015193,6.000000,0.000000,0.0000,2.0000,-7.015193,4.365072,1.195694,32.00
7.700005,friction-sweep,hip_flexion_right_joint,RS04,-6.978377,6.000000,0.000000,0.0000,2.0000,-6.978377,4.564203,0.880753,32.00
7.708016,friction-sweep,hip_flexion_right_joint,RS04,-6.940411,6.000000,0.000000,0.0000,2.0000,-6.940411,4.882353,1.499664,32.00
7.716015,friction-sweep,hip_flexion_right_joint,RS04,-6.900526,6.000000,0.000000,0.0000,2.0000,-6.900526,5.021057,2.147858,32.00
7.724011,friction-sweep,hip_flexion_right_joint,RS04,-6.859491,6.000000,0.000000,0.0000,2.0000,-6.859491,5.188143,1.649811,32.00
7.732014,friction-sweep,hip_flexion_right_joint,RS04,-6.818074,6.000000,0.000000,0.0000,2.0000,-6.818074,5.243076,0.217896,32.00
7.740046,friction-sweep,hip_flexion_right_joint,RS04,-6.775505,6.000000,0.000000,0.0000,2.0000,-6.775505,5.328678,0.701309,32.00
7.748042,friction-sweep,hip_flexion_right_joint,RS04,-6.732169,6.000000,0.000000,0.0000,2.0000,-6.732169,5.420691,2.019684,32.00
7.756030,friction-sweep,hip_flexion_right_joint,RS04,-6.688834,6.000000,0.000000,0.0000,2.0000,-6.688834,5.433966,0.529190,32.00
7.764017,friction-sweep,hip_flexion_right_joint,RS04,-6.645115,6.000000,0.000000,0.0000,2.0000,-6.645115,5.433050,-0.023804,32.00
7.772022,friction-sweep,hip_flexion_right_joint,RS04,-6.600628,6.000000,0.000000,0.0000,2.0000,-6.600628,5.571756,1.810944,32.00
7.780015,friction-sweep,hip_flexion_right_joint,RS04,-6.556526,6.000000,0.000000,0.0000,2.0000,-6.556526,5.604715,0.628067,32.00
7.788011,friction-sweep,hip_flexion_right_joint,RS04,-6.512040,6.000000,0.000000,0.0000,2.0000,-6.512040,5.547493,-0.097046,32.00
7.796017,friction-sweep,hip_flexion_right_joint,RS04,-6.467170,6.000000,0.000000,0.0000,2.0000,-6.467170,5.608835,1.862213,32.00
7.804018,friction-sweep,hip_flexion_right_joint,RS04,-6.422301,6.000000,0.000000,0.0000,2.0000,-6.422301,5.617075,0.371704,32.00
7.812010,friction-sweep,hip_flexion_right_joint,RS04,-6.377431,6.000000,0.000000,0.0000,2.0000,-6.377431,5.590067,0.104370,32.00
7.820015,friction-sweep,hip_flexion_right_joint,RS04,-6.332561,6.000000,0.000000,0.0000,2.0000,-6.332561,5.635386,1.957428,32.00
7.828013,friction-sweep,hip_flexion_right_joint,RS04,-6.288075,6.000000,0.000000,0.0000,2.0000,-6.288075,5.523232,0.159302,32.00
7.836012,friction-sweep,hip_flexion_right_joint,RS04,-6.243206,6.000000,0.000000,0.0000,2.0000,-6.243206,5.608377,0.349731,32.00
7.844017,friction-sweep,hip_flexion_right_joint,RS04,-6.197952,6.000000,0.000000,0.0000,2.0000,-6.197952,5.681162,1.906158,32.00
7.852013,friction-sweep,hip_flexion_right_joint,RS04,-6.153082,6.000000,0.000000,0.0000,2.0000,-6.153082,5.598764,-0.126343,32.00
7.860010,friction-sweep,hip_flexion_right_joint,RS04,-6.107829,6.000000,0.000000,0.0000,2.0000,-6.107829,5.634470,0.741592,32.00
7.868014,friction-sweep,hip_flexion_right_joint,RS04,-6.062960,6.000000,0.000000,0.0000,2.0000,-6.062960,5.634928,1.653473,32.00
7.876014,friction-sweep,hip_flexion_right_joint,RS04,-6.017707,6.000000,0.000000,0.0000,2.0000,-6.017707,5.644541,-0.390022,32.00
7.884010,friction-sweep,hip_flexion_right_joint,RS04,-5.972837,6.000000,0.000000,0.0000,2.0000,-5.972837,5.628977,1.177383,32.00
7.892015,friction-sweep,hip_flexion_right_joint,RS04,-5.927968,6.000000,0.000000,0.0000,2.0000,-5.927968,5.619822,1.177383,32.00
7.900014,friction-sweep,hip_flexion_right_joint,RS04,-5.882715,6.000000,0.000000,0.0000,2.0000,-5.882715,5.647745,-0.430305,32.00
7.908010,friction-sweep,hip_flexion_right_joint,RS04,-5.837461,6.000000,0.000000,0.0000,2.0000,-5.837461,5.647287,1.594879,32.00
7.916017,friction-sweep,hip_flexion_right_joint,RS04,-5.792592,6.000000,0.000000,0.0000,2.0000,-5.792592,5.650034,0.701309,32.00
7.924014,friction-sweep,hip_flexion_right_joint,RS04,-5.747339,6.000000,0.000000,0.0000,2.0000,-5.747339,5.658731,-0.225220,32.00
7.932010,friction-sweep,hip_flexion_right_joint,RS04,-5.702469,6.000000,0.000000,0.0000,2.0000,-5.702469,5.666513,1.858551,32.00
7.940014,friction-sweep,hip_flexion_right_joint,RS04,-5.657216,6.000000,0.000000,0.0000,2.0000,-5.657216,5.602427,0.214233,32.00
7.948013,friction-sweep,hip_flexion_right_joint,RS04,-5.612346,6.000000,0.000000,0.0000,2.0000,-5.612346,5.641794,0.170288,32.00
7.956008,friction-sweep,hip_flexion_right_joint,RS04,-5.567476,6.000000,0.000000,0.0000,2.0000,-5.567476,5.573587,1.997711,32.00
7.964083,friction-sweep,hip_flexion_right_joint,RS04,-5.521840,6.000000,0.000000,0.0000,2.0000,-5.521840,5.642252,-0.023804,32.00
7.972058,friction-sweep,hip_flexion_right_joint,RS04,-5.476971,6.000000,0.000000,0.0000,2.0000,-5.476971,5.625772,0.613419,32.00
7.980070,friction-sweep,hip_flexion_right_joint,RS04,-5.431717,6.000000,0.000000,0.0000,2.0000,-5.431717,5.625315,1.712067,32.00
7.988035,friction-sweep,hip_flexion_right_joint,RS04,-5.387231,6.000000,0.000000,0.0000,2.0000,-5.387231,5.627146,-0.276497,32.00
7.996106,friction-sweep,hip_flexion_right_joint,RS04,-5.341595,6.000000,0.000000,0.0000,2.0000,-5.341595,5.666056,1.060196,32.00
8.004043,friction-sweep,hip_flexion_right_joint,RS04,-5.297109,6.000000,0.000000,0.0000,2.0000,-5.297109,5.596476,1.342178,32.00
8.012067,friction-sweep,hip_flexion_right_joint,RS04,-5.251472,6.000000,0.000000,0.0000,2.0000,-5.251472,5.617990,-0.386360,32.00
8.020022,friction-sweep,hip_flexion_right_joint,RS04,-5.206985,6.000000,0.000000,0.0000,2.0000,-5.206985,5.636301,1.437408,32.00
8.028019,friction-sweep,hip_flexion_right_joint,RS04,-5.161732,6.000000,0.000000,0.0000,2.0000,-5.161732,5.646830,0.869766,32.00
8.036016,friction-sweep,hip_flexion_right_joint,RS04,-5.116479,6.000000,0.000000,0.0000,2.0000,-5.116479,5.627604,-0.272835,32.00
8.044009,friction-sweep,hip_flexion_right_joint,RS04,-5.071609,6.000000,0.000000,0.0000,2.0000,-5.071609,5.660563,1.745026,32.00
8.052010,friction-sweep,hip_flexion_right_joint,RS04,-5.026356,6.000000,0.000000,0.0000,2.0000,-5.026356,5.630808,0.338745,32.00
8.060014,friction-sweep,hip_flexion_right_joint,RS04,-4.981487,6.000000,0.000000,0.0000,2.0000,-4.981487,5.639963,0.075073,32.00
8.068009,friction-sweep,hip_flexion_right_joint,RS04,-4.936234,6.000000,0.000000,0.0000,2.0000,-4.936234,5.655527,1.928131,32.00
8.076011,friction-sweep,hip_flexion_right_joint,RS04,-4.891365,6.000000,0.000000,0.0000,2.0000,-4.891365,5.644541,0.023804,32.00
8.084014,friction-sweep,hip_flexion_right_joint,RS04,-4.846495,6.000000,0.000000,0.0000,2.0000,-4.846495,5.630808,0.525528,32.00
8.092013,friction-sweep,hip_flexion_right_joint,RS04,-4.801242,6.000000,0.000000,0.0000,2.0000,-4.801242,5.599680,1.741364,32.00
8.100010,friction-sweep,hip_flexion_right_joint,RS04,-4.755989,6.000000,0.000000,0.0000,2.0000,-4.755989,5.671549,-0.228882,32.00
8.108012,friction-sweep,hip_flexion_right_joint,RS04,-4.711119,6.000000,0.000000,0.0000,2.0000,-4.711119,5.681620,0.917374,32.00
8.116010,friction-sweep,hip_flexion_right_joint,RS04,-4.665865,6.000000,0.000000,0.0000,2.0000,-4.665865,5.632181,1.404434,32.00
8.124013,friction-sweep,hip_flexion_right_joint,RS04,-4.620613,6.000000,0.000000,0.0000,2.0000,-4.620613,5.581369,-0.349739,32.00
8.132011,friction-sweep,hip_flexion_right_joint,RS04,-4.575743,6.000000,0.000000,0.0000,2.0000,-4.575743,5.653238,1.400772,32.00
8.140010,friction-sweep,hip_flexion_right_joint,RS04,-4.530490,6.000000,0.000000,0.0000,2.0000,-4.530490,5.672922,0.851456,32.00
8.148011,friction-sweep,hip_flexion_right_joint,RS04,-4.485620,6.000000,0.000000,0.0000,2.0000,-4.485620,5.674295,-0.327766,32.00
8.156011,friction-sweep,hip_flexion_right_joint,RS04,-4.440367,6.000000,0.000000,0.0000,2.0000,-4.440367,5.663309,1.657135,32.00
8.164009,friction-sweep,hip_flexion_right_joint,RS04,-4.395497,6.000000,0.000000,0.0000,2.0000,-4.395497,5.631266,0.382690,32.00
8.172022,friction-sweep,hip_flexion_right_joint,RS04,-4.350245,6.000000,0.000000,0.0000,2.0000,-4.350245,5.595560,0.038452,32.00
8.180189,friction-sweep,hip_flexion_right_joint,RS04,-4.304992,6.000000,0.000000,0.0000,2.0000,-4.304992,5.652323,1.979401,32.00
8.188034,friction-sweep,hip_flexion_right_joint,RS04,-4.260121,6.000000,0.000000,0.0000,2.0000,-4.260121,5.527809,0.078735,32.00
8.196021,friction-sweep,hip_flexion_right_joint,RS04,-4.215252,6.000000,0.000000,0.0000,2.0000,-4.215252,5.658274,0.444946,32.00
8.204021,friction-sweep,hip_flexion_right_joint,RS04,-4.169999,6.000000,0.000000,0.0000,2.0000,-4.169999,5.623026,1.847565,32.00
8.212018,friction-sweep,hip_flexion_right_joint,RS04,-4.125129,6.000000,0.000000,0.0000,2.0000,-4.125129,5.656443,-0.148315,32.00
8.220016,friction-sweep,hip_flexion_right_joint,RS04,-4.079876,6.000000,0.000000,0.0000,2.0000,-4.079876,5.612497,0.796524,32.00
8.228014,friction-sweep,hip_flexion_right_joint,RS04,-4.035007,6.000000,0.000000,0.0000,2.0000,-4.035007,5.710461,1.525299,32.00
8.236014,friction-sweep,hip_flexion_right_joint,RS04,-3.990136,6.000000,0.000000,0.0000,2.0000,-3.990136,5.550240,-0.331429,32.00
8.244017,friction-sweep,hip_flexion_right_joint,RS04,-3.944883,6.000000,0.000000,0.0000,2.0000,-3.944883,5.630808,1.246964,32.00
8.252016,friction-sweep,hip_flexion_right_joint,RS04,-3.900014,6.000000,0.000000,0.0000,2.0000,-3.900014,5.621195,1.107803,32.00
8.260013,friction-sweep,hip_flexion_right_joint,RS04,-3.855145,6.000000,0.000000,0.0000,2.0000,-3.855145,5.638132,-0.280159,32.00
8.268014,friction-sweep,hip_flexion_right_joint,RS04,-3.810275,6.000000,0.000000,0.0000,2.0000,-3.810275,5.540169,1.539948,32.00
8.276014,friction-sweep,hip_flexion_right_joint,RS04,-3.765022,6.000000,0.000000,0.0000,2.0000,-3.765022,5.658731,0.631729,32.00
8.284016,friction-sweep,hip_flexion_right_joint,RS04,-3.719769,6.000000,0.000000,0.0000,2.0000,-3.719769,5.689404,-0.119019,32.00
8.292016,friction-sweep,hip_flexion_right_joint,RS04,-3.674516,6.000000,0.000000,0.0000,2.0000,-3.674516,5.644541,1.887848,32.00
8.300014,friction-sweep,hip_flexion_right_joint,RS04,-3.629645,6.000000,0.000000,0.0000,2.0000,-3.629645,5.598764,0.269165,32.00
8.308013,friction-sweep,hip_flexion_right_joint,RS04,-3.584776,6.000000,0.000000,0.0000,2.0000,-3.584776,5.584116,0.232544,32.00
8.316015,friction-sweep,hip_flexion_right_joint,RS04,-3.539523,6.000000,0.000000,0.0000,2.0000,-3.539523,5.647287,1.898834,32.00
8.324013,friction-sweep,hip_flexion_right_joint,RS04,-3.494654,6.000000,0.000000,0.0000,2.0000,-3.494654,5.586405,-0.027466,32.00
8.332013,friction-sweep,hip_flexion_right_joint,RS04,-3.449783,6.000000,0.000000,0.0000,2.0000,-3.449783,5.556190,0.617081,32.00
8.340016,friction-sweep,hip_flexion_right_joint,RS04,-3.404531,6.000000,0.000000,0.0000,2.0000,-3.404531,5.671091,1.605865,32.00
8.348015,friction-sweep,hip_flexion_right_joint,RS04,-3.359661,6.000000,0.000000,0.0000,2.0000,-3.359661,5.657358,-0.287483,32.00
8.356014,friction-sweep,hip_flexion_right_joint,RS04,-3.314792,6.000000,0.000000,0.0000,2.0000,-3.314792,5.669260,1.027237,32.00
8.364015,friction-sweep,hip_flexion_right_joint,RS04,-3.269539,6.000000,0.000000,0.0000,2.0000,-3.269539,5.636759,1.367813,32.00
8.372013,friction-sweep,hip_flexion_right_joint,RS04,-3.224669,6.000000,0.000000,0.0000,2.0000,-3.224669,5.649118,-0.313118,32.00
8.380013,friction-sweep,hip_flexion_right_joint,RS04,-3.179416,6.000000,0.000000,0.0000,2.0000,-3.179416,5.688030,1.441071,32.00
8.388014,friction-sweep,hip_flexion_right_joint,RS04,-3.134546,6.000000,0.000000,0.0000,2.0000,-3.134546,5.644999,0.858780,32.00
8.396013,friction-sweep,hip_flexion_right_joint,RS04,-3.089293,6.000000,0.000000,0.0000,2.0000,-3.089293,5.621195,-0.287483,32.00
8.404013,friction-sweep,hip_flexion_right_joint,RS04,-3.044423,6.000000,0.000000,0.0000,2.0000,-3.044423,5.661020,1.770660,32.00
8.412014,friction-sweep,hip_flexion_right_joint,RS04,-2.999170,6.000000,0.000000,0.0000,2.0000,-2.999170,5.580454,0.397339,32.00
8.420013,friction-sweep,hip_flexion_right_joint,RS04,-2.954300,6.000000,0.000000,0.0000,2.0000,-2.954300,5.616159,0.042114,32.00
8.428015,friction-sweep,hip_flexion_right_joint,RS04,-2.909047,6.000000,0.000000,0.0000,2.0000,-2.909047,5.607462,1.983063,32.00
8.436012,friction-sweep,hip_flexion_right_joint,RS04,-2.864178,6.000000,0.000000,0.0000,2.0000,-2.864178,5.664682,0.089722,32.00
8.444013,friction-sweep,hip_flexion_right_joint,RS04,-2.819307,6.000000,0.000000,0.0000,2.0000,-2.819307,5.556648,0.444946,32.00
8.452014,friction-sweep,hip_flexion_right_joint,RS04,-2.774439,6.000000,0.000000,0.0000,2.0000,-2.774439,5.585032,1.843903,32.00
8.460013,friction-sweep,hip_flexion_right_joint,RS04,-2.729186,6.000000,0.000000,0.0000,2.0000,-2.729186,5.593271,-0.199585,32.00
8.468014,friction-sweep,hip_flexion_right_joint,RS04,-2.684316,6.000000,0.000000,0.0000,2.0000,-2.684316,5.618906,0.840469,32.00
8.476013,friction-sweep,hip_flexion_right_joint,RS04,-2.639063,6.000000,0.000000,0.0000,2.0000,-2.639063,5.658731,1.510651,32.00
8.484014,friction-sweep,hip_flexion_right_joint,RS04,-2.594193,6.000000,0.000000,0.0000,2.0000,-2.594193,5.660105,-0.327766,32.00
8.492013,friction-sweep,hip_flexion_right_joint,RS04,-2.549323,6.000000,0.000000,0.0000,2.0000,-2.549323,5.591898,1.250626,32.00
8.500012,friction-sweep,hip_flexion_right_joint,RS04,-2.504070,6.000000,0.000000,0.0000,2.0000,-2.504070,5.643625,1.074844,32.00
8.508015,friction-sweep,hip_flexion_right_joint,RS04,-2.459201,6.000000,0.000000,0.0000,2.0000,-2.459201,5.603342,-0.280159,32.00
8.516014,friction-sweep,hip_flexion_right_joint,RS04,-2.413947,6.000000,0.000000,0.0000,2.0000,-2.413947,5.630350,1.602203,32.00
8.524013,friction-sweep,hip_flexion_right_joint,RS04,-2.369078,6.000000,0.000000,0.0000,2.0000,-2.369078,5.659647,0.646378,32.00
8.532015,friction-sweep,hip_flexion_right_joint,RS04,-2.323825,6.000000,0.000000,0.0000,2.0000,-2.323825,5.624399,-0.137329,32.00
8.540013,friction-sweep,hip_flexion_right_joint,RS04,-2.278955,6.000000,0.000000,0.0000,2.0000,-2.278955,5.651865,1.843903,32.00
8.548013,friction-sweep,hip_flexion_right_joint,RS04,-2.234086,6.000000,0.000000,0.0000,2.0000,-2.234086,5.590525,0.254517,32.00
8.556013,friction-sweep,hip_flexion_right_joint,RS04,-2.188832,6.000000,0.000000,0.0000,2.0000,-2.188832,5.616617,0.254517,32.00
8.564013,friction-sweep,hip_flexion_right_joint,RS04,-2.143963,6.000000,0.000000,0.0000,2.0000,-2.143963,5.585947,1.964752,32.00
8.572014,friction-sweep,hip_flexion_right_joint,RS04,-2.099093,6.000000,0.000000,0.0000,2.0000,-2.099093,5.604258,-0.005493,32.00
8.580060,friction-sweep,hip_flexion_right_joint,RS04,-2.054224,6.000000,0.000000,0.0000,2.0000,-2.054224,5.642710,0.631729,32.00
8.588050,friction-sweep,hip_flexion_right_joint,RS04,-2.008587,6.000000,0.000000,0.0000,2.0000,-2.008587,5.589609,1.701080,32.00
8.596031,friction-sweep,hip_flexion_right_joint,RS04,-1.964101,6.000000,0.000000,0.0000,2.0000,-1.964101,5.682077,-0.272835,32.00
8.604027,friction-sweep,hip_flexion_right_joint,RS04,-1.918847,6.000000,0.000000,0.0000,2.0000,-1.918847,5.596933,0.994278,32.00
8.612019,friction-sweep,hip_flexion_right_joint,RS04,-1.873978,6.000000,0.000000,0.0000,2.0000,-1.873978,5.573587,1.360489,32.00
8.624009,friction-sweep,hip_flexion_right_joint,RS04,-1.806482,6.000000,0.000000,0.0000,2.0000,-1.806482,5.612955,1.173721,32.00
8.632018,friction-sweep,hip_flexion_right_joint,RS04,-1.761612,6.000000,0.000000,0.0000,2.0000,-1.761612,5.570841,-0.291145,32.00
8.640018,friction-sweep,hip_flexion_right_joint,RS04,-1.716743,6.000000,0.000000,0.0000,2.0000,-1.716743,5.656900,1.550934,32.00
8.648016,friction-sweep,hip_flexion_right_joint,RS04,-1.671490,6.000000,0.000000,0.0000,2.0000,-1.671490,5.666056,0.690323,32.00
8.656014,friction-sweep,hip_flexion_right_joint,RS04,-1.626619,6.000000,0.000000,0.0000,2.0000,-1.626619,5.674753,-0.173950,32.00
8.664014,friction-sweep,hip_flexion_right_joint,RS04,-1.580983,6.000000,0.000000,0.0000,2.0000,-1.580983,5.657358,1.854889,32.00
8.672014,friction-sweep,hip_flexion_right_joint,RS04,-1.536114,6.000000,0.000000,0.0000,2.0000,-1.536114,5.639963,0.327759,32.00
8.680014,friction-sweep,hip_flexion_right_joint,RS04,-1.490860,6.000000,0.000000,0.0000,2.0000,-1.490860,5.650034,0.232544,32.00
8.688015,friction-sweep,hip_flexion_right_joint,RS04,-1.445991,6.000000,0.000000,0.0000,2.0000,-1.445991,5.696728,1.950104,32.00
8.696110,friction-sweep,hip_flexion_right_joint,RS04,-1.401505,6.000000,0.000000,0.0000,2.0000,-1.401505,5.596933,0.042114,32.00
8.704023,friction-sweep,hip_flexion_right_joint,RS04,-1.356252,6.000000,0.000000,0.0000,2.0000,-1.356252,5.664225,0.547501,32.00
8.712017,friction-sweep,hip_flexion_right_joint,RS04,-1.310999,6.000000,0.000000,0.0000,2.0000,-1.310999,5.594645,1.704742,32.00
8.720016,friction-sweep,hip_flexion_right_joint,RS04,-1.266129,6.000000,0.000000,0.0000,2.0000,-1.266129,5.688946,-0.225220,32.00
8.728016,friction-sweep,hip_flexion_right_joint,RS04,-1.221259,6.000000,0.000000,0.0000,2.0000,-1.221259,5.647287,0.972305,32.00
8.736016,friction-sweep,hip_flexion_right_joint,RS04,-1.176006,6.000000,0.000000,0.0000,2.0000,-1.176006,5.645914,1.367813,32.00
8.744014,friction-sweep,hip_flexion_right_joint,RS04,-1.131136,6.000000,0.000000,0.0000,2.0000,-1.131136,5.677042,-0.316780,32.00
8.752012,friction-sweep,hip_flexion_right_joint,RS04,-1.085883,6.000000,0.000000,0.0000,2.0000,-1.085883,5.710003,1.411774,32.00
8.760013,friction-sweep,hip_flexion_right_joint,RS04,-1.041014,6.000000,0.000000,0.0000,2.0000,-1.041014,5.657816,0.880753,32.00
8.768016,friction-sweep,hip_flexion_right_joint,RS04,-0.996143,6.000000,0.000000,0.0000,2.0000,-0.996143,5.631266,-0.294807,32.00
8.776012,friction-sweep,hip_flexion_right_joint,RS04,-0.951274,6.000000,0.000000,0.0000,2.0000,-0.951274,5.665598,1.715729,32.00
8.784015,friction-sweep,hip_flexion_right_joint,RS04,-0.905638,6.000000,0.000000,0.0000,2.0000,-0.905638,5.661936,0.422974,32.00
8.792013,friction-sweep,hip_flexion_right_joint,RS04,-0.860768,6.000000,0.000000,0.0000,2.0000,-0.860768,5.650492,-0.012817,32.00
8.800013,friction-sweep,hip_flexion_right_joint,RS04,-0.815899,-6.000000,0.000000,0.0000,2.0000,-0.815899,5.564888,1.957428,32.00
8.808015,friction-sweep,hip_flexion_right_joint,RS04,-0.770645,-6.000000,0.000000,0.0000,2.0000,-0.770645,5.629892,0.148315,32.00
8.816012,friction-sweep,hip_flexion_right_joint,RS04,-0.731912,-6.000000,0.000000,0.0000,2.0000,-0.731912,4.193409,-8.369881,32.00
8.824013,friction-sweep,hip_flexion_right_joint,RS04,-0.708901,-6.000000,0.000000,0.0000,2.0000,-0.708901,2.135271,-6.406960,32.00
8.832014,friction-sweep,hip_flexion_right_joint,RS04,-0.700081,-6.000000,0.000000,0.0000,2.0000,-0.700081,0.597161,-5.872284,32.00
8.840014,friction-sweep,hip_flexion_right_joint,RS04,-0.700464,-6.000000,0.000000,0.0000,2.0000,-0.700464,-0.388419,-5.978485,32.00
8.848014,friction-sweep,hip_flexion_right_joint,RS04,-0.708518,-6.000000,0.000000,0.0000,2.0000,-0.708518,-1.289769,-5.044632,32.00
8.856015,friction-sweep,hip_flexion_right_joint,RS04,-0.724626,-6.000000,0.000000,0.0000,2.0000,-0.724626,-2.286336,-2.627609,32.00
8.864014,friction-sweep,hip_flexion_right_joint,RS04,-0.746101,-6.000000,0.000000,0.0000,2.0000,-0.746101,-2.881895,-2.733810,32.00
8.872015,friction-sweep,hip_flexion_right_joint,RS04,-0.772180,-6.000000,0.000000,0.0000,2.0000,-0.772180,-3.460517,-3.228203,32.00
8.880013,friction-sweep,hip_flexion_right_joint,RS04,-0.802093,-6.000000,0.000000,0.0000,2.0000,-0.802093,-3.899520,-3.140312,32.00
8.888015,friction-sweep,hip_flexion_right_joint,RS04,-0.835073,-6.000000,0.000000,0.0000,2.0000,-0.835073,-4.214924,-2.876633,32.00
8.896017,friction-sweep,hip_flexion_right_joint,RS04,-0.870356,-6.000000,0.000000,0.0000,2.0000,-0.870356,-4.522545,-2.638596,32.00
8.904016,friction-sweep,hip_flexion_right_joint,RS04,-0.907555,-6.000000,0.000000,0.0000,2.0000,-0.907555,-4.777982,-1.913483,32.00
8.912014,friction-sweep,hip_flexion_right_joint,RS04,-0.946672,-6.000000,0.000000,0.0000,2.0000,-0.946672,-4.870909,-0.888077,32.00
8.920013,friction-sweep,hip_flexion_right_joint,RS04,-0.986939,-6.000000,0.000000,0.0000,2.0000,-0.986939,-5.053559,-0.441292,32.00
8.928013,friction-sweep,hip_flexion_right_joint,RS04,-1.027975,-6.000000,0.000000,0.0000,2.0000,-1.027975,-5.268253,-1.323875,32.00
8.936013,friction-sweep,hip_flexion_right_joint,RS04,-1.070160,-6.000000,0.000000,0.0000,2.0000,-1.070160,-5.270084,-2.070953,32.00
8.944014,friction-sweep,hip_flexion_right_joint,RS04,-1.112345,-6.000000,0.000000,0.0000,2.0000,-1.112345,-5.341954,-0.441292,32.00
8.952014,friction-sweep,hip_flexion_right_joint,RS04,-1.155681,-6.000000,0.000000,0.0000,2.0000,-1.155681,-5.415655,-0.287483,32.00
8.960013,friction-sweep,hip_flexion_right_joint,RS04,-1.199399,-6.000000,0.000000,0.0000,2.0000,-1.199399,-5.488899,-1.924469,32.00
8.968015,friction-sweep,hip_flexion_right_joint,RS04,-1.243502,-6.000000,0.000000,0.0000,2.0000,-1.243502,-5.445868,-0.704971,32.00
8.976018,friction-sweep,hip_flexion_right_joint,RS04,-1.287604,-6.000000,0.000000,0.0000,2.0000,-1.287604,-5.535591,-0.020142,32.00
8.984015,friction-sweep,hip_flexion_right_joint,RS04,-1.332090,-6.000000,0.000000,0.0000,2.0000,-1.332090,-5.600595,-1.917145,32.00
8.992013,friction-sweep,hip_flexion_right_joint,RS04,-1.376577,-6.000000,0.000000,0.0000,2.0000,-1.376577,-5.567178,-0.595100,32.00
9.000030,friction-sweep,hip_flexion_right_joint,RS04,-1.421447,-6.000000,0.000000,0.0000,2.0000,-1.421447,-5.647745,-0.005493,32.00
9.008015,friction-sweep,hip_flexion_right_joint,RS04,-1.465933,-6.000000,0.000000,0.0000,2.0000,-1.465933,-5.607920,-2.041656,32.00
9.016013,friction-sweep,hip_flexion_right_joint,RS04,-1.510802,-6.000000,0.000000,0.0000,2.0000,-1.510802,-5.593270,-0.269173,32.00
9.024014,friction-sweep,hip_flexion_right_joint,RS04,-1.556056,-6.000000,0.000000,0.0000,2.0000,-1.556056,-5.635386,-0.166626,32.00
9.032013,friction-sweep,hip_flexion_right_joint,RS04,-1.600925,-6.000000,0.000000,0.0000,2.0000,-1.600925,-5.599680,-1.946442,32.00
9.040013,friction-sweep,hip_flexion_right_joint,RS04,-1.645795,-6.000000,0.000000,0.0000,2.0000,-1.645795,-5.641336,0.078735,32.00
9.048015,friction-sweep,hip_flexion_right_joint,RS04,-1.690664,-6.000000,0.000000,0.0000,2.0000,-1.690664,-5.629435,-0.463264,32.00
9.056013,friction-sweep,hip_flexion_right_joint,RS04,-1.735917,-6.000000,0.000000,0.0000,2.0000,-1.735917,-5.634470,-1.774323,32.00
9.064014,friction-sweep,hip_flexion_right_joint,RS04,-1.780787,-6.000000,0.000000,0.0000,2.0000,-1.780787,-5.525520,0.276489,32.00
9.072015,friction-sweep,hip_flexion_right_joint,RS04,-1.825657,-6.000000,0.000000,0.0000,2.0000,-1.825657,-5.689860,-0.899063,32.00
9.080013,friction-sweep,hip_flexion_right_joint,RS04,-1.870526,-6.000000,0.000000,0.0000,2.0000,-1.870526,-5.687114,-1.433739,32.00
9.088014,friction-sweep,hip_flexion_right_joint,RS04,-1.915779,-6.000000,0.000000,0.0000,2.0000,-1.915779,-5.692149,0.298462,32.00
9.096014,friction-sweep,hip_flexion_right_joint,RS04,-1.961033,-6.000000,0.000000,0.0000,2.0000,-1.961033,-5.618448,-1.331200,32.00
9.104012,friction-sweep,hip_flexion_right_joint,RS04,-2.005902,-6.000000,0.000000,0.0000,2.0000,-2.005902,-5.651865,-0.986954,32.00
9.112014,friction-sweep,hip_flexion_right_joint,RS04,-2.050772,-6.000000,0.000000,0.0000,2.0000,-2.050772,-5.658732,0.250854,32.00
9.120015,friction-sweep,hip_flexion_right_joint,RS04,-2.096025,-6.000000,0.000000,0.0000,2.0000,-2.096025,-5.600595,-1.697418,32.00
9.128013,friction-sweep,hip_flexion_right_joint,RS04,-2.140895,-6.000000,0.000000,0.0000,2.0000,-2.140895,-5.635843,-0.631721,32.00
9.136014,friction-sweep,hip_flexion_right_joint,RS04,-2.185764,-6.000000,0.000000,0.0000,2.0000,-2.185764,-5.565804,0.053101,32.00
9.144015,friction-sweep,hip_flexion_right_joint,RS04,-2.230634,-6.000000,0.000000,0.0000,2.0000,-2.230634,-5.591897,-2.016022,32.00
9.152013,friction-sweep,hip_flexion_right_joint,RS04,-2.275887,-6.000000,0.000000,0.0000,2.0000,-2.275887,-5.602427,-0.232544,32.00
9.160014,friction-sweep,hip_flexion_right_joint,RS04,-2.320757,-6.000000,0.000000,0.0000,2.0000,-2.320757,-5.615702,-0.195923,32.00
9.168014,friction-sweep,hip_flexion_right_joint,RS04,-2.366010,-6.000000,0.000000,0.0000,2.0000,-2.366010,-5.650034,-1.913483,32.00
9.176013,friction-sweep,hip_flexion_right_joint,RS04,-2.410879,-6.000000,0.000000,0.0000,2.0000,-2.410879,-5.638590,0.089722,32.00
9.184013,friction-sweep,hip_flexion_right_joint,RS04,-2.455749,-6.000000,0.000000,0.0000,2.0000,-2.455749,-5.598764,-0.576790,32.00
9.192073,friction-sweep,hip_flexion_right_joint,RS04,-2.501002,-6.000000,0.000000,0.0000,2.0000,-2.501002,-5.645456,-1.704742,32.00
9.200017,friction-sweep,hip_flexion_right_joint,RS04,-2.545872,-6.000000,0.000000,0.0000,2.0000,-2.545872,-5.615244,0.250854,32.00
9.208014,friction-sweep,hip_flexion_right_joint,RS04,-2.591125,-6.000000,0.000000,0.0000,2.0000,-2.591125,-5.643167,-1.012589,32.00
9.216014,friction-sweep,hip_flexion_right_joint,RS04,-2.635995,-6.000000,0.000000,0.0000,2.0000,-2.635995,-5.661937,-1.276268,32.00
9.224014,friction-sweep,hip_flexion_right_joint,RS04,-2.680864,-6.000000,0.000000,0.0000,2.0000,-2.680864,-5.614328,0.320435,32.00
9.232013,friction-sweep,hip_flexion_right_joint,RS04,-2.726118,-6.000000,0.000000,0.0000,2.0000,-2.726118,-5.589608,-1.463036,32.00
9.240012,friction-sweep,hip_flexion_right_joint,RS04,-2.770987,-6.000000,0.000000,0.0000,2.0000,-2.770987,-5.661937,-0.796524,32.00
9.248014,friction-sweep,hip_flexion_right_joint,RS04,-2.816239,-6.000000,0.000000,0.0000,2.0000,-2.816239,-5.669261,0.133667,32.00
9.256016,friction-sweep,hip_flexion_right_joint,RS04,-2.861110,-6.000000,0.000000,0.0000,2.0000,-2.861110,-5.665599,-1.843903,32.00
9.264014,friction-sweep,hip_flexion_right_joint,RS04,-2.906363,-6.000000,0.000000,0.0000,2.0000,-2.906363,-5.639963,-0.426643,32.00
9.272100,friction-sweep,hip_flexion_right_joint,RS04,-2.951232,-6.000000,0.000000,0.0000,2.0000,-2.951232,-5.653696,-0.086060,32.00
9.280029,friction-sweep,hip_flexion_right_joint,RS04,-2.996102,-6.000000,0.000000,0.0000,2.0000,-2.996102,-5.626230,-1.913483,32.00
9.288025,friction-sweep,hip_flexion_right_joint,RS04,-3.041355,-6.000000,0.000000,0.0000,2.0000,-3.041355,-5.600595,0.075073,32.00
9.300017,friction-sweep,hip_flexion_right_joint,RS04,-3.108851,-6.000000,0.000000,0.0000,2.0000,-3.108851,-5.586404,0.155640,32.00
9.308014,friction-sweep,hip_flexion_right_joint,RS04,-3.154104,-6.000000,0.000000,0.0000,2.0000,-3.154104,-5.654613,-0.650032,32.00
9.316018,friction-sweep,hip_flexion_right_joint,RS04,-3.198974,-6.000000,0.000000,0.0000,2.0000,-3.198974,-5.580453,-1.690094,32.00
9.324015,friction-sweep,hip_flexion_right_joint,RS04,-3.244227,-6.000000,0.000000,0.0000,2.0000,-3.244227,-5.639505,0.298462,32.00
9.332016,friction-sweep,hip_flexion_right_joint,RS04,-3.288713,-6.000000,0.000000,0.0000,2.0000,-3.288713,-5.563973,-0.997940,32.00
9.340013,friction-sweep,hip_flexion_right_joint,RS04,-3.334350,-6.000000,0.000000,0.0000,2.0000,-3.334350,-5.733807,-1.203026,32.00
9.348019,friction-sweep,hip_flexion_right_joint,RS04,-3.379603,-6.000000,0.000000,0.0000,2.0000,-3.379603,-5.674754,0.324097,32.00
9.356016,friction-sweep,hip_flexion_right_joint,RS04,-3.424473,-6.000000,0.000000,0.0000,2.0000,-3.424473,-5.675670,-1.598534,32.00
9.364018,friction-sweep,hip_flexion_right_joint,RS04,-3.469726,-6.000000,0.000000,0.0000,2.0000,-3.469726,-5.669261,-0.661018,32.00
9.372013,friction-sweep,hip_flexion_right_joint,RS04,-3.514596,-6.000000,0.000000,0.0000,2.0000,-3.514596,-5.688029,0.166626,32.00
9.380014,friction-sweep,hip_flexion_right_joint,RS04,-3.559849,-6.000000,0.000000,0.0000,2.0000,-3.559849,-5.657817,-1.957428,32.00
9.392010,friction-sweep,hip_flexion_right_joint,RS04,-3.626962,-6.000000,0.000000,0.0000,2.0000,-3.626962,-5.586404,-1.990387,32.00
9.404012,friction-sweep,hip_flexion_right_joint,RS04,-3.694457,-6.000000,0.000000,0.0000,2.0000,-3.694457,-5.628061,-2.012360,32.00
9.412012,friction-sweep,hip_flexion_right_joint,RS04,-3.739711,-6.000000,0.000000,0.0000,2.0000,-3.739711,-5.587319,0.097046,32.00
9.420045,friction-sweep,hip_flexion_right_joint,RS04,-3.784964,-6.000000,0.000000,0.0000,2.0000,-3.784964,-5.635386,-0.532845,32.00
9.428038,friction-sweep,hip_flexion_right_joint,RS04,-3.830216,-6.000000,0.000000,0.0000,2.0000,-3.830216,-5.639505,-1.752350,32.00
9.436019,friction-sweep,hip_flexion_right_joint,RS04,-3.874703,-6.000000,0.000000,0.0000,2.0000,-3.874703,-5.636301,0.302124,32.00
9.444021,friction-sweep,hip_flexion_right_joint,RS04,-3.919956,-6.000000,0.000000,0.0000,2.0000,-3.919956,-5.682078,-0.968643,32.00
9.452016,friction-sweep,hip_flexion_right_joint,RS04,-3.964826,-6.000000,0.000000,0.0000,2.0000,-3.964826,-5.697185,-1.360497,32.00
9.460010,friction-sweep,hip_flexion_right_joint,RS04,-4.010079,-6.000000,0.000000,0.0000,2.0000,-4.010079,-5.689860,0.342407,32.00
9.468017,friction-sweep,hip_flexion_right_joint,RS04,-4.055332,-6.000000,0.000000,0.0000,2.0000,-4.055332,-5.671550,-1.415428,32.00
9.476015,friction-sweep,hip_flexion_right_joint,RS04,-4.100202,-6.000000,0.000000,0.0000,2.0000,-4.100202,-5.586404,-0.891739,32.00
9.484012,friction-sweep,hip_flexion_right_joint,RS04,-4.145071,-6.000000,0.000000,0.0000,2.0000,-4.145071,-5.635386,0.276489,32.00
9.492015,friction-sweep,hip_flexion_right_joint,RS04,-4.189940,-6.000000,0.000000,0.0000,2.0000,-4.189940,-5.637674,-1.766998,32.00
9.500010,friction-sweep,hip_flexion_right_joint,RS04,-4.235194,-6.000000,0.000000,0.0000,2.0000,-4.235194,-5.614328,-0.430305,32.00
9.508015,friction-sweep,hip_flexion_right_joint,RS04,-4.280447,-6.000000,0.000000,0.0000,2.0000,-4.280447,-5.682536,-0.027466,32.00
9.516025,friction-sweep,hip_flexion_right_joint,RS04,-4.325700,-6.000000,0.000000,0.0000,2.0000,-4.325700,-5.649576,-1.913483,32.00
9.524013,friction-sweep,hip_flexion_right_joint,RS04,-4.370186,-6.000000,0.000000,0.0000,2.0000,-4.370186,-5.632639,-0.060425,32.00
9.532017,friction-sweep,hip_flexion_right_joint,RS04,-4.415440,-6.000000,0.000000,0.0000,2.0000,-4.415440,-5.637217,-0.401009,32.00
9.540014,friction-sweep,hip_flexion_right_joint,RS04,-4.460692,-6.000000,0.000000,0.0000,2.0000,-4.460692,-5.615244,-1.865875,32.00
9.552008,friction-sweep,hip_flexion_right_joint,RS04,-4.528189,-6.000000,0.000000,0.0000,2.0000,-4.528189,-5.604258,-1.730377,32.00
9.564012,friction-sweep,hip_flexion_right_joint,RS04,-4.595685,-6.000000,0.000000,0.0000,2.0000,-4.595685,-5.652323,-1.587547,32.00
9.572014,friction-sweep,hip_flexion_right_joint,RS04,-4.640555,-6.000000,0.000000,0.0000,2.0000,-4.640555,-5.596018,0.386353,32.00
9.580019,friction-sweep,hip_flexion_right_joint,RS04,-4.685807,-6.000000,0.000000,0.0000,2.0000,-4.685807,-5.696727,-1.268944,32.00
9.588009,friction-sweep,hip_flexion_right_joint,RS04,-4.730677,-6.000000,0.000000,0.0000,2.0000,-4.730677,-5.666972,-1.074844,32.00
9.596015,friction-sweep,hip_flexion_right_joint,RS04,-4.775547,-6.000000,0.000000,0.0000,2.0000,-4.775547,-5.603800,0.269165,32.00
9.604012,friction-sweep,hip_flexion_right_joint,RS04,-4.821183,-6.000000,0.000000,0.0000,2.0000,-4.821183,-5.597391,-1.679108,32.00
9.612016,friction-sweep,hip_flexion_right_joint,RS04,-4.866053,-6.000000,0.000000,0.0000,2.0000,-4.866053,-5.600138,-0.587776,32.00
9.624008,friction-sweep,hip_flexion_right_joint,RS04,-4.933933,-6.000000,0.000000,0.0000,2.0000,-4.933933,-5.617533,-0.265511,32.00
9.636011,friction-sweep,hip_flexion_right_joint,RS04,-5.001429,-6.000000,0.000000,0.0000,2.0000,-5.001429,-5.611582,-0.086060,32.00
9.648008,friction-sweep,hip_flexion_right_joint,RS04,-5.068925,-6.000000,0.000000,0.0000,2.0000,-5.068925,-5.713665,0.042114,32.00
9.660009,friction-sweep,hip_flexion_right_joint,RS04,-5.136422,-6.000000,0.000000,0.0000,2.0000,-5.136422,-5.578622,0.203247,32.00
9.668014,friction-sweep,hip_flexion_right_joint,RS04,-5.181292,-6.000000,0.000000,0.0000,2.0000,-5.181292,-5.612955,-0.686653,32.00
9.676027,friction-sweep,hip_flexion_right_joint,RS04,-5.226544,-6.000000,0.000000,0.0000,2.0000,-5.226544,-5.593728,-1.620506,32.00
9.688007,friction-sweep,hip_flexion_right_joint,RS04,-5.294041,-6.000000,0.000000,0.0000,2.0000,-5.294041,-5.678874,-1.463036,32.00
9.696008,friction-sweep,hip_flexion_right_joint,RS04,-5.339293,-6.000000,0.000000,0.0000,2.0000,-5.339293,-5.646372,0.276489,32.00
9.704017,friction-sweep,hip_flexion_right_joint,RS04,-5.384547,-6.000000,0.000000,0.0000,2.0000,-5.384547,-5.639048,-1.345848,32.00
9.712015,friction-sweep,hip_flexion_right_joint,RS04,-5.429417,-6.000000,0.000000,0.0000,2.0000,-5.429417,-5.692607,-0.891739,32.00
9.720009,friction-sweep,hip_flexion_right_joint,RS04,-5.474670,-6.000000,0.000000,0.0000,2.0000,-5.474670,-5.674296,0.192261,32.00
9.728092,friction-sweep,hip_flexion_right_joint,RS04,-5.519922,-6.000000,0.000000,0.0000,2.0000,-5.519922,-5.651865,-1.788971,32.00
9.736023,friction-sweep,hip_flexion_right_joint,RS04,-5.564792,-6.000000,0.000000,0.0000,2.0000,-5.564792,-5.577249,-0.426643,32.00
9.748008,friction-sweep,hip_flexion_right_joint,RS04,-5.632288,-6.000000,0.000000,0.0000,2.0000,-5.632288,-5.696269,-0.239876,32.00
9.756007,friction-sweep,hip_flexion_right_joint,RS04,-5.677158,-6.000000,0.000000,0.0000,2.0000,-5.677158,-5.683452,-0.162964,32.00
9.764016,friction-sweep,hip_flexion_right_joint,RS04,-5.722795,-6.000000,0.000000,0.0000,2.0000,-5.722795,-5.607462,-1.924469,32.00
9.772014,friction-sweep,hip_flexion_right_joint,RS04,-5.767664,-6.000000,0.000000,0.0000,2.0000,-5.767664,-5.634470,0.144653,32.00
9.780011,friction-sweep,hip_flexion_right_joint,RS04,-5.812917,-6.000000,0.000000,0.0000,2.0000,-5.812917,-5.693522,-0.628059,32.00
9.788013,friction-sweep,hip_flexion_right_joint,RS04,-5.857787,-6.000000,0.000000,0.0000,2.0000,-5.857787,-5.639048,-1.723053,32.00
9.796011,friction-sweep,hip_flexion_right_joint,RS04,-5.903040,-6.000000,0.000000,0.0000,2.0000,-5.903040,-5.612955,0.390015,32.00
9.804015,friction-sweep,hip_flexion_right_joint,RS04,-5.948293,-6.000000,0.000000,0.0000,2.0000,-5.948293,-5.672008,-1.166397,32.00
9.812047,friction-sweep,hip_flexion_right_joint,RS04,-5.993546,-6.000000,0.000000,0.0000,2.0000,-5.993546,-5.612955,-1.100479,32.00
9.820044,friction-sweep,hip_flexion_right_joint,RS04,-6.038033,-6.000000,0.000000,0.0000,2.0000,-6.038033,-5.563516,0.327759,32.00
9.828030,friction-sweep,hip_flexion_right_joint,RS04,-6.083286,-6.000000,0.000000,0.0000,2.0000,-6.083286,-5.673381,-1.602196,32.00
9.840020,friction-sweep,hip_flexion_right_joint,RS04,-6.150782,-6.000000,0.000000,0.0000,2.0000,-6.150782,-5.598764,-1.884186,32.00
9.848021,friction-sweep,hip_flexion_right_joint,RS04,-6.196035,-6.000000,0.000000,0.0000,2.0000,-6.196035,-5.630808,-0.477913,32.00
9.856024,friction-sweep,hip_flexion_right_joint,RS04,-6.241288,-6.000000,0.000000,0.0000,2.0000,-6.241288,-5.641336,-0.009155,32.00
9.864020,friction-sweep,hip_flexion_right_joint,RS04,-6.286541,-6.000000,0.000000,0.0000,2.0000,-6.286541,-5.697185,-2.001373,32.00
9.872019,friction-sweep,hip_flexion_right_joint,RS04,-6.331411,-6.000000,0.000000,0.0000,2.0000,-6.331411,-5.623941,0.064087,32.00
9.880013,friction-sweep,hip_flexion_right_joint,RS04,-6.376280,-6.000000,0.000000,0.0000,2.0000,-6.376280,-5.631266,-0.357063,32.00
9.888016,friction-sweep,hip_flexion_right_joint,RS04,-6.421150,-6.000000,0.000000,0.0000,2.0000,-6.421150,-5.591439,-1.843903,32.00
9.896009,friction-sweep,hip_flexion_right_joint,RS04,-6.466786,-6.000000,0.000000,0.0000,2.0000,-6.466786,-5.640879,0.294800,32.00
9.904016,friction-sweep,hip_flexion_right_joint,RS04,-6.511656,-6.000000,0.000000,0.0000,2.0000,-6.511656,-5.664226,-0.921036,32.00
9.912014,friction-sweep,hip_flexion_right_joint,RS04,-6.556526,-6.000000,0.000000,0.0000,2.0000,-6.556526,-5.635386,-1.539940,32.00
9.920011,friction-sweep,hip_flexion_right_joint,RS04,-6.601779,-6.000000,0.000000,0.0000,2.0000,-6.601779,-5.597849,0.324097,32.00
9.928018,friction-sweep,hip_flexion_right_joint,RS04,-6.647032,-6.000000,0.000000,0.0000,2.0000,-6.647032,-5.629435,-1.298241,32.00
9.936014,friction-sweep,hip_flexion_right_joint,RS04,-6.691902,-6.000000,0.000000,0.0000,2.0000,-6.691902,-5.591439,-0.968643,32.00
9.948007,friction-sweep,hip_flexion_right_joint,RS04,-6.759398,-6.000000,0.000000,0.0000,2.0000,-6.759398,-5.631723,-0.807510,32.00
9.960010,friction-sweep,hip_flexion_right_joint,RS04,-6.827278,-6.000000,0.000000,0.0000,2.0000,-6.827278,-5.665599,-0.580452,32.00
9.972010,friction-sweep,hip_flexion_right_joint,RS04,-6.894390,-6.000000,0.000000,0.0000,2.0000,-6.894390,-5.673381,-0.375374,32.00
9.984056,friction-sweep,hip_flexion_right_joint,RS04,-6.962654,-6.000000,0.000000,0.0000,2.0000,-6.962654,-5.634470,-0.086060,32.00
9.996058,friction-sweep,hip_flexion_right_joint,RS04,-7.030533,-6.000000,0.000000,0.0000,2.0000,-7.030533,-5.631723,0.195923,32.00
10.004044,friction-sweep,hip_flexion_right_joint,RS04,-7.075019,7.500000,0.000000,0.0000,2.0000,-7.075019,-5.589608,-0.496223,32.00
10.012046,friction-sweep,hip_flexion_right_joint,RS04,-7.119889,7.500000,0.000000,0.0000,2.0000,-7.119889,-5.579995,-1.814606,32.00
10.020031,friction-sweep,hip_flexion_right_joint,RS04,-7.157472,7.500000,0.000000,0.0000,2.0000,-7.157472,-3.851454,9.230484,32.00
10.028023,friction-sweep,hip_flexion_right_joint,RS04,-7.177414,7.500000,0.000000,0.0000,2.0000,-7.177414,-1.726481,7.842522,32.00
10.036019,friction-sweep,hip_flexion_right_joint,RS04,-7.180482,7.500000,0.000000,0.0000,2.0000,-7.180482,0.299612,5.033638,32.00
10.044019,friction-sweep,hip_flexion_right_joint,RS04,-7.170511,7.500000,0.000000,0.0000,2.0000,-7.170511,1.699474,5.681847,32.00
10.052017,friction-sweep,hip_flexion_right_joint,RS04,-7.152103,7.500000,0.000000,0.0000,2.0000,-7.152103,2.499199,4.070496,32.00
10.060015,friction-sweep,hip_flexion_right_joint,RS04,-7.126025,7.500000,0.000000,0.0000,2.0000,-7.126025,3.532845,3.894714,32.00
10.068016,friction-sweep,hip_flexion_right_joint,RS04,-7.093811,7.500000,0.000000,0.0000,2.0000,-7.093811,4.259327,3.598083,32.00
10.080012,friction-sweep,hip_flexion_right_joint,RS04,-7.037436,7.500000,0.000000,0.0000,2.0000,-7.037436,5.005035,3.191574,32.00
10.088023,friction-sweep,hip_flexion_right_joint,RS04,-6.994868,7.500000,0.000000,0.0000,2.0000,-6.994868,5.524605,2.711838,32.00
10.096015,friction-sweep,hip_flexion_right_joint,RS04,-6.949998,7.500000,0.000000,0.0000,2.0000,-6.949998,5.772259,1.140762,32.00
10.104013,friction-sweep,hip_flexion_right_joint,RS04,-6.902060,7.500000,0.000000,0.0000,2.0000,-6.902060,6.056993,2.561691,32.00
10.112015,friction-sweep,hip_flexion_right_joint,RS04,-6.852205,7.500000,0.000000,0.0000,2.0000,-6.852205,6.282675,0.708633,32.00
10.120017,friction-sweep,hip_flexion_right_joint,RS04,-6.801199,7.500000,0.000000,0.0000,2.0000,-6.801199,6.411308,2.279694,32.00
10.128016,friction-sweep,hip_flexion_right_joint,RS04,-6.749043,7.500000,0.000000,0.0000,2.0000,-6.749043,6.529869,0.371704,32.00
10.136016,friction-sweep,hip_flexion_right_joint,RS04,-6.695737,7.500000,0.000000,0.0000,2.0000,-6.695737,6.750515,2.045319,32.00
10.144014,friction-sweep,hip_flexion_right_joint,RS04,-6.642047,7.500000,0.000000,0.0000,2.0000,-6.642047,6.837948,0.800186,32.00
10.152017,friction-sweep,hip_flexion_right_joint,RS04,-6.587206,7.500000,0.000000,0.0000,2.0000,-6.587206,6.862211,0.397339,32.00
10.160016,friction-sweep,hip_flexion_right_joint,RS04,-6.531982,7.500000,0.000000,0.0000,2.0000,-6.531982,6.915312,2.180817,32.00
10.168015,friction-sweep,hip_flexion_right_joint,RS04,-6.476374,7.500000,0.000000,0.0000,2.0000,-6.476374,6.943693,0.499893,32.00
10.176015,friction-sweep,hip_flexion_right_joint,RS04,-6.420383,7.500000,0.000000,0.0000,2.0000,-6.420383,7.041656,0.283813,32.00
10.184016,friction-sweep,hip_flexion_right_joint,RS04,-6.364392,7.500000,0.000000,0.0000,2.0000,-6.364392,7.069580,1.997711,32.00
10.192018,friction-sweep,hip_flexion_right_joint,RS04,-6.308401,7.500000,0.000000,0.0000,2.0000,-6.308401,7.047607,0.613419,32.00
10.200018,friction-sweep,hip_flexion_right_joint,RS04,-6.252026,7.500000,0.000000,0.0000,2.0000,-6.252026,7.048523,-0.111694,32.00
10.208017,friction-sweep,hip_flexion_right_joint,RS04,-6.196035,7.500000,0.000000,0.0000,2.0000,-6.196035,7.044861,1.719391,32.00
10.216015,friction-sweep,hip_flexion_right_joint,RS04,-6.138893,7.500000,0.000000,0.0000,2.0000,-6.138893,7.102541,1.195694,32.00
10.224020,friction-sweep,hip_flexion_right_joint,RS04,-6.082519,7.500000,0.000000,0.0000,2.0000,-6.082519,7.117189,-0.258186,32.00
10.232015,friction-sweep,hip_flexion_right_joint,RS04,-6.025761,7.500000,0.000000,0.0000,2.0000,-6.025761,7.073700,1.023575,32.00
10.240058,friction-sweep,hip_flexion_right_joint,RS04,-5.969003,7.500000,0.000000,0.0000,2.0000,-5.969003,7.106661,1.836578,32.00
10.248040,friction-sweep,hip_flexion_right_joint,RS04,-5.912244,7.500000,0.000000,0.0000,2.0000,-5.912244,7.105288,0.115356,32.00
10.256032,friction-sweep,hip_flexion_right_joint,RS04,-5.855486,7.500000,0.000000,0.0000,2.0000,-5.855486,7.050354,0.214233,32.00
10.264134,friction-sweep,hip_flexion_right_joint,RS04,-5.798344,7.500000,0.000000,0.0000,2.0000,-5.798344,7.100710,1.898834,32.00
10.272030,friction-sweep,hip_flexion_right_joint,RS04,-5.741586,7.500000,0.000000,0.0000,2.0000,-5.741586,7.149691,0.877090,32.00
10.280021,friction-sweep,hip_flexion_right_joint,RS04,-5.684828,7.500000,0.000000,0.0000,2.0000,-5.684828,7.088348,-0.371712,32.00
10.288012,friction-sweep,hip_flexion_right_joint,RS04,-5.628070,7.500000,0.000000,0.0000,2.0000,-5.628070,7.108034,1.115128,32.00
10.296019,friction-sweep,hip_flexion_right_joint,RS04,-5.571311,7.500000,0.000000,0.0000,2.0000,-5.571311,7.010071,1.591217,32.00
10.304016,friction-sweep,hip_flexion_right_joint,RS04,-5.514553,7.500000,0.000000,0.0000,2.0000,-5.514553,7.130922,-0.225220,32.00
10.312012,friction-sweep,hip_flexion_right_joint,RS04,-5.457028,7.500000,0.000000,0.0000,2.0000,-5.457028,7.157015,0.261841,32.00
10.320016,friction-sweep,hip_flexion_right_joint,RS04,-5.400654,7.500000,0.000000,0.0000,2.0000,-5.400654,7.200045,2.001373,32.00
10.328012,friction-sweep,hip_flexion_right_joint,RS04,-5.343895,7.500000,0.000000,0.0000,2.0000,-5.343895,7.168917,0.613419,32.00
10.336010,friction-sweep,hip_flexion_right_joint,RS04,-5.286754,7.500000,0.000000,0.0000,2.0000,-5.286754,7.065918,-0.217896,32.00
10.344021,friction-sweep,hip_flexion_right_joint,RS04,-5.229996,7.500000,0.000000,0.0000,2.0000,-5.229996,7.108492,1.356827,32.00
10.352018,friction-sweep,hip_flexion_right_joint,RS04,-5.173621,7.500000,0.000000,0.0000,2.0000,-5.173621,7.102083,1.437408,32.00
10.360011,friction-sweep,hip_flexion_right_joint,RS04,-5.116479,7.500000,0.000000,0.0000,2.0000,-5.116479,7.115816,-0.173950,32.00
10.368016,friction-sweep,hip_flexion_right_joint,RS04,-5.059721,7.500000,0.000000,0.0000,2.0000,-5.059721,7.081482,0.481583,32.00
10.376017,friction-sweep,hip_flexion_right_joint,RS04,-5.002580,7.500000,0.000000,0.0000,2.0000,-5.002580,7.111238,1.990387,32.00
10.384009,friction-sweep,hip_flexion_right_joint,RS04,-4.945822,7.500000,0.000000,0.0000,2.0000,-4.945822,7.043945,0.452271,32.00
10.392013,friction-sweep,hip_flexion_right_joint,RS04,-4.889063,7.500000,0.000000,0.0000,2.0000,-4.889063,7.086060,-0.086060,32.00
10.400010,friction-sweep,hip_flexion_right_joint,RS04,-4.832305,7.500000,0.000000,0.0000,2.0000,-4.832305,7.118563,1.565582,32.00
10.408015,friction-sweep,hip_flexion_right_joint,RS04,-4.775547,7.500000,0.000000,0.0000,2.0000,-4.775547,7.102541,1.287247,32.00
10.416013,friction-sweep,hip_flexion_right_joint,RS04,-4.718789,7.500000,0.000000,0.0000,2.0000,-4.718789,7.059052,-0.258186,32.00
10.424046,friction-sweep,hip_flexion_right_joint,RS04,-4.661647,7.500000,0.000000,0.0000,2.0000,-4.661647,7.088348,0.573135,32.00
10.432028,friction-sweep,hip_flexion_right_joint,RS04,-4.604506,7.500000,0.000000,0.0000,2.0000,-4.604506,7.098421,1.964752,32.00
10.440019,friction-sweep,hip_flexion_right_joint,RS04,-4.548131,7.500000,0.000000,0.0000,2.0000,-4.548131,7.146486,0.302124,32.00
10.448012,friction-sweep,hip_flexion_right_joint,RS04,-4.491372,7.500000,0.000000,0.0000,2.0000,-4.491372,7.124971,-0.089722,32.00
10.456016,friction-sweep,hip_flexion_right_joint,RS04,-4.434231,7.500000,0.000000,0.0000,2.0000,-4.434231,7.100710,1.704742,32.00
10.464015,friction-sweep,hip_flexion_right_joint,RS04,-4.377473,7.500000,0.000000,0.0000,2.0000,-4.377473,7.171663,1.188370,32.00
10.472011,friction-sweep,hip_flexion_right_joint,RS04,-4.320332,7.500000,0.000000,0.0000,2.0000,-4.320332,7.142824,-0.236214,32.00
10.480016,friction-sweep,hip_flexion_right_joint,RS04,-4.263189,7.500000,0.000000,0.0000,2.0000,-4.263189,7.105745,0.734268,32.00
10.488015,friction-sweep,hip_flexion_right_joint,RS04,-4.206431,7.500000,0.000000,0.0000,2.0000,-4.206431,7.114901,1.873199,32.00
10.496010,friction-sweep,hip_flexion_right_joint,RS04,-4.150057,7.500000,0.000000,0.0000,2.0000,-4.150057,7.021057,0.181274,32.00
10.504016,friction-sweep,hip_flexion_right_joint,RS04,-4.092915,7.500000,0.000000,0.0000,2.0000,-4.092915,7.084686,0.100708,32.00
10.512014,friction-sweep,hip_flexion_right_joint,RS04,-4.036157,7.500000,0.000000,0.0000,2.0000,-4.036157,7.112154,1.799957,32.00
10.520010,friction-sweep,hip_flexion_right_joint,RS04,-3.979399,7.500000,0.000000,0.0000,2.0000,-3.979399,7.145113,1.008926,32.00
10.528016,friction-sweep,hip_flexion_right_joint,RS04,-3.922257,7.500000,0.000000,0.0000,2.0000,-3.922257,7.083313,-0.320442,32.00
10.536017,friction-sweep,hip_flexion_right_joint,RS04,-3.865883,7.500000,0.000000,0.0000,2.0000,-3.865883,7.097506,1.030899,32.00
10.544010,friction-sweep,hip_flexion_right_joint,RS04,-3.809125,7.500000,0.000000,0.0000,2.0000,-3.809125,7.107119,1.734039,32.00
10.552016,friction-sweep,hip_flexion_right_joint,RS04,-3.751983,7.500000,0.000000,0.0000,2.0000,-3.751983,7.137331,0.086060,32.00
10.560014,friction-sweep,hip_flexion_right_joint,RS04,-3.695608,7.500000,0.000000,0.0000,2.0000,-3.695608,7.094759,0.272827,32.00
10.568011,friction-sweep,hip_flexion_right_joint,RS04,-3.638466,7.500000,0.000000,0.0000,2.0000,-3.638466,7.158846,1.895172,32.00
10.576015,friction-sweep,hip_flexion_right_joint,RS04,-3.581708,7.500000,0.000000,0.0000,2.0000,-3.581708,7.131380,0.814835,32.00
10.584015,friction-sweep,hip_flexion_right_joint,RS04,-3.524950,7.500000,0.000000,0.0000,2.0000,-3.524950,7.082855,-0.206909,32.00
10.592012,friction-sweep,hip_flexion_right_joint,RS04,-3.468192,7.500000,0.000000,0.0000,2.0000,-3.468192,7.065460,1.294571,32.00
10.600015,friction-sweep,hip_flexion_right_joint,RS04,-3.411433,7.500000,0.000000,0.0000,2.0000,-3.411433,7.086975,1.572906,32.00
10.608011,friction-sweep,hip_flexion_right_joint,RS04,-3.354675,7.500000,0.000000,0.0000,2.0000,-3.354675,7.071869,-0.148315,32.00
10.616014,friction-sweep,hip_flexion_right_joint,RS04,-3.297917,7.500000,0.000000,0.0000,2.0000,-3.297917,7.087891,0.426636,32.00
10.624010,friction-sweep,hip_flexion_right_joint,RS04,-3.241159,7.500000,0.000000,0.0000,2.0000,-3.241159,7.058594,2.005035,32.00
10.632012,friction-sweep,hip_flexion_right_joint,RS04,-3.184402,7.500000,0.000000,0.0000,2.0000,-3.184402,7.159761,0.496231,32.00
10.640011,friction-sweep,hip_flexion_right_joint,RS04,-3.127643,7.500000,0.000000,0.0000,2.0000,-3.127643,7.091097,-0.133667,32.00
10.648016,friction-sweep,hip_flexion_right_joint,RS04,-3.070501,7.500000,0.000000,0.0000,2.0000,-3.070501,7.081482,1.488678,32.00
10.656013,friction-sweep,hip_flexion_right_joint,RS04,-3.013742,7.500000,0.000000,0.0000,2.0000,-3.013742,7.115816,1.389786,32.00
10.664015,friction-sweep,hip_flexion_right_joint,RS04,-2.957368,7.500000,0.000000,0.0000,2.0000,-2.957368,7.077362,-0.272835,32.00
10.672012,friction-sweep,hip_flexion_right_joint,RS04,-2.900610,7.500000,0.000000,0.0000,2.0000,-2.900610,7.057678,0.646378,32.00
10.680017,friction-sweep,hip_flexion_right_joint,RS04,-2.843469,7.500000,0.000000,0.0000,2.0000,-2.843469,7.010986,1.972076,32.00
10.692010,friction-sweep,hip_flexion_right_joint,RS04,-2.758331,7.500000,0.000000,0.0000,2.0000,-2.758331,7.064545,-0.316780,32.00
10.704011,friction-sweep,hip_flexion_right_joint,RS04,-2.673194,7.500000,0.000000,0.0000,2.0000,-2.673194,7.059509,1.781647,32.00
10.716007,friction-sweep,hip_flexion_right_joint,RS04,-2.588058,7.500000,0.000000,0.0000,2.0000,-2.588058,7.089264,0.126343,32.00
10.724007,friction-sweep,hip_flexion_right_joint,RS04,-2.531299,7.500000,0.000000,0.0000,2.0000,-2.531299,7.064087,0.184937,32.00
10.732016,friction-sweep,hip_flexion_right_joint,RS04,-2.474541,7.500000,0.000000,0.0000,2.0000,-2.474541,7.139162,1.840240,32.00
10.740014,friction-sweep,hip_flexion_right_joint,RS04,-2.417782,7.500000,0.000000,0.0000,2.0000,-2.417782,7.055847,0.891739,32.00
10.748010,friction-sweep,hip_flexion_right_joint,RS04,-2.361024,7.500000,0.000000,0.0000,2.0000,-2.361024,7.159304,-0.214233,32.00
10.756016,friction-sweep,hip_flexion_right_joint,RS04,-2.303883,7.500000,0.000000,0.0000,2.0000,-2.303883,7.067291,1.126114,32.00
10.764015,friction-sweep,hip_flexion_right_joint,RS04,-2.247508,7.500000,0.000000,0.0000,2.0000,-2.247508,7.117189,1.609528,32.00
10.772011,friction-sweep,hip_flexion_right_joint,RS04,-2.190367,7.500000,0.000000,0.0000,2.0000,-2.190367,7.103456,-0.078735,32.00
10.780089,friction-sweep,hip_flexion_right_joint,RS04,-2.133608,7.500000,0.000000,0.0000,2.0000,-2.133608,7.094759,0.342407,32.00
10.788024,friction-sweep,hip_flexion_right_joint,RS04,-2.076850,7.500000,0.000000,0.0000,2.0000,-2.076850,7.098879,1.953766,32.00
10.800009,friction-sweep,hip_flexion_right_joint,RS04,-1.992097,7.500000,0.000000,0.0000,2.0000,-1.992097,7.108950,-0.122681,32.00
10.808011,friction-sweep,hip_flexion_right_joint,RS04,-1.935338,7.500000,0.000000,0.0000,2.0000,-1.935338,7.068665,0.477921,32.00
10.816022,friction-sweep,hip_flexion_right_joint,RS04,-1.878197,7.500000,0.000000,0.0000,2.0000,-1.878197,7.057220,1.968414,32.00
10.824041,friction-sweep,hip_flexion_right_joint,RS04,-1.821054,7.500000,0.000000,0.0000,2.0000,-1.821054,7.117189,0.642715,32.00
10.836009,friction-sweep,hip_flexion_right_joint,RS04,-1.736684,7.500000,0.000000,0.0000,2.0000,-1.736684,7.035248,0.510880,32.00
10.844011,friction-sweep,hip_flexion_right_joint,RS04,-1.679926,7.500000,0.000000,0.0000,2.0000,-1.679926,7.144655,1.964752,32.00
10.852015,friction-sweep,hip_flexion_right_joint,RS04,-1.623168,7.500000,0.000000,0.0000,2.0000,-1.623168,7.098879,0.371704,32.00
10.860014,friction-sweep,hip_flexion_right_joint,RS04,-1.566027,7.500000,0.000000,0.0000,2.0000,-1.566027,7.127260,-0.060425,32.00
10.868020,friction-sweep,hip_flexion_right_joint,RS04,-1.509269,7.500000,0.000000,0.0000,2.0000,-1.509269,7.085602,1.657135,32.00
10.876018,friction-sweep,hip_flexion_right_joint,RS04,-1.452511,7.500000,0.000000,0.0000,2.0000,-1.452511,7.065460,1.214005,32.00
10.884010,friction-sweep,hip_flexion_right_joint,RS04,-1.395752,7.500000,0.000000,0.0000,2.0000,-1.395752,7.101168,-0.261848,32.00
10.892014,friction-sweep,hip_flexion_right_joint,RS04,-1.338994,7.500000,0.000000,0.0000,2.0000,-1.338994,7.112612,0.807510,32.00
10.900016,friction-sweep,hip_flexion_right_joint,RS04,-1.282236,7.500000,0.000000,0.0000,2.0000,-1.282236,7.094759,1.836578,32.00
10.908010,friction-sweep,hip_flexion_right_joint,RS04,-1.225477,7.500000,0.000000,0.0000,2.0000,-1.225477,7.125887,0.177612,32.00
10.916016,friction-sweep,hip_flexion_right_joint,RS04,-1.168336,7.500000,0.000000,0.0000,2.0000,-1.168336,7.092012,0.144653,32.00
10.924012,friction-sweep,hip_flexion_right_joint,RS04,-1.111578,7.500000,0.000000,0.0000,2.0000,-1.111578,7.108034,1.781647,32.00
10.932011,friction-sweep,hip_flexion_right_joint,RS04,-1.054819,7.500000,0.000000,0.0000,2.0000,-1.054819,7.111238,0.910049,32.00
10.940016,friction-sweep,hip_flexion_right_joint,RS04,-0.998061,7.500000,0.000000,0.0000,2.0000,-0.998061,7.065460,-0.217896,32.00
10.948013,friction-sweep,hip_flexion_right_joint,RS04,-0.941303,7.500000,0.000000,0.0000,2.0000,-0.941303,7.140078,1.074844,32.00
10.956012,friction-sweep,hip_flexion_right_joint,RS04,-0.884545,7.500000,0.000000,0.0000,2.0000,-0.884545,7.163881,1.657135,32.00
10.964015,friction-sweep,hip_flexion_right_joint,RS04,-0.827787,7.500000,0.000000,0.0000,2.0000,-0.827787,7.097506,0.001831,32.00
10.972013,friction-sweep,hip_flexion_right_joint,RS04,-0.770645,7.500000,0.000000,0.0000,2.0000,-0.770645,7.080109,0.276489,32.00
10.980012,friction-sweep,hip_flexion_right_joint,RS04,-0.713887,7.500000,0.000000,0.0000,2.0000,-0.713887,7.162966,1.913483,32.00
10.988017,friction-sweep,hip_flexion_right_joint,RS04,-0.657128,7.500000,0.000000,0.0000,2.0000,-0.657128,7.105288,0.748917,32.00
10.996015,friction-sweep,hip_flexion_right_joint,RS04,-0.600754,7.500000,0.000000,0.0000,2.0000,-0.600754,7.028381,-0.203247,32.00
11.008006,friction-sweep,hip_flexion_right_joint,RS04,-0.515233,7.500000,0.000000,0.0000,2.0000,-0.515233,7.135042,1.961090,32.00
11.016013,friction-sweep,hip_flexion_right_joint,RS04,-0.458475,7.500000,0.000000,0.0000,2.0000,-0.458475,7.089722,0.573135,32.00
11.024014,friction-sweep,hip_flexion_right_joint,RS04,-0.401717,7.500000,0.000000,0.0000,2.0000,-0.401717,7.107576,-0.188599,32.00
11.032014,friction-sweep,hip_flexion_right_joint,RS04,-0.344959,7.500000,0.000000,0.0000,2.0000,-0.344959,7.114901,1.503326,32.00
11.040011,friction-sweep,hip_flexion_right_joint,RS04,-0.288201,7.500000,0.000000,0.0000,2.0000,-0.288201,7.142366,1.397110,32.00
11.048031,friction-sweep,hip_flexion_right_joint,RS04,-0.230676,7.500000,0.000000,0.0000,2.0000,-0.230676,7.140078,-0.119019,32.00
11.056015,friction-sweep,hip_flexion_right_joint,RS04,-0.174301,7.500000,0.000000,0.0000,2.0000,-0.174301,7.115358,0.499893,32.00
11.064010,friction-sweep,hip_flexion_right_joint,RS04,-0.117543,7.500000,0.000000,0.0000,2.0000,-0.117543,7.059967,1.928131,32.00
11.072015,friction-sweep,hip_flexion_right_joint,RS04,-0.060784,7.500000,0.000000,0.0000,2.0000,-0.060784,7.140078,0.444946,32.00
11.080015,friction-sweep,hip_flexion_right_joint,RS04,-0.003643,7.500000,0.000000,0.0000,2.0000,-0.003643,7.087891,-0.140991,32.00
11.088010,friction-sweep,hip_flexion_right_joint,RS04,0.053116,7.500000,0.000000,0.0000,2.0000,0.053116,7.111238,1.569244,32.00
11.096016,friction-sweep,hip_flexion_right_joint,RS04,0.109873,7.500000,0.000000,0.0000,2.0000,0.109873,7.090181,1.228653,32.00
11.104014,friction-sweep,hip_flexion_right_joint,RS04,0.166632,7.500000,0.000000,0.0000,2.0000,0.166632,7.134127,-0.280159,32.00
11.116006,friction-sweep,hip_flexion_right_joint,RS04,0.251769,7.500000,0.000000,0.0000,2.0000,0.251769,7.099794,1.657135,32.00
11.124006,friction-sweep,hip_flexion_right_joint,RS04,0.308526,7.500000,0.000000,0.0000,2.0000,0.308526,7.085602,1.155411,32.00
11.132014,friction-sweep,hip_flexion_right_joint,RS04,0.365668,7.500000,0.000000,0.0000,2.0000,0.365668,7.084686,-0.287483,32.00
11.140013,friction-sweep,hip_flexion_right_joint,RS04,0.422426,7.500000,0.000000,0.0000,2.0000,0.422426,7.046692,0.855118,32.00
11.152007,friction-sweep,hip_flexion_right_joint,RS04,0.507564,7.500000,0.000000,0.0000,2.0000,0.507564,7.119936,1.067520,32.00
11.160007,friction-sweep,hip_flexion_right_joint,RS04,0.564706,7.500000,0.000000,0.0000,2.0000,0.564706,7.054474,-0.276497,32.00
11.168015,friction-sweep,hip_flexion_right_joint,RS04,0.621463,7.500000,0.000000,0.0000,2.0000,0.621463,7.112154,0.906387,32.00
11.176015,friction-sweep,hip_flexion_right_joint,RS04,0.678222,7.500000,0.000000,0.0000,2.0000,0.678222,7.060425,1.756012,32.00
11.184053,friction-sweep,hip_flexion_right_joint,RS04,0.735363,7.500000,0.000000,0.0000,2.0000,0.735363,7.173037,0.203247,32.00
11.192046,friction-sweep,hip_flexion_right_joint,RS04,0.792121,7.500000,0.000000,0.0000,2.0000,0.792121,7.064545,0.130005,32.00
11.200026,friction-sweep,hip_flexion_right_joint,RS04,0.848880,-7.500000,0.000000,0.0000,2.0000,0.848880,7.068665,1.865875,32.00
11.208015,friction-sweep,hip_flexion_right_joint,RS04,0.905638,-7.500000,0.000000,0.0000,2.0000,0.905638,7.097048,0.866104,32.00
11.216021,friction-sweep,hip_flexion_right_joint,RS04,0.953959,-7.500000,0.000000,0.0000,2.0000,0.953959,5.154268,-10.794235,32.00
11.224017,friction-sweep,hip_flexion_right_joint,RS04,0.981955,-7.500000,0.000000,0.0000,2.0000,0.981955,2.577021,-8.732437,32.00
11.232010,friction-sweep,hip_flexion_right_joint,RS04,0.991925,-7.500000,0.000000,0.0000,2.0000,0.991925,0.610894,-7.597160,32.00
11.240027,friction-sweep,hip_flexion_right_joint,RS04,0.988857,-7.500000,0.000000,0.0000,2.0000,0.988857,-0.758297,-6.062714,32.00
11.248021,friction-sweep,hip_flexion_right_joint,RS04,0.975819,-7.500000,0.000000,0.0000,2.0000,0.975819,-2.102770,-4.088806,32.00
11.256011,friction-sweep,hip_flexion_right_joint,RS04,0.953959,-7.500000,0.000000,0.0000,2.0000,0.953959,-3.031129,-4.747993,32.00
11.264016,friction-sweep,hip_flexion_right_joint,RS04,0.925196,-7.500000,0.000000,0.0000,2.0000,0.925196,-3.812085,-4.290222,32.00
11.272015,friction-sweep,hip_flexion_right_joint,RS04,0.891448,-7.500000,0.000000,0.0000,2.0000,0.891448,-4.488670,-3.803162,32.00
11.280010,friction-sweep,hip_flexion_right_joint,RS04,0.852331,-7.500000,0.000000,0.0000,2.0000,0.852331,-4.967499,-2.788742,32.00
11.288013,friction-sweep,hip_flexion_right_joint,RS04,0.810529,-7.500000,0.000000,0.0000,2.0000,0.810529,-5.385900,-1.620506,32.00
11.296012,friction-sweep,hip_flexion_right_joint,RS04,0.764894,-7.500000,0.000000,0.0000,2.0000,0.764894,-5.803388,-2.338295,32.00
11.304081,friction-sweep,hip_flexion_right_joint,RS04,0.717722,-7.500000,0.000000,0.0000,2.0000,0.717722,-6.091326,-1.605858,32.00
11.312016,friction-sweep,hip_flexion_right_joint,RS04,0.668251,-7.500000,0.000000,0.0000,2.0000,0.668251,-6.270771,-1.543602,32.00
11.320022,friction-sweep,hip_flexion_right_joint,RS04,0.617245,-7.500000,0.000000,0.0000,2.0000,0.617245,-6.409933,-1.199364,32.00
11.328017,friction-sweep,hip_flexion_right_joint,RS04,0.564706,-7.500000,0.000000,0.0000,2.0000,0.564706,-6.583428,-1.792633,32.00
11.336010,friction-sweep,hip_flexion_right_joint,RS04,0.511782,-7.500000,0.000000,0.0000,2.0000,0.511782,-6.718472,-0.401009,32.00
11.344016,friction-sweep,hip_flexion_right_joint,RS04,0.458093,-7.500000,0.000000,0.0000,2.0000,0.458093,-6.792172,-2.067291,32.00
11.352015,friction-sweep,hip_flexion_right_joint,RS04,0.403635,-7.500000,0.000000,0.0000,2.0000,0.403635,-6.852140,-0.712296,32.00
11.360016,friction-sweep,hip_flexion_right_joint,RS04,0.348412,-7.500000,0.000000,0.0000,2.0000,0.348412,-6.923553,-0.313118,32.00
11.368018,friction-sweep,hip_flexion_right_joint,RS04,0.292803,-7.500000,0.000000,0.0000,2.0000,0.292803,-6.955597,-1.975739,32.00
11.380008,friction-sweep,hip_flexion_right_joint,RS04,0.209200,-7.500000,0.000000,0.0000,2.0000,0.209200,-6.984436,-0.038452,32.00
11.388008,friction-sweep,hip_flexion_right_joint,RS04,0.153210,-7.500000,0.000000,0.0000,2.0000,0.153210,-6.993134,-0.895401,32.00
11.396015,friction-sweep,hip_flexion_right_joint,RS04,0.096834,-7.500000,0.000000,0.0000,2.0000,0.096834,-7.132754,-1.851227,32.00
11.404016,friction-sweep,hip_flexion_right_joint,RS04,0.040075,-7.500000,0.000000,0.0000,2.0000,0.040075,-7.147860,-0.100708,32.00
11.412010,friction-sweep,hip_flexion_right_joint,RS04,-0.016298,-7.500000,0.000000,0.0000,2.0000,-0.016298,-7.003663,-0.272835,32.00
11.420016,friction-sweep,hip_flexion_right_joint,RS04,-0.073056,-7.500000,0.000000,0.0000,2.0000,-0.073056,-7.087892,-1.906158,32.00
11.428048,friction-sweep,hip_flexion_right_joint,RS04,-0.130198,-7.500000,0.000000,0.0000,2.0000,-0.130198,-7.123141,-0.723282,32.00
11.436022,friction-sweep,hip_flexion_right_joint,RS04,-0.186573,-7.500000,0.000000,0.0000,2.0000,-0.186573,-7.094301,0.181274,32.00
11.444022,friction-sweep,hip_flexion_right_joint,RS04,-0.243332,-7.500000,0.000000,0.0000,2.0000,-0.243332,-7.067750,-1.389793,32.00
11.452018,friction-sweep,hip_flexion_right_joint,RS04,-0.300090,-7.500000,0.000000,0.0000,2.0000,-0.300090,-7.128176,-1.485008,32.00
11.460011,friction-sweep,hip_flexion_right_joint,RS04,-0.356848,-7.500000,0.000000,0.0000,2.0000,-0.356848,-7.202793,0.119019,32.00
11.468016,friction-sweep,hip_flexion_right_joint,RS04,-0.413606,-7.500000,0.000000,0.0000,2.0000,-0.413606,-7.109407,-0.551155,32.00
11.476014,friction-sweep,hip_flexion_right_joint,RS04,-0.470365,-7.500000,0.000000,0.0000,2.0000,-0.470365,-7.075075,-2.008698,32.00
11.484010,friction-sweep,hip_flexion_right_joint,RS04,-0.527506,-7.500000,0.000000,0.0000,2.0000,-0.527506,-7.070039,-0.433968,32.00
11.492015,friction-sweep,hip_flexion_right_joint,RS04,-0.584264,-7.500000,0.000000,0.0000,2.0000,-0.584264,-7.077821,0.075073,32.00
11.500014,friction-sweep,hip_flexion_right_joint,RS04,-0.641022,-7.500000,0.000000,0.0000,2.0000,-0.641022,-7.124056,-1.550926,32.00
11.508010,friction-sweep,hip_flexion_right_joint,RS04,-0.697780,-7.500000,0.000000,0.0000,2.0000,-0.697780,-7.027466,-1.254295,32.00
11.516015,friction-sweep,hip_flexion_right_joint,RS04,-0.754538,-7.500000,0.000000,0.0000,2.0000,-0.754538,-7.149691,0.232544,32.00
11.524015,friction-sweep,hip_flexion_right_joint,RS04,-0.811681,-7.500000,0.000000,0.0000,2.0000,-0.811681,-7.122683,-0.686653,32.00
11.532022,friction-sweep,hip_flexion_right_joint,RS04,-0.868439,-7.500000,0.000000,0.0000,2.0000,-0.868439,-7.116273,-1.957428,32.00
11.540018,friction-sweep,hip_flexion_right_joint,RS04,-0.925197,-7.500000,0.000000,0.0000,2.0000,-0.925197,-7.108949,-0.228882,32.00
11.548017,friction-sweep,hip_flexion_right_joint,RS04,-0.981955,-7.500000,0.000000,0.0000,2.0000,-0.981955,-7.043030,0.056763,32.00
11.560009,friction-sweep,hip_flexion_right_joint,RS04,-1.067092,-7.500000,0.000000,0.0000,2.0000,-1.067092,-7.083772,-1.895172,32.00
11.572011,friction-sweep,hip_flexion_right_joint,RS04,-1.152228,-7.500000,0.000000,0.0000,2.0000,-1.152228,-7.099794,0.221558,32.00
11.580011,friction-sweep,hip_flexion_right_joint,RS04,-1.209371,-7.500000,0.000000,0.0000,2.0000,-1.209371,-7.089723,-0.953995,32.00
11.588015,friction-sweep,hip_flexion_right_joint,RS04,-1.266129,-7.500000,0.000000,0.0000,2.0000,-1.266129,-7.101167,-1.873199,32.00
11.596009,friction-sweep,hip_flexion_right_joint,RS04,-1.322886,-7.500000,0.000000,0.0000,2.0000,-1.322886,-7.150149,-0.104370,32.00
11.604014,friction-sweep,hip_flexion_right_joint,RS04,-1.379645,-7.500000,0.000000,0.0000,2.0000,-1.379645,-7.109865,-0.166626,32.00
11.612007,friction-sweep,hip_flexion_right_joint,RS04,-1.436403,-7.500000,0.000000,0.0000,2.0000,-1.436403,-7.068666,-1.862213,32.00
11.620015,friction-sweep,hip_flexion_right_joint,RS04,-1.493161,-7.500000,0.000000,0.0000,2.0000,-1.493161,-7.138705,-0.807510,32.00
11.628008,friction-sweep,hip_flexion_right_joint,RS04,-1.549920,-7.500000,0.000000,0.0000,2.0000,-1.549920,-7.088350,0.199585,32.00
11.636015,friction-sweep,hip_flexion_right_joint,RS04,-1.606678,-7.500000,0.000000,0.0000,2.0000,-1.606678,-7.077363,-1.221336,32.00
11.644008,friction-sweep,hip_flexion_right_joint,RS04,-1.663436,-7.500000,0.000000,0.0000,2.0000,-1.663436,-7.052186,-1.627831,32.00
11.652015,friction-sweep,hip_flexion_right_joint,RS04,-1.720194,-7.500000,0.000000,0.0000,2.0000,-1.720194,-7.102540,0.042114,32.00
11.660013,friction-sweep,hip_flexion_right_joint,RS04,-1.776952,-7.500000,0.000000,0.0000,2.0000,-1.776952,-7.092927,-0.371712,32.00
11.668017,friction-sweep,hip_flexion_right_joint,RS04,-1.833710,-7.500000,0.000000,0.0000,2.0000,-1.833710,-7.137789,-1.935455,32.00
11.680009,friction-sweep,hip_flexion_right_joint,RS04,-1.918847,-7.500000,0.000000,0.0000,2.0000,-1.918847,-7.098421,0.148315,32.00
11.688007,friction-sweep,hip_flexion_right_joint,RS04,-1.975606,-7.500000,0.000000,0.0000,2.0000,-1.975606,-7.078737,-0.554817,32.00
11.696089,friction-sweep,hip_flexion_right_joint,RS04,-2.033131,-7.500000,0.000000,0.0000,2.0000,-2.033131,-7.132754,-1.975739,32.00
11.704126,friction-sweep,hip_flexion_right_joint,RS04,-2.090656,-7.500000,0.000000,0.0000,2.0000,-2.090656,-7.097047,-0.631721,32.00
11.712046,friction-sweep,hip_flexion_right_joint,RS04,-2.146647,-7.500000,0.000000,0.0000,2.0000,-2.146647,-7.114900,0.155640,32.00
11.720018,friction-sweep,hip_flexion_right_joint,RS04,-2.203022,-7.500000,0.000000,0.0000,2.0000,-2.203022,-7.130007,-1.635155,32.00
11.728022,friction-sweep,hip_flexion_right_joint,RS04,-2.259780,-7.500000,0.000000,0.0000,2.0000,-2.259780,-7.155184,-1.250633,32.00
11.736015,friction-sweep,hip_flexion_right_joint,RS04,-2.316538,-7.500000,0.000000,0.0000,2.0000,-2.316538,-7.152438,0.206909,32.00
11.744010,friction-sweep,hip_flexion_right_joint,RS04,-2.373296,-7.500000,0.000000,0.0000,2.0000,-2.373296,-7.149691,-0.763565,32.00
11.752012,friction-sweep,hip_flexion_right_joint,RS04,-2.430055,-7.500000,0.000000,0.0000,2.0000,-2.430055,-7.147402,-1.942780,32.00
11.760013,friction-sweep,hip_flexion_right_joint,RS04,-2.486813,-7.500000,0.000000,0.0000,2.0000,-2.486813,-7.127261,-0.247200,32.00
11.768010,friction-sweep,hip_flexion_right_joint,RS04,-2.543571,-7.500000,0.000000,0.0000,2.0000,-2.543571,-7.101167,0.005493,32.00
11.776012,friction-sweep,hip_flexion_right_joint,RS04,-2.600329,-7.500000,0.000000,0.0000,2.0000,-2.600329,-7.102998,-1.781647,32.00
11.784012,friction-sweep,hip_flexion_right_joint,RS04,-2.657471,-7.500000,0.000000,0.0000,2.0000,-2.657471,-7.126803,-0.975967,32.00
11.792010,friction-sweep,hip_flexion_right_joint,RS04,-2.714229,-7.500000,0.000000,0.0000,2.0000,-2.714229,-7.091554,0.221558,32.00
11.800012,friction-sweep,hip_flexion_right_joint,RS04,-2.770987,-7.500000,0.000000,0.0000,2.0000,-2.770987,-7.083314,-1.001602,32.00
11.808112,friction-sweep,hip_flexion_right_joint,RS04,-2.827745,-7.500000,0.000000,0.0000,2.0000,-2.827745,-7.187229,-1.726715,32.00
11.816021,friction-sweep,hip_flexion_right_joint,RS04,-2.884503,-7.500000,0.000000,0.0000,2.0000,-2.884503,-7.052186,-0.049438,32.00
11.824014,friction-sweep,hip_flexion_right_joint,RS04,-2.941261,-7.500000,0.000000,0.0000,2.0000,-2.941261,-7.118562,-0.331429,32.00
11.832013,friction-sweep,hip_flexion_right_joint,RS04,-2.998019,-7.500000,0.000000,0.0000,2.0000,-2.998019,-7.119020,-1.895172,32.00
11.840013,friction-sweep,hip_flexion_right_joint,RS04,-3.054777,-7.500000,0.000000,0.0000,2.0000,-3.054777,-7.082399,-0.730606,32.00
11.848011,friction-sweep,hip_flexion_right_joint,RS04,-3.111536,-7.500000,0.000000,0.0000,2.0000,-3.111536,-7.092927,0.159302,32.00
11.856011,friction-sweep,hip_flexion_right_joint,RS04,-3.168294,-7.500000,0.000000,0.0000,2.0000,-3.168294,-7.084688,-1.290916,32.00
11.864013,friction-sweep,hip_flexion_right_joint,RS04,-3.225053,-7.500000,0.000000,0.0000,2.0000,-3.225053,-7.135043,-1.492332,32.00
11.872012,friction-sweep,hip_flexion_right_joint,RS04,-3.281811,-7.500000,0.000000,0.0000,2.0000,-3.281811,-7.088350,0.049438,32.00
11.880013,friction-sweep,hip_flexion_right_joint,RS04,-3.338952,-7.500000,0.000000,0.0000,2.0000,-3.338952,-7.097963,-0.518196,32.00
11.888012,friction-sweep,hip_flexion_right_joint,RS04,-3.395327,-7.500000,0.000000,0.0000,2.0000,-3.395327,-7.136874,-1.972076,32.00
11.896012,friction-sweep,hip_flexion_right_joint,RS04,-3.452468,-7.500000,0.000000,0.0000,2.0000,-3.452468,-7.113527,-0.503548,32.00
11.904011,friction-sweep,hip_flexion_right_joint,RS04,-3.509226,-7.500000,0.000000,0.0000,2.0000,-3.509226,-7.095216,0.093384,32.00
11.912013,friction-sweep,hip_flexion_right_joint,RS04,-3.565985,-7.500000,0.000000,0.0000,2.0000,-3.565985,-7.091096,-1.550926,32.00
11.920012,friction-sweep,hip_flexion_right_joint,RS04,-3.622743,-7.500000,0.000000,0.0000,2.0000,-3.622743,-7.131381,-1.294579,32.00
11.928012,friction-sweep,hip_flexion_right_joint,RS04,-3.679501,-7.500000,0.000000,0.0000,2.0000,-3.679501,-7.055848,0.195923,32.00
11.936011,friction-sweep,hip_flexion_right_joint,RS04,-3.736259,-7.500000,0.000000,0.0000,2.0000,-3.736259,-7.080568,-0.697639,32.00
11.944012,friction-sweep,hip_flexion_right_joint,RS04,-3.793017,-7.500000,0.000000,0.0000,2.0000,-3.793017,-7.081483,-1.917145,32.00
11.952011,friction-sweep,hip_flexion_right_joint,RS04,-3.849775,-7.500000,0.000000,0.0000,2.0000,-3.849775,-7.071870,-0.280159,32.00
11.960056,friction-sweep,hip_flexion_right_joint,RS04,-3.906918,-7.500000,0.000000,0.0000,2.0000,-3.906918,-7.067750,0.078735,32.00
11.968035,friction-sweep,hip_flexion_right_joint,RS04,-3.964059,-7.500000,0.000000,0.0000,2.0000,-3.964059,-7.119936,-1.708405,32.00
11.976083,friction-sweep,hip_flexion_right_joint,RS04,-4.020433,-7.500000,0.000000,0.0000,2.0000,-4.020433,-7.083772,-1.111465,32.00
11.984038,friction-sweep,hip_flexion_right_joint,RS04,-4.077191,-7.500000,0.000000,0.0000,2.0000,-4.077191,-7.066377,0.130005,32.00
11.992029,friction-sweep,hip_flexion_right_joint,RS04,-4.133949,-7.500000,0.000000,0.0000,2.0000,-4.133949,-7.064088,-0.895401,32.00
12.000096,friction-sweep,hip_flexion_right_joint,RS04,-4.191475,-7.500000,0.000000,0.0000,2.0000,-4.191475,-7.140994,-1.946442,32.00
12.008080,friction-sweep,hip_flexion_right_joint,RS04,-4.247849,-7.500000,0.000000,0.0000,2.0000,-4.247849,-7.108491,-0.148315,32.00
12.016075,friction-sweep,hip_flexion_right_joint,RS04,-4.304992,-7.500000,0.000000,0.0000,2.0000,-4.304992,-7.116731,-0.140991,32.00
12.024076,friction-sweep,hip_flexion_right_joint,RS04,-4.361366,-7.500000,0.000000,0.0000,2.0000,-4.361366,-7.081941,-1.862213,32.00
12.032042,friction-sweep,hip_flexion_right_joint,RS04,-4.418124,-7.500000,0.000000,0.0000,2.0000,-4.418124,-7.026093,-0.829483,32.00
12.040031,friction-sweep,hip_flexion_right_joint,RS04,-4.475266,-7.500000,0.000000,0.0000,2.0000,-4.475266,-7.093385,0.228882,32.00
12.048019,friction-sweep,hip_flexion_right_joint,RS04,-4.531640,-7.500000,0.000000,0.0000,2.0000,-4.531640,-7.119479,-1.151749,32.00
12.056023,friction-sweep,hip_flexion_right_joint,RS04,-4.588398,-7.500000,0.000000,0.0000,2.0000,-4.588398,-7.164797,-1.646149,32.00
12.064016,friction-sweep,hip_flexion_right_joint,RS04,-4.645157,-7.500000,0.000000,0.0000,2.0000,-4.645157,-7.039368,0.012817,32.00
12.072014,friction-sweep,hip_flexion_right_joint,RS04,-4.702298,-7.500000,0.000000,0.0000,2.0000,-4.702298,-7.088808,-0.298470,32.00
12.080013,friction-sweep,hip_flexion_right_joint,RS04,-4.759057,-7.500000,0.000000,0.0000,2.0000,-4.759057,-7.043488,-1.939117,32.00
12.088015,friction-sweep,hip_flexion_right_joint,RS04,-4.815814,-7.500000,0.000000,0.0000,2.0000,-4.815814,-7.108034,-0.679329,32.00
12.096014,friction-sweep,hip_flexion_right_joint,RS04,-4.872572,-7.500000,0.000000,0.0000,2.0000,-4.872572,-7.155642,0.137329,32.00
12.104013,friction-sweep,hip_flexion_right_joint,RS04,-4.929714,-7.500000,0.000000,0.0000,2.0000,-4.929714,-7.090181,-1.331200,32.00
12.112015,friction-sweep,hip_flexion_right_joint,RS04,-4.986473,-7.500000,0.000000,0.0000,2.0000,-4.986473,-7.081483,-1.441063,32.00
12.120012,friction-sweep,hip_flexion_right_joint,RS04,-5.043231,-7.500000,0.000000,0.0000,2.0000,-5.043231,-7.057679,0.082397,32.00
12.128013,friction-sweep,hip_flexion_right_joint,RS04,-5.099989,-7.500000,0.000000,0.0000,2.0000,-5.099989,-6.998627,-0.521858,32.00
12.136014,friction-sweep,hip_flexion_right_joint,RS04,-5.157130,-7.500000,0.000000,0.0000,2.0000,-5.157130,-7.142825,-1.939117,32.00
12.144012,friction-sweep,hip_flexion_right_joint,RS04,-5.213889,-7.500000,0.000000,0.0000,2.0000,-5.213889,-7.119936,-0.463264,32.00
12.152015,friction-sweep,hip_flexion_right_joint,RS04,-5.270647,-7.500000,0.000000,0.0000,2.0000,-5.270647,-7.052186,0.140991,32.00
12.160015,friction-sweep,hip_flexion_right_joint,RS04,-5.327405,-7.500000,0.000000,0.0000,2.0000,-5.327405,-7.158389,-1.554588,32.00
12.168026,friction-sweep,hip_flexion_right_joint,RS04,-5.384163,-7.500000,0.000000,0.0000,2.0000,-5.384163,-7.113985,-1.265282,32.00
12.176014,friction-sweep,hip_flexion_right_joint,RS04,-5.441305,-7.500000,0.000000,0.0000,2.0000,-5.441305,-7.105745,0.144653,32.00
12.184067,friction-sweep,hip_flexion_right_joint,RS04,-5.498446,-7.500000,0.000000,0.0000,2.0000,-5.498446,-7.131381,-0.587776,32.00
12.192048,friction-sweep,hip_flexion_right_joint,RS04,-5.555204,-7.500000,0.000000,0.0000,2.0000,-5.555204,-7.080568,-1.895172,32.00
12.200034,friction-sweep,hip_flexion_right_joint,RS04,-5.611962,-7.500000,0.000000,0.0000,2.0000,-5.611962,-7.078279,-0.324104,32.00
12.208024,friction-sweep,hip_flexion_right_joint,RS04,-5.668337,-7.500000,0.000000,0.0000,2.0000,-5.668337,-7.034333,0.005493,32.00
12.216016,friction-sweep,hip_flexion_right_joint,RS04,-5.725479,-7.500000,0.000000,0.0000,2.0000,-5.725479,-7.073701,-1.726715,32.00
12.224014,friction-sweep,hip_flexion_right_joint,RS04,-5.782238,-7.500000,0.000000,0.0000,2.0000,-5.782238,-7.134127,-1.170059,32.00
12.232014,friction-sweep,hip_flexion_right_joint,RS04,-5.838995,-7.500000,0.000000,0.0000,2.0000,-5.838995,-7.070497,0.181274,32.00
12.240012,friction-sweep,hip_flexion_right_joint,RS04,-5.895753,-7.500000,0.000000,0.0000,2.0000,-5.895753,-7.091554,-0.789200,32.00
12.248013,friction-sweep,hip_flexion_right_joint,RS04,-5.952895,-7.500000,0.000000,0.0000,2.0000,-5.952895,-7.101167,-1.854889,32.00
12.256016,friction-sweep,hip_flexion_right_joint,RS04,-6.009653,-7.500000,0.000000,0.0000,2.0000,-6.009653,-7.139620,-0.173950,32.00
12.264024,friction-sweep,hip_flexion_right_joint,RS04,-6.066412,-7.500000,0.000000,0.0000,2.0000,-6.066412,-7.121310,-0.031128,32.00
12.272024,friction-sweep,hip_flexion_right_joint,RS04,-6.123553,-7.500000,0.000000,0.0000,2.0000,-6.123553,-7.098878,-1.788971,32.00
12.280018,friction-sweep,hip_flexion_right_joint,RS04,-6.180311,-7.500000,0.000000,0.0000,2.0000,-6.180311,-7.123599,-1.005264,32.00
12.288014,friction-sweep,hip_flexion_right_joint,RS04,-6.237070,-7.500000,0.000000,0.0000,2.0000,-6.237070,-7.066377,0.283813,32.00
12.296012,friction-sweep,hip_flexion_right_joint,RS04,-6.293828,-7.500000,0.000000,0.0000,2.0000,-6.293828,-7.093385,-0.935684,32.00
12.304123,friction-sweep,hip_flexion_right_joint,RS04,-6.350586,-7.500000,0.000000,0.0000,2.0000,-6.350586,-7.038453,-1.763336,32.00
12.312019,friction-sweep,hip_flexion_right_joint,RS04,-6.407727,-7.500000,0.000000,0.0000,2.0000,-6.407727,-7.120852,-0.071411,32.00
12.320017,friction-sweep,hip_flexion_right_joint,RS04,-6.464102,-7.500000,0.000000,0.0000,2.0000,-6.464102,-7.050354,-0.214233,32.00
12.328015,friction-sweep,hip_flexion_right_joint,RS04,-6.521244,-7.500000,0.000000,0.0000,2.0000,-6.521244,-7.054474,-1.898834,32.00
12.336071,friction-sweep,hip_flexion_right_joint,RS04,-6.578769,-7.500000,0.000000,0.0000,2.0000,-6.578769,-7.135500,-0.880753,32.00
12.344063,friction-sweep,hip_flexion_right_joint,RS04,-6.635527,-7.500000,0.000000,0.0000,2.0000,-6.635527,-7.094759,0.199585,32.00
12.352038,friction-sweep,hip_flexion_right_joint,RS04,-6.692286,-7.500000,0.000000,0.0000,2.0000,-6.692286,-7.130007,-1.056534,32.00
12.360015,friction-sweep,hip_flexion_right_joint,RS04,-6.748660,-7.500000,0.000000,0.0000,2.0000,-6.748660,-7.098421,-1.671783,32.00
12.372008,friction-sweep,hip_flexion_right_joint,RS04,-6.833797,-7.500000,0.000000,0.0000,2.0000,-6.833797,-7.081026,0.243530,32.00
12.380009,friction-sweep,hip_flexion_right_joint,RS04,-6.890555,-7.500000,0.000000,0.0000,2.0000,-6.890555,-7.112154,-1.331200,32.00
12.392009,friction-sweep,hip_flexion_right_joint,RS04,-6.976076,-7.500000,0.000000,0.0000,2.0000,-6.976076,-7.072328,-0.606087,32.00
12.400013,friction-sweep,hip_flexion_right_joint,RS04,-7.032835,9.000000,0.000000,0.0000,2.0000,-7.032835,-7.088808,0.184937,32.00
12.408013,friction-sweep,hip_flexion_right_joint,RS04,-7.089592,9.000000,0.000000,0.0000,2.0000,-7.089592,-7.133212,-1.378807,32.00
12.416010,friction-sweep,hip_flexion_right_joint,RS04,-7.136763,9.000000,0.000000,0.0000,2.0000,-7.136763,-4.876402,12.519104,32.00
12.424016,friction-sweep,hip_flexion_right_joint,RS04,-7.160923,9.000000,0.000000,0.0000,2.0000,-7.160923,-2.063859,9.164566,32.00
12.432014,friction-sweep,hip_flexion_right_joint,RS04,-7.166676,9.000000,0.000000,0.0000,2.0000,-7.166676,-0.048753,8.878906,32.00
12.440008,friction-sweep,hip_flexion_right_joint,RS04,-7.159006,9.000000,0.000000,0.0000,2.0000,-7.159006,1.467384,6.912331,32.00
12.448011,friction-sweep,hip_flexion_right_joint,RS04,-7.139448,9.000000,0.000000,0.0000,2.0000,-7.139448,2.964293,5.374229,32.00
12.456012,friction-sweep,hip_flexion_right_joint,RS04,-7.110685,9.000000,0.000000,0.0000,2.0000,-7.110685,3.989243,4.594185,32.00
12.464011,friction-sweep,hip_flexion_right_joint,RS04,-7.073485,9.000000,0.000000,0.0000,2.0000,-7.073485,4.951475,4.279243,32.00
12.472013,friction-sweep,hip_flexion_right_joint,RS04,-7.030917,9.000000,0.000000,0.0000,2.0000,-7.030917,5.676584,3.989929,32.00
12.480010,friction-sweep,hip_flexion_right_joint,RS04,-6.982595,9.000000,0.000000,0.0000,2.0000,-6.982595,6.196613,2.188141,32.00
12.488013,friction-sweep,hip_flexion_right_joint,RS04,-6.930823,9.000000,0.000000,0.0000,2.0000,-6.930823,6.674524,3.231857,32.00
12.496013,friction-sweep,hip_flexion_right_joint,RS04,-6.875215,9.000000,0.000000,0.0000,2.0000,-6.875215,7.028381,2.155182,32.00
12.504010,friction-sweep,hip_flexion_right_joint,RS04,-6.817307,9.000000,0.000000,0.0000,2.0000,-6.817307,7.347448,1.041885,32.00
12.512012,friction-sweep,hip_flexion_right_joint,RS04,-6.756713,9.000000,0.000000,0.0000,2.0000,-6.756713,7.628061,1.459381,32.00
12.520012,friction-sweep,hip_flexion_right_joint,RS04,-6.694970,9.000000,0.000000,0.0000,2.0000,-6.694970,7.829939,2.199127,32.00
12.528009,friction-sweep,hip_flexion_right_joint,RS04,-6.631692,9.000000,0.000000,0.0000,2.0000,-6.631692,7.938431,2.385910,32.00
12.536012,friction-sweep,hip_flexion_right_joint,RS04,-6.566881,9.000000,0.000000,0.0000,2.0000,-6.566881,8.117418,2.173492,32.00
12.544012,friction-sweep,hip_flexion_right_joint,RS04,-6.501685,9.000000,0.000000,0.0000,2.0000,-6.501685,8.256580,2.016022,32.00
12.552011,friction-sweep,hip_flexion_right_joint,RS04,-6.435339,9.000000,0.000000,0.0000,2.0000,-6.435339,8.300985,1.858551,32.00
12.560010,friction-sweep,hip_flexion_right_joint,RS04,-6.368610,9.000000,0.000000,0.0000,2.0000,-6.368610,8.353170,1.880524,32.00
12.568010,friction-sweep,hip_flexion_right_joint,RS04,-6.301881,9.000000,0.000000,0.0000,2.0000,-6.301881,8.419548,1.770660,32.00
12.576063,friction-sweep,hip_flexion_right_joint,RS04,-6.234002,9.000000,0.000000,0.0000,2.0000,-6.234002,8.479973,1.876862,32.00
12.584043,friction-sweep,hip_flexion_right_joint,RS04,-6.166122,9.000000,0.000000,0.0000,2.0000,-6.166122,8.486839,1.990387,32.00
12.592037,friction-sweep,hip_flexion_right_joint,RS04,-6.099009,9.000000,0.000000,0.0000,2.0000,-6.099009,8.531242,1.975739,32.00
12.600025,friction-sweep,hip_flexion_right_joint,RS04,-6.030746,9.000000,0.000000,0.0000,2.0000,-6.030746,8.517052,1.884186,32.00
12.608019,friction-sweep,hip_flexion_right_joint,RS04,-5.962866,9.000000,0.000000,0.0000,2.0000,-5.962866,8.540855,1.657135,32.00
12.616015,friction-sweep,hip_flexion_right_joint,RS04,-5.894219,9.000000,0.000000,0.0000,2.0000,-5.894219,8.535820,1.448395,32.00
12.624014,friction-sweep,hip_flexion_right_joint,RS04,-5.825956,9.000000,0.000000,0.0000,2.0000,-5.825956,8.528954,1.041885,32.00
12.632013,friction-sweep,hip_flexion_right_joint,RS04,-5.757693,9.000000,0.000000,0.0000,2.0000,-5.757693,8.618219,0.606094,32.00
12.640013,friction-sweep,hip_flexion_right_joint,RS04,-5.689046,9.000000,0.000000,0.0000,2.0000,-5.689046,8.524834,0.338745,32.00
12.648013,friction-sweep,hip_flexion_right_joint,RS04,-5.620399,9.000000,0.000000,0.0000,2.0000,-5.620399,8.557793,0.086060,32.00
12.656013,friction-sweep,hip_flexion_right_joint,RS04,-5.552136,9.000000,0.000000,0.0000,2.0000,-5.552136,8.539482,-0.137329,32.00
12.664013,friction-sweep,hip_flexion_right_joint,RS04,-5.483490,9.000000,0.000000,0.0000,2.0000,-5.483490,8.599449,-0.104370,32.00
12.672012,friction-sweep,hip_flexion_right_joint,RS04,-5.414843,9.000000,0.000000,0.0000,2.0000,-5.414843,8.623713,-0.119019,32.00
12.680012,friction-sweep,hip_flexion_right_joint,RS04,-5.346197,9.000000,0.000000,0.0000,2.0000,-5.346197,8.578392,0.265503,32.00
12.688012,friction-sweep,hip_flexion_right_joint,RS04,-5.277934,9.000000,0.000000,0.0000,2.0000,-5.277934,8.577934,0.580460,32.00
12.696012,friction-sweep,hip_flexion_right_joint,RS04,-5.209287,9.000000,0.000000,0.0000,2.0000,-5.209287,8.604485,0.972305,32.00
12.704011,friction-sweep,hip_flexion_right_joint,RS04,-5.140640,9.000000,0.000000,0.0000,2.0000,-5.140640,8.604027,1.397110,32.00
12.712012,friction-sweep,hip_flexion_right_joint,RS04,-5.071993,9.000000,0.000000,0.0000,2.0000,-5.071993,8.555046,1.660797,32.00
12.720077,friction-sweep,hip_flexion_right_joint,RS04,-5.002580,9.000000,0.000000,0.0000,2.0000,-5.002580,8.605858,1.957428,32.00
12.728038,friction-sweep,hip_flexion_right_joint,RS04,-4.934700,9.000000,0.000000,0.0000,2.0000,-4.934700,8.573357,1.884186,32.00
12.736079,friction-sweep,hip_flexion_right_joint,RS04,-4.865670,9.000000,0.000000,0.0000,2.0000,-4.865670,8.574272,1.609528,32.00
12.744011,friction-sweep,hip_flexion_right_joint,RS04,-4.797407,9.000000,0.000000,0.0000,2.0000,-4.797407,8.555962,1.334854,32.00
12.752043,friction-sweep,hip_flexion_right_joint,RS04,-4.728760,9.000000,0.000000,0.0000,2.0000,-4.728760,8.622339,0.906387,32.00
12.760024,friction-sweep,hip_flexion_right_joint,RS04,-4.660113,9.000000,0.000000,0.0000,2.0000,-4.660113,8.586174,0.525528,32.00
12.768012,friction-sweep,hip_flexion_right_joint,RS04,-4.591850,9.000000,0.000000,0.0000,2.0000,-4.591850,8.582512,0.192261,32.00
12.776014,friction-sweep,hip_flexion_right_joint,RS04,-4.523203,9.000000,0.000000,0.0000,2.0000,-4.523203,8.514763,0.009155,32.00
12.784014,friction-sweep,hip_flexion_right_joint,RS04,-4.454556,9.000000,0.000000,0.0000,2.0000,-4.454556,8.531700,-0.089722,32.00
12.792013,friction-sweep,hip_flexion_right_joint,RS04,-4.385910,9.000000,0.000000,0.0000,2.0000,-4.385910,8.622797,-0.045776,32.00
12.800012,friction-sweep,hip_flexion_right_joint,RS04,-4.317264,9.000000,0.000000,0.0000,2.0000,-4.317264,8.592125,0.166626,32.00
12.808012,friction-sweep,hip_flexion_right_joint,RS04,-4.248617,9.000000,0.000000,0.0000,2.0000,-4.248617,8.616388,0.452271,32.00
12.816172,friction-sweep,hip_flexion_right_joint,RS04,-4.179970,9.000000,0.000000,0.0000,2.0000,-4.179970,8.597618,0.748917,32.00
12.824018,friction-sweep,hip_flexion_right_joint,RS04,-4.111323,9.000000,0.000000,0.0000,2.0000,-4.111323,8.632868,1.195694,32.00
12.832016,friction-sweep,hip_flexion_right_joint,RS04,-4.043059,9.000000,0.000000,0.0000,2.0000,-4.043059,8.546806,1.444733,32.00
12.840014,friction-sweep,hip_flexion_right_joint,RS04,-3.974030,9.000000,0.000000,0.0000,2.0000,-3.974030,8.568779,1.723053,32.00
12.848012,friction-sweep,hip_flexion_right_joint,RS04,-3.905766,9.000000,0.000000,0.0000,2.0000,-3.905766,8.693750,1.909821,32.00
12.856014,friction-sweep,hip_flexion_right_joint,RS04,-3.837120,9.000000,0.000000,0.0000,2.0000,-3.837120,8.574730,1.825592,32.00
12.864011,friction-sweep,hip_flexion_right_joint,RS04,-3.768474,9.000000,0.000000,0.0000,2.0000,-3.768474,8.610893,1.554596,32.00
12.872021,friction-sweep,hip_flexion_right_joint,RS04,-3.699826,9.000000,0.000000,0.0000,2.0000,-3.699826,8.604942,1.228653,32.00
12.880030,friction-sweep,hip_flexion_right_joint,RS04,-3.631180,9.000000,0.000000,0.0000,2.0000,-3.631180,8.582970,0.704971,32.00
12.888009,friction-sweep,hip_flexion_right_joint,RS04,-3.562917,9.000000,0.000000,0.0000,2.0000,-3.562917,8.565117,0.437622,32.00
12.896009,friction-sweep,hip_flexion_right_joint,RS04,-3.494269,9.000000,0.000000,0.0000,2.0000,-3.494269,8.506065,0.140991,32.00
12.904007,friction-sweep,hip_flexion_right_joint,RS04,-3.425623,9.000000,0.000000,0.0000,2.0000,-3.425623,8.537651,-0.075073,32.00
12.912015,friction-sweep,hip_flexion_right_joint,RS04,-3.356977,9.000000,0.000000,0.0000,2.0000,-3.356977,8.618677,-0.093384,32.00
12.920010,friction-sweep,hip_flexion_right_joint,RS04,-3.288713,9.000000,0.000000,0.0000,2.0000,-3.288713,8.499657,-0.111694,32.00
12.928023,friction-sweep,hip_flexion_right_joint,RS04,-3.220067,9.000000,0.000000,0.0000,2.0000,-3.220067,8.659876,0.177612,32.00
12.936012,friction-sweep,hip_flexion_right_joint,RS04,-3.151420,9.000000,0.000000,0.0000,2.0000,-3.151420,8.503777,0.401001,32.00
12.944012,friction-sweep,hip_flexion_right_joint,RS04,-3.083157,9.000000,0.000000,0.0000,2.0000,-3.083157,8.645227,0.877090,32.00
12.952017,friction-sweep,hip_flexion_right_joint,RS04,-3.014510,9.000000,0.000000,0.0000,2.0000,-3.014510,8.518883,1.199356,32.00
12.960012,friction-sweep,hip_flexion_right_joint,RS04,-2.945864,9.000000,0.000000,0.0000,2.0000,-2.945864,8.572441,1.576569,32.00
12.968010,friction-sweep,hip_flexion_right_joint,RS04,-2.877217,9.000000,0.000000,0.0000,2.0000,-2.877217,8.572441,1.818268,32.00
12.976019,friction-sweep,hip_flexion_right_joint,RS04,-2.808570,9.000000,0.000000,0.0000,2.0000,-2.808570,8.519341,1.880524,32.00
12.984023,friction-sweep,hip_flexion_right_joint,RS04,-2.739923,9.000000,0.000000,0.0000,2.0000,-2.739923,8.572899,1.836578,32.00
12.992011,friction-sweep,hip_flexion_right_joint,RS04,-2.671659,9.000000,0.000000,0.0000,2.0000,-2.671659,8.604485,1.550934,32.00
13.000013,friction-sweep,hip_flexion_right_joint,RS04,-2.603013,9.000000,0.000000,0.0000,2.0000,-2.603013,8.612267,1.243301,32.00
13.008012,friction-sweep,hip_flexion_right_joint,RS04,-2.534751,9.000000,0.000000,0.0000,2.0000,-2.534751,8.575188,0.767227,32.00
13.016010,friction-sweep,hip_flexion_right_joint,RS04,-2.466104,9.000000,0.000000,0.0000,2.0000,-2.466104,8.553215,0.481583,32.00
13.024007,friction-sweep,hip_flexion_right_joint,RS04,-2.397457,9.000000,0.000000,0.0000,2.0000,-2.397457,8.608147,0.188599,32.00
13.032014,friction-sweep,hip_flexion_right_joint,RS04,-2.329193,9.000000,0.000000,0.0000,2.0000,-2.329193,8.559166,0.005493,32.00
13.040019,friction-sweep,hip_flexion_right_joint,RS04,-2.260547,9.000000,0.000000,0.0000,2.0000,-2.260547,8.584801,-0.067749,32.00
13.048015,friction-sweep,hip_flexion_right_joint,RS04,-2.191900,9.000000,0.000000,0.0000,2.0000,-2.191900,8.635157,-0.012817,32.00
13.056010,friction-sweep,hip_flexion_right_joint,RS04,-2.123254,9.000000,0.000000,0.0000,2.0000,-2.123254,8.571526,0.067749,32.00
13.064034,friction-sweep,hip_flexion_right_joint,RS04,-2.054991,9.000000,0.000000,0.0000,2.0000,-2.054991,8.535820,0.371704,32.00
13.072012,friction-sweep,hip_flexion_right_joint,RS04,-1.986343,9.000000,0.000000,0.0000,2.0000,-1.986343,8.546349,0.789200,32.00
13.080013,friction-sweep,hip_flexion_right_joint,RS04,-1.918080,9.000000,0.000000,0.0000,2.0000,-1.918080,8.563286,1.188370,32.00
13.088011,friction-sweep,hip_flexion_right_joint,RS04,-1.849434,9.000000,0.000000,0.0000,2.0000,-1.849434,8.614100,1.517975,32.00
13.096020,friction-sweep,hip_flexion_right_joint,RS04,-1.780787,9.000000,0.000000,0.0000,2.0000,-1.780787,8.533531,1.745026,32.00
13.104012,friction-sweep,hip_flexion_right_joint,RS04,-1.712524,9.000000,0.000000,0.0000,2.0000,-1.712524,8.532616,1.939117,32.00
13.112012,friction-sweep,hip_flexion_right_joint,RS04,-1.643877,9.000000,0.000000,0.0000,2.0000,-1.643877,8.581596,1.902496,32.00
13.120014,friction-sweep,hip_flexion_right_joint,RS04,-1.575614,9.000000,0.000000,0.0000,2.0000,-1.575614,8.577477,1.631500,32.00
13.128011,friction-sweep,hip_flexion_right_joint,RS04,-1.506584,9.000000,0.000000,0.0000,2.0000,-1.506584,8.586632,1.239639,32.00
13.136010,friction-sweep,hip_flexion_right_joint,RS04,-1.438320,9.000000,0.000000,0.0000,2.0000,-1.438320,8.553673,0.833145,32.00
13.144012,friction-sweep,hip_flexion_right_joint,RS04,-1.369674,9.000000,0.000000,0.0000,2.0000,-1.369674,8.577019,0.481583,32.00
13.152020,friction-sweep,hip_flexion_right_joint,RS04,-1.301412,9.000000,0.000000,0.0000,2.0000,-1.301412,8.588463,0.265503,32.00
13.160011,friction-sweep,hip_flexion_right_joint,RS04,-1.232764,9.000000,0.000000,0.0000,2.0000,-1.232764,8.560081,-0.056763,32.00
13.168013,friction-sweep,hip_flexion_right_joint,RS04,-1.164118,9.000000,0.000000,0.0000,2.0000,-1.164118,8.564659,-0.056763,32.00
13.176013,friction-sweep,hip_flexion_right_joint,RS04,-1.095854,9.000000,0.000000,0.0000,2.0000,-1.095854,8.513847,-0.119019,32.00
13.184021,friction-sweep,hip_flexion_right_joint,RS04,-1.027207,9.000000,0.000000,0.0000,2.0000,-1.027207,8.511101,0.060425,32.00
13.192014,friction-sweep,hip_flexion_right_joint,RS04,-0.958944,9.000000,0.000000,0.0000,2.0000,-0.958944,8.530785,0.327759,32.00
13.200011,friction-sweep,hip_flexion_right_joint,RS04,-0.890298,9.000000,0.000000,0.0000,2.0000,-0.890298,8.528038,0.730606,32.00
13.208021,friction-sweep,hip_flexion_right_joint,RS04,-0.821651,9.000000,0.000000,0.0000,2.0000,-0.821651,8.545891,1.093155,32.00
13.216015,friction-sweep,hip_flexion_right_joint,RS04,-0.753004,9.000000,0.000000,0.0000,2.0000,-0.753004,8.590294,1.448395,32.00
13.224015,friction-sweep,hip_flexion_right_joint,RS04,-0.684358,9.000000,0.000000,0.0000,2.0000,-0.684358,8.560081,1.708405,32.00
13.232012,friction-sweep,hip_flexion_right_joint,RS04,-0.615711,9.000000,0.000000,0.0000,2.0000,-0.615711,8.600365,1.847565,32.00
13.240013,friction-sweep,hip_flexion_right_joint,RS04,-0.547447,9.000000,0.000000,0.0000,2.0000,-0.547447,8.503777,1.887848,32.00
13.248015,friction-sweep,hip_flexion_right_joint,RS04,-0.478802,9.000000,0.000000,0.0000,2.0000,-0.478802,8.564659,1.664459,32.00
13.256049,friction-sweep,hip_flexion_right_joint,RS04,-0.409771,9.000000,0.000000,0.0000,2.0000,-0.409771,8.582970,1.224991,32.00
13.264022,friction-sweep,hip_flexion_right_joint,RS04,-0.341508,9.000000,0.000000,0.0000,2.0000,-0.341508,8.529411,0.855118,32.00
13.272014,friction-sweep,hip_flexion_right_joint,RS04,-0.272861,9.000000,0.000000,0.0000,2.0000,-0.272861,8.566490,0.529190,32.00
13.280014,friction-sweep,hip_flexion_right_joint,RS04,-0.204214,9.000000,0.000000,0.0000,2.0000,-0.204214,8.678644,0.272827,32.00
13.288011,friction-sweep,hip_flexion_right_joint,RS04,-0.135568,9.000000,0.000000,0.0000,2.0000,-0.135568,8.574730,0.012817,32.00
13.296012,friction-sweep,hip_flexion_right_joint,RS04,-0.067305,9.000000,0.000000,0.0000,2.0000,-0.067305,8.591667,-0.137329,32.00
13.304014,friction-sweep,hip_flexion_right_joint,RS04,0.001342,9.000000,0.000000,0.0000,2.0000,0.001342,8.623713,-0.111694,32.00
13.312015,friction-sweep,hip_flexion_right_joint,RS04,0.069989,9.000000,0.000000,0.0000,2.0000,0.069989,8.529869,0.034790,32.00
13.320109,friction-sweep,hip_flexion_right_joint,RS04,0.138635,9.000000,0.000000,0.0000,2.0000,0.138635,8.566490,0.444946,32.00
13.328017,friction-sweep,hip_flexion_right_joint,RS04,0.207282,9.000000,0.000000,0.0000,2.0000,0.207282,8.566032,0.745255,32.00
13.336017,friction-sweep,hip_flexion_right_joint,RS04,0.275929,9.000000,0.000000,0.0000,2.0000,0.275929,8.640650,1.221329,32.00
13.344013,friction-sweep,hip_flexion_right_joint,RS04,0.344193,9.000000,0.000000,0.0000,2.0000,0.344193,8.568779,1.503326,32.00
13.352017,friction-sweep,hip_flexion_right_joint,RS04,0.412839,9.000000,0.000000,0.0000,2.0000,0.412839,8.582970,1.766998,32.00
13.360014,friction-sweep,hip_flexion_right_joint,RS04,0.481485,9.000000,0.000000,0.0000,2.0000,0.481485,8.643396,1.942780,32.00
13.368015,friction-sweep,hip_flexion_right_joint,RS04,0.550133,9.000000,0.000000,0.0000,2.0000,0.550133,8.613642,1.766998,32.00
13.376022,friction-sweep,hip_flexion_right_joint,RS04,0.618778,9.000000,0.000000,0.0000,2.0000,0.618778,8.583885,1.503326,32.00
13.384013,friction-sweep,hip_flexion_right_joint,RS04,0.687426,9.000000,0.000000,0.0000,2.0000,0.687426,8.567406,1.071182,32.00
13.392015,friction-sweep,hip_flexion_right_joint,RS04,0.756073,9.000000,0.000000,0.0000,2.0000,0.756073,8.554131,0.657364,32.00
13.400012,friction-sweep,hip_flexion_right_joint,RS04,0.824718,9.000000,0.000000,0.0000,2.0000,0.824718,8.602196,0.437622,32.00
13.408013,friction-sweep,hip_flexion_right_joint,RS04,0.893366,9.000000,0.000000,0.0000,2.0000,0.893366,8.570152,0.086060,32.00
13.416011,friction-sweep,hip_flexion_right_joint,RS04,0.962012,9.000000,0.000000,0.0000,2.0000,0.962012,8.585258,-0.100708,32.00
13.424012,friction-sweep,hip_flexion_right_joint,RS04,1.030274,9.000000,0.000000,0.0000,2.0000,1.030274,8.497826,-0.195923,32.00
13.432019,friction-sweep,hip_flexion_right_joint,RS04,1.099305,9.000000,0.000000,0.0000,2.0000,1.099305,8.664454,-0.016479,32.00
13.440012,friction-sweep,hip_flexion_right_joint,RS04,1.167953,9.000000,0.000000,0.0000,2.0000,1.167953,8.597160,0.228882,32.00
13.448011,friction-sweep,hip_flexion_right_joint,RS04,1.236217,9.000000,0.000000,0.0000,2.0000,1.236217,8.605858,0.624405,32.00
13.456011,friction-sweep,hip_flexion_right_joint,RS04,1.305245,9.000000,0.000000,0.0000,2.0000,1.305245,8.598534,0.986954,32.00
13.464012,friction-sweep,hip_flexion_right_joint,RS04,1.373509,9.000000,0.000000,0.0000,2.0000,1.373509,8.535362,1.378799,32.00
13.472013,friction-sweep,hip_flexion_right_joint,RS04,1.442156,9.000000,0.000000,0.0000,2.0000,1.442156,8.652094,1.646149,32.00
13.480014,friction-sweep,hip_flexion_right_joint,RS04,1.510802,9.000000,0.000000,0.0000,2.0000,1.510802,8.566948,1.913483,32.00
13.488080,friction-sweep,hip_flexion_right_joint,RS04,1.579832,9.000000,0.000000,0.0000,2.0000,1.579832,8.608604,1.854889,32.00
13.496037,friction-sweep,hip_flexion_right_joint,RS04,1.648096,9.000000,0.000000,0.0000,2.0000,1.648096,8.554588,1.686432,32.00
13.504023,friction-sweep,hip_flexion_right_joint,RS04,1.716742,9.000000,0.000000,0.0000,2.0000,1.716742,8.561913,1.312881,32.00
13.512028,friction-sweep,hip_flexion_right_joint,RS04,1.785389,9.000000,0.000000,0.0000,2.0000,1.785389,8.557335,0.906387,32.00
13.520025,friction-sweep,hip_flexion_right_joint,RS04,1.854036,9.000000,0.000000,0.0000,2.0000,1.854036,8.541771,0.503555,32.00
13.528018,friction-sweep,hip_flexion_right_joint,RS04,1.922683,9.000000,0.000000,0.0000,2.0000,1.922683,8.599907,0.272827,32.00
13.536020,friction-sweep,hip_flexion_right_joint,RS04,1.990945,9.000000,0.000000,0.0000,2.0000,1.990945,8.552299,-0.027466,32.00
13.544072,friction-sweep,hip_flexion_right_joint,RS04,2.060359,9.000000,0.000000,0.0000,2.0000,2.060359,8.614100,-0.144653,32.00
13.552037,friction-sweep,hip_flexion_right_joint,RS04,2.128240,9.000000,0.000000,0.0000,2.0000,2.128240,8.579308,-0.206909,32.00
13.560020,friction-sweep,hip_flexion_right_joint,RS04,2.196885,9.000000,0.000000,0.0000,2.0000,2.196885,8.532158,0.104370,32.00
13.568020,friction-sweep,hip_flexion_right_joint,RS04,2.265532,9.000000,0.000000,0.0000,2.0000,2.265532,8.557335,0.408325,32.00
13.576018,friction-sweep,hip_flexion_right_joint,RS04,2.334180,9.000000,0.000000,0.0000,2.0000,2.334180,8.661249,0.785538,32.00
13.584019,friction-sweep,hip_flexion_right_joint,RS04,2.402442,9.000000,0.000000,0.0000,2.0000,2.402442,8.533989,1.188370,32.00
13.592032,friction-sweep,hip_flexion_right_joint,RS04,2.471088,9.000000,0.000000,0.0000,2.0000,2.471088,8.551384,1.506989,32.00
13.600013,friction-sweep,hip_flexion_right_joint,RS04,2.539736,-9.000000,0.000000,0.0000,2.0000,2.539736,8.575645,1.785309,32.00
13.608020,friction-sweep,hip_flexion_right_joint,RS04,2.608383,-9.000000,0.000000,0.0000,2.0000,2.608383,8.593040,1.946442,32.00
13.616012,friction-sweep,hip_flexion_right_joint,RS04,2.666291,-9.000000,0.000000,0.0000,2.0000,2.666291,6.116503,-12.588692,32.00
13.624013,friction-sweep,hip_flexion_right_joint,RS04,2.698888,-9.000000,0.000000,0.0000,2.0000,2.698888,3.116732,-10.699020,32.00
13.632009,friction-sweep,hip_flexion_right_joint,RS04,2.710011,-9.000000,0.000000,0.0000,2.0000,2.710011,0.472191,-7.381096,32.00
13.640018,friction-sweep,hip_flexion_right_joint,RS04,2.703491,-9.000000,0.000000,0.0000,2.0000,2.703491,-1.385443,-6.084686,32.00
13.648009,friction-sweep,hip_flexion_right_joint,RS04,2.684699,-9.000000,0.000000,0.0000,2.0000,2.684699,-2.733578,-6.692604,32.00
13.656014,friction-sweep,hip_flexion_right_joint,RS04,2.656704,-9.000000,0.000000,0.0000,2.0000,2.656704,-3.903640,-5.396202,32.00
13.664011,friction-sweep,hip_flexion_right_joint,RS04,2.621038,-9.000000,0.000000,0.0000,2.0000,2.621038,-4.771114,-4.663765,32.00
13.672015,friction-sweep,hip_flexion_right_joint,RS04,2.578469,-9.000000,0.000000,0.0000,2.0000,2.578469,-5.525063,-3.389336,32.00
13.680014,friction-sweep,hip_flexion_right_joint,RS04,2.531299,-9.000000,0.000000,0.0000,2.0000,2.531299,-6.140306,-2.810715,32.00
13.688014,friction-sweep,hip_flexion_right_joint,RS04,2.479526,-9.000000,0.000000,0.0000,2.0000,2.479526,-6.620966,-2.525063,32.00
13.696012,friction-sweep,hip_flexion_right_joint,RS04,2.424302,-9.000000,0.000000,0.0000,2.0000,2.424302,-6.978943,-2.858322,32.00
13.704015,friction-sweep,hip_flexion_right_joint,RS04,2.366776,-9.000000,0.000000,0.0000,2.0000,2.366776,-7.305333,-1.389793,32.00
13.712013,friction-sweep,hip_flexion_right_joint,RS04,2.306950,-9.000000,0.000000,0.0000,2.0000,2.306950,-7.500801,-1.093155,32.00
13.720011,friction-sweep,hip_flexion_right_joint,RS04,2.245207,-9.000000,0.000000,0.0000,2.0000,2.245207,-7.773632,-1.265282,32.00
13.728015,friction-sweep,hip_flexion_right_joint,RS04,2.181929,-9.000000,0.000000,0.0000,2.0000,2.181929,-7.942550,-1.745026,32.00
13.736015,friction-sweep,hip_flexion_right_joint,RS04,2.117502,-9.000000,0.000000,0.0000,2.0000,2.117502,-8.100939,-2.023346,32.00
13.744074,friction-sweep,hip_flexion_right_joint,RS04,2.051923,-9.000000,0.000000,0.0000,2.0000,2.051923,-8.186084,-2.092926,32.00
13.752029,friction-sweep,hip_flexion_right_joint,RS04,1.986343,-9.000000,0.000000,0.0000,2.0000,1.986343,-8.285877,-2.184486,32.00
13.760014,friction-sweep,hip_flexion_right_joint,RS04,1.919999,-9.000000,0.000000,0.0000,2.0000,1.919999,-8.336691,-2.133217,32.00
13.768014,friction-sweep,hip_flexion_right_joint,RS04,1.852885,-9.000000,0.000000,0.0000,2.0000,1.852885,-8.330281,-2.056305,32.00
13.776039,friction-sweep,hip_flexion_right_joint,RS04,1.785389,-9.000000,0.000000,0.0000,2.0000,1.785389,-8.465782,-1.843903,32.00
13.784018,friction-sweep,hip_flexion_right_joint,RS04,1.717893,-9.000000,0.000000,0.0000,2.0000,1.717893,-8.497368,-1.675446,32.00
13.792014,friction-sweep,hip_flexion_right_joint,RS04,1.650014,-9.000000,0.000000,0.0000,2.0000,1.650014,-8.509727,-1.323875,32.00
13.800049,friction-sweep,hip_flexion_right_joint,RS04,1.582133,-9.000000,0.000000,0.0000,2.0000,1.582133,-8.452507,-1.034561,32.00
13.808034,friction-sweep,hip_flexion_right_joint,RS04,1.513870,-9.000000,0.000000,0.0000,2.0000,1.513870,-8.505150,-0.657356,32.00
13.816024,friction-sweep,hip_flexion_right_joint,RS04,1.445224,-9.000000,0.000000,0.0000,2.0000,1.445224,-8.516136,-0.411995,32.00
13.824118,friction-sweep,hip_flexion_right_joint,RS04,1.376961,-9.000000,0.000000,0.0000,2.0000,1.376961,-8.561913,-0.104370,32.00
13.832021,friction-sweep,hip_flexion_right_joint,RS04,1.308697,-9.000000,0.000000,0.0000,2.0000,1.308697,-8.594416,-0.009155,32.00
13.840016,friction-sweep,hip_flexion_right_joint,RS04,1.240051,-9.000000,0.000000,0.0000,2.0000,1.240051,-8.576105,0.100708,32.00
13.848015,friction-sweep,hip_flexion_right_joint,RS04,1.171404,-9.000000,0.000000,0.0000,2.0000,1.171404,-8.551843,-0.064087,32.00
13.856016,friction-sweep,hip_flexion_right_joint,RS04,1.102757,-9.000000,0.000000,0.0000,2.0000,1.102757,-8.564660,-0.170288,32.00
13.864015,friction-sweep,hip_flexion_right_joint,RS04,1.034111,-9.000000,0.000000,0.0000,2.0000,1.034111,-8.551385,-0.466927,32.00
13.872013,friction-sweep,hip_flexion_right_joint,RS04,0.965465,-9.000000,0.000000,0.0000,2.0000,0.965465,-8.610895,-0.895401,32.00
13.880013,friction-sweep,hip_flexion_right_joint,RS04,0.897201,-9.000000,0.000000,0.0000,2.0000,0.897201,-8.561913,-1.279930,32.00
13.888018,friction-sweep,hip_flexion_right_joint,RS04,0.828553,-9.000000,0.000000,0.0000,2.0000,0.828553,-8.549554,-1.587547,32.00
13.896014,friction-sweep,hip_flexion_right_joint,RS04,0.759524,-9.000000,0.000000,0.0000,2.0000,0.759524,-8.602655,-1.928131,32.00
13.904013,friction-sweep,hip_flexion_right_joint,RS04,0.691260,-9.000000,0.000000,0.0000,2.0000,0.691260,-8.619593,-1.898834,32.00
13.912015,friction-sweep,hip_flexion_right_joint,RS04,0.622614,-9.000000,0.000000,0.0000,2.0000,0.622614,-8.531700,-1.774323,32.00
13.920014,friction-sweep,hip_flexion_right_joint,RS04,0.553967,-9.000000,0.000000,0.0000,2.0000,0.553967,-8.585260,-1.415428,32.00
13.928012,friction-sweep,hip_flexion_right_joint,RS04,0.485704,-9.000000,0.000000,0.0000,2.0000,0.485704,-8.606775,-1.041885,32.00
13.936012,friction-sweep,hip_flexion_right_joint,RS04,0.416674,-9.000000,0.000000,0.0000,2.0000,0.416674,-8.579309,-0.573128,32.00
13.944012,friction-sweep,hip_flexion_right_joint,RS04,0.348028,-9.000000,0.000000,0.0000,2.0000,0.348028,-8.498741,-0.173950,32.00
13.952011,friction-sweep,hip_flexion_right_joint,RS04,0.279381,-9.000000,0.000000,0.0000,2.0000,0.279381,-8.633326,0.086060,32.00
13.960011,friction-sweep,hip_flexion_right_joint,RS04,0.210733,-9.000000,0.000000,0.0000,2.0000,0.210733,-8.544976,0.086060,32.00
13.968012,friction-sweep,hip_flexion_right_joint,RS04,0.142470,-9.000000,0.000000,0.0000,2.0000,0.142470,-8.560082,0.075073,32.00
13.976077,friction-sweep,hip_flexion_right_joint,RS04,0.073441,-9.000000,0.000000,0.0000,2.0000,0.073441,-8.458000,-0.038452,32.00
13.984023,friction-sweep,hip_flexion_right_joint,RS04,0.004794,-9.000000,0.000000,0.0000,2.0000,0.004794,-8.588923,-0.338753,32.00
13.992020,friction-sweep,hip_flexion_right_joint,RS04,-0.063469,-9.000000,0.000000,0.0000,2.0000,-0.063469,-8.572901,-0.734268,32.00
14.000012,friction-sweep,hip_flexion_right_joint,RS04,-0.132116,-9.000000,0.000000,0.0000,2.0000,-0.132116,-8.567407,-1.030899,32.00
14.008016,friction-sweep,hip_flexion_right_joint,RS04,-0.200763,-9.000000,0.000000,0.0000,2.0000,-0.200763,-8.550469,-1.466698,32.00
14.016012,friction-sweep,hip_flexion_right_joint,RS04,-0.269409,-9.000000,0.000000,0.0000,2.0000,-0.269409,-8.533531,-1.814606,32.00
14.024063,friction-sweep,hip_flexion_right_joint,RS04,-0.338440,-9.000000,0.000000,0.0000,2.0000,-0.338440,-8.587091,-2.041656,32.00
14.036040,friction-sweep,hip_flexion_right_joint,RS04,-0.441218,-9.000000,0.000000,0.0000,2.0000,-0.441218,-8.572901,-1.777985,32.00
14.044043,friction-sweep,hip_flexion_right_joint,RS04,-0.509480,-9.000000,0.000000,0.0000,2.0000,-0.509480,-8.590754,-1.389793,32.00
14.056050,friction-sweep,hip_flexion_right_joint,RS04,-0.613026,-9.000000,0.000000,0.0000,2.0000,-0.613026,-8.552300,-0.715958,32.00
14.064025,friction-sweep,hip_flexion_right_joint,RS04,-0.681290,-9.000000,0.000000,0.0000,2.0000,-0.681290,-8.550927,-0.371712,32.00
14.072021,friction-sweep,hip_flexion_right_joint,RS04,-0.749553,-9.000000,0.000000,0.0000,2.0000,-0.749553,-8.611353,-0.001831,32.00
14.080015,friction-sweep,hip_flexion_right_joint,RS04,-0.818200,-9.000000,0.000000,0.0000,2.0000,-0.818200,-8.571070,-0.060425,32.00
14.088017,friction-sweep,hip_flexion_right_joint,RS04,-0.886847,-9.000000,0.000000,0.0000,2.0000,-0.886847,-8.598993,0.104370,32.00
14.096013,friction-sweep,hip_flexion_right_joint,RS04,-0.955493,-9.000000,0.000000,0.0000,2.0000,-0.955493,-8.613184,-0.020142,32.00
14.104029,friction-sweep,hip_flexion_right_joint,RS04,-1.024139,-9.000000,0.000000,0.0000,2.0000,-1.024139,-8.640650,-0.199585,32.00
14.112022,friction-sweep,hip_flexion_right_joint,RS04,-1.092402,-9.000000,0.000000,0.0000,2.0000,-1.092402,-8.599451,-0.477913,32.00
14.120023,friction-sweep,hip_flexion_right_joint,RS04,-1.161050,-9.000000,0.000000,0.0000,2.0000,-1.161050,-8.615015,-0.778214,32.00
14.128015,friction-sweep,hip_flexion_right_joint,RS04,-1.229696,-9.000000,0.000000,0.0000,2.0000,-1.229696,-8.590296,-1.224998,32.00
14.136014,friction-sweep,hip_flexion_right_joint,RS04,-1.298343,-9.000000,0.000000,0.0000,2.0000,-1.298343,-8.633326,-1.605858,32.00
14.144013,friction-sweep,hip_flexion_right_joint,RS04,-1.366606,-9.000000,0.000000,0.0000,2.0000,-1.366606,-8.595789,-1.979401,32.00
14.152014,friction-sweep,hip_flexion_right_joint,RS04,-1.435252,-9.000000,0.000000,0.0000,2.0000,-1.435252,-8.552300,-1.961090,32.00
14.160021,friction-sweep,hip_flexion_right_joint,RS04,-1.503900,-9.000000,0.000000,0.0000,2.0000,-1.503900,-8.526665,-1.869537,32.00
14.168015,friction-sweep,hip_flexion_right_joint,RS04,-1.572546,-9.000000,0.000000,0.0000,2.0000,-1.572546,-8.523003,-1.602196,32.00
14.176019,friction-sweep,hip_flexion_right_joint,RS04,-1.640809,-9.000000,0.000000,0.0000,2.0000,-1.640809,-8.627375,-1.104141,32.00
14.184014,friction-sweep,hip_flexion_right_joint,RS04,-1.709073,-9.000000,0.000000,0.0000,2.0000,-1.709073,-8.609522,-0.833145,32.00
14.192014,friction-sweep,hip_flexion_right_joint,RS04,-1.778103,-9.000000,0.000000,0.0000,2.0000,-1.778103,-8.507896,-0.335091,32.00
14.200022,friction-sweep,hip_flexion_right_joint,RS04,-1.846366,-9.000000,0.000000,0.0000,2.0000,-1.846366,-8.552758,-0.089722,32.00
14.208022,friction-sweep,hip_flexion_right_joint,RS04,-1.915012,-9.000000,0.000000,0.0000,2.0000,-1.915012,-8.579767,0.023804,32.00
14.216025,friction-sweep,hip_flexion_right_joint,RS04,-1.983659,-9.000000,0.000000,0.0000,2.0000,-1.983659,-8.516594,0.075073,32.00
14.224015,friction-sweep,hip_flexion_right_joint,RS04,-2.052306,-9.000000,0.000000,0.0000,2.0000,-2.052306,-8.582514,0.053101,32.00
14.232012,friction-sweep,hip_flexion_right_joint,RS04,-2.120569,-9.000000,0.000000,0.0000,2.0000,-2.120569,-8.526665,-0.173950,32.00
14.240015,friction-sweep,hip_flexion_right_joint,RS04,-2.189216,-9.000000,0.000000,0.0000,2.0000,-2.189216,-8.584803,-0.441292,32.00
14.248011,friction-sweep,hip_flexion_right_joint,RS04,-2.257095,-9.000000,0.000000,0.0000,2.0000,-2.257095,-8.552758,-0.726944,32.00
14.256008,friction-sweep,hip_flexion_right_joint,RS04,-2.326125,-9.000000,0.000000,0.0000,2.0000,-2.326125,-8.550469,-1.188377,32.00
14.264013,friction-sweep,hip_flexion_right_joint,RS04,-2.394773,-9.000000,0.000000,0.0000,2.0000,-2.394773,-8.586176,-1.605858,32.00
14.272022,friction-sweep,hip_flexion_right_joint,RS04,-2.463419,-9.000000,0.000000,0.0000,2.0000,-2.463419,-8.574732,-1.884186,32.00
14.280011,friction-sweep,hip_flexion_right_joint,RS04,-2.531683,-9.000000,0.000000,0.0000,2.0000,-2.531683,-8.615931,-1.920807,32.00
14.288018,friction-sweep,hip_flexion_right_joint,RS04,-2.600329,-9.000000,0.000000,0.0000,2.0000,-2.600329,-8.592585,-1.847565,32.00
14.296019,friction-sweep,hip_flexion_right_joint,RS04,-2.668975,-9.000000,0.000000,0.0000,2.0000,-2.668975,-8.609064,-1.558250,32.00
14.304014,friction-sweep,hip_flexion_right_joint,RS04,-2.737622,-9.000000,0.000000,0.0000,2.0000,-2.737622,-8.555047,-1.162735,32.00
14.312018,friction-sweep,hip_flexion_right_joint,RS04,-2.806269,-9.000000,0.000000,0.0000,2.0000,-2.806269,-8.553216,-0.767227,32.00
14.320014,friction-sweep,hip_flexion_right_joint,RS04,-2.874533,-9.000000,0.000000,0.0000,2.0000,-2.874533,-8.625544,-0.411995,32.00
14.328189,friction-sweep,hip_flexion_right_joint,RS04,-2.943179,-9.000000,0.000000,0.0000,2.0000,-2.943179,-8.552300,-0.086060,32.00
14.336018,friction-sweep,hip_flexion_right_joint,RS04,-3.011826,-9.000000,0.000000,0.0000,2.0000,-3.011826,-8.542230,0.020142,32.00
14.344018,friction-sweep,hip_flexion_right_joint,RS04,-3.080472,-9.000000,0.000000,0.0000,2.0000,-3.080472,-8.575190,0.210571,32.00
14.352020,friction-sweep,hip_flexion_right_joint,RS04,-3.149118,-9.000000,0.000000,0.0000,2.0000,-3.149118,-8.571527,-0.023804,32.00
14.360016,friction-sweep,hip_flexion_right_joint,RS04,-3.217766,-9.000000,0.000000,0.0000,2.0000,-3.217766,-8.579309,-0.144653,32.00
14.368014,friction-sweep,hip_flexion_right_joint,RS04,-3.286029,-9.000000,0.000000,0.0000,2.0000,-3.286029,-8.615015,-0.496223,32.00
14.376011,friction-sweep,hip_flexion_right_joint,RS04,-3.354675,-9.000000,0.000000,0.0000,2.0000,-3.354675,-8.533989,-0.833145,32.00
14.384027,friction-sweep,hip_flexion_right_joint,RS04,-3.423323,-9.000000,0.000000,0.0000,2.0000,-3.423323,-8.601282,-1.250633,32.00
14.392013,friction-sweep,hip_flexion_right_joint,RS04,-3.491969,-9.000000,0.000000,0.0000,2.0000,-3.491969,-8.513390,-1.543602,32.00
14.400014,friction-sweep,hip_flexion_right_joint,RS04,-3.560232,-9.000000,0.000000,0.0000,2.0000,-3.560232,-8.521172,-1.873199,32.00
14.408013,friction-sweep,hip_flexion_right_joint,RS04,-3.628879,-9.000000,0.000000,0.0000,2.0000,-3.628879,-8.533531,-1.975739,32.00
14.416017,friction-sweep,hip_flexion_right_joint,RS04,-3.697525,-9.000000,0.000000,0.0000,2.0000,-3.697525,-8.605402,-1.836578,32.00
14.424014,friction-sweep,hip_flexion_right_joint,RS04,-3.766172,-9.000000,0.000000,0.0000,2.0000,-3.766172,-8.597162,-1.528954,32.00
14.432009,friction-sweep,hip_flexion_right_joint,RS04,-3.834435,-9.000000,0.000000,0.0000,2.0000,-3.834435,-8.557336,-1.173729,32.00
14.440020,friction-sweep,hip_flexion_right_joint,RS04,-3.903083,-9.000000,0.000000,0.0000,2.0000,-3.903083,-8.508354,-0.679329,32.00
14.448013,friction-sweep,hip_flexion_right_joint,RS04,-3.971728,-9.000000,0.000000,0.0000,2.0000,-3.971728,-8.579309,-0.269173,32.00
14.456013,friction-sweep,hip_flexion_right_joint,RS04,-4.040375,-9.000000,0.000000,0.0000,2.0000,-4.040375,-8.588923,-0.053101,32.00
14.464011,friction-sweep,hip_flexion_right_joint,RS04,-4.108639,-9.000000,0.000000,0.0000,2.0000,-4.108639,-8.492332,0.148315,32.00
14.472011,friction-sweep,hip_flexion_right_joint,RS04,-4.177285,-9.000000,0.000000,0.0000,2.0000,-4.177285,-8.590296,0.140991,32.00
14.480017,friction-sweep,hip_flexion_right_joint,RS04,-4.245548,-9.000000,0.000000,0.0000,2.0000,-4.245548,-8.549096,0.093384,32.00
14.488011,friction-sweep,hip_flexion_right_joint,RS04,-4.314196,-9.000000,0.000000,0.0000,2.0000,-4.314196,-8.577021,-0.166626,32.00
14.496019,friction-sweep,hip_flexion_right_joint,RS04,-4.383225,-9.000000,0.000000,0.0000,2.0000,-4.383225,-8.590296,-0.576790,32.00
14.504012,friction-sweep,hip_flexion_right_joint,RS04,-4.451105,-9.000000,0.000000,0.0000,2.0000,-4.451105,-8.509270,-0.873428,32.00
14.512012,friction-sweep,hip_flexion_right_joint,RS04,-4.520135,-9.000000,0.000000,0.0000,2.0000,-4.520135,-8.543145,-1.232323,32.00
14.520017,friction-sweep,hip_flexion_right_joint,RS04,-4.589165,-9.000000,0.000000,0.0000,2.0000,-4.589165,-8.566949,-1.730377,32.00
14.528012,friction-sweep,hip_flexion_right_joint,RS04,-4.657812,-9.000000,0.000000,0.0000,2.0000,-4.657812,-8.594873,-1.975739,32.00
14.536011,friction-sweep,hip_flexion_right_joint,RS04,-4.725692,-9.000000,0.000000,0.0000,2.0000,-4.725692,-8.563287,-1.953766,32.00
14.544011,friction-sweep,hip_flexion_right_joint,RS04,-4.794339,-9.000000,0.000000,0.0000,2.0000,-4.794339,-8.560540,-1.796295,32.00
14.552025,friction-sweep,hip_flexion_right_joint,RS04,-4.863369,-9.000000,0.000000,0.0000,2.0000,-4.863369,-8.534447,-1.404442,32.00
14.560013,friction-sweep,hip_flexion_right_joint,RS04,-4.932015,-9.000000,0.000000,0.0000,2.0000,-4.932015,-8.608606,-0.979630,32.00
14.568010,friction-sweep,hip_flexion_right_joint,RS04,-5.000662,-9.000000,0.000000,0.0000,2.0000,-5.000662,-8.572443,-0.606087,32.00
14.576018,friction-sweep,hip_flexion_right_joint,RS04,-5.069309,-9.000000,0.000000,0.0000,2.0000,-5.069309,-8.543145,-0.232544,32.00
14.584010,friction-sweep,hip_flexion_right_joint,RS04,-5.137956,-9.000000,0.000000,0.0000,2.0000,-5.137956,-8.609980,-0.042114,32.00
14.592012,friction-sweep,hip_flexion_right_joint,RS04,-5.206602,-9.000000,0.000000,0.0000,2.0000,-5.206602,-8.596704,0.111694,32.00
14.600014,friction-sweep,hip_flexion_right_joint,RS04,-5.274865,-9.000000,0.000000,0.0000,2.0000,-5.274865,-8.533073,0.126343,32.00
14.608023,friction-sweep,hip_flexion_right_joint,RS04,-5.343512,-9.000000,0.000000,0.0000,2.0000,-5.343512,-8.564660,-0.016479,32.00
14.616014,friction-sweep,hip_flexion_right_joint,RS04,-5.411775,-9.000000,0.000000,0.0000,2.0000,-5.411775,-8.598993,-0.269173,32.00
14.624019,friction-sweep,hip_flexion_right_joint,RS04,-5.481189,-9.000000,0.000000,0.0000,2.0000,-5.481189,-8.636988,-0.686653,32.00
14.632011,friction-sweep,hip_flexion_right_joint,RS04,-5.549068,-9.000000,0.000000,0.0000,2.0000,-5.549068,-8.615931,-1.071182,32.00
14.640012,friction-sweep,hip_flexion_right_joint,RS04,-5.618098,-9.000000,0.000000,0.0000,2.0000,-5.618098,-8.606318,-1.459373,32.00
14.648012,friction-sweep,hip_flexion_right_joint,RS04,-5.686362,-9.000000,0.000000,0.0000,2.0000,-5.686362,-8.560540,-1.818268,32.00
14.656013,friction-sweep,hip_flexion_right_joint,RS04,-5.755009,-9.000000,0.000000,0.0000,2.0000,-5.755009,-8.579767,-1.994049,32.00
14.664022,friction-sweep,hip_flexion_right_joint,RS04,-5.824039,-9.000000,0.000000,0.0000,2.0000,-5.824039,-8.615015,-1.858551,32.00
14.672019,friction-sweep,hip_flexion_right_joint,RS04,-5.892302,-9.000000,0.000000,0.0000,2.0000,-5.892302,-8.604029,-1.657135,32.00
14.680013,friction-sweep,hip_flexion_right_joint,RS04,-5.961332,-9.000000,0.000000,0.0000,2.0000,-5.961332,-8.630121,-1.126114,32.00
14.688011,friction-sweep,hip_flexion_right_joint,RS04,-6.029979,-9.000000,0.000000,0.0000,2.0000,-6.029979,-8.579309,-0.752579,32.00
14.696014,friction-sweep,hip_flexion_right_joint,RS04,-6.098625,-9.000000,0.000000,0.0000,2.0000,-6.098625,-8.551385,-0.331429,32.00
14.704018,friction-sweep,hip_flexion_right_joint,RS04,-6.167273,-9.000000,0.000000,0.0000,2.0000,-6.167273,-8.566033,-0.086060,32.00
14.712012,friction-sweep,hip_flexion_right_joint,RS04,-6.235919,-9.000000,0.000000,0.0000,2.0000,-6.235919,-8.629663,0.111694,32.00
14.720027,friction-sweep,hip_flexion_right_joint,RS04,-6.304566,-9.000000,0.000000,0.0000,2.0000,-6.304566,-8.597620,0.184937,32.00
14.728021,friction-sweep,hip_flexion_right_joint,RS04,-6.373212,-9.000000,0.000000,0.0000,2.0000,-6.373212,-8.620966,0.034790,32.00
14.736015,friction-sweep,hip_flexion_right_joint,RS04,-6.441859,-9.000000,0.000000,0.0000,2.0000,-6.441859,-8.584345,-0.236214,32.00
14.744014,friction-sweep,hip_flexion_right_joint,RS04,-6.510122,-9.000000,0.000000,0.0000,2.0000,-6.510122,-8.573359,-0.474251,32.00
14.752016,friction-sweep,hip_flexion_right_joint,RS04,-6.579153,-9.000000,0.000000,0.0000,2.0000,-6.579153,-8.591211,-0.986954,32.00
14.760012,friction-sweep,hip_flexion_right_joint,RS04,-6.647799,-9.000000,0.000000,0.0000,2.0000,-6.647799,-8.555047,-1.364159,32.00
14.768089,friction-sweep,hip_flexion_right_joint,RS04,-6.716829,-9.000000,0.000000,0.0000,2.0000,-6.716829,-8.584345,-1.825592,32.00
14.776099,friction-sweep,hip_flexion_right_joint,RS04,-6.785476,-9.000000,0.000000,0.0000,2.0000,-6.785476,-8.620508,-1.935455,32.00
14.784018,friction-sweep,hip_flexion_right_joint,RS04,-6.853355,-9.000000,0.000000,0.0000,2.0000,-6.853355,-8.534447,-1.906158,32.00
14.792012,friction-sweep,hip_flexion_right_joint,RS04,-6.922002,-9.000000,0.000000,0.0000,2.0000,-6.922002,-8.628290,-1.726715,32.00
